-1.852025909423828125e+02,-2.155279070138931274e-01,5.710000000000000000e+02
-1.845818786621093750e+02,-2.155279070138931274e-01,5.710000000000000000e+02
-1.873568115234375000e+02,4.047431647777557373e-01,5.700000000000000000e+02
-1.867371673583984375e+02,4.047431647777557373e-01,5.700000000000000000e+02
-1.861175384521484375e+02,4.047431647777557373e-01,5.700000000000000000e+02
-1.854978942871093750e+02,4.047431647777557373e-01,5.700000000000000000e+02
-1.852025909423828125e+02,4.054532349109649658e-01,5.710000000000000000e+02
-1.845818786621093750e+02,4.054532349109649658e-01,5.710000000000000000e+02
-1.839611358642578125e+02,4.054532349109649658e-01,5.710000000000000000e+02
-1.833404235839843750e+02,4.054532349109649658e-01,5.710000000000000000e+02
-1.827196960449218750e+02,4.054532349109649658e-01,5.710000000000000000e+02
-1.820989685058593750e+02,4.054532349109649658e-01,5.710000000000000000e+02
-1.876466522216796875e+02,1.022839188575744629e+00,5.690000000000000000e+02
-1.870281219482421875e+02,1.022839188575744629e+00,5.690000000000000000e+02
-1.867371673583984375e+02,1.024636745452880859e+00,5.700000000000000000e+02
-1.861175384521484375e+02,1.024636745452880859e+00,5.700000000000000000e+02
-1.854978942871093750e+02,1.024636745452880859e+00,5.700000000000000000e+02
-1.848782501220703125e+02,1.024636745452880859e+00,5.700000000000000000e+02
-1.842586059570312500e+02,1.024636745452880859e+00,5.700000000000000000e+02
-1.839611358642578125e+02,1.026434302330017090e+00,5.710000000000000000e+02
-1.833404235839843750e+02,1.026434302330017090e+00,5.710000000000000000e+02
-1.827196960449218750e+02,1.026434302330017090e+00,5.710000000000000000e+02
-1.817800598144531250e+02,1.024636745452880859e+00,5.700000000000000000e+02
-1.811604156494140625e+02,1.024636745452880859e+00,5.700000000000000000e+02
-1.805407867431640625e+02,1.024636745452880859e+00,5.700000000000000000e+02
-1.796054840087890625e+02,1.022839188575744629e+00,5.690000000000000000e+02
-1.879343414306640625e+02,1.638760089874267578e+00,5.680000000000000000e+02
-1.873168792724609375e+02,1.638760089874267578e+00,5.680000000000000000e+02
-1.870281219482421875e+02,1.641645193099975586e+00,5.690000000000000000e+02
-1.864095611572265625e+02,1.641645193099975586e+00,5.690000000000000000e+02
-1.857910156250000000e+02,1.641645193099975586e+00,5.690000000000000000e+02
-1.854978942871093750e+02,1.644530296325683594e+00,5.700000000000000000e+02
-1.848782501220703125e+02,1.644530296325683594e+00,5.700000000000000000e+02
-1.842586059570312500e+02,1.644530296325683594e+00,5.700000000000000000e+02
-1.836389617919921875e+02,1.644530296325683594e+00,5.700000000000000000e+02
-1.830193328857421875e+02,1.644530296325683594e+00,5.700000000000000000e+02
-1.823996887207031250e+02,1.644530296325683594e+00,5.700000000000000000e+02
-1.817800598144531250e+02,1.644530296325683594e+00,5.700000000000000000e+02
-1.811604156494140625e+02,1.644530296325683594e+00,5.700000000000000000e+02
-1.805407867431640625e+02,1.644530296325683594e+00,5.700000000000000000e+02
-1.796054840087890625e+02,1.641645193099975586e+00,5.690000000000000000e+02
-1.789869384765625000e+02,1.641645193099975586e+00,5.690000000000000000e+02
-1.879343414306640625e+02,2.256478786468505859e+00,5.680000000000000000e+02
-1.873168792724609375e+02,2.256478786468505859e+00,5.680000000000000000e+02
-1.866994171142578125e+02,2.256478786468505859e+00,5.680000000000000000e+02
-1.864095611572265625e+02,2.260451316833496094e+00,5.690000000000000000e+02
-1.857910156250000000e+02,2.260451316833496094e+00,5.690000000000000000e+02
-1.851724548339843750e+02,2.260451316833496094e+00,5.690000000000000000e+02
-1.848782501220703125e+02,2.264424085617065430e+00,5.700000000000000000e+02
-1.842586059570312500e+02,2.264424085617065430e+00,5.700000000000000000e+02
-0.000000000000000000e+00,0.000000000000000000e+00,0.000000000000000000e+00
-0.000000000000000000e+00,0.000000000000000000e+00,0.000000000000000000e+00
-0.000000000000000000e+00,0.000000000000000000e+00,0.000000000000000000e+00
-1.814611511230468750e+02,2.260451316833496094e+00,5.690000000000000000e+02
-1.808425903320312500e+02,2.260451316833496094e+00,5.690000000000000000e+02
-1.802240447998046875e+02,2.260451316833496094e+00,5.690000000000000000e+02
-1.796054840087890625e+02,2.260451316833496094e+00,5.690000000000000000e+02
-1.789869384765625000e+02,2.260451316833496094e+00,5.690000000000000000e+02
-1.783683776855468750e+02,2.260451316833496094e+00,5.690000000000000000e+02
-1.774374542236328125e+02,2.256478786468505859e+00,5.680000000000000000e+02
-1.771312866210937500e+02,2.260451316833496094e+00,5.690000000000000000e+02
-1.876034698486328125e+02,2.869136810302734375e+00,5.670000000000000000e+02
-1.873168792724609375e+02,2.874197006225585938e+00,5.680000000000000000e+02
-1.866994171142578125e+02,2.874197006225585938e+00,5.680000000000000000e+02
-1.860819396972656250e+02,2.874197006225585938e+00,5.680000000000000000e+02
-1.854644927978515625e+02,2.874197006225585938e+00,5.680000000000000000e+02
-1.848470153808593750e+02,2.874197006225585938e+00,5.680000000000000000e+02
-1.845538940429687500e+02,2.879257202148437500e+00,5.690000000000000000e+02
-0.000000000000000000e+00,0.000000000000000000e+00,0.000000000000000000e+00
-0.000000000000000000e+00,0.000000000000000000e+00,0.000000000000000000e+00
-0.000000000000000000e+00,0.000000000000000000e+00,0.000000000000000000e+00
-0.000000000000000000e+00,0.000000000000000000e+00,0.000000000000000000e+00
-0.000000000000000000e+00,0.000000000000000000e+00,0.000000000000000000e+00
-1.808425903320312500e+02,2.879257202148437500e+00,5.690000000000000000e+02
-0.000000000000000000e+00,0.000000000000000000e+00,0.000000000000000000e+00
-1.796054840087890625e+02,2.879257202148437500e+00,5.690000000000000000e+02
-1.789869384765625000e+02,2.879257202148437500e+00,5.690000000000000000e+02
-1.783683776855468750e+02,2.879257202148437500e+00,5.690000000000000000e+02
-1.774374542236328125e+02,2.874197006225585938e+00,5.680000000000000000e+02
-1.771312866210937500e+02,2.879257202148437500e+00,5.690000000000000000e+02
-1.765127410888671875e+02,2.879257202148437500e+00,5.690000000000000000e+02
-1.755850524902343750e+02,2.874197006225585938e+00,5.680000000000000000e+02
-1.882198486328125000e+02,3.485768079757690430e+00,5.670000000000000000e+02
-1.876034698486328125e+02,3.485768079757690430e+00,5.670000000000000000e+02
-1.869870910644531250e+02,3.485768079757690430e+00,5.670000000000000000e+02
-1.863707275390625000e+02,3.485768079757690430e+00,5.670000000000000000e+02
-1.857543334960937500e+02,3.485768079757690430e+00,5.670000000000000000e+02
-1.851379699707031250e+02,3.485768079757690430e+00,5.670000000000000000e+02
-1.848470153808593750e+02,3.491915702819824219e+00,5.680000000000000000e+02
-0.000000000000000000e+00,0.000000000000000000e+00,0.000000000000000000e+00
-1.836120910644531250e+02,3.491915702819824219e+00,5.680000000000000000e+02
-0.000000000000000000e+00,0.000000000000000000e+00,0.000000000000000000e+00
-0.000000000000000000e+00,0.000000000000000000e+00,0.000000000000000000e+00
-0.000000000000000000e+00,0.000000000000000000e+00,0.000000000000000000e+00
-0.000000000000000000e+00,0.000000000000000000e+00,0.000000000000000000e+00
-0.000000000000000000e+00,0.000000000000000000e+00,0.000000000000000000e+00
-0.000000000000000000e+00,0.000000000000000000e+00,0.000000000000000000e+00
-1.796054840087890625e+02,3.498063564300537109e+00,5.690000000000000000e+02
-1.789869384765625000e+02,3.498063564300537109e+00,5.690000000000000000e+02
-1.783683776855468750e+02,3.498063564300537109e+00,5.690000000000000000e+02
-1.774374542236328125e+02,3.491915702819824219e+00,5.680000000000000000e+02
-1.768199768066406250e+02,3.491915702819824219e+00,5.680000000000000000e+02
-1.762025299072265625e+02,3.491915702819824219e+00,5.680000000000000000e+02
-1.755850524902343750e+02,3.491915702819824219e+00,5.680000000000000000e+02
-1.749675903320312500e+02,3.491915702819824219e+00,5.680000000000000000e+02
-1.743501281738281250e+02,3.491915702819824219e+00,5.680000000000000000e+02
-1.872726135253906250e+02,4.095163822174072266e+00,5.660000000000000000e+02
-1.869870910644531250e+02,4.102398872375488281e+00,5.670000000000000000e+02
-1.863707275390625000e+02,4.102398872375488281e+00,5.670000000000000000e+02
-1.857543334960937500e+02,4.102398872375488281e+00,5.670000000000000000e+02
-1.851379699707031250e+02,4.102398872375488281e+00,5.670000000000000000e+02
-1.845215911865234375e+02,4.102398872375488281e+00,5.670000000000000000e+02
-1.839051971435546875e+02,4.102398872375488281e+00,5.670000000000000000e+02
-1.836120910644531250e+02,4.109633922576904297e+00,5.680000000000000000e+02
-1.829946136474609375e+02,4.109633922576904297e+00,5.680000000000000000e+02
-1.823771667480468750e+02,4.109633922576904297e+00,5.680000000000000000e+02
-1.820796966552734375e+02,4.116869449615478516e+00,5.690000000000000000e+02
-1.814611511230468750e+02,4.116869449615478516e+00,5.690000000000000000e+02
-1.808425903320312500e+02,4.116869449615478516e+00,5.690000000000000000e+02
-1.802240447998046875e+02,4.116869449615478516e+00,5.690000000000000000e+02
-1.796054840087890625e+02,4.116869449615478516e+00,5.690000000000000000e+02
-1.789869384765625000e+02,4.116869449615478516e+00,5.690000000000000000e+02
-1.783683776855468750e+02,4.116869449615478516e+00,5.690000000000000000e+02
-1.774374542236328125e+02,4.109633922576904297e+00,5.680000000000000000e+02
-1.771312866210937500e+02,4.116869449615478516e+00,5.690000000000000000e+02
-1.765127410888671875e+02,4.116869449615478516e+00,5.690000000000000000e+02
-1.755850524902343750e+02,4.109633922576904297e+00,5.680000000000000000e+02
-1.749675903320312500e+02,4.109633922576904297e+00,5.680000000000000000e+02
-1.743501281738281250e+02,4.109633922576904297e+00,5.680000000000000000e+02
-1.737326660156250000e+02,4.109633922576904297e+00,5.680000000000000000e+02
-1.731151885986328125e+02,4.109633922576904297e+00,5.680000000000000000e+02
-1.872726135253906250e+02,4.710707187652587891e+00,5.660000000000000000e+02
-1.866573028564453125e+02,4.710707187652587891e+00,5.660000000000000000e+02
-1.863707275390625000e+02,4.719029903411865234e+00,5.670000000000000000e+02
-1.857543334960937500e+02,4.719029903411865234e+00,5.670000000000000000e+02
-1.851379699707031250e+02,4.719029903411865234e+00,5.670000000000000000e+02
-1.845215911865234375e+02,4.719029903411865234e+00,5.670000000000000000e+02
-1.839051971435546875e+02,4.719029903411865234e+00,5.670000000000000000e+02
-1.832888336181640625e+02,4.719029903411865234e+00,5.670000000000000000e+02
-1.829946136474609375e+02,4.727352619171142578e+00,5.680000000000000000e+02
-1.823771667480468750e+02,4.727352619171142578e+00,5.680000000000000000e+02
-1.817596893310546875e+02,4.727352619171142578e+00,5.680000000000000000e+02
-1.811422424316406250e+02,4.727352619171142578e+00,5.680000000000000000e+02
-1.808425903320312500e+02,4.735675811767578125e+00,5.690000000000000000e+02
-1.802240447998046875e+02,4.735675811767578125e+00,5.690000000000000000e+02
-1.796054840087890625e+02,4.735675811767578125e+00,5.690000000000000000e+02
-1.789869384765625000e+02,4.735675811767578125e+00,5.690000000000000000e+02
-1.783683776855468750e+02,4.735675811767578125e+00,5.690000000000000000e+02
-1.777498474121093750e+02,4.735675811767578125e+00,5.690000000000000000e+02
-1.771312866210937500e+02,4.735675811767578125e+00,5.690000000000000000e+02
-1.765127410888671875e+02,4.735675811767578125e+00,5.690000000000000000e+02
-1.758941802978515625e+02,4.735675811767578125e+00,5.690000000000000000e+02
-1.749675903320312500e+02,4.727352619171142578e+00,5.680000000000000000e+02
-1.743501281738281250e+02,4.727352619171142578e+00,5.680000000000000000e+02
-1.737326660156250000e+02,4.727352619171142578e+00,5.680000000000000000e+02
-1.728104095458984375e+02,4.719029903411865234e+00,5.670000000000000000e+02
-1.721940460205078125e+02,4.719029903411865234e+00,5.670000000000000000e+02
-1.712750549316406250e+02,4.710707187652587891e+00,5.660000000000000000e+02
-1.709612884521484375e+02,4.719029903411865234e+00,5.670000000000000000e+02
-1.866573028564453125e+02,5.326250553131103516e+00,5.660000000000000000e+02
-1.860420227050781250e+02,5.326250553131103516e+00,5.660000000000000000e+02
-1.854267272949218750e+02,5.326250553131103516e+00,5.660000000000000000e+02
-1.848114471435546875e+02,5.326250553131103516e+00,5.660000000000000000e+02
-1.841961517333984375e+02,5.326250553131103516e+00,5.660000000000000000e+02
-1.839051971435546875e+02,5.335660934448242188e+00,5.670000000000000000e+02
-1.832888336181640625e+02,5.335660934448242188e+00,5.670000000000000000e+02
-1.826724395751953125e+02,5.335660934448242188e+00,5.670000000000000000e+02
-1.820560760498046875e+02,5.335660934448242188e+00,5.670000000000000000e+02
-1.817596893310546875e+02,5.345071315765380859e+00,5.680000000000000000e+02
-1.811422424316406250e+02,5.345071315765380859e+00,5.680000000000000000e+02
-1.805247650146484375e+02,5.345071315765380859e+00,5.680000000000000000e+02
-1.802240447998046875e+02,5.354481697082519531e+00,5.690000000000000000e+02
-1.796054840087890625e+02,5.354481697082519531e+00,5.690000000000000000e+02
-1.789869384765625000e+02,5.354481697082519531e+00,5.690000000000000000e+02
-1.783683776855468750e+02,5.354481697082519531e+00,5.690000000000000000e+02
-1.777498474121093750e+02,5.354481697082519531e+00,5.690000000000000000e+02
-1.771312866210937500e+02,5.354481697082519531e+00,5.690000000000000000e+02
-1.765127410888671875e+02,5.354481697082519531e+00,5.690000000000000000e+02
-1.758941802978515625e+02,5.354481697082519531e+00,5.690000000000000000e+02
-1.752756347656250000e+02,5.354481697082519531e+00,5.690000000000000000e+02
-1.743501281738281250e+02,5.345071315765380859e+00,5.680000000000000000e+02
-1.737326660156250000e+02,5.345071315765380859e+00,5.680000000000000000e+02
-1.728104095458984375e+02,5.335660934448242188e+00,5.670000000000000000e+02
-1.721940460205078125e+02,5.335660934448242188e+00,5.670000000000000000e+02
-1.715776672363281250e+02,5.335660934448242188e+00,5.670000000000000000e+02
-1.706597747802734375e+02,5.326250553131103516e+00,5.660000000000000000e+02
-1.700444793701171875e+02,5.326250553131103516e+00,5.660000000000000000e+02
-1.694291992187500000e+02,5.326250553131103516e+00,5.660000000000000000e+02
-1.857133331298828125e+02,5.931295871734619141e+00,5.650000000000000000e+02
-1.854267272949218750e+02,5.941793918609619141e+00,5.660000000000000000e+02
-1.848114471435546875e+02,5.941793918609619141e+00,5.660000000000000000e+02
-1.841961517333984375e+02,5.941793918609619141e+00,5.660000000000000000e+02
-1.835808563232421875e+02,5.941793918609619141e+00,5.660000000000000000e+02
-1.829655761718750000e+02,5.941793918609619141e+00,5.660000000000000000e+02
-1.826724395751953125e+02,5.952291488647460938e+00,5.670000000000000000e+02
-1.820560760498046875e+02,5.952291488647460938e+00,5.670000000000000000e+02
-1.817596893310546875e+02,5.962789535522460938e+00,5.680000000000000000e+02
-1.811422424316406250e+02,5.962789535522460938e+00,5.680000000000000000e+02
-1.805247650146484375e+02,5.962789535522460938e+00,5.680000000000000000e+02
-1.802240447998046875e+02,5.973287582397460938e+00,5.690000000000000000e+02
-1.796054840087890625e+02,5.973287582397460938e+00,5.690000000000000000e+02
-1.789869384765625000e+02,5.973287582397460938e+00,5.690000000000000000e+02
-1.783683776855468750e+02,5.973287582397460938e+00,5.690000000000000000e+02
-1.777498474121093750e+02,5.973287582397460938e+00,5.690000000000000000e+02
-1.771312866210937500e+02,5.973287582397460938e+00,5.690000000000000000e+02
-1.765127410888671875e+02,5.973287582397460938e+00,5.690000000000000000e+02
-1.758941802978515625e+02,5.973287582397460938e+00,5.690000000000000000e+02
-1.752756347656250000e+02,5.973287582397460938e+00,5.690000000000000000e+02
-1.743501281738281250e+02,5.962789535522460938e+00,5.680000000000000000e+02
-1.737326660156250000e+02,5.962789535522460938e+00,5.680000000000000000e+02
-1.728104095458984375e+02,5.952291488647460938e+00,5.670000000000000000e+02
-1.721940460205078125e+02,5.952291488647460938e+00,5.670000000000000000e+02
-1.715776672363281250e+02,5.952291488647460938e+00,5.670000000000000000e+02
-1.709612884521484375e+02,5.952291488647460938e+00,5.670000000000000000e+02
-1.700444793701171875e+02,5.941793918609619141e+00,5.660000000000000000e+02
-1.694291992187500000e+02,5.941793918609619141e+00,5.660000000000000000e+02
-1.688139038085937500e+02,5.941793918609619141e+00,5.660000000000000000e+02
-1.681986083984375000e+02,5.941793918609619141e+00,5.660000000000000000e+02
-1.850991210937500000e+02,6.545752525329589844e+00,5.650000000000000000e+02
-1.844849243164062500e+02,6.545752525329589844e+00,5.650000000000000000e+02
-1.841961517333984375e+02,6.557337760925292969e+00,5.660000000000000000e+02
-1.835808563232421875e+02,6.557337760925292969e+00,5.660000000000000000e+02
-1.829655761718750000e+02,6.557337760925292969e+00,5.660000000000000000e+02
-1.823502655029296875e+02,6.557337760925292969e+00,5.660000000000000000e+02
-1.820560760498046875e+02,6.568922996520996094e+00,5.670000000000000000e+02
-1.814396972656250000e+02,6.568922996520996094e+00,5.670000000000000000e+02
-1.808233184814453125e+02,6.568922996520996094e+00,5.670000000000000000e+02
-1.805247650146484375e+02,6.580508708953857422e+00,5.680000000000000000e+02
-1.799073028564453125e+02,6.580508708953857422e+00,5.680000000000000000e+02
-1.792898406982421875e+02,6.580508708953857422e+00,5.680000000000000000e+02
-1.789869384765625000e+02,6.592093944549560547e+00,5.690000000000000000e+02
-1.783683776855468750e+02,6.592093944549560547e+00,5.690000000000000000e+02
-1.777498474121093750e+02,6.592093944549560547e+00,5.690000000000000000e+02
-0.000000000000000000e+00,0.000000000000000000e+00,0.000000000000000000e+00
-1.765127410888671875e+02,6.592093944549560547e+00,5.690000000000000000e+02
-1.758941802978515625e+02,6.592093944549560547e+00,5.690000000000000000e+02
-1.752756347656250000e+02,6.592093944549560547e+00,5.690000000000000000e+02
-1.746570739746093750e+02,6.592093944549560547e+00,5.690000000000000000e+02
-1.737326660156250000e+02,6.580508708953857422e+00,5.680000000000000000e+02
-1.731151885986328125e+02,6.580508708953857422e+00,5.680000000000000000e+02
-1.721940460205078125e+02,6.568922996520996094e+00,5.670000000000000000e+02
-1.715776672363281250e+02,6.568922996520996094e+00,5.670000000000000000e+02
-0.000000000000000000e+00,0.000000000000000000e+00,0.000000000000000000e+00
-1.700444793701171875e+02,6.557337760925292969e+00,5.660000000000000000e+02
-0.000000000000000000e+00,0.000000000000000000e+00,0.000000000000000000e+00
-1.688139038085937500e+02,6.557337760925292969e+00,5.660000000000000000e+02
-1.681986083984375000e+02,6.557337760925292969e+00,5.660000000000000000e+02
-1.675833129882812500e+02,6.557337760925292969e+00,5.660000000000000000e+02
-1.669680328369140625e+02,6.557337760925292969e+00,5.660000000000000000e+02
-1.663527374267578125e+02,6.557337760925292969e+00,5.660000000000000000e+02
-1.844849243164062500e+02,7.160208225250244141e+00,5.650000000000000000e+02
-1.838707122802734375e+02,7.160208225250244141e+00,5.650000000000000000e+02
-1.832565002441406250e+02,7.160208225250244141e+00,5.650000000000000000e+02
-1.829655761718750000e+02,7.172881126403808594e+00,5.660000000000000000e+02
-1.823502655029296875e+02,7.172881126403808594e+00,5.660000000000000000e+02
-1.817349853515625000e+02,7.172881126403808594e+00,5.660000000000000000e+02
-1.814396972656250000e+02,7.185554027557373047e+00,5.670000000000000000e+02
-1.808233184814453125e+02,7.185554027557373047e+00,5.670000000000000000e+02
-1.802069396972656250e+02,7.185554027557373047e+00,5.670000000000000000e+02
-1.795905761718750000e+02,7.185554027557373047e+00,5.670000000000000000e+02
-1.792898406982421875e+02,7.198226928710937500e+00,5.680000000000000000e+02
-1.786723785400390625e+02,7.198226928710937500e+00,5.680000000000000000e+02
-1.780549011230468750e+02,7.198226928710937500e+00,5.680000000000000000e+02
-1.777498474121093750e+02,7.210899829864501953e+00,5.690000000000000000e+02
-1.771312866210937500e+02,7.210899829864501953e+00,5.690000000000000000e+02
-1.765127410888671875e+02,7.210899829864501953e+00,5.690000000000000000e+02
-1.758941802978515625e+02,7.210899829864501953e+00,5.690000000000000000e+02
-1.752756347656250000e+02,7.210899829864501953e+00,5.690000000000000000e+02
-1.746570739746093750e+02,7.210899829864501953e+00,5.690000000000000000e+02
-1.740385284423828125e+02,7.210899829864501953e+00,5.690000000000000000e+02
-1.731151885986328125e+02,7.198226928710937500e+00,5.680000000000000000e+02
-1.721940460205078125e+02,7.185554027557373047e+00,5.670000000000000000e+02
-0.000000000000000000e+00,0.000000000000000000e+00,0.000000000000000000e+00
-0.000000000000000000e+00,0.000000000000000000e+00,0.000000000000000000e+00
-0.000000000000000000e+00,0.000000000000000000e+00,0.000000000000000000e+00
-0.000000000000000000e+00,0.000000000000000000e+00,0.000000000000000000e+00
-0.000000000000000000e+00,0.000000000000000000e+00,0.000000000000000000e+00
-0.000000000000000000e+00,0.000000000000000000e+00,0.000000000000000000e+00
-1.675833129882812500e+02,7.172881126403808594e+00,5.660000000000000000e+02
-1.669680328369140625e+02,7.172881126403808594e+00,5.660000000000000000e+02
-1.663527374267578125e+02,7.172881126403808594e+00,5.660000000000000000e+02
-1.657374572753906250e+02,7.172881126403808594e+00,5.660000000000000000e+02
-1.651221618652343750e+02,7.172881126403808594e+00,5.660000000000000000e+02
-1.832565002441406250e+02,7.774663925170898438e+00,5.650000000000000000e+02
-1.826423034667968750e+02,7.774663925170898438e+00,5.650000000000000000e+02
-1.820280914306640625e+02,7.774663925170898438e+00,5.650000000000000000e+02
-1.817349853515625000e+02,7.788424491882324219e+00,5.660000000000000000e+02
-1.811196899414062500e+02,7.788424491882324219e+00,5.660000000000000000e+02
-1.805044097900390625e+02,7.788424491882324219e+00,5.660000000000000000e+02
-1.798891143798828125e+02,7.788424491882324219e+00,5.660000000000000000e+02
-1.792738342285156250e+02,7.788424491882324219e+00,5.660000000000000000e+02
-1.789741821289062500e+02,7.802185058593750000e+00,5.670000000000000000e+02
-1.783578186035156250e+02,7.802185058593750000e+00,5.670000000000000000e+02
-1.780549011230468750e+02,7.815945148468017578e+00,5.680000000000000000e+02
-1.774374542236328125e+02,7.815945148468017578e+00,5.680000000000000000e+02
-1.768199768066406250e+02,7.815945148468017578e+00,5.680000000000000000e+02
-1.762025299072265625e+02,7.815945148468017578e+00,5.680000000000000000e+02
-1.758941802978515625e+02,7.829705715179443359e+00,5.690000000000000000e+02
-1.752756347656250000e+02,7.829705715179443359e+00,5.690000000000000000e+02
-1.746570739746093750e+02,7.829705715179443359e+00,5.690000000000000000e+02
-1.737326660156250000e+02,7.815945148468017578e+00,5.680000000000000000e+02
-1.731151885986328125e+02,7.815945148468017578e+00,5.680000000000000000e+02
-1.721940460205078125e+02,7.802185058593750000e+00,5.670000000000000000e+02
-1.715776672363281250e+02,7.802185058593750000e+00,5.670000000000000000e+02
-0.000000000000000000e+00,0.000000000000000000e+00,0.000000000000000000e+00
-0.000000000000000000e+00,0.000000000000000000e+00,0.000000000000000000e+00
-0.000000000000000000e+00,0.000000000000000000e+00,0.000000000000000000e+00
-0.000000000000000000e+00,0.000000000000000000e+00,0.000000000000000000e+00
-0.000000000000000000e+00,0.000000000000000000e+00,0.000000000000000000e+00
-1.675833129882812500e+02,7.788424491882324219e+00,5.660000000000000000e+02
-1.669680328369140625e+02,7.788424491882324219e+00,5.660000000000000000e+02
-1.663527374267578125e+02,7.788424491882324219e+00,5.660000000000000000e+02
-1.657374572753906250e+02,7.788424491882324219e+00,5.660000000000000000e+02
-1.648304290771484375e+02,7.774663925170898438e+00,5.650000000000000000e+02
-1.642162170410156250e+02,7.774663925170898438e+00,5.650000000000000000e+02
-1.636020202636718750e+02,7.774663925170898438e+00,5.650000000000000000e+02
-1.629878082275390625e+02,7.774663925170898438e+00,5.650000000000000000e+02
-1.820280914306640625e+02,8.389120101928710938e+00,5.650000000000000000e+02
-1.814139099121093750e+02,8.389120101928710938e+00,5.650000000000000000e+02
-1.807996978759765625e+02,8.389120101928710938e+00,5.650000000000000000e+02
-1.801855010986328125e+02,8.389120101928710938e+00,5.650000000000000000e+02
-1.795712890625000000e+02,8.389120101928710938e+00,5.650000000000000000e+02
-1.789570922851562500e+02,8.389120101928710938e+00,5.650000000000000000e+02
-1.786585388183593750e+02,8.403967857360839844e+00,5.660000000000000000e+02
-1.780432586669921875e+02,8.403967857360839844e+00,5.660000000000000000e+02
-1.774279479980468750e+02,8.403967857360839844e+00,5.660000000000000000e+02
-1.771250610351562500e+02,8.418816566467285156e+00,5.670000000000000000e+02
-1.765086822509765625e+02,8.418816566467285156e+00,5.670000000000000000e+02
-1.758923034667968750e+02,8.418816566467285156e+00,5.670000000000000000e+02
-1.755850524902343750e+02,8.433664321899414062e+00,5.680000000000000000e+02
-1.749675903320312500e+02,8.433664321899414062e+00,5.680000000000000000e+02
-1.743501281738281250e+02,8.433664321899414062e+00,5.680000000000000000e+02
-1.737326660156250000e+02,8.433664321899414062e+00,5.680000000000000000e+02
-1.731151885986328125e+02,8.433664321899414062e+00,5.680000000000000000e+02
-1.721940460205078125e+02,8.418816566467285156e+00,5.670000000000000000e+02
-1.715776672363281250e+02,8.418816566467285156e+00,5.670000000000000000e+02
-0.000000000000000000e+00,0.000000000000000000e+00,0.000000000000000000e+00
-1.700444793701171875e+02,8.403967857360839844e+00,5.660000000000000000e+02
-0.000000000000000000e+00,0.000000000000000000e+00,0.000000000000000000e+00
-0.000000000000000000e+00,0.000000000000000000e+00,0.000000000000000000e+00
-1.681986083984375000e+02,8.403967857360839844e+00,5.660000000000000000e+02
-1.675833129882812500e+02,8.403967857360839844e+00,5.660000000000000000e+02
-1.669680328369140625e+02,8.403967857360839844e+00,5.660000000000000000e+02
-1.663527374267578125e+02,8.403967857360839844e+00,5.660000000000000000e+02
-1.657374572753906250e+02,8.403967857360839844e+00,5.660000000000000000e+02
-1.648304290771484375e+02,8.389120101928710938e+00,5.650000000000000000e+02
-1.642162170410156250e+02,8.389120101928710938e+00,5.650000000000000000e+02
-1.636020202636718750e+02,8.389120101928710938e+00,5.650000000000000000e+02
-1.629878082275390625e+02,8.389120101928710938e+00,5.650000000000000000e+02
-1.623736114501953125e+02,8.389120101928710938e+00,5.650000000000000000e+02
-1.614730987548828125e+02,8.374272346496582031e+00,5.640000000000000000e+02
-1.810928192138671875e+02,8.987640380859375000e+00,5.640000000000000000e+02
-1.804796905517578125e+02,8.987640380859375000e+00,5.640000000000000000e+02
-1.798665924072265625e+02,8.987640380859375000e+00,5.640000000000000000e+02
-1.792534637451171875e+02,8.987640380859375000e+00,5.640000000000000000e+02
-1.789570922851562500e+02,9.003576278686523438e+00,5.650000000000000000e+02
-1.783428802490234375e+02,9.003576278686523438e+00,5.650000000000000000e+02
-1.777286834716796875e+02,9.003576278686523438e+00,5.650000000000000000e+02
-1.771144714355468750e+02,9.003576278686523438e+00,5.650000000000000000e+02
-1.765002899169921875e+02,9.003576278686523438e+00,5.650000000000000000e+02
-1.761973724365234375e+02,9.019511222839355469e+00,5.660000000000000000e+02
-1.752718811035156250e+02,9.003576278686523438e+00,5.650000000000000000e+02
-1.749667968750000000e+02,9.019511222839355469e+00,5.660000000000000000e+02
-1.746595611572265625e+02,9.035447120666503906e+00,5.670000000000000000e+02
-1.737362213134765625e+02,9.019511222839355469e+00,5.660000000000000000e+02
-1.734268035888671875e+02,9.035447120666503906e+00,5.670000000000000000e+02
-1.728104095458984375e+02,9.035447120666503906e+00,5.670000000000000000e+02
-1.721940460205078125e+02,9.035447120666503906e+00,5.670000000000000000e+02
-1.715776672363281250e+02,9.035447120666503906e+00,5.670000000000000000e+02
-1.706597747802734375e+02,9.019511222839355469e+00,5.660000000000000000e+02
-1.700444793701171875e+02,9.019511222839355469e+00,5.660000000000000000e+02
-1.694291992187500000e+02,9.019511222839355469e+00,5.660000000000000000e+02
-1.688139038085937500e+02,9.019511222839355469e+00,5.660000000000000000e+02
-1.681986083984375000e+02,9.019511222839355469e+00,5.660000000000000000e+02
-1.675833129882812500e+02,9.019511222839355469e+00,5.660000000000000000e+02
-1.669680328369140625e+02,9.019511222839355469e+00,5.660000000000000000e+02
-1.663527374267578125e+02,9.019511222839355469e+00,5.660000000000000000e+02
-1.657374572753906250e+02,9.019511222839355469e+00,5.660000000000000000e+02
-1.648304290771484375e+02,9.003576278686523438e+00,5.650000000000000000e+02
-1.642162170410156250e+02,9.003576278686523438e+00,5.650000000000000000e+02
-1.636020202636718750e+02,9.003576278686523438e+00,5.650000000000000000e+02
-1.629878082275390625e+02,9.003576278686523438e+00,5.650000000000000000e+02
-1.620862274169921875e+02,8.987640380859375000e+00,5.640000000000000000e+02
-1.614730987548828125e+02,8.987640380859375000e+00,5.640000000000000000e+02
-1.608600006103515625e+02,8.987640380859375000e+00,5.640000000000000000e+02
-1.599627380371093750e+02,8.971704483032226562e+00,5.630000000000000000e+02
-1.798665924072265625e+02,9.601009368896484375e+00,5.640000000000000000e+02
-1.792534637451171875e+02,9.601009368896484375e+00,5.640000000000000000e+02
-1.786403503417968750e+02,9.601009368896484375e+00,5.640000000000000000e+02
-1.780272369384765625e+02,9.601009368896484375e+00,5.640000000000000000e+02
-1.774141235351562500e+02,9.601009368896484375e+00,5.640000000000000000e+02
-1.768009948730468750e+02,9.601009368896484375e+00,5.640000000000000000e+02
-1.761878967285156250e+02,9.601009368896484375e+00,5.640000000000000000e+02
-1.755747680664062500e+02,9.601009368896484375e+00,5.640000000000000000e+02
-1.752718811035156250e+02,9.618032455444335938e+00,5.650000000000000000e+02
-1.746576690673828125e+02,9.618032455444335938e+00,5.650000000000000000e+02
-1.740434722900390625e+02,9.618032455444335938e+00,5.650000000000000000e+02
-1.734292602539062500e+02,9.618032455444335938e+00,5.650000000000000000e+02
-1.731209411621093750e+02,9.635055541992187500e+00,5.660000000000000000e+02
-1.725056304931640625e+02,9.635055541992187500e+00,5.660000000000000000e+02
-1.718903503417968750e+02,9.635055541992187500e+00,5.660000000000000000e+02
-1.712750549316406250e+02,9.635055541992187500e+00,5.660000000000000000e+02
-1.706597747802734375e+02,9.635055541992187500e+00,5.660000000000000000e+02
-1.700444793701171875e+02,9.635055541992187500e+00,5.660000000000000000e+02
-1.694291992187500000e+02,9.635055541992187500e+00,5.660000000000000000e+02
-1.688139038085937500e+02,9.635055541992187500e+00,5.660000000000000000e+02
-1.681986083984375000e+02,9.635055541992187500e+00,5.660000000000000000e+02
-1.675833129882812500e+02,9.635055541992187500e+00,5.660000000000000000e+02
-1.669680328369140625e+02,9.635055541992187500e+00,5.660000000000000000e+02
-1.663527374267578125e+02,9.635055541992187500e+00,5.660000000000000000e+02
-1.657374572753906250e+02,9.635055541992187500e+00,5.660000000000000000e+02
-0.000000000000000000e+00,0.000000000000000000e+00,0.000000000000000000e+00
-0.000000000000000000e+00,0.000000000000000000e+00,0.000000000000000000e+00
-0.000000000000000000e+00,0.000000000000000000e+00,0.000000000000000000e+00
-0.000000000000000000e+00,0.000000000000000000e+00,0.000000000000000000e+00
-1.620862274169921875e+02,9.601009368896484375e+00,5.640000000000000000e+02
-1.614730987548828125e+02,9.601009368896484375e+00,5.640000000000000000e+02
-1.608600006103515625e+02,9.601009368896484375e+00,5.640000000000000000e+02
-1.599627380371093750e+02,9.583986282348632812e+00,5.630000000000000000e+02
-1.593507232666015625e+02,9.583986282348632812e+00,5.630000000000000000e+02
-1.587386932373046875e+02,9.583986282348632812e+00,5.630000000000000000e+02
-1.789356384277343750e+02,1.019626617431640625e+01,5.630000000000000000e+02
-1.783236236572265625e+02,1.019626617431640625e+01,5.630000000000000000e+02
-1.777115783691406250e+02,1.019626617431640625e+01,5.630000000000000000e+02
-1.770995635986328125e+02,1.019626617431640625e+01,5.630000000000000000e+02
-1.764875183105468750e+02,1.019626617431640625e+01,5.630000000000000000e+02
-1.758755035400390625e+02,1.019626617431640625e+01,5.630000000000000000e+02
-1.752634582519531250e+02,1.019626617431640625e+01,5.630000000000000000e+02
-1.749616546630859375e+02,1.021437740325927734e+01,5.640000000000000000e+02
-1.743485412597656250e+02,1.021437740325927734e+01,5.640000000000000000e+02
-1.737354278564453125e+02,1.021437740325927734e+01,5.640000000000000000e+02
-1.731222991943359375e+02,1.021437740325927734e+01,5.640000000000000000e+02
-0.000000000000000000e+00,0.000000000000000000e+00,0.000000000000000000e+00
-0.000000000000000000e+00,0.000000000000000000e+00,0.000000000000000000e+00
-0.000000000000000000e+00,0.000000000000000000e+00,0.000000000000000000e+00
-1.709724426269531250e+02,1.023248767852783203e+01,5.650000000000000000e+02
-1.703582611083984375e+02,1.023248767852783203e+01,5.650000000000000000e+02
-1.700444793701171875e+02,1.025059795379638672e+01,5.660000000000000000e+02
-1.694291992187500000e+02,1.025059795379638672e+01,5.660000000000000000e+02
-1.688139038085937500e+02,1.025059795379638672e+01,5.660000000000000000e+02
-1.681986083984375000e+02,1.025059795379638672e+01,5.660000000000000000e+02
-1.675833129882812500e+02,1.025059795379638672e+01,5.660000000000000000e+02
-1.666730346679687500e+02,1.023248767852783203e+01,5.650000000000000000e+02
-1.663527374267578125e+02,1.025059795379638672e+01,5.660000000000000000e+02
-0.000000000000000000e+00,0.000000000000000000e+00,0.000000000000000000e+00
-0.000000000000000000e+00,0.000000000000000000e+00,0.000000000000000000e+00
-0.000000000000000000e+00,0.000000000000000000e+00,0.000000000000000000e+00
-0.000000000000000000e+00,0.000000000000000000e+00,0.000000000000000000e+00
-0.000000000000000000e+00,0.000000000000000000e+00,0.000000000000000000e+00
-0.000000000000000000e+00,0.000000000000000000e+00,0.000000000000000000e+00
-0.000000000000000000e+00,0.000000000000000000e+00,0.000000000000000000e+00
-1.608600006103515625e+02,1.021437740325927734e+01,5.640000000000000000e+02
-1.599627380371093750e+02,1.019626617431640625e+01,5.630000000000000000e+02
-1.593507232666015625e+02,1.019626617431640625e+01,5.630000000000000000e+02
-1.584567413330078125e+02,1.017815589904785156e+01,5.620000000000000000e+02
-1.578458099365234375e+02,1.017815589904785156e+01,5.620000000000000000e+02
-1.572348480224609375e+02,1.017815589904785156e+01,5.620000000000000000e+02
-1.566239166259765625e+02,1.017815589904785156e+01,5.620000000000000000e+02
-1.780068817138671875e+02,1.078934955596923828e+01,5.620000000000000000e+02
-1.773959350585937500e+02,1.078934955596923828e+01,5.620000000000000000e+02
-1.767849884033203125e+02,1.078934955596923828e+01,5.620000000000000000e+02
-1.761740417480468750e+02,1.078934955596923828e+01,5.620000000000000000e+02
-1.755631103515625000e+02,1.078934955596923828e+01,5.620000000000000000e+02
-1.752634582519531250e+02,1.080854797363281250e+01,5.630000000000000000e+02
-1.746514434814453125e+02,1.080854797363281250e+01,5.630000000000000000e+02
-1.740394134521484375e+02,1.080854797363281250e+01,5.630000000000000000e+02
-1.734273834228515625e+02,1.080854797363281250e+01,5.630000000000000000e+02
-1.728153533935546875e+02,1.080854797363281250e+01,5.630000000000000000e+02
-1.722033386230468750e+02,1.080854797363281250e+01,5.630000000000000000e+02
-1.718960723876953125e+02,1.082774543762207031e+01,5.640000000000000000e+02
-1.712829742431640625e+02,1.082774543762207031e+01,5.640000000000000000e+02
-1.706698455810546875e+02,1.082774543762207031e+01,5.640000000000000000e+02
-0.000000000000000000e+00,0.000000000000000000e+00,0.000000000000000000e+00
-1.697440490722656250e+02,1.084694385528564453e+01,5.650000000000000000e+02
-1.691298522949218750e+02,1.084694385528564453e+01,5.650000000000000000e+02
-1.688139038085937500e+02,1.086614227294921875e+01,5.660000000000000000e+02
-1.679014434814453125e+02,1.084694385528564453e+01,5.650000000000000000e+02
-1.672872314453125000e+02,1.084694385528564453e+01,5.650000000000000000e+02
-1.666730346679687500e+02,1.084694385528564453e+01,5.650000000000000000e+02
-1.660588226318359375e+02,1.084694385528564453e+01,5.650000000000000000e+02
-1.654446411132812500e+02,1.084694385528564453e+01,5.650000000000000000e+02
-0.000000000000000000e+00,0.000000000000000000e+00,0.000000000000000000e+00
-0.000000000000000000e+00,0.000000000000000000e+00,0.000000000000000000e+00
-0.000000000000000000e+00,0.000000000000000000e+00,0.000000000000000000e+00
-0.000000000000000000e+00,0.000000000000000000e+00,0.000000000000000000e+00
-0.000000000000000000e+00,0.000000000000000000e+00,0.000000000000000000e+00
-0.000000000000000000e+00,0.000000000000000000e+00,0.000000000000000000e+00
-1.605747833251953125e+02,1.080854797363281250e+01,5.630000000000000000e+02
-1.599627380371093750e+02,1.080854797363281250e+01,5.630000000000000000e+02
-1.593507232666015625e+02,1.080854797363281250e+01,5.630000000000000000e+02
-1.584567413330078125e+02,1.078934955596923828e+01,5.620000000000000000e+02
-1.578458099365234375e+02,1.078934955596923828e+01,5.620000000000000000e+02
-1.572348480224609375e+02,1.078934955596923828e+01,5.620000000000000000e+02
-1.563452301025390625e+02,1.077015113830566406e+01,5.610000000000000000e+02
-1.557353668212890625e+02,1.077015113830566406e+01,5.610000000000000000e+02
-1.764704284667968750e+02,1.138025665283203125e+01,5.610000000000000000e+02
-1.758605651855468750e+02,1.138025665283203125e+01,5.610000000000000000e+02
-1.752507171630859375e+02,1.138025665283203125e+01,5.610000000000000000e+02
-1.746408538818359375e+02,1.138025665283203125e+01,5.610000000000000000e+02
-1.743412322998046875e+02,1.140054225921630859e+01,5.620000000000000000e+02
-1.737302856445312500e+02,1.140054225921630859e+01,5.620000000000000000e+02
-1.731193542480468750e+02,1.140054225921630859e+01,5.620000000000000000e+02
-1.725083923339843750e+02,1.140054225921630859e+01,5.620000000000000000e+02
-1.722033386230468750e+02,1.142082786560058594e+01,5.630000000000000000e+02
-1.715912933349609375e+02,1.142082786560058594e+01,5.630000000000000000e+02
-0.000000000000000000e+00,0.000000000000000000e+00,0.000000000000000000e+00
-0.000000000000000000e+00,0.000000000000000000e+00,0.000000000000000000e+00
-0.000000000000000000e+00,0.000000000000000000e+00,0.000000000000000000e+00
-1.694436187744140625e+02,1.144111347198486328e+01,5.640000000000000000e+02
-1.691298522949218750e+02,1.146139907836914062e+01,5.650000000000000000e+02
-1.685156402587890625e+02,1.146139907836914062e+01,5.650000000000000000e+02
-1.679014434814453125e+02,1.146139907836914062e+01,5.650000000000000000e+02
-1.672872314453125000e+02,1.146139907836914062e+01,5.650000000000000000e+02
-1.666730346679687500e+02,1.146139907836914062e+01,5.650000000000000000e+02
-1.660588226318359375e+02,1.146139907836914062e+01,5.650000000000000000e+02
-1.654446411132812500e+02,1.146139907836914062e+01,5.650000000000000000e+02
-1.648304290771484375e+02,1.146139907836914062e+01,5.650000000000000000e+02
-0.000000000000000000e+00,0.000000000000000000e+00,0.000000000000000000e+00
-1.633124542236328125e+02,1.144111347198486328e+01,5.640000000000000000e+02
-1.626993255615234375e+02,1.144111347198486328e+01,5.640000000000000000e+02
-1.620862274169921875e+02,1.144111347198486328e+01,5.640000000000000000e+02
-1.614730987548828125e+02,1.144111347198486328e+01,5.640000000000000000e+02
-1.605747833251953125e+02,1.142082786560058594e+01,5.630000000000000000e+02
-1.599627380371093750e+02,1.142082786560058594e+01,5.630000000000000000e+02
-1.593507232666015625e+02,1.142082786560058594e+01,5.630000000000000000e+02
-1.584567413330078125e+02,1.140054225921630859e+01,5.620000000000000000e+02
-1.578458099365234375e+02,1.140054225921630859e+01,5.620000000000000000e+02
-1.572348480224609375e+02,1.140054225921630859e+01,5.620000000000000000e+02
-1.563452301025390625e+02,1.138025665283203125e+01,5.610000000000000000e+02
-1.557353668212890625e+02,1.138025665283203125e+01,5.610000000000000000e+02
-1.551255187988281250e+02,1.138025665283203125e+01,5.610000000000000000e+02
-0.000000000000000000e+00,0.000000000000000000e+00,0.000000000000000000e+00
-1.755470886230468750e+02,1.196898937225341797e+01,5.600000000000000000e+02
-1.752507171630859375e+02,1.199036312103271484e+01,5.610000000000000000e+02
-1.743295593261718750e+02,1.196898937225341797e+01,5.600000000000000000e+02
-1.740310211181640625e+02,1.199036312103271484e+01,5.610000000000000000e+02
-1.734211578369140625e+02,1.199036312103271484e+01,5.610000000000000000e+02
-1.728113098144531250e+02,1.199036312103271484e+01,5.610000000000000000e+02
-1.722014465332031250e+02,1.199036312103271484e+01,5.610000000000000000e+02
-1.715915985107421875e+02,1.199036312103271484e+01,5.610000000000000000e+02
-1.712865142822265625e+02,1.201173591613769531e+01,5.620000000000000000e+02
-1.706755828857421875e+02,1.201173591613769531e+01,5.620000000000000000e+02
-0.000000000000000000e+00,0.000000000000000000e+00,0.000000000000000000e+00
-0.000000000000000000e+00,0.000000000000000000e+00,0.000000000000000000e+00
-1.691431732177734375e+02,1.203310871124267578e+01,5.630000000000000000e+02
-1.688305053710937500e+02,1.205448246002197266e+01,5.640000000000000000e+02
-1.682173767089843750e+02,1.205448246002197266e+01,5.640000000000000000e+02
-1.679014434814453125e+02,1.207585525512695312e+01,5.650000000000000000e+02
-1.672872314453125000e+02,1.207585525512695312e+01,5.650000000000000000e+02
-1.666730346679687500e+02,1.207585525512695312e+01,5.650000000000000000e+02
-1.660588226318359375e+02,1.207585525512695312e+01,5.650000000000000000e+02
-1.654446411132812500e+02,1.207585525512695312e+01,5.650000000000000000e+02
-1.645386810302734375e+02,1.205448246002197266e+01,5.640000000000000000e+02
-1.639255676269531250e+02,1.205448246002197266e+01,5.640000000000000000e+02
-1.633124542236328125e+02,1.205448246002197266e+01,5.640000000000000000e+02
-1.626993255615234375e+02,1.205448246002197266e+01,5.640000000000000000e+02
-1.617988433837890625e+02,1.203310871124267578e+01,5.630000000000000000e+02
-1.611867980957031250e+02,1.203310871124267578e+01,5.630000000000000000e+02
-1.605747833251953125e+02,1.203310871124267578e+01,5.630000000000000000e+02
-1.596786193847656250e+02,1.201173591613769531e+01,5.620000000000000000e+02
-1.590676879882812500e+02,1.201173591613769531e+01,5.620000000000000000e+02
-1.584567413330078125e+02,1.201173591613769531e+01,5.620000000000000000e+02
-1.578458099365234375e+02,1.201173591613769531e+01,5.620000000000000000e+02
-1.569550781250000000e+02,1.199036312103271484e+01,5.610000000000000000e+02
-1.563452301025390625e+02,1.199036312103271484e+01,5.610000000000000000e+02
-1.557353668212890625e+02,1.199036312103271484e+01,5.610000000000000000e+02
-1.551255187988281250e+02,1.199036312103271484e+01,5.610000000000000000e+02
-1.542402343750000000e+02,1.196898937225341797e+01,5.600000000000000000e+02
-1.536314697265625000e+02,1.196898937225341797e+01,5.600000000000000000e+02
-1.530226898193359375e+02,1.196898937225341797e+01,5.600000000000000000e+02
-1.524139404296875000e+02,1.196898937225341797e+01,5.600000000000000000e+02
-1.749383392333984375e+02,1.257800865173339844e+01,5.600000000000000000e+02
-1.743295593261718750e+02,1.257800865173339844e+01,5.600000000000000000e+02
-1.737207946777343750e+02,1.257800865173339844e+01,5.600000000000000000e+02
-1.731120300292968750e+02,1.257800865173339844e+01,5.600000000000000000e+02
-1.725032653808593750e+02,1.257800865173339844e+01,5.600000000000000000e+02
-1.718944854736328125e+02,1.257800865173339844e+01,5.600000000000000000e+02
-1.712857360839843750e+02,1.257800865173339844e+01,5.600000000000000000e+02
-1.709817352294921875e+02,1.260046863555908203e+01,5.610000000000000000e+02
-1.703718872070312500e+02,1.260046863555908203e+01,5.610000000000000000e+02
-1.700646362304687500e+02,1.262292957305908203e+01,5.620000000000000000e+02
-1.694537048339843750e+02,1.262292957305908203e+01,5.620000000000000000e+02
-1.688427429199218750e+02,1.262292957305908203e+01,5.620000000000000000e+02
-1.685311584472656250e+02,1.264539051055908203e+01,5.630000000000000000e+02
-1.682173767089843750e+02,1.266785144805908203e+01,5.640000000000000000e+02
-1.676042785644531250e+02,1.266785144805908203e+01,5.640000000000000000e+02
-1.669911499023437500e+02,1.266785144805908203e+01,5.640000000000000000e+02
-1.663780364990234375e+02,1.266785144805908203e+01,5.640000000000000000e+02
-1.657649230957031250e+02,1.266785144805908203e+01,5.640000000000000000e+02
-1.651518096923828125e+02,1.266785144805908203e+01,5.640000000000000000e+02
-1.645386810302734375e+02,1.266785144805908203e+01,5.640000000000000000e+02
-1.639255676269531250e+02,1.266785144805908203e+01,5.640000000000000000e+02
-1.633124542236328125e+02,1.266785144805908203e+01,5.640000000000000000e+02
-1.624108581542968750e+02,1.264539051055908203e+01,5.630000000000000000e+02
-1.617988433837890625e+02,1.264539051055908203e+01,5.630000000000000000e+02
-1.611867980957031250e+02,1.264539051055908203e+01,5.630000000000000000e+02
-1.602895660400390625e+02,1.262292957305908203e+01,5.620000000000000000e+02
-1.596786193847656250e+02,1.262292957305908203e+01,5.620000000000000000e+02
-1.590676879882812500e+02,1.262292957305908203e+01,5.620000000000000000e+02
-1.584567413330078125e+02,1.262292957305908203e+01,5.620000000000000000e+02
-1.575649414062500000e+02,1.260046863555908203e+01,5.610000000000000000e+02
-1.569550781250000000e+02,1.260046863555908203e+01,5.610000000000000000e+02
-1.563452301025390625e+02,1.260046863555908203e+01,5.610000000000000000e+02
-1.557353668212890625e+02,1.260046863555908203e+01,5.610000000000000000e+02
-1.548489990234375000e+02,1.257800865173339844e+01,5.600000000000000000e+02
-1.542402343750000000e+02,1.257800865173339844e+01,5.600000000000000000e+02
-1.536314697265625000e+02,1.257800865173339844e+01,5.600000000000000000e+02
-1.527494354248046875e+02,1.255554771423339844e+01,5.590000000000000000e+02
-1.521417694091796875e+02,1.255554771423339844e+01,5.590000000000000000e+02
-1.515340728759765625e+02,1.255554771423339844e+01,5.590000000000000000e+02
-1.509264068603515625e+02,1.255554771423339844e+01,5.590000000000000000e+02
-1.734105834960937500e+02,1.316347789764404297e+01,5.590000000000000000e+02
-1.728028869628906250e+02,1.316347789764404297e+01,5.590000000000000000e+02
-1.721952209472656250e+02,1.316347789764404297e+01,5.590000000000000000e+02
-1.718944854736328125e+02,1.318702602386474609e+01,5.600000000000000000e+02
-1.712857360839843750e+02,1.318702602386474609e+01,5.600000000000000000e+02
-1.706769561767578125e+02,1.318702602386474609e+01,5.600000000000000000e+02
-1.700681915283203125e+02,1.318702602386474609e+01,5.600000000000000000e+02
-1.697620239257812500e+02,1.321057415008544922e+01,5.610000000000000000e+02
-1.691521759033203125e+02,1.321057415008544922e+01,5.610000000000000000e+02
-1.685423126220703125e+02,1.321057415008544922e+01,5.610000000000000000e+02
-1.682318115234375000e+02,1.323412227630615234e+01,5.620000000000000000e+02
-1.676208648681640625e+02,1.323412227630615234e+01,5.620000000000000000e+02
-1.673070983886718750e+02,1.325767040252685547e+01,5.630000000000000000e+02
-1.666950683593750000e+02,1.325767040252685547e+01,5.630000000000000000e+02
-1.660830535888671875e+02,1.325767040252685547e+01,5.630000000000000000e+02
-1.654710083007812500e+02,1.325767040252685547e+01,5.630000000000000000e+02
-1.648589935302734375e+02,1.325767040252685547e+01,5.630000000000000000e+02
-1.642469482421875000e+02,1.325767040252685547e+01,5.630000000000000000e+02
-1.636349182128906250e+02,1.325767040252685547e+01,5.630000000000000000e+02
-1.630228881835937500e+02,1.325767040252685547e+01,5.630000000000000000e+02
-1.624108581542968750e+02,1.325767040252685547e+01,5.630000000000000000e+02
-1.615114440917968750e+02,1.323412227630615234e+01,5.620000000000000000e+02
-1.609004974365234375e+02,1.323412227630615234e+01,5.620000000000000000e+02
-1.602895660400390625e+02,1.323412227630615234e+01,5.620000000000000000e+02
-1.596786193847656250e+02,1.323412227630615234e+01,5.620000000000000000e+02
-1.587846527099609375e+02,1.321057415008544922e+01,5.610000000000000000e+02
-1.584567413330078125e+02,1.323412227630615234e+01,5.620000000000000000e+02
-1.575649414062500000e+02,1.321057415008544922e+01,5.610000000000000000e+02
-1.569550781250000000e+02,1.321057415008544922e+01,5.610000000000000000e+02
-1.563452301025390625e+02,1.321057415008544922e+01,5.610000000000000000e+02
-1.557353668212890625e+02,1.321057415008544922e+01,5.610000000000000000e+02
-1.548489990234375000e+02,1.318702602386474609e+01,5.600000000000000000e+02
-1.542402343750000000e+02,1.318702602386474609e+01,5.600000000000000000e+02
-1.536314697265625000e+02,1.318702602386474609e+01,5.600000000000000000e+02
-1.527494354248046875e+02,1.316347789764404297e+01,5.590000000000000000e+02
-1.521417694091796875e+02,1.316347789764404297e+01,5.590000000000000000e+02
-1.515340728759765625e+02,1.316347789764404297e+01,5.590000000000000000e+02
-1.509264068603515625e+02,1.316347789764404297e+01,5.590000000000000000e+02
-1.503187255859375000e+02,1.316347789764404297e+01,5.590000000000000000e+02
-1.497110443115234375e+02,1.316347789764404297e+01,5.590000000000000000e+02
-1.491033630371093750e+02,1.316347789764404297e+01,5.590000000000000000e+02
-1.724937591552734375e+02,1.374677276611328125e+01,5.580000000000000000e+02
-1.721952209472656250e+02,1.377140903472900391e+01,5.590000000000000000e+02
-1.715875396728515625e+02,1.377140903472900391e+01,5.590000000000000000e+02
-1.709798583984375000e+02,1.377140903472900391e+01,5.590000000000000000e+02
-1.703721771240234375e+02,1.377140903472900391e+01,5.590000000000000000e+02
-1.700681915283203125e+02,1.379604434967041016e+01,5.600000000000000000e+02
-1.694594116210937500e+02,1.379604434967041016e+01,5.600000000000000000e+02
-1.688506622314453125e+02,1.379604434967041016e+01,5.600000000000000000e+02
-1.685423126220703125e+02,1.382068061828613281e+01,5.610000000000000000e+02
-1.679324645996093750e+02,1.382068061828613281e+01,5.610000000000000000e+02
-1.673226013183593750e+02,1.382068061828613281e+01,5.610000000000000000e+02
-1.667127685546875000e+02,1.382068061828613281e+01,5.610000000000000000e+02
-1.661029052734375000e+02,1.382068061828613281e+01,5.610000000000000000e+02
-1.657880554199218750e+02,1.384531593322753906e+01,5.620000000000000000e+02
-1.651770935058593750e+02,1.384531593322753906e+01,5.620000000000000000e+02
-1.645661621093750000e+02,1.384531593322753906e+01,5.620000000000000000e+02
-1.642469482421875000e+02,1.386995220184326172e+01,5.630000000000000000e+02
-1.636349182128906250e+02,1.386995220184326172e+01,5.630000000000000000e+02
-1.630228881835937500e+02,1.386995220184326172e+01,5.630000000000000000e+02
-1.621223907470703125e+02,1.384531593322753906e+01,5.620000000000000000e+02
-1.612240600585937500e+02,1.382068061828613281e+01,5.610000000000000000e+02
-1.609004974365234375e+02,1.384531593322753906e+01,5.620000000000000000e+02
-1.602895660400390625e+02,1.384531593322753906e+01,5.620000000000000000e+02
-1.593944854736328125e+02,1.382068061828613281e+01,5.610000000000000000e+02
-1.587846527099609375e+02,1.382068061828613281e+01,5.610000000000000000e+02
-1.581747894287109375e+02,1.382068061828613281e+01,5.610000000000000000e+02
-1.575649414062500000e+02,1.382068061828613281e+01,5.610000000000000000e+02
-1.569550781250000000e+02,1.382068061828613281e+01,5.610000000000000000e+02
-1.560665435791015625e+02,1.379604434967041016e+01,5.600000000000000000e+02
-1.554577636718750000e+02,1.379604434967041016e+01,5.600000000000000000e+02
-1.548489990234375000e+02,1.379604434967041016e+01,5.600000000000000000e+02
-1.542402343750000000e+02,1.379604434967041016e+01,5.600000000000000000e+02
-1.533571319580078125e+02,1.377140903472900391e+01,5.590000000000000000e+02
-1.527494354248046875e+02,1.377140903472900391e+01,5.590000000000000000e+02
-1.521417694091796875e+02,1.377140903472900391e+01,5.590000000000000000e+02
-1.515340728759765625e+02,1.377140903472900391e+01,5.590000000000000000e+02
-1.506564178466796875e+02,1.374677276611328125e+01,5.580000000000000000e+02
-1.503187255859375000e+02,1.377140903472900391e+01,5.590000000000000000e+02
-1.497110443115234375e+02,1.377140903472900391e+01,5.590000000000000000e+02
-1.488366241455078125e+02,1.374677276611328125e+01,5.580000000000000000e+02
-1.482300415039062500e+02,1.374677276611328125e+01,5.580000000000000000e+02
-1.478880004882812500e+02,1.377140903472900391e+01,5.590000000000000000e+02
-1.712805786132812500e+02,1.435361671447753906e+01,5.580000000000000000e+02
-1.706739959716796875e+02,1.435361671447753906e+01,5.580000000000000000e+02
-1.700673980712890625e+02,1.435361671447753906e+01,5.580000000000000000e+02
-1.697644958496093750e+02,1.437934017181396484e+01,5.590000000000000000e+02
-1.691568145751953125e+02,1.437934017181396484e+01,5.590000000000000000e+02
-1.685491485595703125e+02,1.437934017181396484e+01,5.590000000000000000e+02
-1.679414520263671875e+02,1.437934017181396484e+01,5.590000000000000000e+02
-1.673337860107421875e+02,1.437934017181396484e+01,5.590000000000000000e+02
-1.670243530273437500e+02,1.440506267547607422e+01,5.600000000000000000e+02
-1.664155883789062500e+02,1.440506267547607422e+01,5.600000000000000000e+02
-1.658068084716796875e+02,1.440506267547607422e+01,5.600000000000000000e+02
-1.651980590820312500e+02,1.440506267547607422e+01,5.600000000000000000e+02
-1.645892791748046875e+02,1.440506267547607422e+01,5.600000000000000000e+02
-1.642733459472656250e+02,1.443078613281250000e+01,5.610000000000000000e+02
-1.636634826660156250e+02,1.443078613281250000e+01,5.610000000000000000e+02
-1.630536193847656250e+02,1.443078613281250000e+01,5.610000000000000000e+02
-1.624437713623046875e+02,1.443078613281250000e+01,5.610000000000000000e+02
-1.618339080810546875e+02,1.443078613281250000e+01,5.610000000000000000e+02
-1.612240600585937500e+02,1.443078613281250000e+01,5.610000000000000000e+02
-1.606141967773437500e+02,1.443078613281250000e+01,5.610000000000000000e+02
-1.600043487548828125e+02,1.443078613281250000e+01,5.610000000000000000e+02
-1.593944854736328125e+02,1.443078613281250000e+01,5.610000000000000000e+02
-1.587846527099609375e+02,1.443078613281250000e+01,5.610000000000000000e+02
-1.581747894287109375e+02,1.443078613281250000e+01,5.610000000000000000e+02
-1.575649414062500000e+02,1.443078613281250000e+01,5.610000000000000000e+02
-1.566752929687500000e+02,1.440506267547607422e+01,5.600000000000000000e+02
-1.560665435791015625e+02,1.440506267547607422e+01,5.600000000000000000e+02
-1.554577636718750000e+02,1.440506267547607422e+01,5.600000000000000000e+02
-1.545724945068359375e+02,1.437934017181396484e+01,5.590000000000000000e+02
-1.539647979736328125e+02,1.437934017181396484e+01,5.590000000000000000e+02
-1.533571319580078125e+02,1.437934017181396484e+01,5.590000000000000000e+02
-1.527494354248046875e+02,1.437934017181396484e+01,5.590000000000000000e+02
-1.521417694091796875e+02,1.437934017181396484e+01,5.590000000000000000e+02
-1.512630004882812500e+02,1.435361671447753906e+01,5.580000000000000000e+02
-1.506564178466796875e+02,1.435361671447753906e+01,5.580000000000000000e+02
-1.500498199462890625e+02,1.435361671447753906e+01,5.580000000000000000e+02
-1.494432220458984375e+02,1.435361671447753906e+01,5.580000000000000000e+02
-1.488366241455078125e+02,1.435361671447753906e+01,5.580000000000000000e+02
-1.482300415039062500e+02,1.435361671447753906e+01,5.580000000000000000e+02
-1.476234436035156250e+02,1.435361671447753906e+01,5.580000000000000000e+02
-1.470168609619140625e+02,1.435361671447753906e+01,5.580000000000000000e+02
-1.464102478027343750e+02,1.435361671447753906e+01,5.580000000000000000e+02
-1.706739959716796875e+02,1.496045875549316406e+01,5.580000000000000000e+02
-1.700673980712890625e+02,1.496045875549316406e+01,5.580000000000000000e+02
-1.694608154296875000e+02,1.496045875549316406e+01,5.580000000000000000e+02
-1.688542022705078125e+02,1.496045875549316406e+01,5.580000000000000000e+02
-1.682476196289062500e+02,1.496045875549316406e+01,5.580000000000000000e+02
-1.676410217285156250e+02,1.496045875549316406e+01,5.580000000000000000e+02
-1.670344390869140625e+02,1.496045875549316406e+01,5.580000000000000000e+02
-1.667260894775390625e+02,1.498726940155029297e+01,5.590000000000000000e+02
-1.661184234619140625e+02,1.498726940155029297e+01,5.590000000000000000e+02
-1.655107269287109375e+02,1.498726940155029297e+01,5.590000000000000000e+02
-1.649030609130859375e+02,1.498726940155029297e+01,5.590000000000000000e+02
-1.642953643798828125e+02,1.498726940155029297e+01,5.590000000000000000e+02
-1.636876983642578125e+02,1.498726940155029297e+01,5.590000000000000000e+02
-1.630800170898437500e+02,1.498726940155029297e+01,5.590000000000000000e+02
-1.624723205566406250e+02,1.498726940155029297e+01,5.590000000000000000e+02
-1.621542053222656250e+02,1.501408100128173828e+01,5.600000000000000000e+02
-1.615454406738281250e+02,1.501408100128173828e+01,5.600000000000000000e+02
-1.609366760253906250e+02,1.501408100128173828e+01,5.600000000000000000e+02
-1.603278961181640625e+02,1.501408100128173828e+01,5.600000000000000000e+02
-1.597191467285156250e+02,1.501408100128173828e+01,5.600000000000000000e+02
-1.591103668212890625e+02,1.501408100128173828e+01,5.600000000000000000e+02
-1.585016021728515625e+02,1.501408100128173828e+01,5.600000000000000000e+02
-1.578928375244140625e+02,1.501408100128173828e+01,5.600000000000000000e+02
-1.572840728759765625e+02,1.501408100128173828e+01,5.600000000000000000e+02
-1.566752929687500000e+02,1.501408100128173828e+01,5.600000000000000000e+02
-1.557878417968750000e+02,1.498726940155029297e+01,5.590000000000000000e+02
-1.551801605224609375e+02,1.498726940155029297e+01,5.590000000000000000e+02
-1.545724945068359375e+02,1.498726940155029297e+01,5.590000000000000000e+02
-1.539647979736328125e+02,1.498726940155029297e+01,5.590000000000000000e+02
-1.533571319580078125e+02,1.498726940155029297e+01,5.590000000000000000e+02
-1.527494354248046875e+02,1.498726940155029297e+01,5.590000000000000000e+02
-1.518695983886718750e+02,1.496045875549316406e+01,5.580000000000000000e+02
-1.512630004882812500e+02,1.496045875549316406e+01,5.580000000000000000e+02
-1.506564178466796875e+02,1.496045875549316406e+01,5.580000000000000000e+02
-1.500498199462890625e+02,1.496045875549316406e+01,5.580000000000000000e+02
-1.494432220458984375e+02,1.496045875549316406e+01,5.580000000000000000e+02
-1.488366241455078125e+02,1.496045875549316406e+01,5.580000000000000000e+02
-1.482300415039062500e+02,1.496045875549316406e+01,5.580000000000000000e+02
-1.476234436035156250e+02,1.496045875549316406e+01,5.580000000000000000e+02
-1.470168609619140625e+02,1.496045875549316406e+01,5.580000000000000000e+02
-1.464102478027343750e+02,1.496045875549316406e+01,5.580000000000000000e+02
-1.458036651611328125e+02,1.496045875549316406e+01,5.580000000000000000e+02
-1.451970672607421875e+02,1.496045875549316406e+01,5.580000000000000000e+02
-1.697626190185546875e+02,1.553940391540527344e+01,5.570000000000000000e+02
-1.694608154296875000e+02,1.556730270385742188e+01,5.580000000000000000e+02
-1.688542022705078125e+02,1.556730270385742188e+01,5.580000000000000000e+02
-1.679461059570312500e+02,1.553940391540527344e+01,5.570000000000000000e+02
-1.676410217285156250e+02,1.556730270385742188e+01,5.580000000000000000e+02
-1.670344390869140625e+02,1.556730270385742188e+01,5.580000000000000000e+02
-1.664278411865234375e+02,1.556730270385742188e+01,5.580000000000000000e+02
-1.658212432861328125e+02,1.556730270385742188e+01,5.580000000000000000e+02
-1.652146453857421875e+02,1.556730270385742188e+01,5.580000000000000000e+02
-1.646080627441406250e+02,1.556730270385742188e+01,5.580000000000000000e+02
-1.640014648437500000e+02,1.556730270385742188e+01,5.580000000000000000e+02
-0.000000000000000000e+00,0.000000000000000000e+00,0.000000000000000000e+00
-0.000000000000000000e+00,0.000000000000000000e+00,0.000000000000000000e+00
-1.621816711425781250e+02,1.556730270385742188e+01,5.580000000000000000e+02
-1.615750885009765625e+02,1.556730270385742188e+01,5.580000000000000000e+02
-1.609684906005859375e+02,1.556730270385742188e+01,5.580000000000000000e+02
-1.606492919921875000e+02,1.559520053863525391e+01,5.590000000000000000e+02
-1.600415954589843750e+02,1.559520053863525391e+01,5.590000000000000000e+02
-1.594339294433593750e+02,1.559520053863525391e+01,5.590000000000000000e+02
-1.588262481689453125e+02,1.559520053863525391e+01,5.590000000000000000e+02
-1.582185668945312500e+02,1.559520053863525391e+01,5.590000000000000000e+02
-1.576108856201171875e+02,1.559520053863525391e+01,5.590000000000000000e+02
-1.570032043457031250e+02,1.559520053863525391e+01,5.590000000000000000e+02
-1.563955230712890625e+02,1.559520053863525391e+01,5.590000000000000000e+02
-1.557878417968750000e+02,1.559520053863525391e+01,5.590000000000000000e+02
-1.551801605224609375e+02,1.559520053863525391e+01,5.590000000000000000e+02
-1.545724945068359375e+02,1.559520053863525391e+01,5.590000000000000000e+02
-1.539647979736328125e+02,1.559520053863525391e+01,5.590000000000000000e+02
-1.530827789306640625e+02,1.556730270385742188e+01,5.580000000000000000e+02
-1.524761810302734375e+02,1.556730270385742188e+01,5.580000000000000000e+02
-1.518695983886718750e+02,1.556730270385742188e+01,5.580000000000000000e+02
-1.512630004882812500e+02,1.556730270385742188e+01,5.580000000000000000e+02
-1.506564178466796875e+02,1.556730270385742188e+01,5.580000000000000000e+02
-1.500498199462890625e+02,1.556730270385742188e+01,5.580000000000000000e+02
-1.494432220458984375e+02,1.556730270385742188e+01,5.580000000000000000e+02
-1.488366241455078125e+02,1.556730270385742188e+01,5.580000000000000000e+02
-1.482300415039062500e+02,1.556730270385742188e+01,5.580000000000000000e+02
-1.476234436035156250e+02,1.556730270385742188e+01,5.580000000000000000e+02
-1.470168609619140625e+02,1.556730270385742188e+01,5.580000000000000000e+02
-1.464102478027343750e+02,1.556730270385742188e+01,5.580000000000000000e+02
-1.458036651611328125e+02,1.556730270385742188e+01,5.580000000000000000e+02
-1.451970672607421875e+02,1.556730270385742188e+01,5.580000000000000000e+02
-1.445904846191406250e+02,1.556730270385742188e+01,5.580000000000000000e+02
-1.439838867187500000e+02,1.556730270385742188e+01,5.580000000000000000e+02
-1.682489929199218750e+02,1.611617469787597656e+01,5.560000000000000000e+02
-1.676445770263671875e+02,1.611617469787597656e+01,5.560000000000000000e+02
-1.670401611328125000e+02,1.611617469787597656e+01,5.560000000000000000e+02
-1.664357452392578125e+02,1.611617469787597656e+01,5.560000000000000000e+02
-1.658313140869140625e+02,1.611617469787597656e+01,5.560000000000000000e+02
-1.652269134521484375e+02,1.611617469787597656e+01,5.560000000000000000e+02
-1.646224822998046875e+02,1.611617469787597656e+01,5.560000000000000000e+02
-1.640180664062500000e+02,1.611617469787597656e+01,5.560000000000000000e+02
-1.634136505126953125e+02,1.611617469787597656e+01,5.560000000000000000e+02
-1.628092346191406250e+02,1.611617469787597656e+01,5.560000000000000000e+02
-1.622048034667968750e+02,1.611617469787597656e+01,5.560000000000000000e+02
-1.618910217285156250e+02,1.614516067504882812e+01,5.570000000000000000e+02
-1.612855224609375000e+02,1.614516067504882812e+01,5.570000000000000000e+02
-1.606800079345703125e+02,1.614516067504882812e+01,5.570000000000000000e+02
-1.603619079589843750e+02,1.617414665222167969e+01,5.580000000000000000e+02
-1.597552947998046875e+02,1.617414665222167969e+01,5.580000000000000000e+02
-1.591487121582031250e+02,1.617414665222167969e+01,5.580000000000000000e+02
-1.588262481689453125e+02,1.620313262939453125e+01,5.590000000000000000e+02
-1.582185668945312500e+02,1.620313262939453125e+01,5.590000000000000000e+02
-1.576108856201171875e+02,1.620313262939453125e+01,5.590000000000000000e+02
-1.570032043457031250e+02,1.620313262939453125e+01,5.590000000000000000e+02
-1.563955230712890625e+02,1.620313262939453125e+01,5.590000000000000000e+02
-1.557878417968750000e+02,1.620313262939453125e+01,5.590000000000000000e+02
-1.549025573730468750e+02,1.617414665222167969e+01,5.580000000000000000e+02
-1.542959747314453125e+02,1.617414665222167969e+01,5.580000000000000000e+02
-1.536893768310546875e+02,1.617414665222167969e+01,5.580000000000000000e+02
-1.530827789306640625e+02,1.617414665222167969e+01,5.580000000000000000e+02
-1.524761810302734375e+02,1.617414665222167969e+01,5.580000000000000000e+02
-1.518695983886718750e+02,1.617414665222167969e+01,5.580000000000000000e+02
-1.512630004882812500e+02,1.617414665222167969e+01,5.580000000000000000e+02
-1.506564178466796875e+02,1.617414665222167969e+01,5.580000000000000000e+02
-1.500498199462890625e+02,1.617414665222167969e+01,5.580000000000000000e+02
-1.494432220458984375e+02,1.617414665222167969e+01,5.580000000000000000e+02
-1.488366241455078125e+02,1.617414665222167969e+01,5.580000000000000000e+02
-1.479644012451171875e+02,1.614516067504882812e+01,5.570000000000000000e+02
-1.473588867187500000e+02,1.614516067504882812e+01,5.570000000000000000e+02
-1.467533874511718750e+02,1.614516067504882812e+01,5.570000000000000000e+02
-1.461478729248046875e+02,1.614516067504882812e+01,5.570000000000000000e+02
-1.455423736572265625e+02,1.614516067504882812e+01,5.570000000000000000e+02
-1.449368591308593750e+02,1.614516067504882812e+01,5.570000000000000000e+02
-1.443313598632812500e+02,1.614516067504882812e+01,5.570000000000000000e+02
-1.437258453369140625e+02,1.614516067504882812e+01,5.570000000000000000e+02
-1.431203308105468750e+02,1.614516067504882812e+01,5.570000000000000000e+02
-1.425148315429687500e+02,1.614516067504882812e+01,5.570000000000000000e+02
-1.673430633544921875e+02,1.669076919555664062e+01,5.550000000000000000e+02
-1.667397308349609375e+02,1.669076919555664062e+01,5.550000000000000000e+02
-1.661363983154296875e+02,1.669076919555664062e+01,5.550000000000000000e+02
-1.655330657958984375e+02,1.669076919555664062e+01,5.550000000000000000e+02
-1.649297332763671875e+02,1.669076919555664062e+01,5.550000000000000000e+02
-1.643264007568359375e+02,1.669076919555664062e+01,5.550000000000000000e+02
-1.637230682373046875e+02,1.669076919555664062e+01,5.550000000000000000e+02
-1.631197357177734375e+02,1.669076919555664062e+01,5.550000000000000000e+02
-1.625164031982421875e+02,1.669076919555664062e+01,5.550000000000000000e+02
-1.619130706787109375e+02,1.669076919555664062e+01,5.550000000000000000e+02
-1.613097229003906250e+02,1.669076919555664062e+01,5.550000000000000000e+02
-1.609959716796875000e+02,1.672084236145019531e+01,5.560000000000000000e+02
-1.603915405273437500e+02,1.672084236145019531e+01,5.560000000000000000e+02
-1.597871246337890625e+02,1.672084236145019531e+01,5.560000000000000000e+02
-1.591827087402343750e+02,1.672084236145019531e+01,5.560000000000000000e+02
-1.588635101318359375e+02,1.675091552734375000e+01,5.570000000000000000e+02
-1.585421142578125000e+02,1.678098869323730469e+01,5.580000000000000000e+02
-1.579355316162109375e+02,1.678098869323730469e+01,5.580000000000000000e+02
-1.573289337158203125e+02,1.678098869323730469e+01,5.580000000000000000e+02
-1.567223510742187500e+02,1.678098869323730469e+01,5.580000000000000000e+02
-1.561157379150390625e+02,1.678098869323730469e+01,5.580000000000000000e+02
-1.555091552734375000e+02,1.678098869323730469e+01,5.580000000000000000e+02
-1.549025573730468750e+02,1.678098869323730469e+01,5.580000000000000000e+02
-1.542959747314453125e+02,1.678098869323730469e+01,5.580000000000000000e+02
-1.536893768310546875e+02,1.678098869323730469e+01,5.580000000000000000e+02
-1.530827789306640625e+02,1.678098869323730469e+01,5.580000000000000000e+02
-1.524761810302734375e+02,1.678098869323730469e+01,5.580000000000000000e+02
-1.518695983886718750e+02,1.678098869323730469e+01,5.580000000000000000e+02
-1.512630004882812500e+02,1.678098869323730469e+01,5.580000000000000000e+02
-1.506564178466796875e+02,1.678098869323730469e+01,5.580000000000000000e+02
-1.500498199462890625e+02,1.678098869323730469e+01,5.580000000000000000e+02
-1.494432220458984375e+02,1.678098869323730469e+01,5.580000000000000000e+02
-1.488366241455078125e+02,1.678098869323730469e+01,5.580000000000000000e+02
-1.479644012451171875e+02,1.675091552734375000e+01,5.570000000000000000e+02
-1.473588867187500000e+02,1.675091552734375000e+01,5.570000000000000000e+02
-1.467533874511718750e+02,1.675091552734375000e+01,5.570000000000000000e+02
-1.461478729248046875e+02,1.675091552734375000e+01,5.570000000000000000e+02
-1.455423736572265625e+02,1.675091552734375000e+01,5.570000000000000000e+02
-1.449368591308593750e+02,1.675091552734375000e+01,5.570000000000000000e+02
-1.443313598632812500e+02,1.675091552734375000e+01,5.570000000000000000e+02
-1.437258453369140625e+02,1.675091552734375000e+01,5.570000000000000000e+02
-1.431203308105468750e+02,1.675091552734375000e+01,5.570000000000000000e+02
-1.425148315429687500e+02,1.675091552734375000e+01,5.570000000000000000e+02
-1.419093170166015625e+02,1.675091552734375000e+01,5.570000000000000000e+02
-1.413038177490234375e+02,1.675091552734375000e+01,5.570000000000000000e+02
-1.406983032226562500e+02,1.675091552734375000e+01,5.570000000000000000e+02
-1.661363983154296875e+02,1.729434967041015625e+01,5.550000000000000000e+02
-1.655330657958984375e+02,1.729434967041015625e+01,5.550000000000000000e+02
-1.646325683593750000e+02,1.726318740844726562e+01,5.540000000000000000e+02
-1.640303192138671875e+02,1.726318740844726562e+01,5.540000000000000000e+02
-1.634280700683593750e+02,1.726318740844726562e+01,5.540000000000000000e+02
-1.628258209228515625e+02,1.726318740844726562e+01,5.540000000000000000e+02
-1.622235870361328125e+02,1.726318740844726562e+01,5.540000000000000000e+02
-1.616213378906250000e+02,1.726318740844726562e+01,5.540000000000000000e+02
-1.610190887451171875e+02,1.726318740844726562e+01,5.540000000000000000e+02
-1.607064056396484375e+02,1.729434967041015625e+01,5.550000000000000000e+02
-1.601030731201171875e+02,1.729434967041015625e+01,5.550000000000000000e+02
-1.594997406005859375e+02,1.729434967041015625e+01,5.550000000000000000e+02
-1.588964080810546875e+02,1.729434967041015625e+01,5.550000000000000000e+02
-1.585782928466796875e+02,1.732551002502441406e+01,5.560000000000000000e+02
-1.579738616943359375e+02,1.732551002502441406e+01,5.560000000000000000e+02
-1.573694610595703125e+02,1.732551002502441406e+01,5.560000000000000000e+02
-1.570469818115234375e+02,1.735667037963867188e+01,5.570000000000000000e+02
-1.564414825439453125e+02,1.735667037963867188e+01,5.570000000000000000e+02
-1.558359680175781250e+02,1.735667037963867188e+01,5.570000000000000000e+02
-1.552304687500000000e+02,1.735667037963867188e+01,5.570000000000000000e+02
-1.546249542236328125e+02,1.735667037963867188e+01,5.570000000000000000e+02
-1.542959747314453125e+02,1.738783264160156250e+01,5.580000000000000000e+02
-1.534139404296875000e+02,1.735667037963867188e+01,5.570000000000000000e+02
-1.530827789306640625e+02,1.738783264160156250e+01,5.580000000000000000e+02
-1.524761810302734375e+02,1.738783264160156250e+01,5.580000000000000000e+02
-1.518695983886718750e+02,1.738783264160156250e+01,5.580000000000000000e+02
-1.512630004882812500e+02,1.738783264160156250e+01,5.580000000000000000e+02
-1.506564178466796875e+02,1.738783264160156250e+01,5.580000000000000000e+02
-1.500498199462890625e+02,1.738783264160156250e+01,5.580000000000000000e+02
-1.494432220458984375e+02,1.738783264160156250e+01,5.580000000000000000e+02
-1.485699005126953125e+02,1.735667037963867188e+01,5.570000000000000000e+02
-1.479644012451171875e+02,1.735667037963867188e+01,5.570000000000000000e+02
-1.473588867187500000e+02,1.735667037963867188e+01,5.570000000000000000e+02
-1.467533874511718750e+02,1.735667037963867188e+01,5.570000000000000000e+02
-1.461478729248046875e+02,1.735667037963867188e+01,5.570000000000000000e+02
-1.455423736572265625e+02,1.735667037963867188e+01,5.570000000000000000e+02
-1.449368591308593750e+02,1.735667037963867188e+01,5.570000000000000000e+02
-1.443313598632812500e+02,1.735667037963867188e+01,5.570000000000000000e+02
-1.437258453369140625e+02,1.735667037963867188e+01,5.570000000000000000e+02
-1.431203308105468750e+02,1.735667037963867188e+01,5.570000000000000000e+02
-1.425148315429687500e+02,1.735667037963867188e+01,5.570000000000000000e+02
-1.419093170166015625e+02,1.735667037963867188e+01,5.570000000000000000e+02
-1.413038177490234375e+02,1.735667037963867188e+01,5.570000000000000000e+02
-1.406983032226562500e+02,1.735667037963867188e+01,5.570000000000000000e+02
-1.400928039550781250e+02,1.735667037963867188e+01,5.570000000000000000e+02
-1.394872894287109375e+02,1.735667037963867188e+01,5.570000000000000000e+02
-1.646325683593750000e+02,1.786568260192871094e+01,5.540000000000000000e+02
-1.637342376708984375e+02,1.783343315124511719e+01,5.530000000000000000e+02
-1.631330871582031250e+02,1.783343315124511719e+01,5.530000000000000000e+02
-1.625319213867187500e+02,1.783343315124511719e+01,5.530000000000000000e+02
-1.619307708740234375e+02,1.783343315124511719e+01,5.530000000000000000e+02
-1.613296051025390625e+02,1.783343315124511719e+01,5.530000000000000000e+02
-1.607284393310546875e+02,1.783343315124511719e+01,5.530000000000000000e+02
-1.604168395996093750e+02,1.786568260192871094e+01,5.540000000000000000e+02
-1.598145904541015625e+02,1.786568260192871094e+01,5.540000000000000000e+02
-1.592123565673828125e+02,1.786568260192871094e+01,5.540000000000000000e+02
-1.586101074218750000e+02,1.786568260192871094e+01,5.540000000000000000e+02
-1.582930755615234375e+02,1.789793014526367188e+01,5.550000000000000000e+02
-1.576897430419921875e+02,1.789793014526367188e+01,5.550000000000000000e+02
-1.570864105224609375e+02,1.789793014526367188e+01,5.550000000000000000e+02
-0.000000000000000000e+00,0.000000000000000000e+00,0.000000000000000000e+00
-0.000000000000000000e+00,0.000000000000000000e+00,0.000000000000000000e+00
-1.555561828613281250e+02,1.793017959594726562e+01,5.560000000000000000e+02
-1.552304687500000000e+02,1.796242713928222656e+01,5.570000000000000000e+02
-1.546249542236328125e+02,1.796242713928222656e+01,5.570000000000000000e+02
-1.540194549560546875e+02,1.796242713928222656e+01,5.570000000000000000e+02
-1.534139404296875000e+02,1.796242713928222656e+01,5.570000000000000000e+02
-1.528084411621093750e+02,1.796242713928222656e+01,5.570000000000000000e+02
-1.522029266357421875e+02,1.796242713928222656e+01,5.570000000000000000e+02
-1.515974273681640625e+02,1.796242713928222656e+01,5.570000000000000000e+02
-1.512630004882812500e+02,1.799467658996582031e+01,5.580000000000000000e+02
-1.503864135742187500e+02,1.796242713928222656e+01,5.570000000000000000e+02
-1.497808990478515625e+02,1.796242713928222656e+01,5.570000000000000000e+02
-1.491754150390625000e+02,1.796242713928222656e+01,5.570000000000000000e+02
-1.485699005126953125e+02,1.796242713928222656e+01,5.570000000000000000e+02
-1.479644012451171875e+02,1.796242713928222656e+01,5.570000000000000000e+02
-1.473588867187500000e+02,1.796242713928222656e+01,5.570000000000000000e+02
-1.467533874511718750e+02,1.796242713928222656e+01,5.570000000000000000e+02
-1.461478729248046875e+02,1.796242713928222656e+01,5.570000000000000000e+02
-1.455423736572265625e+02,1.796242713928222656e+01,5.570000000000000000e+02
-1.449368591308593750e+02,1.796242713928222656e+01,5.570000000000000000e+02
-1.443313598632812500e+02,1.796242713928222656e+01,5.570000000000000000e+02
-1.437258453369140625e+02,1.796242713928222656e+01,5.570000000000000000e+02
-1.431203308105468750e+02,1.796242713928222656e+01,5.570000000000000000e+02
-1.425148315429687500e+02,1.796242713928222656e+01,5.570000000000000000e+02
-1.419093170166015625e+02,1.796242713928222656e+01,5.570000000000000000e+02
-1.413038177490234375e+02,1.796242713928222656e+01,5.570000000000000000e+02
-1.406983032226562500e+02,1.796242713928222656e+01,5.570000000000000000e+02
-1.400928039550781250e+02,1.796242713928222656e+01,5.570000000000000000e+02
-1.394872894287109375e+02,1.796242713928222656e+01,5.570000000000000000e+02
-1.388817901611328125e+02,1.796242713928222656e+01,5.570000000000000000e+02
-1.382762908935546875e+02,1.796242713928222656e+01,5.570000000000000000e+02
-1.637342376708984375e+02,1.843483734130859375e+01,5.530000000000000000e+02
-1.631330871582031250e+02,1.843483734130859375e+01,5.530000000000000000e+02
-1.625319213867187500e+02,1.843483734130859375e+01,5.530000000000000000e+02
-1.619307708740234375e+02,1.843483734130859375e+01,5.530000000000000000e+02
-1.613296051025390625e+02,1.843483734130859375e+01,5.530000000000000000e+02
-1.607284393310546875e+02,1.843483734130859375e+01,5.530000000000000000e+02
-1.601272888183593750e+02,1.843483734130859375e+01,5.530000000000000000e+02
-1.595261230468750000e+02,1.843483734130859375e+01,5.530000000000000000e+02
-1.592123565673828125e+02,1.846817398071289062e+01,5.540000000000000000e+02
-1.586101074218750000e+02,1.846817398071289062e+01,5.540000000000000000e+02
-1.580078735351562500e+02,1.846817398071289062e+01,5.540000000000000000e+02
-1.574056091308593750e+02,1.846817398071289062e+01,5.540000000000000000e+02
-1.568033752441406250e+02,1.846817398071289062e+01,5.540000000000000000e+02
-0.000000000000000000e+00,0.000000000000000000e+00,0.000000000000000000e+00
-0.000000000000000000e+00,0.000000000000000000e+00,0.000000000000000000e+00
-1.555561828613281250e+02,1.853484725952148438e+01,5.560000000000000000e+02
-1.549517822265625000e+02,1.853484725952148438e+01,5.560000000000000000e+02
-1.543473510742187500e+02,1.853484725952148438e+01,5.560000000000000000e+02
-1.540194549560546875e+02,1.856818199157714844e+01,5.570000000000000000e+02
-1.534139404296875000e+02,1.856818199157714844e+01,5.570000000000000000e+02
-1.528084411621093750e+02,1.856818199157714844e+01,5.570000000000000000e+02
-1.522029266357421875e+02,1.856818199157714844e+01,5.570000000000000000e+02
-1.515974273681640625e+02,1.856818199157714844e+01,5.570000000000000000e+02
-1.509919128417968750e+02,1.856818199157714844e+01,5.570000000000000000e+02
-1.503864135742187500e+02,1.856818199157714844e+01,5.570000000000000000e+02
-1.497808990478515625e+02,1.856818199157714844e+01,5.570000000000000000e+02
-1.494432220458984375e+02,1.860151863098144531e+01,5.580000000000000000e+02
-1.485699005126953125e+02,1.856818199157714844e+01,5.570000000000000000e+02
-1.479644012451171875e+02,1.856818199157714844e+01,5.570000000000000000e+02
-1.473588867187500000e+02,1.856818199157714844e+01,5.570000000000000000e+02
-1.467533874511718750e+02,1.856818199157714844e+01,5.570000000000000000e+02
-1.461478729248046875e+02,1.856818199157714844e+01,5.570000000000000000e+02
-1.452810821533203125e+02,1.853484725952148438e+01,5.560000000000000000e+02
-1.446766510009765625e+02,1.853484725952148438e+01,5.560000000000000000e+02
-1.440722351074218750e+02,1.853484725952148438e+01,5.560000000000000000e+02
-1.434678039550781250e+02,1.853484725952148438e+01,5.560000000000000000e+02
-1.428633880615234375e+02,1.853484725952148438e+01,5.560000000000000000e+02
-1.422589721679687500e+02,1.853484725952148438e+01,5.560000000000000000e+02
-1.416545410156250000e+02,1.853484725952148438e+01,5.560000000000000000e+02
-1.413038177490234375e+02,1.856818199157714844e+01,5.570000000000000000e+02
-1.404457092285156250e+02,1.853484725952148438e+01,5.560000000000000000e+02
-1.400928039550781250e+02,1.856818199157714844e+01,5.570000000000000000e+02
-1.394872894287109375e+02,1.856818199157714844e+01,5.570000000000000000e+02
-1.388817901611328125e+02,1.856818199157714844e+01,5.570000000000000000e+02
-1.382762908935546875e+02,1.856818199157714844e+01,5.570000000000000000e+02
-1.376707916259765625e+02,1.856818199157714844e+01,5.570000000000000000e+02
-1.370652770996093750e+02,1.856818199157714844e+01,5.570000000000000000e+02
-1.364597778320312500e+02,1.856818199157714844e+01,5.570000000000000000e+02
-1.625319213867187500e+02,1.903624343872070312e+01,5.530000000000000000e+02
-1.619307708740234375e+02,1.903624343872070312e+01,5.530000000000000000e+02
-1.613296051025390625e+02,1.903624343872070312e+01,5.530000000000000000e+02
-1.607284393310546875e+02,1.903624343872070312e+01,5.530000000000000000e+02
-1.601272888183593750e+02,1.903624343872070312e+01,5.530000000000000000e+02
-1.595261230468750000e+02,1.903624343872070312e+01,5.530000000000000000e+02
-1.589249725341796875e+02,1.903624343872070312e+01,5.530000000000000000e+02
-1.583238067626953125e+02,1.903624343872070312e+01,5.530000000000000000e+02
-1.577226562500000000e+02,1.903624343872070312e+01,5.530000000000000000e+02
-1.571214904785156250e+02,1.903624343872070312e+01,5.530000000000000000e+02
-1.565203399658203125e+02,1.903624343872070312e+01,5.530000000000000000e+02
-1.562011260986328125e+02,1.907066726684570312e+01,5.540000000000000000e+02
-0.000000000000000000e+00,0.000000000000000000e+00,0.000000000000000000e+00
-1.549966278076171875e+02,1.907066726684570312e+01,5.540000000000000000e+02
-1.546730804443359375e+02,1.910509109497070312e+01,5.550000000000000000e+02
-1.540697479248046875e+02,1.910509109497070312e+01,5.550000000000000000e+02
-1.537429351806640625e+02,1.913951301574707031e+01,5.560000000000000000e+02
-1.531385192871093750e+02,1.913951301574707031e+01,5.560000000000000000e+02
-1.528084411621093750e+02,1.917393684387207031e+01,5.570000000000000000e+02
-1.522029266357421875e+02,1.917393684387207031e+01,5.570000000000000000e+02
-1.515974273681640625e+02,1.917393684387207031e+01,5.570000000000000000e+02
-1.509919128417968750e+02,1.917393684387207031e+01,5.570000000000000000e+02
-1.503864135742187500e+02,1.917393684387207031e+01,5.570000000000000000e+02
-1.497808990478515625e+02,1.917393684387207031e+01,5.570000000000000000e+02
-1.491754150390625000e+02,1.917393684387207031e+01,5.570000000000000000e+02
-1.485699005126953125e+02,1.917393684387207031e+01,5.570000000000000000e+02
-1.479644012451171875e+02,1.917393684387207031e+01,5.570000000000000000e+02
-1.473588867187500000e+02,1.917393684387207031e+01,5.570000000000000000e+02
-1.467533874511718750e+02,1.917393684387207031e+01,5.570000000000000000e+02
-1.461478729248046875e+02,1.917393684387207031e+01,5.570000000000000000e+02
-1.452810821533203125e+02,1.913951301574707031e+01,5.560000000000000000e+02
-1.446766510009765625e+02,1.913951301574707031e+01,5.560000000000000000e+02
-1.440722351074218750e+02,1.913951301574707031e+01,5.560000000000000000e+02
-1.434678039550781250e+02,1.913951301574707031e+01,5.560000000000000000e+02
-1.428633880615234375e+02,1.913951301574707031e+01,5.560000000000000000e+02
-1.422589721679687500e+02,1.913951301574707031e+01,5.560000000000000000e+02
-1.416545410156250000e+02,1.913951301574707031e+01,5.560000000000000000e+02
-1.410501403808593750e+02,1.913951301574707031e+01,5.560000000000000000e+02
-1.404457092285156250e+02,1.913951301574707031e+01,5.560000000000000000e+02
-1.398412933349609375e+02,1.913951301574707031e+01,5.560000000000000000e+02
-1.392368621826171875e+02,1.913951301574707031e+01,5.560000000000000000e+02
-1.386324615478515625e+02,1.913951301574707031e+01,5.560000000000000000e+02
-1.382762908935546875e+02,1.917393684387207031e+01,5.570000000000000000e+02
-1.376707916259765625e+02,1.917393684387207031e+01,5.570000000000000000e+02
-1.370652770996093750e+02,1.917393684387207031e+01,5.570000000000000000e+02
-1.362147827148437500e+02,1.913951301574707031e+01,5.560000000000000000e+02
-1.356103668212890625e+02,1.913951301574707031e+01,5.560000000000000000e+02
-1.350059509277343750e+02,1.913951301574707031e+01,5.560000000000000000e+02
-1.616379394531250000e+02,1.960213851928710938e+01,5.520000000000000000e+02
-1.610378570556640625e+02,1.960213851928710938e+01,5.520000000000000000e+02
-1.604377899169921875e+02,1.960213851928710938e+01,5.520000000000000000e+02
-1.598377227783203125e+02,1.960213851928710938e+01,5.520000000000000000e+02
-1.592376403808593750e+02,1.960213851928710938e+01,5.520000000000000000e+02
-1.586375885009765625e+02,1.960213851928710938e+01,5.520000000000000000e+02
-1.580375061035156250e+02,1.960213851928710938e+01,5.520000000000000000e+02
-1.574374389648437500e+02,1.960213851928710938e+01,5.520000000000000000e+02
-1.568373565673828125e+02,1.960213851928710938e+01,5.520000000000000000e+02
-1.562373046875000000e+02,1.960213851928710938e+01,5.520000000000000000e+02
-1.559191741943359375e+02,1.963764953613281250e+01,5.530000000000000000e+02
-1.553180236816406250e+02,1.963764953613281250e+01,5.530000000000000000e+02
-0.000000000000000000e+00,0.000000000000000000e+00,0.000000000000000000e+00
-1.541157073974609375e+02,1.963764953613281250e+01,5.530000000000000000e+02
-0.000000000000000000e+00,0.000000000000000000e+00,0.000000000000000000e+00
-1.531899108886718750e+02,1.967316055297851562e+01,5.540000000000000000e+02
-1.528630828857421875e+02,1.970867156982421875e+01,5.550000000000000000e+02
-1.525341033935546875e+02,1.974418258666992188e+01,5.560000000000000000e+02
-1.519296722412109375e+02,1.974418258666992188e+01,5.560000000000000000e+02
-1.515974273681640625e+02,1.977969360351562500e+01,5.570000000000000000e+02
-1.512630004882812500e+02,1.981520652770996094e+01,5.580000000000000000e+02
-1.503864135742187500e+02,1.977969360351562500e+01,5.570000000000000000e+02
-1.497808990478515625e+02,1.977969360351562500e+01,5.570000000000000000e+02
-1.491754150390625000e+02,1.977969360351562500e+01,5.570000000000000000e+02
-1.485699005126953125e+02,1.977969360351562500e+01,5.570000000000000000e+02
-1.479644012451171875e+02,1.977969360351562500e+01,5.570000000000000000e+02
-1.473588867187500000e+02,1.977969360351562500e+01,5.570000000000000000e+02
-1.467533874511718750e+02,1.977969360351562500e+01,5.570000000000000000e+02
-1.461478729248046875e+02,1.977969360351562500e+01,5.570000000000000000e+02
-1.455423736572265625e+02,1.977969360351562500e+01,5.570000000000000000e+02
-1.446766510009765625e+02,1.974418258666992188e+01,5.560000000000000000e+02
-1.440722351074218750e+02,1.974418258666992188e+01,5.560000000000000000e+02
-1.434678039550781250e+02,1.974418258666992188e+01,5.560000000000000000e+02
-1.428633880615234375e+02,1.974418258666992188e+01,5.560000000000000000e+02
-1.422589721679687500e+02,1.974418258666992188e+01,5.560000000000000000e+02
-1.413997650146484375e+02,1.970867156982421875e+01,5.550000000000000000e+02
-1.407964477539062500e+02,1.970867156982421875e+01,5.550000000000000000e+02
-1.401930999755859375e+02,1.970867156982421875e+01,5.550000000000000000e+02
-1.395897827148437500e+02,1.970867156982421875e+01,5.550000000000000000e+02
-1.392368621826171875e+02,1.974418258666992188e+01,5.560000000000000000e+02
-1.386324615478515625e+02,1.974418258666992188e+01,5.560000000000000000e+02
-1.380280456542968750e+02,1.974418258666992188e+01,5.560000000000000000e+02
-1.374236145019531250e+02,1.974418258666992188e+01,5.560000000000000000e+02
-1.368191986083984375e+02,1.974418258666992188e+01,5.560000000000000000e+02
-1.362147827148437500e+02,1.974418258666992188e+01,5.560000000000000000e+02
-1.353664550781250000e+02,1.970867156982421875e+01,5.550000000000000000e+02
-1.347631225585937500e+02,1.970867156982421875e+01,5.550000000000000000e+02
-1.341597900390625000e+02,1.970867156982421875e+01,5.550000000000000000e+02
-1.335564575195312500e+02,1.970867156982421875e+01,5.550000000000000000e+02
-1.604377899169921875e+02,2.020245552062988281e+01,5.520000000000000000e+02
-1.598377227783203125e+02,2.020245552062988281e+01,5.520000000000000000e+02
-1.592376403808593750e+02,2.020245552062988281e+01,5.520000000000000000e+02
-1.586375885009765625e+02,2.020245552062988281e+01,5.520000000000000000e+02
-1.577512054443359375e+02,2.016585731506347656e+01,5.510000000000000000e+02
-1.574374389648437500e+02,2.020245552062988281e+01,5.520000000000000000e+02
-1.565532379150390625e+02,2.016585731506347656e+01,5.510000000000000000e+02
-1.562373046875000000e+02,2.020245552062988281e+01,5.520000000000000000e+02
-1.553552703857421875e+02,2.016585731506347656e+01,5.510000000000000000e+02
-1.547562866210937500e+02,2.016585731506347656e+01,5.510000000000000000e+02
-1.544370727539062500e+02,2.020245552062988281e+01,5.520000000000000000e+02
-0.000000000000000000e+00,0.000000000000000000e+00,0.000000000000000000e+00
-1.532369384765625000e+02,2.020245552062988281e+01,5.520000000000000000e+02
-0.000000000000000000e+00,0.000000000000000000e+00,0.000000000000000000e+00
-0.000000000000000000e+00,0.000000000000000000e+00,0.000000000000000000e+00
-1.519854125976562500e+02,2.027565383911132812e+01,5.540000000000000000e+02
-1.516564178466796875e+02,2.031225204467773438e+01,5.550000000000000000e+02
-1.513252716064453125e+02,2.034885025024414062e+01,5.560000000000000000e+02
-1.509919128417968750e+02,2.038545036315917969e+01,5.570000000000000000e+02
-1.503864135742187500e+02,2.038545036315917969e+01,5.570000000000000000e+02
-1.500498199462890625e+02,2.042204856872558594e+01,5.580000000000000000e+02
-1.494432220458984375e+02,2.042204856872558594e+01,5.580000000000000000e+02
-1.485699005126953125e+02,2.038545036315917969e+01,5.570000000000000000e+02
-1.482300415039062500e+02,2.042204856872558594e+01,5.580000000000000000e+02
-1.473588867187500000e+02,2.038545036315917969e+01,5.570000000000000000e+02
-1.467533874511718750e+02,2.038545036315917969e+01,5.570000000000000000e+02
-1.461478729248046875e+02,2.038545036315917969e+01,5.570000000000000000e+02
-1.455423736572265625e+02,2.038545036315917969e+01,5.570000000000000000e+02
-1.446766510009765625e+02,2.034885025024414062e+01,5.560000000000000000e+02
-1.440722351074218750e+02,2.034885025024414062e+01,5.560000000000000000e+02
-1.434678039550781250e+02,2.034885025024414062e+01,5.560000000000000000e+02
-1.428633880615234375e+02,2.034885025024414062e+01,5.560000000000000000e+02
-1.420031127929687500e+02,2.031225204467773438e+01,5.550000000000000000e+02
-1.413997650146484375e+02,2.031225204467773438e+01,5.550000000000000000e+02
-1.407964477539062500e+02,2.031225204467773438e+01,5.550000000000000000e+02
-1.401930999755859375e+02,2.031225204467773438e+01,5.550000000000000000e+02
-1.395897827148437500e+02,2.031225204467773438e+01,5.550000000000000000e+02
-0.000000000000000000e+00,0.000000000000000000e+00,0.000000000000000000e+00
-0.000000000000000000e+00,0.000000000000000000e+00,0.000000000000000000e+00
-0.000000000000000000e+00,0.000000000000000000e+00,0.000000000000000000e+00
-0.000000000000000000e+00,0.000000000000000000e+00,0.000000000000000000e+00
-0.000000000000000000e+00,0.000000000000000000e+00,0.000000000000000000e+00
-0.000000000000000000e+00,0.000000000000000000e+00,0.000000000000000000e+00
-0.000000000000000000e+00,0.000000000000000000e+00,0.000000000000000000e+00
-1.347631225585937500e+02,2.031225204467773438e+01,5.550000000000000000e+02
-1.341597900390625000e+02,2.031225204467773438e+01,5.550000000000000000e+02
-1.335564575195312500e+02,2.031225204467773438e+01,5.550000000000000000e+02
-1.329531250000000000e+02,2.031225204467773438e+01,5.550000000000000000e+02
-1.323497924804687500e+02,2.031225204467773438e+01,5.550000000000000000e+02
-1.589491729736328125e+02,2.076508712768554688e+01,5.510000000000000000e+02
-1.583501892089843750e+02,2.076508712768554688e+01,5.510000000000000000e+02
-1.577512054443359375e+02,2.076508712768554688e+01,5.510000000000000000e+02
-1.571522216796875000e+02,2.076508712768554688e+01,5.510000000000000000e+02
-1.565532379150390625e+02,2.076508712768554688e+01,5.510000000000000000e+02
-1.559542541503906250e+02,2.076508712768554688e+01,5.510000000000000000e+02
-1.553552703857421875e+02,2.076508712768554688e+01,5.510000000000000000e+02
-1.547562866210937500e+02,2.076508712768554688e+01,5.510000000000000000e+02
-1.541573028564453125e+02,2.076508712768554688e+01,5.510000000000000000e+02
-0.000000000000000000e+00,0.000000000000000000e+00,0.000000000000000000e+00
-0.000000000000000000e+00,0.000000000000000000e+00,0.000000000000000000e+00
-0.000000000000000000e+00,0.000000000000000000e+00,0.000000000000000000e+00
-0.000000000000000000e+00,0.000000000000000000e+00,0.000000000000000000e+00
-0.000000000000000000e+00,0.000000000000000000e+00,0.000000000000000000e+00
-0.000000000000000000e+00,0.000000000000000000e+00,0.000000000000000000e+00
-0.000000000000000000e+00,0.000000000000000000e+00,0.000000000000000000e+00
-0.000000000000000000e+00,0.000000000000000000e+00,0.000000000000000000e+00
-0.000000000000000000e+00,0.000000000000000000e+00,0.000000000000000000e+00
-0.000000000000000000e+00,0.000000000000000000e+00,0.000000000000000000e+00
-0.000000000000000000e+00,0.000000000000000000e+00,0.000000000000000000e+00
-1.488366241455078125e+02,2.102889060974121094e+01,5.580000000000000000e+02
-1.482300415039062500e+02,2.102889060974121094e+01,5.580000000000000000e+02
-1.476234436035156250e+02,2.102889060974121094e+01,5.580000000000000000e+02
-1.467533874511718750e+02,2.099120521545410156e+01,5.570000000000000000e+02
-1.461478729248046875e+02,2.099120521545410156e+01,5.570000000000000000e+02
-1.455423736572265625e+02,2.099120521545410156e+01,5.570000000000000000e+02
-1.449368591308593750e+02,2.099120521545410156e+01,5.570000000000000000e+02
-1.443313598632812500e+02,2.099120521545410156e+01,5.570000000000000000e+02
-1.434678039550781250e+02,2.095351791381835938e+01,5.560000000000000000e+02
-1.428633880615234375e+02,2.095351791381835938e+01,5.560000000000000000e+02
-1.420031127929687500e+02,2.091583251953125000e+01,5.550000000000000000e+02
-1.413997650146484375e+02,2.091583251953125000e+01,5.550000000000000000e+02
-1.407964477539062500e+02,2.091583251953125000e+01,5.550000000000000000e+02
-1.401930999755859375e+02,2.091583251953125000e+01,5.550000000000000000e+02
-1.395897827148437500e+02,2.091583251953125000e+01,5.550000000000000000e+02
-0.000000000000000000e+00,0.000000000000000000e+00,0.000000000000000000e+00
-0.000000000000000000e+00,0.000000000000000000e+00,0.000000000000000000e+00
-1.377797851562500000e+02,2.091583251953125000e+01,5.550000000000000000e+02
-1.371764526367187500e+02,2.091583251953125000e+01,5.550000000000000000e+02
-0.000000000000000000e+00,0.000000000000000000e+00,0.000000000000000000e+00
-0.000000000000000000e+00,0.000000000000000000e+00,0.000000000000000000e+00
-0.000000000000000000e+00,0.000000000000000000e+00,0.000000000000000000e+00
-1.347631225585937500e+02,2.091583251953125000e+01,5.550000000000000000e+02
-1.341597900390625000e+02,2.091583251953125000e+01,5.550000000000000000e+02
-1.333158111572265625e+02,2.087814521789550781e+01,5.540000000000000000e+02
-1.327135772705078125e+02,2.087814521789550781e+01,5.540000000000000000e+02
-1.321113281250000000e+02,2.087814521789550781e+01,5.540000000000000000e+02
-1.315090789794921875e+02,2.087814521789550781e+01,5.540000000000000000e+02
-1.309068298339843750e+02,2.087814521789550781e+01,5.540000000000000000e+02
-1.303045959472656250e+02,2.087814521789550781e+01,5.540000000000000000e+02
-1.583501892089843750e+02,2.136431884765625000e+01,5.510000000000000000e+02
-1.574649047851562500e+02,2.132554626464843750e+01,5.500000000000000000e+02
-1.568670196533203125e+02,2.132554626464843750e+01,5.500000000000000000e+02
-1.562691040039062500e+02,2.132554626464843750e+01,5.500000000000000000e+02
-1.556712188720703125e+02,2.132554626464843750e+01,5.500000000000000000e+02
-1.550733184814453125e+02,2.132554626464843750e+01,5.500000000000000000e+02
-1.544754333496093750e+02,2.132554626464843750e+01,5.500000000000000000e+02
-1.538775177001953125e+02,2.132554626464843750e+01,5.500000000000000000e+02
-1.532796325683593750e+02,2.132554626464843750e+01,5.500000000000000000e+02
-1.526817321777343750e+02,2.132554626464843750e+01,5.500000000000000000e+02
-0.000000000000000000e+00,0.000000000000000000e+00,0.000000000000000000e+00
-1.514859466552734375e+02,2.132554626464843750e+01,5.500000000000000000e+02
-0.000000000000000000e+00,0.000000000000000000e+00,0.000000000000000000e+00
-0.000000000000000000e+00,0.000000000000000000e+00,0.000000000000000000e+00
-0.000000000000000000e+00,0.000000000000000000e+00,0.000000000000000000e+00
-0.000000000000000000e+00,0.000000000000000000e+00,0.000000000000000000e+00
-1.493064422607421875e+02,2.144186592102050781e+01,5.530000000000000000e+02
-1.492430877685546875e+02,2.151941490173339844e+01,5.550000000000000000e+02
-1.489075927734375000e+02,2.155818748474121094e+01,5.560000000000000000e+02
-1.485699005126953125e+02,2.159696197509765625e+01,5.570000000000000000e+02
-1.482300415039062500e+02,2.163573455810546875e+01,5.580000000000000000e+02
-1.476234436035156250e+02,2.163573455810546875e+01,5.580000000000000000e+02
-1.467533874511718750e+02,2.159696197509765625e+01,5.570000000000000000e+02
-1.461478729248046875e+02,2.159696197509765625e+01,5.570000000000000000e+02
-1.455423736572265625e+02,2.159696197509765625e+01,5.570000000000000000e+02
-1.449368591308593750e+02,2.159696197509765625e+01,5.570000000000000000e+02
-1.443313598632812500e+02,2.159696197509765625e+01,5.570000000000000000e+02
-1.434678039550781250e+02,2.155818748474121094e+01,5.560000000000000000e+02
-1.428633880615234375e+02,2.155818748474121094e+01,5.560000000000000000e+02
-1.420031127929687500e+02,2.151941490173339844e+01,5.550000000000000000e+02
-1.413997650146484375e+02,2.151941490173339844e+01,5.550000000000000000e+02
-1.407964477539062500e+02,2.151941490173339844e+01,5.550000000000000000e+02
-1.399405059814453125e+02,2.148064041137695312e+01,5.540000000000000000e+02
-1.393382720947265625e+02,2.148064041137695312e+01,5.540000000000000000e+02
-1.387360229492187500e+02,2.148064041137695312e+01,5.540000000000000000e+02
-1.381337738037109375e+02,2.148064041137695312e+01,5.540000000000000000e+02
-0.000000000000000000e+00,0.000000000000000000e+00,0.000000000000000000e+00
-0.000000000000000000e+00,0.000000000000000000e+00,0.000000000000000000e+00
-0.000000000000000000e+00,0.000000000000000000e+00,0.000000000000000000e+00
-0.000000000000000000e+00,0.000000000000000000e+00,0.000000000000000000e+00
-0.000000000000000000e+00,0.000000000000000000e+00,0.000000000000000000e+00
-0.000000000000000000e+00,0.000000000000000000e+00,0.000000000000000000e+00
-0.000000000000000000e+00,0.000000000000000000e+00,0.000000000000000000e+00
-0.000000000000000000e+00,0.000000000000000000e+00,0.000000000000000000e+00
-0.000000000000000000e+00,0.000000000000000000e+00,0.000000000000000000e+00
-0.000000000000000000e+00,0.000000000000000000e+00,0.000000000000000000e+00
-1.315090789794921875e+02,2.148064041137695312e+01,5.540000000000000000e+02
-1.309068298339843750e+02,2.148064041137695312e+01,5.540000000000000000e+02
-1.303045959472656250e+02,2.148064041137695312e+01,5.540000000000000000e+02
-1.297023468017578125e+02,2.148064041137695312e+01,5.540000000000000000e+02
-1.291000976562500000e+02,2.148064041137695312e+01,5.540000000000000000e+02
-1.568670196533203125e+02,2.192368698120117188e+01,5.500000000000000000e+02
-1.559849853515625000e+02,2.188382720947265625e+01,5.490000000000000000e+02
-1.553881835937500000e+02,2.188382720947265625e+01,5.490000000000000000e+02
-1.547913665771484375e+02,2.188382720947265625e+01,5.490000000000000000e+02
-1.539136962890625000e+02,2.184396553039550781e+01,5.480000000000000000e+02
-1.533179779052734375e+02,2.184396553039550781e+01,5.480000000000000000e+02
-1.527222595214843750e+02,2.184396553039550781e+01,5.480000000000000000e+02
-1.521265258789062500e+02,2.184396553039550781e+01,5.480000000000000000e+02
-1.515308074951171875e+02,2.184396553039550781e+01,5.480000000000000000e+02
-1.509350738525390625e+02,2.184396553039550781e+01,5.480000000000000000e+02
-1.503393707275390625e+02,2.184396553039550781e+01,5.480000000000000000e+02
-1.500168914794921875e+02,2.188382720947265625e+01,5.490000000000000000e+02
-0.000000000000000000e+00,0.000000000000000000e+00,0.000000000000000000e+00
-0.000000000000000000e+00,0.000000000000000000e+00,0.000000000000000000e+00
-0.000000000000000000e+00,0.000000000000000000e+00,0.000000000000000000e+00
-1.487052764892578125e+02,2.204327201843261719e+01,5.530000000000000000e+02
-1.483719482421875000e+02,2.208313369750976562e+01,5.540000000000000000e+02
-1.483031616210937500e+02,2.216285514831542969e+01,5.560000000000000000e+02
-1.479644012451171875e+02,2.220271682739257812e+01,5.570000000000000000e+02
-1.476234436035156250e+02,2.224257850646972656e+01,5.580000000000000000e+02
-1.467533874511718750e+02,2.220271682739257812e+01,5.570000000000000000e+02
-1.464102478027343750e+02,2.224257850646972656e+01,5.580000000000000000e+02
-1.455423736572265625e+02,2.220271682739257812e+01,5.570000000000000000e+02
-1.449368591308593750e+02,2.220271682739257812e+01,5.570000000000000000e+02
-1.443313598632812500e+02,2.220271682739257812e+01,5.570000000000000000e+02
-1.434678039550781250e+02,2.216285514831542969e+01,5.560000000000000000e+02
-1.428633880615234375e+02,2.216285514831542969e+01,5.560000000000000000e+02
-1.420031127929687500e+02,2.212299346923828125e+01,5.550000000000000000e+02
-1.413997650146484375e+02,2.212299346923828125e+01,5.550000000000000000e+02
-1.407964477539062500e+02,2.212299346923828125e+01,5.550000000000000000e+02
-1.401930999755859375e+02,2.212299346923828125e+01,5.550000000000000000e+02
-1.393382720947265625e+02,2.208313369750976562e+01,5.540000000000000000e+02
-1.387360229492187500e+02,2.208313369750976562e+01,5.540000000000000000e+02
-0.000000000000000000e+00,0.000000000000000000e+00,0.000000000000000000e+00
-0.000000000000000000e+00,0.000000000000000000e+00,0.000000000000000000e+00
-0.000000000000000000e+00,0.000000000000000000e+00,0.000000000000000000e+00
-0.000000000000000000e+00,0.000000000000000000e+00,0.000000000000000000e+00
-0.000000000000000000e+00,0.000000000000000000e+00,0.000000000000000000e+00
-0.000000000000000000e+00,0.000000000000000000e+00,0.000000000000000000e+00
-0.000000000000000000e+00,0.000000000000000000e+00,0.000000000000000000e+00
-0.000000000000000000e+00,0.000000000000000000e+00,0.000000000000000000e+00
-0.000000000000000000e+00,0.000000000000000000e+00,0.000000000000000000e+00
-0.000000000000000000e+00,0.000000000000000000e+00,0.000000000000000000e+00
-0.000000000000000000e+00,0.000000000000000000e+00,0.000000000000000000e+00
-0.000000000000000000e+00,0.000000000000000000e+00,0.000000000000000000e+00
-0.000000000000000000e+00,0.000000000000000000e+00,0.000000000000000000e+00
-0.000000000000000000e+00,0.000000000000000000e+00,0.000000000000000000e+00
-0.000000000000000000e+00,0.000000000000000000e+00,0.000000000000000000e+00
-1.291000976562500000e+02,2.208313369750976562e+01,5.540000000000000000e+02
-1.284978637695312500e+02,2.208313369750976562e+01,5.540000000000000000e+02
-1.278956146240234375e+02,2.208313369750976562e+01,5.540000000000000000e+02
-1.559849853515625000e+02,2.248088073730468750e+01,5.490000000000000000e+02
-1.551051483154296875e+02,2.243993186950683594e+01,5.480000000000000000e+02
-1.545094146728515625e+02,2.243993186950683594e+01,5.480000000000000000e+02
-1.539136962890625000e+02,2.243993186950683594e+01,5.480000000000000000e+02
-1.530381927490234375e+02,2.239898300170898438e+01,5.470000000000000000e+02
-1.527222595214843750e+02,2.243993186950683594e+01,5.480000000000000000e+02
-1.521265258789062500e+02,2.243993186950683594e+01,5.480000000000000000e+02
-1.512543029785156250e+02,2.239898300170898438e+01,5.470000000000000000e+02
-1.506596527099609375e+02,2.239898300170898438e+01,5.470000000000000000e+02
-1.500650329589843750e+02,2.239898300170898438e+01,5.470000000000000000e+02
-1.497436370849609375e+02,2.243993186950683594e+01,5.480000000000000000e+02
-1.491479187011718750e+02,2.243993186950683594e+01,5.480000000000000000e+02
-1.488232727050781250e+02,2.248088073730468750e+01,5.490000000000000000e+02
-0.000000000000000000e+00,0.000000000000000000e+00,0.000000000000000000e+00
-0.000000000000000000e+00,0.000000000000000000e+00,0.000000000000000000e+00
-0.000000000000000000e+00,0.000000000000000000e+00,0.000000000000000000e+00
-0.000000000000000000e+00,0.000000000000000000e+00,0.000000000000000000e+00
-0.000000000000000000e+00,0.000000000000000000e+00,0.000000000000000000e+00
-1.470943298339843750e+02,2.276752281188964844e+01,5.560000000000000000e+02
-1.467533874511718750e+02,2.280847167968750000e+01,5.570000000000000000e+02
-1.461478729248046875e+02,2.280847167968750000e+01,5.570000000000000000e+02
-1.458036651611328125e+02,2.284942054748535156e+01,5.580000000000000000e+02
-1.449368591308593750e+02,2.280847167968750000e+01,5.570000000000000000e+02
-1.443313598632812500e+02,2.280847167968750000e+01,5.570000000000000000e+02
-1.437258453369140625e+02,2.280847167968750000e+01,5.570000000000000000e+02
-1.428633880615234375e+02,2.276752281188964844e+01,5.560000000000000000e+02
-1.422589721679687500e+02,2.276752281188964844e+01,5.560000000000000000e+02
-1.413997650146484375e+02,2.272657394409179688e+01,5.550000000000000000e+02
-1.407964477539062500e+02,2.272657394409179688e+01,5.550000000000000000e+02
-1.399405059814453125e+02,2.268562507629394531e+01,5.540000000000000000e+02
-1.393382720947265625e+02,2.268562507629394531e+01,5.540000000000000000e+02
-0.000000000000000000e+00,0.000000000000000000e+00,0.000000000000000000e+00
-0.000000000000000000e+00,0.000000000000000000e+00,0.000000000000000000e+00
-0.000000000000000000e+00,0.000000000000000000e+00,0.000000000000000000e+00
-0.000000000000000000e+00,0.000000000000000000e+00,0.000000000000000000e+00
-0.000000000000000000e+00,0.000000000000000000e+00,0.000000000000000000e+00
-0.000000000000000000e+00,0.000000000000000000e+00,0.000000000000000000e+00
-0.000000000000000000e+00,0.000000000000000000e+00,0.000000000000000000e+00
-0.000000000000000000e+00,0.000000000000000000e+00,0.000000000000000000e+00
-0.000000000000000000e+00,0.000000000000000000e+00,0.000000000000000000e+00
-0.000000000000000000e+00,0.000000000000000000e+00,0.000000000000000000e+00
-0.000000000000000000e+00,0.000000000000000000e+00,0.000000000000000000e+00
-0.000000000000000000e+00,0.000000000000000000e+00,0.000000000000000000e+00
-0.000000000000000000e+00,0.000000000000000000e+00,0.000000000000000000e+00
-0.000000000000000000e+00,0.000000000000000000e+00,0.000000000000000000e+00
-0.000000000000000000e+00,0.000000000000000000e+00,0.000000000000000000e+00
-0.000000000000000000e+00,0.000000000000000000e+00,0.000000000000000000e+00
-0.000000000000000000e+00,0.000000000000000000e+00,0.000000000000000000e+00
-0.000000000000000000e+00,0.000000000000000000e+00,0.000000000000000000e+00
-1.278956146240234375e+02,2.268562507629394531e+01,5.540000000000000000e+02
-1.272933654785156250e+02,2.268562507629394531e+01,5.540000000000000000e+02
-1.264624404907226562e+02,2.264467620849609375e+01,5.530000000000000000e+02
-1.545094146728515625e+02,2.303590202331542969e+01,5.480000000000000000e+02
-1.536328430175781250e+02,2.299386596679687500e+01,5.470000000000000000e+02
-1.530381927490234375e+02,2.299386596679687500e+01,5.470000000000000000e+02
-1.524435729980468750e+02,2.299386596679687500e+01,5.470000000000000000e+02
-1.518489227294921875e+02,2.299386596679687500e+01,5.470000000000000000e+02
-1.512543029785156250e+02,2.299386596679687500e+01,5.470000000000000000e+02
-1.506596527099609375e+02,2.299386596679687500e+01,5.470000000000000000e+02
-1.500650329589843750e+02,2.299386596679687500e+01,5.470000000000000000e+02
-1.494703826904296875e+02,2.299386596679687500e+01,5.470000000000000000e+02
-1.491479187011718750e+02,2.303590202331542969e+01,5.480000000000000000e+02
-1.485521850585937500e+02,2.303590202331542969e+01,5.480000000000000000e+02
-1.482264709472656250e+02,2.307793807983398438e+01,5.490000000000000000e+02
-1.476296539306640625e+02,2.307793807983398438e+01,5.490000000000000000e+02
-0.000000000000000000e+00,0.000000000000000000e+00,0.000000000000000000e+00
-0.000000000000000000e+00,0.000000000000000000e+00,0.000000000000000000e+00
-0.000000000000000000e+00,0.000000000000000000e+00,0.000000000000000000e+00
-1.468297729492187500e+02,2.333015632629394531e+01,5.550000000000000000e+02
-1.462264404296875000e+02,2.333015632629394531e+01,5.550000000000000000e+02
-1.458854827880859375e+02,2.337219238281250000e+01,5.560000000000000000e+02
-1.455423736572265625e+02,2.341422843933105469e+01,5.570000000000000000e+02
-1.449368591308593750e+02,2.341422843933105469e+01,5.570000000000000000e+02
-1.443313598632812500e+02,2.341422843933105469e+01,5.570000000000000000e+02
-1.437258453369140625e+02,2.341422843933105469e+01,5.570000000000000000e+02
-1.431203308105468750e+02,2.341422843933105469e+01,5.570000000000000000e+02
-1.422589721679687500e+02,2.337219238281250000e+01,5.560000000000000000e+02
-1.416545410156250000e+02,2.337219238281250000e+01,5.560000000000000000e+02
-1.407964477539062500e+02,2.333015632629394531e+01,5.550000000000000000e+02
-1.401930999755859375e+02,2.333015632629394531e+01,5.550000000000000000e+02
-1.395897827148437500e+02,2.333015632629394531e+01,5.550000000000000000e+02
-1.387360229492187500e+02,2.328812026977539062e+01,5.540000000000000000e+02
-0.000000000000000000e+00,0.000000000000000000e+00,0.000000000000000000e+00
-0.000000000000000000e+00,0.000000000000000000e+00,0.000000000000000000e+00
-0.000000000000000000e+00,0.000000000000000000e+00,0.000000000000000000e+00
-0.000000000000000000e+00,0.000000000000000000e+00,0.000000000000000000e+00
-0.000000000000000000e+00,0.000000000000000000e+00,0.000000000000000000e+00
-0.000000000000000000e+00,0.000000000000000000e+00,0.000000000000000000e+00
-0.000000000000000000e+00,0.000000000000000000e+00,0.000000000000000000e+00
-0.000000000000000000e+00,0.000000000000000000e+00,0.000000000000000000e+00
-0.000000000000000000e+00,0.000000000000000000e+00,0.000000000000000000e+00
-0.000000000000000000e+00,0.000000000000000000e+00,0.000000000000000000e+00
-0.000000000000000000e+00,0.000000000000000000e+00,0.000000000000000000e+00
-0.000000000000000000e+00,0.000000000000000000e+00,0.000000000000000000e+00
-0.000000000000000000e+00,0.000000000000000000e+00,0.000000000000000000e+00
-0.000000000000000000e+00,0.000000000000000000e+00,0.000000000000000000e+00
-0.000000000000000000e+00,0.000000000000000000e+00,0.000000000000000000e+00
-0.000000000000000000e+00,0.000000000000000000e+00,0.000000000000000000e+00
-0.000000000000000000e+00,0.000000000000000000e+00,0.000000000000000000e+00
-0.000000000000000000e+00,0.000000000000000000e+00,0.000000000000000000e+00
-0.000000000000000000e+00,0.000000000000000000e+00,0.000000000000000000e+00
-1.264624404907226562e+02,2.324608421325683594e+01,5.530000000000000000e+02
-1.258612823486328125e+02,2.324608421325683594e+01,5.530000000000000000e+02
-1.252601242065429688e+02,2.324608421325683594e+01,5.530000000000000000e+02
-1.246589660644531250e+02,2.324608421325683594e+01,5.530000000000000000e+02
-1.530381927490234375e+02,2.358874511718750000e+01,5.470000000000000000e+02
-1.524435729980468750e+02,2.358874511718750000e+01,5.470000000000000000e+02
-1.518489227294921875e+02,2.358874511718750000e+01,5.470000000000000000e+02
-1.512543029785156250e+02,2.358874511718750000e+01,5.470000000000000000e+02
-1.506596527099609375e+02,2.358874511718750000e+01,5.470000000000000000e+02
-1.500650329589843750e+02,2.358874511718750000e+01,5.470000000000000000e+02
-1.494703826904296875e+02,2.358874511718750000e+01,5.470000000000000000e+02
-1.488757476806640625e+02,2.358874511718750000e+01,5.470000000000000000e+02
-1.482811126708984375e+02,2.358874511718750000e+01,5.470000000000000000e+02
-1.479564819335937500e+02,2.363186836242675781e+01,5.480000000000000000e+02
-1.473607482910156250e+02,2.363186836242675781e+01,5.480000000000000000e+02
-1.470328521728515625e+02,2.367499351501464844e+01,5.490000000000000000e+02
-1.467027740478515625e+02,2.371811676025390625e+01,5.500000000000000000e+02
-1.463705291748046875e+02,2.376124000549316406e+01,5.510000000000000000e+02
-1.460360870361328125e+02,2.380436515808105469e+01,5.520000000000000000e+02
-1.456994934082031250e+02,2.384748840332031250e+01,5.530000000000000000e+02
-1.453607177734375000e+02,2.389061164855957031e+01,5.540000000000000000e+02
-1.450197753906250000e+02,2.393373680114746094e+01,5.550000000000000000e+02
-1.446766510009765625e+02,2.397686004638671875e+01,5.560000000000000000e+02
-1.443313598632812500e+02,2.401998329162597656e+01,5.570000000000000000e+02
-1.437258453369140625e+02,2.401998329162597656e+01,5.570000000000000000e+02
-1.431203308105468750e+02,2.401998329162597656e+01,5.570000000000000000e+02
-1.425148315429687500e+02,2.401998329162597656e+01,5.570000000000000000e+02
-1.416545410156250000e+02,2.397686004638671875e+01,5.560000000000000000e+02
-1.410501403808593750e+02,2.397686004638671875e+01,5.560000000000000000e+02
-1.401930999755859375e+02,2.393373680114746094e+01,5.550000000000000000e+02
-1.395897827148437500e+02,2.393373680114746094e+01,5.550000000000000000e+02
-1.389864501953125000e+02,2.393373680114746094e+01,5.550000000000000000e+02
-1.381337738037109375e+02,2.389061164855957031e+01,5.540000000000000000e+02
-1.372832794189453125e+02,2.384748840332031250e+01,5.530000000000000000e+02
-0.000000000000000000e+00,0.000000000000000000e+00,0.000000000000000000e+00
-0.000000000000000000e+00,0.000000000000000000e+00,0.000000000000000000e+00
-0.000000000000000000e+00,0.000000000000000000e+00,0.000000000000000000e+00
-0.000000000000000000e+00,0.000000000000000000e+00,0.000000000000000000e+00
-0.000000000000000000e+00,0.000000000000000000e+00,0.000000000000000000e+00
-0.000000000000000000e+00,0.000000000000000000e+00,0.000000000000000000e+00
-0.000000000000000000e+00,0.000000000000000000e+00,0.000000000000000000e+00
-0.000000000000000000e+00,0.000000000000000000e+00,0.000000000000000000e+00
-0.000000000000000000e+00,0.000000000000000000e+00,0.000000000000000000e+00
-0.000000000000000000e+00,0.000000000000000000e+00,0.000000000000000000e+00
-0.000000000000000000e+00,0.000000000000000000e+00,0.000000000000000000e+00
-0.000000000000000000e+00,0.000000000000000000e+00,0.000000000000000000e+00
-0.000000000000000000e+00,0.000000000000000000e+00,0.000000000000000000e+00
-0.000000000000000000e+00,0.000000000000000000e+00,0.000000000000000000e+00
-0.000000000000000000e+00,0.000000000000000000e+00,0.000000000000000000e+00
-0.000000000000000000e+00,0.000000000000000000e+00,0.000000000000000000e+00
-0.000000000000000000e+00,0.000000000000000000e+00,0.000000000000000000e+00
-0.000000000000000000e+00,0.000000000000000000e+00,0.000000000000000000e+00
-0.000000000000000000e+00,0.000000000000000000e+00,0.000000000000000000e+00
-0.000000000000000000e+00,0.000000000000000000e+00,0.000000000000000000e+00
-0.000000000000000000e+00,0.000000000000000000e+00,0.000000000000000000e+00
-1.238334732055664062e+02,2.380436515808105469e+01,5.520000000000000000e+02
-1.232333984375000000e+02,2.380436515808105469e+01,5.520000000000000000e+02
-1.518489227294921875e+02,2.418362426757812500e+01,5.470000000000000000e+02
-1.512543029785156250e+02,2.418362426757812500e+01,5.470000000000000000e+02
-1.503842163085937500e+02,2.413941383361816406e+01,5.460000000000000000e+02
-1.497906799316406250e+02,2.413941383361816406e+01,5.460000000000000000e+02
-1.491971282958984375e+02,2.413941383361816406e+01,5.460000000000000000e+02
-1.486035919189453125e+02,2.413941383361816406e+01,5.460000000000000000e+02
-1.482811126708984375e+02,2.418362426757812500e+01,5.470000000000000000e+02
-1.476864776611328125e+02,2.418362426757812500e+01,5.470000000000000000e+02
-1.470918426513671875e+02,2.418362426757812500e+01,5.470000000000000000e+02
-1.467650299072265625e+02,2.422783660888671875e+01,5.480000000000000000e+02
-1.461692962646484375e+02,2.422783660888671875e+01,5.480000000000000000e+02
-1.458392333984375000e+02,2.427204704284667969e+01,5.490000000000000000e+02
-1.452424163818359375e+02,2.427204704284667969e+01,5.490000000000000000e+02
-1.449090881347656250e+02,2.431625938415527344e+01,5.500000000000000000e+02
-1.445735626220703125e+02,2.436046981811523438e+01,5.510000000000000000e+02
-1.442358856201171875e+02,2.440468215942382812e+01,5.520000000000000000e+02
-1.438960113525390625e+02,2.444889259338378906e+01,5.530000000000000000e+02
-1.438131103515625000e+02,2.453731536865234375e+01,5.550000000000000000e+02
-1.432097778320312500e+02,2.453731536865234375e+01,5.550000000000000000e+02
-1.428633880615234375e+02,2.458152770996093750e+01,5.560000000000000000e+02
-1.422589721679687500e+02,2.458152770996093750e+01,5.560000000000000000e+02
-1.416545410156250000e+02,2.458152770996093750e+01,5.560000000000000000e+02
-1.410501403808593750e+02,2.458152770996093750e+01,5.560000000000000000e+02
-1.401930999755859375e+02,2.453731536865234375e+01,5.550000000000000000e+02
-0.000000000000000000e+00,0.000000000000000000e+00,0.000000000000000000e+00
-0.000000000000000000e+00,0.000000000000000000e+00,0.000000000000000000e+00
-0.000000000000000000e+00,0.000000000000000000e+00,0.000000000000000000e+00
-0.000000000000000000e+00,0.000000000000000000e+00,0.000000000000000000e+00
-0.000000000000000000e+00,0.000000000000000000e+00,0.000000000000000000e+00
-0.000000000000000000e+00,0.000000000000000000e+00,0.000000000000000000e+00
-0.000000000000000000e+00,0.000000000000000000e+00,0.000000000000000000e+00
-0.000000000000000000e+00,0.000000000000000000e+00,0.000000000000000000e+00
-0.000000000000000000e+00,0.000000000000000000e+00,0.000000000000000000e+00
-0.000000000000000000e+00,0.000000000000000000e+00,0.000000000000000000e+00
-0.000000000000000000e+00,0.000000000000000000e+00,0.000000000000000000e+00
-0.000000000000000000e+00,0.000000000000000000e+00,0.000000000000000000e+00
-0.000000000000000000e+00,0.000000000000000000e+00,0.000000000000000000e+00
-0.000000000000000000e+00,0.000000000000000000e+00,0.000000000000000000e+00
-0.000000000000000000e+00,0.000000000000000000e+00,0.000000000000000000e+00
-0.000000000000000000e+00,0.000000000000000000e+00,0.000000000000000000e+00
-0.000000000000000000e+00,0.000000000000000000e+00,0.000000000000000000e+00
-0.000000000000000000e+00,0.000000000000000000e+00,0.000000000000000000e+00
-0.000000000000000000e+00,0.000000000000000000e+00,0.000000000000000000e+00
-0.000000000000000000e+00,0.000000000000000000e+00,0.000000000000000000e+00
-0.000000000000000000e+00,0.000000000000000000e+00,0.000000000000000000e+00
-0.000000000000000000e+00,0.000000000000000000e+00,0.000000000000000000e+00
-0.000000000000000000e+00,0.000000000000000000e+00,0.000000000000000000e+00
-0.000000000000000000e+00,0.000000000000000000e+00,0.000000000000000000e+00
-0.000000000000000000e+00,0.000000000000000000e+00,0.000000000000000000e+00
-0.000000000000000000e+00,0.000000000000000000e+00,0.000000000000000000e+00
-0.000000000000000000e+00,0.000000000000000000e+00,0.000000000000000000e+00
-1.226333312988281250e+02,2.440468215942382812e+01,5.520000000000000000e+02
-1.218121871948242188e+02,2.436046981811523438e+01,5.510000000000000000e+02
-1.503842163085937500e+02,2.473320770263671875e+01,5.460000000000000000e+02
-1.497906799316406250e+02,2.473320770263671875e+01,5.460000000000000000e+02
-1.491971282958984375e+02,2.473320770263671875e+01,5.460000000000000000e+02
-1.486035919189453125e+02,2.473320770263671875e+01,5.460000000000000000e+02
-1.480100250244140625e+02,2.473320770263671875e+01,5.460000000000000000e+02
-1.474164886474609375e+02,2.473320770263671875e+01,5.460000000000000000e+02
-1.468229370117187500e+02,2.473320770263671875e+01,5.460000000000000000e+02
-1.464972076416015625e+02,2.477850723266601562e+01,5.470000000000000000e+02
-1.459025726318359375e+02,2.477850723266601562e+01,5.470000000000000000e+02
-1.453079376220703125e+02,2.477850723266601562e+01,5.470000000000000000e+02
-1.447133026123046875e+02,2.477850723266601562e+01,5.470000000000000000e+02
-0.000000000000000000e+00,0.000000000000000000e+00,0.000000000000000000e+00
-0.000000000000000000e+00,0.000000000000000000e+00,0.000000000000000000e+00
-0.000000000000000000e+00,0.000000000000000000e+00,0.000000000000000000e+00
-1.431153869628906250e+02,2.491440391540527344e+01,5.500000000000000000e+02
-1.427766265869140625e+02,2.495970153808593750e+01,5.510000000000000000e+02
-1.424356689453125000e+02,2.500500106811523438e+01,5.520000000000000000e+02
-1.420925445556640625e+02,2.505030059814453125e+01,5.530000000000000000e+02
-1.417472534179687500e+02,2.509559822082519531e+01,5.540000000000000000e+02
-1.411449890136718750e+02,2.509559822082519531e+01,5.540000000000000000e+02
-1.405427551269531250e+02,2.509559822082519531e+01,5.540000000000000000e+02
-0.000000000000000000e+00,0.000000000000000000e+00,0.000000000000000000e+00
-0.000000000000000000e+00,0.000000000000000000e+00,0.000000000000000000e+00
-0.000000000000000000e+00,0.000000000000000000e+00,0.000000000000000000e+00
-0.000000000000000000e+00,0.000000000000000000e+00,0.000000000000000000e+00
-0.000000000000000000e+00,0.000000000000000000e+00,0.000000000000000000e+00
-0.000000000000000000e+00,0.000000000000000000e+00,0.000000000000000000e+00
-0.000000000000000000e+00,0.000000000000000000e+00,0.000000000000000000e+00
-0.000000000000000000e+00,0.000000000000000000e+00,0.000000000000000000e+00
-0.000000000000000000e+00,0.000000000000000000e+00,0.000000000000000000e+00
-0.000000000000000000e+00,0.000000000000000000e+00,0.000000000000000000e+00
-0.000000000000000000e+00,0.000000000000000000e+00,0.000000000000000000e+00
-0.000000000000000000e+00,0.000000000000000000e+00,0.000000000000000000e+00
-0.000000000000000000e+00,0.000000000000000000e+00,0.000000000000000000e+00
-0.000000000000000000e+00,0.000000000000000000e+00,0.000000000000000000e+00
-0.000000000000000000e+00,0.000000000000000000e+00,0.000000000000000000e+00
-0.000000000000000000e+00,0.000000000000000000e+00,0.000000000000000000e+00
-0.000000000000000000e+00,0.000000000000000000e+00,0.000000000000000000e+00
-0.000000000000000000e+00,0.000000000000000000e+00,0.000000000000000000e+00
-0.000000000000000000e+00,0.000000000000000000e+00,0.000000000000000000e+00
-0.000000000000000000e+00,0.000000000000000000e+00,0.000000000000000000e+00
-0.000000000000000000e+00,0.000000000000000000e+00,0.000000000000000000e+00
-0.000000000000000000e+00,0.000000000000000000e+00,0.000000000000000000e+00
-0.000000000000000000e+00,0.000000000000000000e+00,0.000000000000000000e+00
-0.000000000000000000e+00,0.000000000000000000e+00,0.000000000000000000e+00
-0.000000000000000000e+00,0.000000000000000000e+00,0.000000000000000000e+00
-0.000000000000000000e+00,0.000000000000000000e+00,0.000000000000000000e+00
-0.000000000000000000e+00,0.000000000000000000e+00,0.000000000000000000e+00
-0.000000000000000000e+00,0.000000000000000000e+00,0.000000000000000000e+00
-0.000000000000000000e+00,0.000000000000000000e+00,0.000000000000000000e+00
-0.000000000000000000e+00,0.000000000000000000e+00,0.000000000000000000e+00
-1.212132034301757812e+02,2.495970153808593750e+01,5.510000000000000000e+02
-1.206142196655273438e+02,2.495970153808593750e+01,5.510000000000000000e+02
-1.491971282958984375e+02,2.532699966430664062e+01,5.460000000000000000e+02
-1.486035919189453125e+02,2.532699966430664062e+01,5.460000000000000000e+02
-1.477389526367187500e+02,2.528061294555664062e+01,5.450000000000000000e+02
-1.474164886474609375e+02,2.532699966430664062e+01,5.460000000000000000e+02
-1.468229370117187500e+02,2.532699966430664062e+01,5.460000000000000000e+02
-1.462294006347656250e+02,2.532699966430664062e+01,5.460000000000000000e+02
-1.456358337402343750e+02,2.532699966430664062e+01,5.460000000000000000e+02
-1.450422973632812500e+02,2.532699966430664062e+01,5.460000000000000000e+02
-1.444487457275390625e+02,2.532699966430664062e+01,5.460000000000000000e+02
-1.441186676025390625e+02,2.537338638305664062e+01,5.470000000000000000e+02
-1.435240325927734375e+02,2.537338638305664062e+01,5.470000000000000000e+02
-0.000000000000000000e+00,0.000000000000000000e+00,0.000000000000000000e+00
-0.000000000000000000e+00,0.000000000000000000e+00,0.000000000000000000e+00
-0.000000000000000000e+00,0.000000000000000000e+00,0.000000000000000000e+00
-0.000000000000000000e+00,0.000000000000000000e+00,0.000000000000000000e+00
-0.000000000000000000e+00,0.000000000000000000e+00,0.000000000000000000e+00
-0.000000000000000000e+00,0.000000000000000000e+00,0.000000000000000000e+00
-0.000000000000000000e+00,0.000000000000000000e+00,0.000000000000000000e+00
-0.000000000000000000e+00,0.000000000000000000e+00,0.000000000000000000e+00
-0.000000000000000000e+00,0.000000000000000000e+00,0.000000000000000000e+00
-0.000000000000000000e+00,0.000000000000000000e+00,0.000000000000000000e+00
-0.000000000000000000e+00,0.000000000000000000e+00,0.000000000000000000e+00
-0.000000000000000000e+00,0.000000000000000000e+00,0.000000000000000000e+00
-0.000000000000000000e+00,0.000000000000000000e+00,0.000000000000000000e+00
-1.366821289062500000e+02,2.565170478820800781e+01,5.530000000000000000e+02
-0.000000000000000000e+00,0.000000000000000000e+00,0.000000000000000000e+00
-0.000000000000000000e+00,0.000000000000000000e+00,0.000000000000000000e+00
-0.000000000000000000e+00,0.000000000000000000e+00,0.000000000000000000e+00
-0.000000000000000000e+00,0.000000000000000000e+00,0.000000000000000000e+00
-0.000000000000000000e+00,0.000000000000000000e+00,0.000000000000000000e+00
-0.000000000000000000e+00,0.000000000000000000e+00,0.000000000000000000e+00
-0.000000000000000000e+00,0.000000000000000000e+00,0.000000000000000000e+00
-0.000000000000000000e+00,0.000000000000000000e+00,0.000000000000000000e+00
-0.000000000000000000e+00,0.000000000000000000e+00,0.000000000000000000e+00
-0.000000000000000000e+00,0.000000000000000000e+00,0.000000000000000000e+00
-0.000000000000000000e+00,0.000000000000000000e+00,0.000000000000000000e+00
-0.000000000000000000e+00,0.000000000000000000e+00,0.000000000000000000e+00
-0.000000000000000000e+00,0.000000000000000000e+00,0.000000000000000000e+00
-0.000000000000000000e+00,0.000000000000000000e+00,0.000000000000000000e+00
-0.000000000000000000e+00,0.000000000000000000e+00,0.000000000000000000e+00
-0.000000000000000000e+00,0.000000000000000000e+00,0.000000000000000000e+00
-0.000000000000000000e+00,0.000000000000000000e+00,0.000000000000000000e+00
-0.000000000000000000e+00,0.000000000000000000e+00,0.000000000000000000e+00
-0.000000000000000000e+00,0.000000000000000000e+00,0.000000000000000000e+00
-0.000000000000000000e+00,0.000000000000000000e+00,0.000000000000000000e+00
-0.000000000000000000e+00,0.000000000000000000e+00,0.000000000000000000e+00
-0.000000000000000000e+00,0.000000000000000000e+00,0.000000000000000000e+00
-0.000000000000000000e+00,0.000000000000000000e+00,0.000000000000000000e+00
-0.000000000000000000e+00,0.000000000000000000e+00,0.000000000000000000e+00
-1.212132034301757812e+02,2.555893135070800781e+01,5.510000000000000000e+02
-1.206142196655273438e+02,2.555893135070800781e+01,5.510000000000000000e+02
-1.197974243164062500e+02,2.551254653930664062e+01,5.500000000000000000e+02
-1.191995239257812500e+02,2.551254653930664062e+01,5.500000000000000000e+02
-1.188172683715820312e+02,2.555893135070800781e+01,5.510000000000000000e+02
-1.483314208984375000e+02,2.587331771850585938e+01,5.450000000000000000e+02
-1.477389526367187500e+02,2.587331771850585938e+01,5.450000000000000000e+02
-1.471464996337890625e+02,2.587331771850585938e+01,5.450000000000000000e+02
-1.465540313720703125e+02,2.587331771850585938e+01,5.450000000000000000e+02
-1.459615783691406250e+02,2.587331771850585938e+01,5.450000000000000000e+02
-1.453691101074218750e+02,2.587331771850585938e+01,5.450000000000000000e+02
-1.447766571044921875e+02,2.587331771850585938e+01,5.450000000000000000e+02
-1.441841888427734375e+02,2.587331771850585938e+01,5.450000000000000000e+02
-1.438552093505859375e+02,2.592079162597656250e+01,5.460000000000000000e+02
-1.432616424560546875e+02,2.592079162597656250e+01,5.460000000000000000e+02
-1.426681060791015625e+02,2.592079162597656250e+01,5.460000000000000000e+02
-0.000000000000000000e+00,0.000000000000000000e+00,0.000000000000000000e+00
-0.000000000000000000e+00,0.000000000000000000e+00,0.000000000000000000e+00
-0.000000000000000000e+00,0.000000000000000000e+00,0.000000000000000000e+00
-0.000000000000000000e+00,0.000000000000000000e+00,0.000000000000000000e+00
-0.000000000000000000e+00,0.000000000000000000e+00,0.000000000000000000e+00
-0.000000000000000000e+00,0.000000000000000000e+00,0.000000000000000000e+00
-0.000000000000000000e+00,0.000000000000000000e+00,0.000000000000000000e+00
-0.000000000000000000e+00,0.000000000000000000e+00,0.000000000000000000e+00
-0.000000000000000000e+00,0.000000000000000000e+00,0.000000000000000000e+00
-0.000000000000000000e+00,0.000000000000000000e+00,0.000000000000000000e+00
-1.378844451904296875e+02,2.625311088562011719e+01,5.530000000000000000e+02
-1.372832794189453125e+02,2.625311088562011719e+01,5.530000000000000000e+02
-1.366821289062500000e+02,2.625311088562011719e+01,5.530000000000000000e+02
-1.360809631347656250e+02,2.625311088562011719e+01,5.530000000000000000e+02
-1.354798126220703125e+02,2.625311088562011719e+01,5.530000000000000000e+02
-0.000000000000000000e+00,0.000000000000000000e+00,0.000000000000000000e+00
-0.000000000000000000e+00,0.000000000000000000e+00,0.000000000000000000e+00
-0.000000000000000000e+00,0.000000000000000000e+00,0.000000000000000000e+00
-0.000000000000000000e+00,0.000000000000000000e+00,0.000000000000000000e+00
-0.000000000000000000e+00,0.000000000000000000e+00,0.000000000000000000e+00
-0.000000000000000000e+00,0.000000000000000000e+00,0.000000000000000000e+00
-0.000000000000000000e+00,0.000000000000000000e+00,0.000000000000000000e+00
-0.000000000000000000e+00,0.000000000000000000e+00,0.000000000000000000e+00
-0.000000000000000000e+00,0.000000000000000000e+00,0.000000000000000000e+00
-0.000000000000000000e+00,0.000000000000000000e+00,0.000000000000000000e+00
-0.000000000000000000e+00,0.000000000000000000e+00,0.000000000000000000e+00
-0.000000000000000000e+00,0.000000000000000000e+00,0.000000000000000000e+00
-0.000000000000000000e+00,0.000000000000000000e+00,0.000000000000000000e+00
-0.000000000000000000e+00,0.000000000000000000e+00,0.000000000000000000e+00
-0.000000000000000000e+00,0.000000000000000000e+00,0.000000000000000000e+00
-0.000000000000000000e+00,0.000000000000000000e+00,0.000000000000000000e+00
-0.000000000000000000e+00,0.000000000000000000e+00,0.000000000000000000e+00
-0.000000000000000000e+00,0.000000000000000000e+00,0.000000000000000000e+00
-0.000000000000000000e+00,0.000000000000000000e+00,0.000000000000000000e+00
-0.000000000000000000e+00,0.000000000000000000e+00,0.000000000000000000e+00
-0.000000000000000000e+00,0.000000000000000000e+00,0.000000000000000000e+00
-0.000000000000000000e+00,0.000000000000000000e+00,0.000000000000000000e+00
-0.000000000000000000e+00,0.000000000000000000e+00,0.000000000000000000e+00
-0.000000000000000000e+00,0.000000000000000000e+00,0.000000000000000000e+00
-1.200152359008789062e+02,2.615816116333007812e+01,5.510000000000000000e+02
-1.191995239257812500e+02,2.611068725585937500e+01,5.500000000000000000e+02
-1.186016311645507812e+02,2.611068725585937500e+01,5.500000000000000000e+02
-1.180037307739257812e+02,2.611068725585937500e+01,5.500000000000000000e+02
-1.174058380126953125e+02,2.611068725585937500e+01,5.500000000000000000e+02
-1.471464996337890625e+02,2.646602439880371094e+01,5.450000000000000000e+02
-1.465540313720703125e+02,2.646602439880371094e+01,5.450000000000000000e+02
-1.459615783691406250e+02,2.646602439880371094e+01,5.450000000000000000e+02
-1.451023712158203125e+02,2.641746330261230469e+01,5.440000000000000000e+02
-1.445110015869140625e+02,2.641746330261230469e+01,5.440000000000000000e+02
-1.439196319580078125e+02,2.641746330261230469e+01,5.440000000000000000e+02
-1.433282623291015625e+02,2.641746330261230469e+01,5.440000000000000000e+02
-1.427368774414062500e+02,2.641746330261230469e+01,5.440000000000000000e+02
-1.421455078125000000e+02,2.641746330261230469e+01,5.440000000000000000e+02
-1.415541381835937500e+02,2.641746330261230469e+01,5.440000000000000000e+02
-1.412218933105468750e+02,2.646602439880371094e+01,5.450000000000000000e+02
-1.406294250488281250e+02,2.646602439880371094e+01,5.450000000000000000e+02
-0.000000000000000000e+00,0.000000000000000000e+00,0.000000000000000000e+00
-0.000000000000000000e+00,0.000000000000000000e+00,0.000000000000000000e+00
-0.000000000000000000e+00,0.000000000000000000e+00,0.000000000000000000e+00
-0.000000000000000000e+00,0.000000000000000000e+00,0.000000000000000000e+00
-0.000000000000000000e+00,0.000000000000000000e+00,0.000000000000000000e+00
-0.000000000000000000e+00,0.000000000000000000e+00,0.000000000000000000e+00
-1.377343139648437500e+02,2.670883178710937500e+01,5.500000000000000000e+02
-1.373857574462890625e+02,2.675739479064941406e+01,5.510000000000000000e+02
-1.370350341796875000e+02,2.680595588684082031e+01,5.520000000000000000e+02
-1.364349670410156250e+02,2.680595588684082031e+01,5.520000000000000000e+02
-1.358348846435546875e+02,2.680595588684082031e+01,5.520000000000000000e+02
-1.352348175048828125e+02,2.680595588684082031e+01,5.520000000000000000e+02
-1.346347503662109375e+02,2.680595588684082031e+01,5.520000000000000000e+02
-1.340346832275390625e+02,2.680595588684082031e+01,5.520000000000000000e+02
-0.000000000000000000e+00,0.000000000000000000e+00,0.000000000000000000e+00
-0.000000000000000000e+00,0.000000000000000000e+00,0.000000000000000000e+00
-0.000000000000000000e+00,0.000000000000000000e+00,0.000000000000000000e+00
-0.000000000000000000e+00,0.000000000000000000e+00,0.000000000000000000e+00
-0.000000000000000000e+00,0.000000000000000000e+00,0.000000000000000000e+00
-0.000000000000000000e+00,0.000000000000000000e+00,0.000000000000000000e+00
-0.000000000000000000e+00,0.000000000000000000e+00,0.000000000000000000e+00
-0.000000000000000000e+00,0.000000000000000000e+00,0.000000000000000000e+00
-0.000000000000000000e+00,0.000000000000000000e+00,0.000000000000000000e+00
-0.000000000000000000e+00,0.000000000000000000e+00,0.000000000000000000e+00
-0.000000000000000000e+00,0.000000000000000000e+00,0.000000000000000000e+00
-0.000000000000000000e+00,0.000000000000000000e+00,0.000000000000000000e+00
-0.000000000000000000e+00,0.000000000000000000e+00,0.000000000000000000e+00
-0.000000000000000000e+00,0.000000000000000000e+00,0.000000000000000000e+00
-0.000000000000000000e+00,0.000000000000000000e+00,0.000000000000000000e+00
-0.000000000000000000e+00,0.000000000000000000e+00,0.000000000000000000e+00
-0.000000000000000000e+00,0.000000000000000000e+00,0.000000000000000000e+00
-0.000000000000000000e+00,0.000000000000000000e+00,0.000000000000000000e+00
-0.000000000000000000e+00,0.000000000000000000e+00,0.000000000000000000e+00
-0.000000000000000000e+00,0.000000000000000000e+00,0.000000000000000000e+00
-0.000000000000000000e+00,0.000000000000000000e+00,0.000000000000000000e+00
-0.000000000000000000e+00,0.000000000000000000e+00,0.000000000000000000e+00
-0.000000000000000000e+00,0.000000000000000000e+00,0.000000000000000000e+00
-1.194162521362304688e+02,2.675739479064941406e+01,5.510000000000000000e+02
-1.186016311645507812e+02,2.670883178710937500e+01,5.500000000000000000e+02
-1.180037307739257812e+02,2.670883178710937500e+01,5.500000000000000000e+02
-1.174058380126953125e+02,2.670883178710937500e+01,5.500000000000000000e+02
-1.168079376220703125e+02,2.670883178710937500e+01,5.500000000000000000e+02
-1.162100448608398438e+02,2.670883178710937500e+01,5.500000000000000000e+02
-1.456937561035156250e+02,2.700908088684082031e+01,5.440000000000000000e+02
-1.451023712158203125e+02,2.700908088684082031e+01,5.440000000000000000e+02
-1.445110015869140625e+02,2.700908088684082031e+01,5.440000000000000000e+02
-1.436550750732421875e+02,2.695943069458007812e+01,5.430000000000000000e+02
-1.430647888183593750e+02,2.695943069458007812e+01,5.430000000000000000e+02
-1.424744873046875000e+02,2.695943069458007812e+01,5.430000000000000000e+02
-1.418842163085937500e+02,2.695943069458007812e+01,5.430000000000000000e+02
-1.412939147949218750e+02,2.695943069458007812e+01,5.430000000000000000e+02
-1.407036437988281250e+02,2.695943069458007812e+01,5.430000000000000000e+02
-1.401133422851562500e+02,2.695943069458007812e+01,5.430000000000000000e+02
-1.395230560302734375e+02,2.695943069458007812e+01,5.430000000000000000e+02
-1.391886291503906250e+02,2.700908088684082031e+01,5.440000000000000000e+02
-1.385972595214843750e+02,2.700908088684082031e+01,5.440000000000000000e+02
-1.380058898925781250e+02,2.700908088684082031e+01,5.440000000000000000e+02
-1.376670989990234375e+02,2.705872917175292969e+01,5.450000000000000000e+02
-1.373261718750000000e+02,2.710837936401367188e+01,5.460000000000000000e+02
-0.000000000000000000e+00,0.000000000000000000e+00,0.000000000000000000e+00
-0.000000000000000000e+00,0.000000000000000000e+00,0.000000000000000000e+00
-1.367867736816406250e+02,2.735662460327148438e+01,5.510000000000000000e+02
-1.361877899169921875e+02,2.735662460327148438e+01,5.510000000000000000e+02
-1.355888061523437500e+02,2.735662460327148438e+01,5.510000000000000000e+02
-1.352348175048828125e+02,2.740627288818359375e+01,5.520000000000000000e+02
-1.343908538818359375e+02,2.735662460327148438e+01,5.510000000000000000e+02
-1.340346832275390625e+02,2.740627288818359375e+01,5.520000000000000000e+02
-1.331928863525390625e+02,2.735662460327148438e+01,5.510000000000000000e+02
-0.000000000000000000e+00,0.000000000000000000e+00,0.000000000000000000e+00
-0.000000000000000000e+00,0.000000000000000000e+00,0.000000000000000000e+00
-0.000000000000000000e+00,0.000000000000000000e+00,0.000000000000000000e+00
-0.000000000000000000e+00,0.000000000000000000e+00,0.000000000000000000e+00
-0.000000000000000000e+00,0.000000000000000000e+00,0.000000000000000000e+00
-0.000000000000000000e+00,0.000000000000000000e+00,0.000000000000000000e+00
-0.000000000000000000e+00,0.000000000000000000e+00,0.000000000000000000e+00
-0.000000000000000000e+00,0.000000000000000000e+00,0.000000000000000000e+00
-0.000000000000000000e+00,0.000000000000000000e+00,0.000000000000000000e+00
-0.000000000000000000e+00,0.000000000000000000e+00,0.000000000000000000e+00
-0.000000000000000000e+00,0.000000000000000000e+00,0.000000000000000000e+00
-0.000000000000000000e+00,0.000000000000000000e+00,0.000000000000000000e+00
-0.000000000000000000e+00,0.000000000000000000e+00,0.000000000000000000e+00
-0.000000000000000000e+00,0.000000000000000000e+00,0.000000000000000000e+00
-0.000000000000000000e+00,0.000000000000000000e+00,0.000000000000000000e+00
-0.000000000000000000e+00,0.000000000000000000e+00,0.000000000000000000e+00
-0.000000000000000000e+00,0.000000000000000000e+00,0.000000000000000000e+00
-0.000000000000000000e+00,0.000000000000000000e+00,0.000000000000000000e+00
-0.000000000000000000e+00,0.000000000000000000e+00,0.000000000000000000e+00
-0.000000000000000000e+00,0.000000000000000000e+00,0.000000000000000000e+00
-0.000000000000000000e+00,0.000000000000000000e+00,0.000000000000000000e+00
-0.000000000000000000e+00,0.000000000000000000e+00,0.000000000000000000e+00
-0.000000000000000000e+00,0.000000000000000000e+00,0.000000000000000000e+00
-0.000000000000000000e+00,0.000000000000000000e+00,0.000000000000000000e+00
-1.180037307739257812e+02,2.730697441101074219e+01,5.500000000000000000e+02
-1.174058380126953125e+02,2.730697441101074219e+01,5.500000000000000000e+02
-1.168079376220703125e+02,2.730697441101074219e+01,5.500000000000000000e+02
-1.162100448608398438e+02,2.730697441101074219e+01,5.500000000000000000e+02
-1.156121444702148438e+02,2.730697441101074219e+01,5.500000000000000000e+02
-1.442453613281250000e+02,2.754996109008789062e+01,5.430000000000000000e+02
-1.436550750732421875e+02,2.754996109008789062e+01,5.430000000000000000e+02
-1.430647888183593750e+02,2.754996109008789062e+01,5.430000000000000000e+02
-1.422121124267578125e+02,2.749922370910644531e+01,5.420000000000000000e+02
-1.416229248046875000e+02,2.749922370910644531e+01,5.420000000000000000e+02
-1.410337066650390625e+02,2.749922370910644531e+01,5.420000000000000000e+02
-1.404445190429687500e+02,2.749922370910644531e+01,5.420000000000000000e+02
-1.398553161621093750e+02,2.749922370910644531e+01,5.420000000000000000e+02
-1.392660980224609375e+02,2.749922370910644531e+01,5.420000000000000000e+02
-1.386769104003906250e+02,2.749922370910644531e+01,5.420000000000000000e+02
-1.380877075195312500e+02,2.749922370910644531e+01,5.420000000000000000e+02
-1.374985198974609375e+02,2.749922370910644531e+01,5.420000000000000000e+02
-1.371619110107421875e+02,2.754996109008789062e+01,5.430000000000000000e+02
-1.368231353759765625e+02,2.760069656372070312e+01,5.440000000000000000e+02
-1.364821777343750000e+02,2.765143394470214844e+01,5.450000000000000000e+02
-1.363884124755859375e+02,2.775290679931640625e+01,5.470000000000000000e+02
-1.362902832031250000e+02,2.785437965393066406e+01,5.490000000000000000e+02
-1.359406280517578125e+02,2.790511703491210938e+01,5.500000000000000000e+02
-1.355888061523437500e+02,2.795585441589355469e+01,5.510000000000000000e+02
-1.349898223876953125e+02,2.795585441589355469e+01,5.510000000000000000e+02
-1.343908538818359375e+02,2.795585441589355469e+01,5.510000000000000000e+02
-1.337918701171875000e+02,2.795585441589355469e+01,5.510000000000000000e+02
-1.331928863525390625e+02,2.795585441589355469e+01,5.510000000000000000e+02
-1.325938873291015625e+02,2.795585441589355469e+01,5.510000000000000000e+02
-0.000000000000000000e+00,0.000000000000000000e+00,0.000000000000000000e+00
-0.000000000000000000e+00,0.000000000000000000e+00,0.000000000000000000e+00
-0.000000000000000000e+00,0.000000000000000000e+00,0.000000000000000000e+00
-0.000000000000000000e+00,0.000000000000000000e+00,0.000000000000000000e+00
-0.000000000000000000e+00,0.000000000000000000e+00,0.000000000000000000e+00
-0.000000000000000000e+00,0.000000000000000000e+00,0.000000000000000000e+00
-0.000000000000000000e+00,0.000000000000000000e+00,0.000000000000000000e+00
-0.000000000000000000e+00,0.000000000000000000e+00,0.000000000000000000e+00
-0.000000000000000000e+00,0.000000000000000000e+00,0.000000000000000000e+00
-0.000000000000000000e+00,0.000000000000000000e+00,0.000000000000000000e+00
-0.000000000000000000e+00,0.000000000000000000e+00,0.000000000000000000e+00
-0.000000000000000000e+00,0.000000000000000000e+00,0.000000000000000000e+00
-0.000000000000000000e+00,0.000000000000000000e+00,0.000000000000000000e+00
-0.000000000000000000e+00,0.000000000000000000e+00,0.000000000000000000e+00
-0.000000000000000000e+00,0.000000000000000000e+00,0.000000000000000000e+00
-0.000000000000000000e+00,0.000000000000000000e+00,0.000000000000000000e+00
-0.000000000000000000e+00,0.000000000000000000e+00,0.000000000000000000e+00
-0.000000000000000000e+00,0.000000000000000000e+00,0.000000000000000000e+00
-0.000000000000000000e+00,0.000000000000000000e+00,0.000000000000000000e+00
-0.000000000000000000e+00,0.000000000000000000e+00,0.000000000000000000e+00
-0.000000000000000000e+00,0.000000000000000000e+00,0.000000000000000000e+00
-0.000000000000000000e+00,0.000000000000000000e+00,0.000000000000000000e+00
-0.000000000000000000e+00,0.000000000000000000e+00,0.000000000000000000e+00
-0.000000000000000000e+00,0.000000000000000000e+00,0.000000000000000000e+00
-1.174058380126953125e+02,2.790511703491210938e+01,5.500000000000000000e+02
-1.168079376220703125e+02,2.790511703491210938e+01,5.500000000000000000e+02
-1.162100448608398438e+02,2.790511703491210938e+01,5.500000000000000000e+02
-1.156121444702148438e+02,2.790511703491210938e+01,5.500000000000000000e+02
-1.150142517089843750e+02,2.790511703491210938e+01,5.500000000000000000e+02
-1.142083206176757812e+02,2.785437965393066406e+01,5.490000000000000000e+02
-1.138184509277343750e+02,2.790511703491210938e+01,5.500000000000000000e+02
-1.428013153076171875e+02,2.808866882324218750e+01,5.420000000000000000e+02
-1.422121124267578125e+02,2.808866882324218750e+01,5.420000000000000000e+02
-1.416229248046875000e+02,2.808866882324218750e+01,5.420000000000000000e+02
-1.410337066650390625e+02,2.808866882324218750e+01,5.420000000000000000e+02
-1.404445190429687500e+02,2.808866882324218750e+01,5.420000000000000000e+02
-1.398553161621093750e+02,2.808866882324218750e+01,5.420000000000000000e+02
-1.392660980224609375e+02,2.808866882324218750e+01,5.420000000000000000e+02
-1.386769104003906250e+02,2.808866882324218750e+01,5.420000000000000000e+02
-1.380877075195312500e+02,2.808866882324218750e+01,5.420000000000000000e+02
-1.374985198974609375e+02,2.808866882324218750e+01,5.420000000000000000e+02
-1.371619110107421875e+02,2.814049339294433594e+01,5.430000000000000000e+02
-1.368231353759765625e+02,2.819231605529785156e+01,5.440000000000000000e+02
-1.362317504882812500e+02,2.819231605529785156e+01,5.440000000000000000e+02
-1.358897247314453125e+02,2.824414062500000000e+01,5.450000000000000000e+02
-1.360420227050781250e+02,2.839961242675781250e+01,5.480000000000000000e+02
-1.356934661865234375e+02,2.845143699645996094e+01,5.490000000000000000e+02
-1.353427429199218750e+02,2.850326156616210938e+01,5.500000000000000000e+02
-1.347448425292968750e+02,2.850326156616210938e+01,5.500000000000000000e+02
-1.343908538818359375e+02,2.855508613586425781e+01,5.510000000000000000e+02
-1.337918701171875000e+02,2.855508613586425781e+01,5.510000000000000000e+02
-1.331928863525390625e+02,2.855508613586425781e+01,5.510000000000000000e+02
-1.325938873291015625e+02,2.855508613586425781e+01,5.510000000000000000e+02
-1.319949035644531250e+02,2.855508613586425781e+01,5.510000000000000000e+02
-1.313959197998046875e+02,2.855508613586425781e+01,5.510000000000000000e+02
-0.000000000000000000e+00,0.000000000000000000e+00,0.000000000000000000e+00
-0.000000000000000000e+00,0.000000000000000000e+00,0.000000000000000000e+00
-0.000000000000000000e+00,0.000000000000000000e+00,0.000000000000000000e+00
-0.000000000000000000e+00,0.000000000000000000e+00,0.000000000000000000e+00
-0.000000000000000000e+00,0.000000000000000000e+00,0.000000000000000000e+00
-0.000000000000000000e+00,0.000000000000000000e+00,0.000000000000000000e+00
-0.000000000000000000e+00,0.000000000000000000e+00,0.000000000000000000e+00
-0.000000000000000000e+00,0.000000000000000000e+00,0.000000000000000000e+00
-0.000000000000000000e+00,0.000000000000000000e+00,0.000000000000000000e+00
-0.000000000000000000e+00,0.000000000000000000e+00,0.000000000000000000e+00
-0.000000000000000000e+00,0.000000000000000000e+00,0.000000000000000000e+00
-0.000000000000000000e+00,0.000000000000000000e+00,0.000000000000000000e+00
-0.000000000000000000e+00,0.000000000000000000e+00,0.000000000000000000e+00
-0.000000000000000000e+00,0.000000000000000000e+00,0.000000000000000000e+00
-0.000000000000000000e+00,0.000000000000000000e+00,0.000000000000000000e+00
-0.000000000000000000e+00,0.000000000000000000e+00,0.000000000000000000e+00
-0.000000000000000000e+00,0.000000000000000000e+00,0.000000000000000000e+00
-0.000000000000000000e+00,0.000000000000000000e+00,0.000000000000000000e+00
-0.000000000000000000e+00,0.000000000000000000e+00,0.000000000000000000e+00
-0.000000000000000000e+00,0.000000000000000000e+00,0.000000000000000000e+00
-0.000000000000000000e+00,0.000000000000000000e+00,0.000000000000000000e+00
-0.000000000000000000e+00,0.000000000000000000e+00,0.000000000000000000e+00
-0.000000000000000000e+00,0.000000000000000000e+00,0.000000000000000000e+00
-1.168079376220703125e+02,2.850326156616210938e+01,5.500000000000000000e+02
-1.162100448608398438e+02,2.850326156616210938e+01,5.500000000000000000e+02
-1.154019393920898438e+02,2.845143699645996094e+01,5.490000000000000000e+02
-1.148051300048828125e+02,2.845143699645996094e+01,5.490000000000000000e+02
-1.142083206176757812e+02,2.845143699645996094e+01,5.490000000000000000e+02
-1.136115036010742188e+02,2.845143699645996094e+01,5.490000000000000000e+02
-1.130146942138671875e+02,2.845143699645996094e+01,5.490000000000000000e+02
-1.124178848266601562e+02,2.845143699645996094e+01,5.490000000000000000e+02
-1.118210754394531250e+02,2.845143699645996094e+01,5.490000000000000000e+02
-1.422121124267578125e+02,2.867811012268066406e+01,5.420000000000000000e+02
-1.416229248046875000e+02,2.867811012268066406e+01,5.420000000000000000e+02
-1.407734985351562500e+02,2.862519836425781250e+01,5.410000000000000000e+02
-1.404445190429687500e+02,2.867811012268066406e+01,5.420000000000000000e+02
-1.398553161621093750e+02,2.867811012268066406e+01,5.420000000000000000e+02
-1.392660980224609375e+02,2.867811012268066406e+01,5.420000000000000000e+02
-1.384210510253906250e+02,2.862519836425781250e+01,5.410000000000000000e+02
-1.378329315185546875e+02,2.862519836425781250e+01,5.410000000000000000e+02
-1.372448272705078125e+02,2.862519836425781250e+01,5.410000000000000000e+02
-1.369093017578125000e+02,2.867811012268066406e+01,5.420000000000000000e+02
-1.363201141357421875e+02,2.867811012268066406e+01,5.420000000000000000e+02
-1.359813385009765625e+02,2.873102188110351562e+01,5.430000000000000000e+02
-1.356403961181640625e+02,2.878393363952636719e+01,5.440000000000000000e+02
-1.352972717285156250e+02,2.883684539794921875e+01,5.450000000000000000e+02
-1.354463043212890625e+02,2.899558067321777344e+01,5.480000000000000000e+02
-1.350966644287109375e+02,2.904849243164062500e+01,5.490000000000000000e+02
-1.344998474121093750e+02,2.904849243164062500e+01,5.490000000000000000e+02
-1.341469421386718750e+02,2.910140419006347656e+01,5.500000000000000000e+02
-1.337918701171875000e+02,2.915431594848632812e+01,5.510000000000000000e+02
-1.331928863525390625e+02,2.915431594848632812e+01,5.510000000000000000e+02
-1.325938873291015625e+02,2.915431594848632812e+01,5.510000000000000000e+02
-1.319949035644531250e+02,2.915431594848632812e+01,5.510000000000000000e+02
-1.313959197998046875e+02,2.915431594848632812e+01,5.510000000000000000e+02
-1.307969360351562500e+02,2.915431594848632812e+01,5.510000000000000000e+02
-1.301979522705078125e+02,2.915431594848632812e+01,5.510000000000000000e+02
-0.000000000000000000e+00,0.000000000000000000e+00,0.000000000000000000e+00
-0.000000000000000000e+00,0.000000000000000000e+00,0.000000000000000000e+00
-0.000000000000000000e+00,0.000000000000000000e+00,0.000000000000000000e+00
-0.000000000000000000e+00,0.000000000000000000e+00,0.000000000000000000e+00
-0.000000000000000000e+00,0.000000000000000000e+00,0.000000000000000000e+00
-0.000000000000000000e+00,0.000000000000000000e+00,0.000000000000000000e+00
-0.000000000000000000e+00,0.000000000000000000e+00,0.000000000000000000e+00
-0.000000000000000000e+00,0.000000000000000000e+00,0.000000000000000000e+00
-0.000000000000000000e+00,0.000000000000000000e+00,0.000000000000000000e+00
-0.000000000000000000e+00,0.000000000000000000e+00,0.000000000000000000e+00
-0.000000000000000000e+00,0.000000000000000000e+00,0.000000000000000000e+00
-0.000000000000000000e+00,0.000000000000000000e+00,0.000000000000000000e+00
-0.000000000000000000e+00,0.000000000000000000e+00,0.000000000000000000e+00
-0.000000000000000000e+00,0.000000000000000000e+00,0.000000000000000000e+00
-0.000000000000000000e+00,0.000000000000000000e+00,0.000000000000000000e+00
-0.000000000000000000e+00,0.000000000000000000e+00,0.000000000000000000e+00
-0.000000000000000000e+00,0.000000000000000000e+00,0.000000000000000000e+00
-0.000000000000000000e+00,0.000000000000000000e+00,0.000000000000000000e+00
-0.000000000000000000e+00,0.000000000000000000e+00,0.000000000000000000e+00
-0.000000000000000000e+00,0.000000000000000000e+00,0.000000000000000000e+00
-0.000000000000000000e+00,0.000000000000000000e+00,0.000000000000000000e+00
-0.000000000000000000e+00,0.000000000000000000e+00,0.000000000000000000e+00
-1.159987487792968750e+02,2.904849243164062500e+01,5.490000000000000000e+02
-1.154019393920898438e+02,2.904849243164062500e+01,5.490000000000000000e+02
-1.148051300048828125e+02,2.904849243164062500e+01,5.490000000000000000e+02
-1.142083206176757812e+02,2.904849243164062500e+01,5.490000000000000000e+02
-1.136115036010742188e+02,2.904849243164062500e+01,5.490000000000000000e+02
-1.130146942138671875e+02,2.904849243164062500e+01,5.490000000000000000e+02
-1.124178848266601562e+02,2.904849243164062500e+01,5.490000000000000000e+02
-1.118210754394531250e+02,2.904849243164062500e+01,5.490000000000000000e+02
-1.112242660522460938e+02,2.904849243164062500e+01,5.490000000000000000e+02
-1.106274566650390625e+02,2.904849243164062500e+01,5.490000000000000000e+02
-1.401853942871093750e+02,2.921355247497558594e+01,5.410000000000000000e+02
-1.395972747802734375e+02,2.921355247497558594e+01,5.410000000000000000e+02
-1.390091552734375000e+02,2.921355247497558594e+01,5.410000000000000000e+02
-1.384210510253906250e+02,2.921355247497558594e+01,5.410000000000000000e+02
-1.378329315185546875e+02,2.921355247497558594e+01,5.410000000000000000e+02
-1.372448272705078125e+02,2.921355247497558594e+01,5.410000000000000000e+02
-1.366567077636718750e+02,2.921355247497558594e+01,5.410000000000000000e+02
-1.363201141357421875e+02,2.926755332946777344e+01,5.420000000000000000e+02
-1.357309112548828125e+02,2.926755332946777344e+01,5.420000000000000000e+02
-1.353910522460937500e+02,2.932155227661132812e+01,5.430000000000000000e+02
-1.350490112304687500e+02,2.937555122375488281e+01,5.440000000000000000e+02
-1.347048034667968750e+02,2.942955017089843750e+01,5.450000000000000000e+02
-1.346045074462890625e+02,2.953754806518554688e+01,5.470000000000000000e+02
-1.342548522949218750e+02,2.959154701232910156e+01,5.480000000000000000e+02
-1.339030456542968750e+02,2.964554595947265625e+01,5.490000000000000000e+02
-1.333062286376953125e+02,2.964554595947265625e+01,5.490000000000000000e+02
-1.329511566162109375e+02,2.969954681396484375e+01,5.500000000000000000e+02
-1.323532409667968750e+02,2.969954681396484375e+01,5.500000000000000000e+02
-1.319949035644531250e+02,2.975354576110839844e+01,5.510000000000000000e+02
-1.311574554443359375e+02,2.969954681396484375e+01,5.500000000000000000e+02
-1.307969360351562500e+02,2.975354576110839844e+01,5.510000000000000000e+02
-1.301979522705078125e+02,2.975354576110839844e+01,5.510000000000000000e+02
-0.000000000000000000e+00,0.000000000000000000e+00,0.000000000000000000e+00
-0.000000000000000000e+00,0.000000000000000000e+00,0.000000000000000000e+00
-0.000000000000000000e+00,0.000000000000000000e+00,0.000000000000000000e+00
-0.000000000000000000e+00,0.000000000000000000e+00,0.000000000000000000e+00
-0.000000000000000000e+00,0.000000000000000000e+00,0.000000000000000000e+00
-0.000000000000000000e+00,0.000000000000000000e+00,0.000000000000000000e+00
-0.000000000000000000e+00,0.000000000000000000e+00,0.000000000000000000e+00
-0.000000000000000000e+00,0.000000000000000000e+00,0.000000000000000000e+00
-0.000000000000000000e+00,0.000000000000000000e+00,0.000000000000000000e+00
-0.000000000000000000e+00,0.000000000000000000e+00,0.000000000000000000e+00
-0.000000000000000000e+00,0.000000000000000000e+00,0.000000000000000000e+00
-0.000000000000000000e+00,0.000000000000000000e+00,0.000000000000000000e+00
-0.000000000000000000e+00,0.000000000000000000e+00,0.000000000000000000e+00
-0.000000000000000000e+00,0.000000000000000000e+00,0.000000000000000000e+00
-0.000000000000000000e+00,0.000000000000000000e+00,0.000000000000000000e+00
-0.000000000000000000e+00,0.000000000000000000e+00,0.000000000000000000e+00
-0.000000000000000000e+00,0.000000000000000000e+00,0.000000000000000000e+00
-0.000000000000000000e+00,0.000000000000000000e+00,0.000000000000000000e+00
-0.000000000000000000e+00,0.000000000000000000e+00,0.000000000000000000e+00
-0.000000000000000000e+00,0.000000000000000000e+00,0.000000000000000000e+00
-0.000000000000000000e+00,0.000000000000000000e+00,0.000000000000000000e+00
-0.000000000000000000e+00,0.000000000000000000e+00,0.000000000000000000e+00
-0.000000000000000000e+00,0.000000000000000000e+00,0.000000000000000000e+00
-1.154019393920898438e+02,2.964554595947265625e+01,5.490000000000000000e+02
-1.148051300048828125e+02,2.964554595947265625e+01,5.490000000000000000e+02
-1.142083206176757812e+02,2.964554595947265625e+01,5.490000000000000000e+02
-1.136115036010742188e+02,2.964554595947265625e+01,5.490000000000000000e+02
-1.130146942138671875e+02,2.964554595947265625e+01,5.490000000000000000e+02
-1.124178848266601562e+02,2.964554595947265625e+01,5.490000000000000000e+02
-1.118210754394531250e+02,2.964554595947265625e+01,5.490000000000000000e+02
-1.112242660522460938e+02,2.964554595947265625e+01,5.490000000000000000e+02
-1.106274566650390625e+02,2.964554595947265625e+01,5.490000000000000000e+02
-1.100306472778320312e+02,2.964554595947265625e+01,5.490000000000000000e+02
-1.094338378906250000e+02,2.964554595947265625e+01,5.490000000000000000e+02
-1.395972747802734375e+02,2.980190849304199219e+01,5.410000000000000000e+02
-1.390091552734375000e+02,2.980190849304199219e+01,5.410000000000000000e+02
-1.384210510253906250e+02,2.980190849304199219e+01,5.410000000000000000e+02
-1.378329315185546875e+02,2.980190849304199219e+01,5.410000000000000000e+02
-1.372448272705078125e+02,2.980190849304199219e+01,5.410000000000000000e+02
-1.366567077636718750e+02,2.980190849304199219e+01,5.410000000000000000e+02
-1.360686035156250000e+02,2.980190849304199219e+01,5.410000000000000000e+02
-1.354804840087890625e+02,2.980190849304199219e+01,5.410000000000000000e+02
-1.351417083740234375e+02,2.985699462890625000e+01,5.420000000000000000e+02
-1.345525207519531250e+02,2.985699462890625000e+01,5.420000000000000000e+02
-1.344576416015625000e+02,2.996716880798339844e+01,5.440000000000000000e+02
-1.338662719726562500e+02,2.996716880798339844e+01,5.440000000000000000e+02
-1.340098724365234375e+02,3.013242721557617188e+01,5.470000000000000000e+02
-1.334152374267578125e+02,3.013242721557617188e+01,5.470000000000000000e+02
-1.330634155273437500e+02,3.018751525878906250e+01,5.480000000000000000e+02
-1.327094268798828125e+02,3.024260139465332031e+01,5.490000000000000000e+02
-1.321126098632812500e+02,3.024260139465332031e+01,5.490000000000000000e+02
-1.317553558349609375e+02,3.029768753051757812e+01,5.500000000000000000e+02
-1.311574554443359375e+02,3.029768753051757812e+01,5.500000000000000000e+02
-1.307969360351562500e+02,3.035277557373046875e+01,5.510000000000000000e+02
-1.301979522705078125e+02,3.035277557373046875e+01,5.510000000000000000e+02
-1.295989685058593750e+02,3.035277557373046875e+01,5.510000000000000000e+02
-0.000000000000000000e+00,0.000000000000000000e+00,0.000000000000000000e+00
-0.000000000000000000e+00,0.000000000000000000e+00,0.000000000000000000e+00
-0.000000000000000000e+00,0.000000000000000000e+00,0.000000000000000000e+00
-0.000000000000000000e+00,0.000000000000000000e+00,0.000000000000000000e+00
-0.000000000000000000e+00,0.000000000000000000e+00,0.000000000000000000e+00
-0.000000000000000000e+00,0.000000000000000000e+00,0.000000000000000000e+00
-0.000000000000000000e+00,0.000000000000000000e+00,0.000000000000000000e+00
-0.000000000000000000e+00,0.000000000000000000e+00,0.000000000000000000e+00
-0.000000000000000000e+00,0.000000000000000000e+00,0.000000000000000000e+00
-0.000000000000000000e+00,0.000000000000000000e+00,0.000000000000000000e+00
-0.000000000000000000e+00,0.000000000000000000e+00,0.000000000000000000e+00
-0.000000000000000000e+00,0.000000000000000000e+00,0.000000000000000000e+00
-0.000000000000000000e+00,0.000000000000000000e+00,0.000000000000000000e+00
-0.000000000000000000e+00,0.000000000000000000e+00,0.000000000000000000e+00
-0.000000000000000000e+00,0.000000000000000000e+00,0.000000000000000000e+00
-0.000000000000000000e+00,0.000000000000000000e+00,0.000000000000000000e+00
-0.000000000000000000e+00,0.000000000000000000e+00,0.000000000000000000e+00
-0.000000000000000000e+00,0.000000000000000000e+00,0.000000000000000000e+00
-0.000000000000000000e+00,0.000000000000000000e+00,0.000000000000000000e+00
-0.000000000000000000e+00,0.000000000000000000e+00,0.000000000000000000e+00
-0.000000000000000000e+00,0.000000000000000000e+00,0.000000000000000000e+00
-0.000000000000000000e+00,0.000000000000000000e+00,0.000000000000000000e+00
-0.000000000000000000e+00,0.000000000000000000e+00,0.000000000000000000e+00
-1.148051300048828125e+02,3.024260139465332031e+01,5.490000000000000000e+02
-1.142083206176757812e+02,3.024260139465332031e+01,5.490000000000000000e+02
-1.136115036010742188e+02,3.024260139465332031e+01,5.490000000000000000e+02
-1.130146942138671875e+02,3.024260139465332031e+01,5.490000000000000000e+02
-1.124178848266601562e+02,3.024260139465332031e+01,5.490000000000000000e+02
-1.118210754394531250e+02,3.024260139465332031e+01,5.490000000000000000e+02
-1.112242660522460938e+02,3.024260139465332031e+01,5.490000000000000000e+02
-1.104259490966796875e+02,3.018751525878906250e+01,5.480000000000000000e+02
-1.100306472778320312e+02,3.024260139465332031e+01,5.490000000000000000e+02
-1.094338378906250000e+02,3.024260139465332031e+01,5.490000000000000000e+02
-1.086387863159179688e+02,3.018751525878906250e+01,5.480000000000000000e+02
-1.080430603027343750e+02,3.018751525878906250e+01,5.480000000000000000e+02
-1.384210510253906250e+02,3.039026451110839844e+01,5.410000000000000000e+02
-1.378329315185546875e+02,3.039026451110839844e+01,5.410000000000000000e+02
-1.369911346435546875e+02,3.033408927917480469e+01,5.400000000000000000e+02
-1.366567077636718750e+02,3.039026451110839844e+01,5.410000000000000000e+02
-1.360686035156250000e+02,3.039026451110839844e+01,5.410000000000000000e+02
-1.354804840087890625e+02,3.039026451110839844e+01,5.410000000000000000e+02
-1.348923797607421875e+02,3.039026451110839844e+01,5.410000000000000000e+02
-1.345525207519531250e+02,3.044643783569335938e+01,5.420000000000000000e+02
-1.339633178710937500e+02,3.044643783569335938e+01,5.420000000000000000e+02
-1.336201934814453125e+02,3.050261306762695312e+01,5.430000000000000000e+02
-1.332749023437500000e+02,3.055878639221191406e+01,5.440000000000000000e+02
-1.329274291992187500e+02,3.061496162414550781e+01,5.450000000000000000e+02
-1.325777740478515625e+02,3.067113494873046875e+01,5.460000000000000000e+02
-1.322259674072265625e+02,3.072731018066406250e+01,5.470000000000000000e+02
-1.318719635009765625e+02,3.078348350524902344e+01,5.480000000000000000e+02
-1.315157928466796875e+02,3.083965873718261719e+01,5.490000000000000000e+02
-1.309189910888671875e+02,3.083965873718261719e+01,5.490000000000000000e+02
-1.305595550537109375e+02,3.089583206176757812e+01,5.500000000000000000e+02
-1.299616546630859375e+02,3.089583206176757812e+01,5.500000000000000000e+02
-1.295989685058593750e+02,3.095200729370117188e+01,5.510000000000000000e+02
-1.289999847412109375e+02,3.095200729370117188e+01,5.510000000000000000e+02
-0.000000000000000000e+00,0.000000000000000000e+00,0.000000000000000000e+00
-0.000000000000000000e+00,0.000000000000000000e+00,0.000000000000000000e+00
-0.000000000000000000e+00,0.000000000000000000e+00,0.000000000000000000e+00
-0.000000000000000000e+00,0.000000000000000000e+00,0.000000000000000000e+00
-0.000000000000000000e+00,0.000000000000000000e+00,0.000000000000000000e+00
-0.000000000000000000e+00,0.000000000000000000e+00,0.000000000000000000e+00
-0.000000000000000000e+00,0.000000000000000000e+00,0.000000000000000000e+00
-0.000000000000000000e+00,0.000000000000000000e+00,0.000000000000000000e+00
-0.000000000000000000e+00,0.000000000000000000e+00,0.000000000000000000e+00
-0.000000000000000000e+00,0.000000000000000000e+00,0.000000000000000000e+00
-0.000000000000000000e+00,0.000000000000000000e+00,0.000000000000000000e+00
-0.000000000000000000e+00,0.000000000000000000e+00,0.000000000000000000e+00
-0.000000000000000000e+00,0.000000000000000000e+00,0.000000000000000000e+00
-0.000000000000000000e+00,0.000000000000000000e+00,0.000000000000000000e+00
-0.000000000000000000e+00,0.000000000000000000e+00,0.000000000000000000e+00
-0.000000000000000000e+00,0.000000000000000000e+00,0.000000000000000000e+00
-0.000000000000000000e+00,0.000000000000000000e+00,0.000000000000000000e+00
-0.000000000000000000e+00,0.000000000000000000e+00,0.000000000000000000e+00
-0.000000000000000000e+00,0.000000000000000000e+00,0.000000000000000000e+00
-0.000000000000000000e+00,0.000000000000000000e+00,0.000000000000000000e+00
-0.000000000000000000e+00,0.000000000000000000e+00,0.000000000000000000e+00
-0.000000000000000000e+00,0.000000000000000000e+00,0.000000000000000000e+00
-0.000000000000000000e+00,0.000000000000000000e+00,0.000000000000000000e+00
-0.000000000000000000e+00,0.000000000000000000e+00,0.000000000000000000e+00
-1.136115036010742188e+02,3.083965873718261719e+01,5.490000000000000000e+02
-1.130146942138671875e+02,3.083965873718261719e+01,5.490000000000000000e+02
-1.122131195068359375e+02,3.078348350524902344e+01,5.480000000000000000e+02
-1.116173934936523438e+02,3.078348350524902344e+01,5.480000000000000000e+02
-1.110216751098632812e+02,3.078348350524902344e+01,5.480000000000000000e+02
-1.104259490966796875e+02,3.078348350524902344e+01,5.480000000000000000e+02
-1.098302307128906250e+02,3.078348350524902344e+01,5.480000000000000000e+02
-1.092345046997070312e+02,3.078348350524902344e+01,5.480000000000000000e+02
-1.086387863159179688e+02,3.078348350524902344e+01,5.480000000000000000e+02
-1.080430603027343750e+02,3.078348350524902344e+01,5.480000000000000000e+02
-1.074473419189453125e+02,3.078348350524902344e+01,5.480000000000000000e+02
-1.068516159057617188e+02,3.078348350524902344e+01,5.480000000000000000e+02
-1.372448272705078125e+02,3.097861862182617188e+01,5.410000000000000000e+02
-1.364040985107421875e+02,3.092135620117187500e+01,5.400000000000000000e+02
-1.358170928955078125e+02,3.092135620117187500e+01,5.400000000000000000e+02
-1.352300567626953125e+02,3.092135620117187500e+01,5.400000000000000000e+02
-1.348923797607421875e+02,3.097861862182617188e+01,5.410000000000000000e+02
-1.343042602539062500e+02,3.097861862182617188e+01,5.410000000000000000e+02
-1.337161560058593750e+02,3.097861862182617188e+01,5.410000000000000000e+02
-1.333741149902343750e+02,3.103588104248046875e+01,5.420000000000000000e+02
-1.327849121093750000e+02,3.103588104248046875e+01,5.420000000000000000e+02
-1.324396209716796875e+02,3.109314155578613281e+01,5.430000000000000000e+02
-1.323349609375000000e+02,3.120766639709472656e+01,5.450000000000000000e+02
-1.317425079345703125e+02,3.120766639709472656e+01,5.450000000000000000e+02
-1.313906707763671875e+02,3.126492691040039062e+01,5.460000000000000000e+02
-1.310366821289062500e+02,3.132218933105468750e+01,5.470000000000000000e+02
-1.306805114746093750e+02,3.137945175170898438e+01,5.480000000000000000e+02
-1.303221740722656250e+02,3.143671226501464844e+01,5.490000000000000000e+02
-1.297253723144531250e+02,3.143671226501464844e+01,5.490000000000000000e+02
-1.293637695312500000e+02,3.149397468566894531e+01,5.500000000000000000e+02
-1.289999847412109375e+02,3.155123710632324219e+01,5.510000000000000000e+02
-1.284010009765625000e+02,3.155123710632324219e+01,5.510000000000000000e+02
-1.278020172119140625e+02,3.155123710632324219e+01,5.510000000000000000e+02
-1.272030334472656250e+02,3.155123710632324219e+01,5.510000000000000000e+02
-0.000000000000000000e+00,0.000000000000000000e+00,0.000000000000000000e+00
-0.000000000000000000e+00,0.000000000000000000e+00,0.000000000000000000e+00
-0.000000000000000000e+00,0.000000000000000000e+00,0.000000000000000000e+00
-0.000000000000000000e+00,0.000000000000000000e+00,0.000000000000000000e+00
-0.000000000000000000e+00,0.000000000000000000e+00,0.000000000000000000e+00
-0.000000000000000000e+00,0.000000000000000000e+00,0.000000000000000000e+00
-0.000000000000000000e+00,0.000000000000000000e+00,0.000000000000000000e+00
-0.000000000000000000e+00,0.000000000000000000e+00,0.000000000000000000e+00
-0.000000000000000000e+00,0.000000000000000000e+00,0.000000000000000000e+00
-0.000000000000000000e+00,0.000000000000000000e+00,0.000000000000000000e+00
-0.000000000000000000e+00,0.000000000000000000e+00,0.000000000000000000e+00
-0.000000000000000000e+00,0.000000000000000000e+00,0.000000000000000000e+00
-0.000000000000000000e+00,0.000000000000000000e+00,0.000000000000000000e+00
-0.000000000000000000e+00,0.000000000000000000e+00,0.000000000000000000e+00
-0.000000000000000000e+00,0.000000000000000000e+00,0.000000000000000000e+00
-0.000000000000000000e+00,0.000000000000000000e+00,0.000000000000000000e+00
-0.000000000000000000e+00,0.000000000000000000e+00,0.000000000000000000e+00
-0.000000000000000000e+00,0.000000000000000000e+00,0.000000000000000000e+00
-0.000000000000000000e+00,0.000000000000000000e+00,0.000000000000000000e+00
-0.000000000000000000e+00,0.000000000000000000e+00,0.000000000000000000e+00
-0.000000000000000000e+00,0.000000000000000000e+00,0.000000000000000000e+00
-0.000000000000000000e+00,0.000000000000000000e+00,0.000000000000000000e+00
-1.128088378906250000e+02,3.137945175170898438e+01,5.480000000000000000e+02
-1.122131195068359375e+02,3.137945175170898438e+01,5.480000000000000000e+02
-1.116173934936523438e+02,3.137945175170898438e+01,5.480000000000000000e+02
-1.110216751098632812e+02,3.137945175170898438e+01,5.480000000000000000e+02
-1.104259490966796875e+02,3.137945175170898438e+01,5.480000000000000000e+02
-1.098302307128906250e+02,3.137945175170898438e+01,5.480000000000000000e+02
-1.090351715087890625e+02,3.132218933105468750e+01,5.470000000000000000e+02
-1.084405364990234375e+02,3.132218933105468750e+01,5.470000000000000000e+02
-1.078459014892578125e+02,3.132218933105468750e+01,5.470000000000000000e+02
-1.072512664794921875e+02,3.132218933105468750e+01,5.470000000000000000e+02
-1.066566314697265625e+02,3.132218933105468750e+01,5.470000000000000000e+02
-1.060619964599609375e+02,3.132218933105468750e+01,5.470000000000000000e+02
-1.052745513916015625e+02,3.126492691040039062e+01,5.460000000000000000e+02
-1.364040985107421875e+02,3.150862503051757812e+01,5.400000000000000000e+02
-1.358170928955078125e+02,3.150862503051757812e+01,5.400000000000000000e+02
-1.352300567626953125e+02,3.150862503051757812e+01,5.400000000000000000e+02
-1.346430358886718750e+02,3.150862503051757812e+01,5.400000000000000000e+02
-1.340560150146484375e+02,3.150862503051757812e+01,5.400000000000000000e+02
-1.334689788818359375e+02,3.150862503051757812e+01,5.400000000000000000e+02
-1.331280364990234375e+02,3.156697273254394531e+01,5.410000000000000000e+02
-1.325399169921875000e+02,3.156697273254394531e+01,5.410000000000000000e+02
-1.321957092285156250e+02,3.162532234191894531e+01,5.420000000000000000e+02
-1.316065216064453125e+02,3.162532234191894531e+01,5.420000000000000000e+02
-1.312590484619140625e+02,3.168367195129394531e+01,5.430000000000000000e+02
-1.311500396728515625e+02,3.180037117004394531e+01,5.450000000000000000e+02
-1.307971343994140625e+02,3.185872077941894531e+01,5.460000000000000000e+02
-1.304420471191406250e+02,3.191706848144531250e+01,5.470000000000000000e+02
-1.298474121093750000e+02,3.191706848144531250e+01,5.470000000000000000e+02
-1.294890747070312500e+02,3.197541809082031250e+01,5.480000000000000000e+02
-1.291285552978515625e+02,3.203376770019531250e+01,5.490000000000000000e+02
-1.287658691406250000e+02,3.209211730957031250e+01,5.500000000000000000e+02
-1.281679687500000000e+02,3.209211730957031250e+01,5.500000000000000000e+02
-1.275700759887695312e+02,3.209211730957031250e+01,5.500000000000000000e+02
-1.272030334472656250e+02,3.215046691894531250e+01,5.510000000000000000e+02
-1.266040496826171875e+02,3.215046691894531250e+01,5.510000000000000000e+02
-0.000000000000000000e+00,0.000000000000000000e+00,0.000000000000000000e+00
-0.000000000000000000e+00,0.000000000000000000e+00,0.000000000000000000e+00
-0.000000000000000000e+00,0.000000000000000000e+00,0.000000000000000000e+00
-0.000000000000000000e+00,0.000000000000000000e+00,0.000000000000000000e+00
-0.000000000000000000e+00,0.000000000000000000e+00,0.000000000000000000e+00
-0.000000000000000000e+00,0.000000000000000000e+00,0.000000000000000000e+00
-0.000000000000000000e+00,0.000000000000000000e+00,0.000000000000000000e+00
-0.000000000000000000e+00,0.000000000000000000e+00,0.000000000000000000e+00
-0.000000000000000000e+00,0.000000000000000000e+00,0.000000000000000000e+00
-0.000000000000000000e+00,0.000000000000000000e+00,0.000000000000000000e+00
-0.000000000000000000e+00,0.000000000000000000e+00,0.000000000000000000e+00
-0.000000000000000000e+00,0.000000000000000000e+00,0.000000000000000000e+00
-0.000000000000000000e+00,0.000000000000000000e+00,0.000000000000000000e+00
-0.000000000000000000e+00,0.000000000000000000e+00,0.000000000000000000e+00
-0.000000000000000000e+00,0.000000000000000000e+00,0.000000000000000000e+00
-0.000000000000000000e+00,0.000000000000000000e+00,0.000000000000000000e+00
-0.000000000000000000e+00,0.000000000000000000e+00,0.000000000000000000e+00
-0.000000000000000000e+00,0.000000000000000000e+00,0.000000000000000000e+00
-0.000000000000000000e+00,0.000000000000000000e+00,0.000000000000000000e+00
-0.000000000000000000e+00,0.000000000000000000e+00,0.000000000000000000e+00
-0.000000000000000000e+00,0.000000000000000000e+00,0.000000000000000000e+00
-0.000000000000000000e+00,0.000000000000000000e+00,0.000000000000000000e+00
-0.000000000000000000e+00,0.000000000000000000e+00,0.000000000000000000e+00
-0.000000000000000000e+00,0.000000000000000000e+00,0.000000000000000000e+00
-1.108190765380859375e+02,3.191706848144531250e+01,5.470000000000000000e+02
-1.102244415283203125e+02,3.191706848144531250e+01,5.470000000000000000e+02
-1.096298065185546875e+02,3.191706848144531250e+01,5.470000000000000000e+02
-1.090351715087890625e+02,3.191706848144531250e+01,5.470000000000000000e+02
-1.084405364990234375e+02,3.191706848144531250e+01,5.470000000000000000e+02
-1.078459014892578125e+02,3.191706848144531250e+01,5.470000000000000000e+02
-1.070551986694335938e+02,3.185872077941894531e+01,5.460000000000000000e+02
-1.064616470336914062e+02,3.185872077941894531e+01,5.460000000000000000e+02
-1.056742019653320312e+02,3.180037117004394531e+01,5.450000000000000000e+02
-1.050817413330078125e+02,3.180037117004394531e+01,5.450000000000000000e+02
-1.044892807006835938e+02,3.180037117004394531e+01,5.450000000000000000e+02
-1.352300567626953125e+02,3.209589385986328125e+01,5.400000000000000000e+02
-1.346430358886718750e+02,3.209589385986328125e+01,5.400000000000000000e+02
-1.340560150146484375e+02,3.209589385986328125e+01,5.400000000000000000e+02
-1.334689788818359375e+02,3.209589385986328125e+01,5.400000000000000000e+02
-1.328819580078125000e+02,3.209589385986328125e+01,5.400000000000000000e+02
-1.322949371337890625e+02,3.209589385986328125e+01,5.400000000000000000e+02
-1.319518127441406250e+02,3.215533065795898438e+01,5.410000000000000000e+02
-1.313636932373046875e+02,3.215533065795898438e+01,5.410000000000000000e+02
-1.310173187255859375e+02,3.221476745605468750e+01,5.420000000000000000e+02
-1.304281005859375000e+02,3.221476745605468750e+01,5.420000000000000000e+02
-1.303180236816406250e+02,3.233364105224609375e+01,5.440000000000000000e+02
-1.299651184082031250e+02,3.239307785034179688e+01,5.450000000000000000e+02
-1.296100311279296875e+02,3.245251464843750000e+01,5.460000000000000000e+02
-1.292527770996093750e+02,3.251195144653320312e+01,5.470000000000000000e+02
-1.288933563232421875e+02,3.257138824462890625e+01,5.480000000000000000e+02
-1.285317535400390625e+02,3.263082504272460938e+01,5.490000000000000000e+02
-1.279349365234375000e+02,3.263082504272460938e+01,5.490000000000000000e+02
-1.275700759887695312e+02,3.269026184082031250e+01,5.500000000000000000e+02
-1.269721755981445312e+02,3.269026184082031250e+01,5.500000000000000000e+02
-1.263742828369140625e+02,3.269026184082031250e+01,5.500000000000000000e+02
-1.260050659179687500e+02,3.274969863891601562e+01,5.510000000000000000e+02
-1.254060821533203125e+02,3.274969863891601562e+01,5.510000000000000000e+02
-1.248070983886718750e+02,3.274969863891601562e+01,5.510000000000000000e+02
-0.000000000000000000e+00,0.000000000000000000e+00,0.000000000000000000e+00
-0.000000000000000000e+00,0.000000000000000000e+00,0.000000000000000000e+00
-0.000000000000000000e+00,0.000000000000000000e+00,0.000000000000000000e+00
-0.000000000000000000e+00,0.000000000000000000e+00,0.000000000000000000e+00
-0.000000000000000000e+00,0.000000000000000000e+00,0.000000000000000000e+00
-0.000000000000000000e+00,0.000000000000000000e+00,0.000000000000000000e+00
-0.000000000000000000e+00,0.000000000000000000e+00,0.000000000000000000e+00
-0.000000000000000000e+00,0.000000000000000000e+00,0.000000000000000000e+00
-0.000000000000000000e+00,0.000000000000000000e+00,0.000000000000000000e+00
-0.000000000000000000e+00,0.000000000000000000e+00,0.000000000000000000e+00
-0.000000000000000000e+00,0.000000000000000000e+00,0.000000000000000000e+00
-0.000000000000000000e+00,0.000000000000000000e+00,0.000000000000000000e+00
-0.000000000000000000e+00,0.000000000000000000e+00,0.000000000000000000e+00
-0.000000000000000000e+00,0.000000000000000000e+00,0.000000000000000000e+00
-0.000000000000000000e+00,0.000000000000000000e+00,0.000000000000000000e+00
-0.000000000000000000e+00,0.000000000000000000e+00,0.000000000000000000e+00
-0.000000000000000000e+00,0.000000000000000000e+00,0.000000000000000000e+00
-0.000000000000000000e+00,0.000000000000000000e+00,0.000000000000000000e+00
-0.000000000000000000e+00,0.000000000000000000e+00,0.000000000000000000e+00
-0.000000000000000000e+00,0.000000000000000000e+00,0.000000000000000000e+00
-0.000000000000000000e+00,0.000000000000000000e+00,0.000000000000000000e+00
-0.000000000000000000e+00,0.000000000000000000e+00,0.000000000000000000e+00
-1.102244415283203125e+02,3.251195144653320312e+01,5.470000000000000000e+02
-1.094293899536132812e+02,3.245251464843750000e+01,5.460000000000000000e+02
-1.088358383178710938e+02,3.245251464843750000e+01,5.460000000000000000e+02
-1.082422943115234375e+02,3.245251464843750000e+01,5.460000000000000000e+02
-1.074515838623046875e+02,3.239307785034179688e+01,5.450000000000000000e+02
-1.068591232299804688e+02,3.239307785034179688e+01,5.450000000000000000e+02
-1.060716781616210938e+02,3.233364105224609375e+01,5.440000000000000000e+02
-0.000000000000000000e+00,0.000000000000000000e+00,0.000000000000000000e+00
-0.000000000000000000e+00,0.000000000000000000e+00,0.000000000000000000e+00
-1.041058349609375000e+02,3.227420425415039062e+01,5.430000000000000000e+02
-1.035155487060546875e+02,3.227420425415039062e+01,5.430000000000000000e+02
-1.029252624511718750e+02,3.227420425415039062e+01,5.430000000000000000e+02
-1.338077545166015625e+02,3.262263488769531250e+01,5.390000000000000000e+02
-1.332218170166015625e+02,3.262263488769531250e+01,5.390000000000000000e+02
-1.326358795166015625e+02,3.262263488769531250e+01,5.390000000000000000e+02
-1.322949371337890625e+02,3.268315887451171875e+01,5.400000000000000000e+02
-1.317079010009765625e+02,3.268315887451171875e+01,5.400000000000000000e+02
-1.311208801269531250e+02,3.268315887451171875e+01,5.400000000000000000e+02
-1.307755889892578125e+02,3.274368286132812500e+01,5.410000000000000000e+02
-1.301874694824218750e+02,3.274368286132812500e+01,5.410000000000000000e+02
-1.298389129638671875e+02,3.280421066284179688e+01,5.420000000000000000e+02
-1.294881744384765625e+02,3.286473464965820312e+01,5.430000000000000000e+02
-1.291352691650390625e+02,3.292525863647460938e+01,5.440000000000000000e+02
-1.287801971435546875e+02,3.298578262329101562e+01,5.450000000000000000e+02
-1.284229431152343750e+02,3.304630661010742188e+01,5.460000000000000000e+02
-1.278293914794921875e+02,3.304630661010742188e+01,5.460000000000000000e+02
-1.274688720703125000e+02,3.310683059692382812e+01,5.470000000000000000e+02
-1.271061859130859375e+02,3.316735458374023438e+01,5.480000000000000000e+02
-1.267413177490234375e+02,3.322787857055664062e+01,5.490000000000000000e+02
-1.261445083618164062e+02,3.322787857055664062e+01,5.490000000000000000e+02
-1.255476989746093750e+02,3.322787857055664062e+01,5.490000000000000000e+02
-1.251784896850585938e+02,3.328840255737304688e+01,5.500000000000000000e+02
-1.245805892944335938e+02,3.328840255737304688e+01,5.500000000000000000e+02
-1.239826965332031250e+02,3.328840255737304688e+01,5.500000000000000000e+02
-1.233847961425781250e+02,3.328840255737304688e+01,5.500000000000000000e+02
-0.000000000000000000e+00,0.000000000000000000e+00,0.000000000000000000e+00
-0.000000000000000000e+00,0.000000000000000000e+00,0.000000000000000000e+00
-0.000000000000000000e+00,0.000000000000000000e+00,0.000000000000000000e+00
-0.000000000000000000e+00,0.000000000000000000e+00,0.000000000000000000e+00
-0.000000000000000000e+00,0.000000000000000000e+00,0.000000000000000000e+00
-0.000000000000000000e+00,0.000000000000000000e+00,0.000000000000000000e+00
-0.000000000000000000e+00,0.000000000000000000e+00,0.000000000000000000e+00
-0.000000000000000000e+00,0.000000000000000000e+00,0.000000000000000000e+00
-0.000000000000000000e+00,0.000000000000000000e+00,0.000000000000000000e+00
-0.000000000000000000e+00,0.000000000000000000e+00,0.000000000000000000e+00
-0.000000000000000000e+00,0.000000000000000000e+00,0.000000000000000000e+00
-0.000000000000000000e+00,0.000000000000000000e+00,0.000000000000000000e+00
-0.000000000000000000e+00,0.000000000000000000e+00,0.000000000000000000e+00
-0.000000000000000000e+00,0.000000000000000000e+00,0.000000000000000000e+00
-0.000000000000000000e+00,0.000000000000000000e+00,0.000000000000000000e+00
-0.000000000000000000e+00,0.000000000000000000e+00,0.000000000000000000e+00
-0.000000000000000000e+00,0.000000000000000000e+00,0.000000000000000000e+00
-0.000000000000000000e+00,0.000000000000000000e+00,0.000000000000000000e+00
-0.000000000000000000e+00,0.000000000000000000e+00,0.000000000000000000e+00
-0.000000000000000000e+00,0.000000000000000000e+00,0.000000000000000000e+00
-0.000000000000000000e+00,0.000000000000000000e+00,0.000000000000000000e+00
-1.094293899536132812e+02,3.304630661010742188e+01,5.460000000000000000e+02
-1.086365051269531250e+02,3.298578262329101562e+01,5.450000000000000000e+02
-1.078458023071289062e+02,3.292525863647460938e+01,5.440000000000000000e+02
-1.072544250488281250e+02,3.292525863647460938e+01,5.440000000000000000e+02
-1.066630554199218750e+02,3.292525863647460938e+01,5.440000000000000000e+02
-1.058766937255859375e+02,3.286473464965820312e+01,5.430000000000000000e+02
-1.052864074707031250e+02,3.286473464965820312e+01,5.430000000000000000e+02
-0.000000000000000000e+00,0.000000000000000000e+00,0.000000000000000000e+00
-0.000000000000000000e+00,0.000000000000000000e+00,0.000000000000000000e+00
-1.033249130249023438e+02,3.280421066284179688e+01,5.420000000000000000e+02
-1.027357101440429688e+02,3.280421066284179688e+01,5.420000000000000000e+02
-1.021465148925781250e+02,3.280421066284179688e+01,5.420000000000000000e+02
-1.326358795166015625e+02,3.320881652832031250e+01,5.390000000000000000e+02
-1.320499420166015625e+02,3.320881652832031250e+01,5.390000000000000000e+02
-1.314640045166015625e+02,3.320881652832031250e+01,5.390000000000000000e+02
-1.308780670166015625e+02,3.320881652832031250e+01,5.390000000000000000e+02
-1.302921295166015625e+02,3.320881652832031250e+01,5.390000000000000000e+02
-1.299468231201171875e+02,3.327042770385742188e+01,5.400000000000000000e+02
-1.293598022460937500e+02,3.327042770385742188e+01,5.400000000000000000e+02
-1.290112457275390625e+02,3.333203887939453125e+01,5.410000000000000000e+02
-1.286605072021484375e+02,3.339365005493164062e+01,5.420000000000000000e+02
-1.280713043212890625e+02,3.339365005493164062e+01,5.420000000000000000e+02
-1.277173156738281250e+02,3.345526123046875000e+01,5.430000000000000000e+02
-1.273611450195312500e+02,3.351687622070312500e+01,5.440000000000000000e+02
-1.270028076171875000e+02,3.357848739624023438e+01,5.450000000000000000e+02
-1.264103469848632812e+02,3.357848739624023438e+01,5.450000000000000000e+02
-1.260487442016601562e+02,3.364009857177734375e+01,5.460000000000000000e+02
-1.256849670410156250e+02,3.370170974731445312e+01,5.470000000000000000e+02
-1.250903320312500000e+02,3.370170974731445312e+01,5.470000000000000000e+02
-1.247232971191406250e+02,3.376332092285156250e+01,5.480000000000000000e+02
-1.243540802001953125e+02,3.382493591308593750e+01,5.490000000000000000e+02
-1.237572708129882812e+02,3.382493591308593750e+01,5.490000000000000000e+02
-1.233847961425781250e+02,3.388654708862304688e+01,5.500000000000000000e+02
-0.000000000000000000e+00,0.000000000000000000e+00,0.000000000000000000e+00
-0.000000000000000000e+00,0.000000000000000000e+00,0.000000000000000000e+00
-0.000000000000000000e+00,0.000000000000000000e+00,0.000000000000000000e+00
-0.000000000000000000e+00,0.000000000000000000e+00,0.000000000000000000e+00
-0.000000000000000000e+00,0.000000000000000000e+00,0.000000000000000000e+00
-0.000000000000000000e+00,0.000000000000000000e+00,0.000000000000000000e+00
-0.000000000000000000e+00,0.000000000000000000e+00,0.000000000000000000e+00
-0.000000000000000000e+00,0.000000000000000000e+00,0.000000000000000000e+00
-0.000000000000000000e+00,0.000000000000000000e+00,0.000000000000000000e+00
-0.000000000000000000e+00,0.000000000000000000e+00,0.000000000000000000e+00
-0.000000000000000000e+00,0.000000000000000000e+00,0.000000000000000000e+00
-0.000000000000000000e+00,0.000000000000000000e+00,0.000000000000000000e+00
-0.000000000000000000e+00,0.000000000000000000e+00,0.000000000000000000e+00
-0.000000000000000000e+00,0.000000000000000000e+00,0.000000000000000000e+00
-0.000000000000000000e+00,0.000000000000000000e+00,0.000000000000000000e+00
-0.000000000000000000e+00,0.000000000000000000e+00,0.000000000000000000e+00
-0.000000000000000000e+00,0.000000000000000000e+00,0.000000000000000000e+00
-0.000000000000000000e+00,0.000000000000000000e+00,0.000000000000000000e+00
-0.000000000000000000e+00,0.000000000000000000e+00,0.000000000000000000e+00
-0.000000000000000000e+00,0.000000000000000000e+00,0.000000000000000000e+00
-0.000000000000000000e+00,0.000000000000000000e+00,0.000000000000000000e+00
-0.000000000000000000e+00,0.000000000000000000e+00,0.000000000000000000e+00
-1.084371719360351562e+02,3.351687622070312500e+01,5.440000000000000000e+02
-1.076475524902343750e+02,3.345526123046875000e+01,5.430000000000000000e+02
-1.068601074218750000e+02,3.339365005493164062e+01,5.420000000000000000e+02
-1.060748367309570312e+02,3.333203887939453125e+01,5.410000000000000000e+02
-1.054867248535156250e+02,3.333203887939453125e+01,5.410000000000000000e+02
-1.048986129760742188e+02,3.333203887939453125e+01,5.410000000000000000e+02
-1.041176910400390625e+02,3.327042770385742188e+01,5.400000000000000000e+02
-1.035306625366210938e+02,3.327042770385742188e+01,5.400000000000000000e+02
-1.029436416625976562e+02,3.327042770385742188e+01,5.400000000000000000e+02
-1.023566131591796875e+02,3.327042770385742188e+01,5.400000000000000000e+02
-1.314640045166015625e+02,3.379499816894531250e+01,5.390000000000000000e+02
-1.308780670166015625e+02,3.379499816894531250e+01,5.390000000000000000e+02
-1.302921295166015625e+02,3.379499816894531250e+01,5.390000000000000000e+02
-1.297061767578125000e+02,3.379499816894531250e+01,5.390000000000000000e+02
-1.291202392578125000e+02,3.379499816894531250e+01,5.390000000000000000e+02
-1.285343017578125000e+02,3.379499816894531250e+01,5.390000000000000000e+02
-1.281857452392578125e+02,3.385769653320312500e+01,5.400000000000000000e+02
-1.275987167358398438e+02,3.385769653320312500e+01,5.400000000000000000e+02
-1.272469024658203125e+02,3.392039489746093750e+01,5.410000000000000000e+02
-1.266587905883789062e+02,3.392039489746093750e+01,5.410000000000000000e+02
-1.263037109375000000e+02,3.398309326171875000e+01,5.420000000000000000e+02
-1.259464569091796875e+02,3.404579544067382812e+01,5.430000000000000000e+02
-1.255870285034179688e+02,3.410849380493164062e+01,5.440000000000000000e+02
-1.249956512451171875e+02,3.410849380493164062e+01,5.440000000000000000e+02
-1.246329650878906250e+02,3.417119216918945312e+01,5.450000000000000000e+02
-1.242680969238281250e+02,3.423389434814453125e+01,5.460000000000000000e+02
-1.239010620117187500e+02,3.429659271240234375e+01,5.470000000000000000e+02
-1.237572708129882812e+02,3.442198944091796875e+01,5.490000000000000000e+02
-1.233847961425781250e+02,3.448469161987304688e+01,5.500000000000000000e+02
-1.227869033813476562e+02,3.448469161987304688e+01,5.500000000000000000e+02
-1.219668426513671875e+02,3.442198944091796875e+01,5.490000000000000000e+02
-0.000000000000000000e+00,0.000000000000000000e+00,0.000000000000000000e+00
-0.000000000000000000e+00,0.000000000000000000e+00,0.000000000000000000e+00
-0.000000000000000000e+00,0.000000000000000000e+00,0.000000000000000000e+00
-0.000000000000000000e+00,0.000000000000000000e+00,0.000000000000000000e+00
-0.000000000000000000e+00,0.000000000000000000e+00,0.000000000000000000e+00
-0.000000000000000000e+00,0.000000000000000000e+00,0.000000000000000000e+00
-0.000000000000000000e+00,0.000000000000000000e+00,0.000000000000000000e+00
-0.000000000000000000e+00,0.000000000000000000e+00,0.000000000000000000e+00
-0.000000000000000000e+00,0.000000000000000000e+00,0.000000000000000000e+00
-0.000000000000000000e+00,0.000000000000000000e+00,0.000000000000000000e+00
-0.000000000000000000e+00,0.000000000000000000e+00,0.000000000000000000e+00
-0.000000000000000000e+00,0.000000000000000000e+00,0.000000000000000000e+00
-0.000000000000000000e+00,0.000000000000000000e+00,0.000000000000000000e+00
-0.000000000000000000e+00,0.000000000000000000e+00,0.000000000000000000e+00
-0.000000000000000000e+00,0.000000000000000000e+00,0.000000000000000000e+00
-0.000000000000000000e+00,0.000000000000000000e+00,0.000000000000000000e+00
-0.000000000000000000e+00,0.000000000000000000e+00,0.000000000000000000e+00
-0.000000000000000000e+00,0.000000000000000000e+00,0.000000000000000000e+00
-0.000000000000000000e+00,0.000000000000000000e+00,0.000000000000000000e+00
-0.000000000000000000e+00,0.000000000000000000e+00,0.000000000000000000e+00
-0.000000000000000000e+00,0.000000000000000000e+00,0.000000000000000000e+00
-1.070528182983398438e+02,3.385769653320312500e+01,5.400000000000000000e+02
-1.062686309814453125e+02,3.379499816894531250e+01,5.390000000000000000e+02
-1.056826934814453125e+02,3.379499816894531250e+01,5.390000000000000000e+02
-1.049017715454101562e+02,3.373229598999023438e+01,5.380000000000000000e+02
-1.043169174194335938e+02,3.373229598999023438e+01,5.380000000000000000e+02
-1.037320709228515625e+02,3.373229598999023438e+01,5.380000000000000000e+02
-1.031472167968750000e+02,3.373229598999023438e+01,5.380000000000000000e+02
-1.025623626708984375e+02,3.373229598999023438e+01,5.380000000000000000e+02
-1.300503997802734375e+02,3.431739044189453125e+01,5.380000000000000000e+02
-1.294655456542968750e+02,3.431739044189453125e+01,5.380000000000000000e+02
-1.288806915283203125e+02,3.431739044189453125e+01,5.380000000000000000e+02
-1.282958374023437500e+02,3.431739044189453125e+01,5.380000000000000000e+02
-1.277109832763671875e+02,3.431739044189453125e+01,5.380000000000000000e+02
-1.271261291503906250e+02,3.431739044189453125e+01,5.380000000000000000e+02
-1.267764892578125000e+02,3.438117599487304688e+01,5.390000000000000000e+02
-1.261905517578125000e+02,3.438117599487304688e+01,5.390000000000000000e+02
-1.258376464843750000e+02,3.444496154785156250e+01,5.400000000000000000e+02
-0.000000000000000000e+00,0.000000000000000000e+00,0.000000000000000000e+00
-1.248944473266601562e+02,3.450875091552734375e+01,5.410000000000000000e+02
-1.245361099243164062e+02,3.457253646850585938e+01,5.420000000000000000e+02
-1.241755981445312500e+02,3.463632583618164062e+01,5.430000000000000000e+02
-1.238129043579101562e+02,3.470011138916015625e+01,5.440000000000000000e+02
-1.234480438232421875e+02,3.476389694213867188e+01,5.450000000000000000e+02
-1.228555831909179688e+02,3.476389694213867188e+01,5.450000000000000000e+02
-1.222631225585937500e+02,3.476389694213867188e+01,5.450000000000000000e+02
-1.218939056396484375e+02,3.482768630981445312e+01,5.460000000000000000e+02
-1.213003616333007812e+02,3.482768630981445312e+01,5.460000000000000000e+02
-1.204857330322265625e+02,3.476389694213867188e+01,5.450000000000000000e+02
-0.000000000000000000e+00,0.000000000000000000e+00,0.000000000000000000e+00
-0.000000000000000000e+00,0.000000000000000000e+00,0.000000000000000000e+00
-0.000000000000000000e+00,0.000000000000000000e+00,0.000000000000000000e+00
-0.000000000000000000e+00,0.000000000000000000e+00,0.000000000000000000e+00
-0.000000000000000000e+00,0.000000000000000000e+00,0.000000000000000000e+00
-0.000000000000000000e+00,0.000000000000000000e+00,0.000000000000000000e+00
-0.000000000000000000e+00,0.000000000000000000e+00,0.000000000000000000e+00
-0.000000000000000000e+00,0.000000000000000000e+00,0.000000000000000000e+00
-0.000000000000000000e+00,0.000000000000000000e+00,0.000000000000000000e+00
-0.000000000000000000e+00,0.000000000000000000e+00,0.000000000000000000e+00
-0.000000000000000000e+00,0.000000000000000000e+00,0.000000000000000000e+00
-0.000000000000000000e+00,0.000000000000000000e+00,0.000000000000000000e+00
-0.000000000000000000e+00,0.000000000000000000e+00,0.000000000000000000e+00
-0.000000000000000000e+00,0.000000000000000000e+00,0.000000000000000000e+00
-0.000000000000000000e+00,0.000000000000000000e+00,0.000000000000000000e+00
-0.000000000000000000e+00,0.000000000000000000e+00,0.000000000000000000e+00
-0.000000000000000000e+00,0.000000000000000000e+00,0.000000000000000000e+00
-0.000000000000000000e+00,0.000000000000000000e+00,0.000000000000000000e+00
-0.000000000000000000e+00,0.000000000000000000e+00,0.000000000000000000e+00
-0.000000000000000000e+00,0.000000000000000000e+00,0.000000000000000000e+00
-0.000000000000000000e+00,0.000000000000000000e+00,0.000000000000000000e+00
-0.000000000000000000e+00,0.000000000000000000e+00,0.000000000000000000e+00
-0.000000000000000000e+00,0.000000000000000000e+00,0.000000000000000000e+00
-1.045118026733398438e+02,3.418981552124023438e+01,5.360000000000000000e+02
-1.039291229248046875e+02,3.418981552124023438e+01,5.360000000000000000e+02
-1.033464508056640625e+02,3.418981552124023438e+01,5.360000000000000000e+02
-1.286411285400390625e+02,3.483760833740234375e+01,5.370000000000000000e+02
-1.280573730468750000e+02,3.483760833740234375e+01,5.370000000000000000e+02
-1.274736022949218750e+02,3.483760833740234375e+01,5.370000000000000000e+02
-1.268898391723632812e+02,3.483760833740234375e+01,5.370000000000000000e+02
-1.263060760498046875e+02,3.483760833740234375e+01,5.370000000000000000e+02
-1.257223129272460938e+02,3.483760833740234375e+01,5.370000000000000000e+02
-1.251385421752929688e+02,3.483760833740234375e+01,5.370000000000000000e+02
-1.247867279052734375e+02,3.490248107910156250e+01,5.380000000000000000e+02
-1.244327316284179688e+02,3.496735382080078125e+01,5.390000000000000000e+02
-0.000000000000000000e+00,0.000000000000000000e+00,0.000000000000000000e+00
-1.234895401000976562e+02,3.503223037719726562e+01,5.400000000000000000e+02
-1.231301116943359375e+02,3.509710311889648438e+01,5.410000000000000000e+02
-1.225419998168945312e+02,3.509710311889648438e+01,5.410000000000000000e+02
-1.219538879394531250e+02,3.509710311889648438e+01,5.410000000000000000e+02
-1.215901107788085938e+02,3.516197967529296875e+01,5.420000000000000000e+02
-1.210009078979492188e+02,3.516197967529296875e+01,5.420000000000000000e+02
-1.204117126464843750e+02,3.516197967529296875e+01,5.420000000000000000e+02
-0.000000000000000000e+00,0.000000000000000000e+00,0.000000000000000000e+00
-0.000000000000000000e+00,0.000000000000000000e+00,0.000000000000000000e+00
-0.000000000000000000e+00,0.000000000000000000e+00,0.000000000000000000e+00
-0.000000000000000000e+00,0.000000000000000000e+00,0.000000000000000000e+00
-0.000000000000000000e+00,0.000000000000000000e+00,0.000000000000000000e+00
-0.000000000000000000e+00,0.000000000000000000e+00,0.000000000000000000e+00
-0.000000000000000000e+00,0.000000000000000000e+00,0.000000000000000000e+00
-0.000000000000000000e+00,0.000000000000000000e+00,0.000000000000000000e+00
-0.000000000000000000e+00,0.000000000000000000e+00,0.000000000000000000e+00
-0.000000000000000000e+00,0.000000000000000000e+00,0.000000000000000000e+00
-0.000000000000000000e+00,0.000000000000000000e+00,0.000000000000000000e+00
-0.000000000000000000e+00,0.000000000000000000e+00,0.000000000000000000e+00
-0.000000000000000000e+00,0.000000000000000000e+00,0.000000000000000000e+00
-0.000000000000000000e+00,0.000000000000000000e+00,0.000000000000000000e+00
-0.000000000000000000e+00,0.000000000000000000e+00,0.000000000000000000e+00
-0.000000000000000000e+00,0.000000000000000000e+00,0.000000000000000000e+00
-0.000000000000000000e+00,0.000000000000000000e+00,0.000000000000000000e+00
-0.000000000000000000e+00,0.000000000000000000e+00,0.000000000000000000e+00
-0.000000000000000000e+00,0.000000000000000000e+00,0.000000000000000000e+00
-0.000000000000000000e+00,0.000000000000000000e+00,0.000000000000000000e+00
-0.000000000000000000e+00,0.000000000000000000e+00,0.000000000000000000e+00
-0.000000000000000000e+00,0.000000000000000000e+00,0.000000000000000000e+00
-0.000000000000000000e+00,0.000000000000000000e+00,0.000000000000000000e+00
-0.000000000000000000e+00,0.000000000000000000e+00,0.000000000000000000e+00
-0.000000000000000000e+00,0.000000000000000000e+00,0.000000000000000000e+00
-1.278189010620117188e+02,3.535564804077148438e+01,5.360000000000000000e+02
-1.272362213134765625e+02,3.535564804077148438e+01,5.360000000000000000e+02
-1.266535415649414062e+02,3.535564804077148438e+01,5.360000000000000000e+02
-1.260708694458007812e+02,3.535564804077148438e+01,5.360000000000000000e+02
-1.254881896972656250e+02,3.535564804077148438e+01,5.360000000000000000e+02
-1.249055099487304688e+02,3.535564804077148438e+01,5.360000000000000000e+02
-1.245547790527343750e+02,3.542161178588867188e+01,5.370000000000000000e+02
-1.239710159301757812e+02,3.542161178588867188e+01,5.370000000000000000e+02
-1.236170272827148438e+02,3.548757171630859375e+01,5.380000000000000000e+02
-0.000000000000000000e+00,0.000000000000000000e+00,0.000000000000000000e+00
-0.000000000000000000e+00,0.000000000000000000e+00,0.000000000000000000e+00
-0.000000000000000000e+00,0.000000000000000000e+00,0.000000000000000000e+00
-0.000000000000000000e+00,0.000000000000000000e+00,0.000000000000000000e+00
-1.206927642822265625e+02,3.548757171630859375e+01,5.380000000000000000e+02
-1.201079177856445312e+02,3.548757171630859375e+01,5.380000000000000000e+02
-0.000000000000000000e+00,0.000000000000000000e+00,0.000000000000000000e+00
-0.000000000000000000e+00,0.000000000000000000e+00,0.000000000000000000e+00
-0.000000000000000000e+00,0.000000000000000000e+00,0.000000000000000000e+00
-1.175496063232421875e+02,3.542161178588867188e+01,5.370000000000000000e+02
-0.000000000000000000e+00,0.000000000000000000e+00,0.000000000000000000e+00
-0.000000000000000000e+00,0.000000000000000000e+00,0.000000000000000000e+00
-0.000000000000000000e+00,0.000000000000000000e+00,0.000000000000000000e+00
-0.000000000000000000e+00,0.000000000000000000e+00,0.000000000000000000e+00
-0.000000000000000000e+00,0.000000000000000000e+00,0.000000000000000000e+00
-0.000000000000000000e+00,0.000000000000000000e+00,0.000000000000000000e+00
-0.000000000000000000e+00,0.000000000000000000e+00,0.000000000000000000e+00
-0.000000000000000000e+00,0.000000000000000000e+00,0.000000000000000000e+00
-0.000000000000000000e+00,0.000000000000000000e+00,0.000000000000000000e+00
-0.000000000000000000e+00,0.000000000000000000e+00,0.000000000000000000e+00
-0.000000000000000000e+00,0.000000000000000000e+00,0.000000000000000000e+00
-0.000000000000000000e+00,0.000000000000000000e+00,0.000000000000000000e+00
-0.000000000000000000e+00,0.000000000000000000e+00,0.000000000000000000e+00
-0.000000000000000000e+00,0.000000000000000000e+00,0.000000000000000000e+00
-0.000000000000000000e+00,0.000000000000000000e+00,0.000000000000000000e+00
-0.000000000000000000e+00,0.000000000000000000e+00,0.000000000000000000e+00
-0.000000000000000000e+00,0.000000000000000000e+00,0.000000000000000000e+00
-0.000000000000000000e+00,0.000000000000000000e+00,0.000000000000000000e+00
-0.000000000000000000e+00,0.000000000000000000e+00,0.000000000000000000e+00
-0.000000000000000000e+00,0.000000000000000000e+00,0.000000000000000000e+00
-1.037219772338867188e+02,3.489391326904296875e+01,5.290000000000000000e+02
-1.264172515869140625e+02,3.587151718139648438e+01,5.350000000000000000e+02
-1.258356628417968750e+02,3.587151718139648438e+01,5.350000000000000000e+02
-1.252540740966796875e+02,3.587151718139648438e+01,5.350000000000000000e+02
-1.246724777221679688e+02,3.587151718139648438e+01,5.350000000000000000e+02
-1.240908889770507812e+02,3.587151718139648438e+01,5.350000000000000000e+02
-1.235093002319335938e+02,3.587151718139648438e+01,5.350000000000000000e+02
-1.231574783325195312e+02,3.593856430053710938e+01,5.360000000000000000e+02
-1.225748062133789062e+02,3.593856430053710938e+01,5.360000000000000000e+02
-0.000000000000000000e+00,0.000000000000000000e+00,0.000000000000000000e+00
-0.000000000000000000e+00,0.000000000000000000e+00,0.000000000000000000e+00
-0.000000000000000000e+00,0.000000000000000000e+00,0.000000000000000000e+00
-0.000000000000000000e+00,0.000000000000000000e+00,0.000000000000000000e+00
-0.000000000000000000e+00,0.000000000000000000e+00,0.000000000000000000e+00
-0.000000000000000000e+00,0.000000000000000000e+00,0.000000000000000000e+00
-0.000000000000000000e+00,0.000000000000000000e+00,0.000000000000000000e+00
-0.000000000000000000e+00,0.000000000000000000e+00,0.000000000000000000e+00
-0.000000000000000000e+00,0.000000000000000000e+00,0.000000000000000000e+00
-1.163124084472656250e+02,3.580446624755859375e+01,5.340000000000000000e+02
-0.000000000000000000e+00,0.000000000000000000e+00,0.000000000000000000e+00
-0.000000000000000000e+00,0.000000000000000000e+00,0.000000000000000000e+00
-0.000000000000000000e+00,0.000000000000000000e+00,0.000000000000000000e+00
-0.000000000000000000e+00,0.000000000000000000e+00,0.000000000000000000e+00
-0.000000000000000000e+00,0.000000000000000000e+00,0.000000000000000000e+00
-0.000000000000000000e+00,0.000000000000000000e+00,0.000000000000000000e+00
-0.000000000000000000e+00,0.000000000000000000e+00,0.000000000000000000e+00
-0.000000000000000000e+00,0.000000000000000000e+00,0.000000000000000000e+00
-0.000000000000000000e+00,0.000000000000000000e+00,0.000000000000000000e+00
-0.000000000000000000e+00,0.000000000000000000e+00,0.000000000000000000e+00
-0.000000000000000000e+00,0.000000000000000000e+00,0.000000000000000000e+00
-0.000000000000000000e+00,0.000000000000000000e+00,0.000000000000000000e+00
-0.000000000000000000e+00,0.000000000000000000e+00,0.000000000000000000e+00
-0.000000000000000000e+00,0.000000000000000000e+00,0.000000000000000000e+00
-0.000000000000000000e+00,0.000000000000000000e+00,0.000000000000000000e+00
-0.000000000000000000e+00,0.000000000000000000e+00,0.000000000000000000e+00
-0.000000000000000000e+00,0.000000000000000000e+00,0.000000000000000000e+00
-0.000000000000000000e+00,0.000000000000000000e+00,0.000000000000000000e+00
-1.039027252197265625e+02,3.533512115478515625e+01,5.270000000000000000e+02
-1.250199508666992188e+02,3.638521194458007812e+01,5.340000000000000000e+02
-1.244394454956054688e+02,3.638521194458007812e+01,5.340000000000000000e+02
-1.240908889770507812e+02,3.645335006713867188e+01,5.350000000000000000e+02
-1.235093002319335938e+02,3.645335006713867188e+01,5.350000000000000000e+02
-1.229277114868164062e+02,3.645335006713867188e+01,5.350000000000000000e+02
-1.223461227416992188e+02,3.645335006713867188e+01,5.350000000000000000e+02
-1.217645263671875000e+02,3.645335006713867188e+01,5.350000000000000000e+02
-1.211829376220703125e+02,3.645335006713867188e+01,5.350000000000000000e+02
-1.206013488769531250e+02,3.645335006713867188e+01,5.350000000000000000e+02
-0.000000000000000000e+00,0.000000000000000000e+00,0.000000000000000000e+00
-0.000000000000000000e+00,0.000000000000000000e+00,0.000000000000000000e+00
-1.186344146728515625e+02,3.638521194458007812e+01,5.340000000000000000e+02
-1.180539169311523438e+02,3.638521194458007812e+01,5.340000000000000000e+02
-1.174734115600585938e+02,3.638521194458007812e+01,5.340000000000000000e+02
-1.166740036010742188e+02,3.631707382202148438e+01,5.330000000000000000e+02
-0.000000000000000000e+00,0.000000000000000000e+00,0.000000000000000000e+00
-0.000000000000000000e+00,0.000000000000000000e+00,0.000000000000000000e+00
-1.151513977050781250e+02,3.638521194458007812e+01,5.340000000000000000e+02
-1.145708923339843750e+02,3.638521194458007812e+01,5.340000000000000000e+02
-1.139903945922851562e+02,3.638521194458007812e+01,5.340000000000000000e+02
-0.000000000000000000e+00,0.000000000000000000e+00,0.000000000000000000e+00
-0.000000000000000000e+00,0.000000000000000000e+00,0.000000000000000000e+00
-0.000000000000000000e+00,0.000000000000000000e+00,0.000000000000000000e+00
-0.000000000000000000e+00,0.000000000000000000e+00,0.000000000000000000e+00
-0.000000000000000000e+00,0.000000000000000000e+00,0.000000000000000000e+00
-0.000000000000000000e+00,0.000000000000000000e+00,0.000000000000000000e+00
-0.000000000000000000e+00,0.000000000000000000e+00,0.000000000000000000e+00
-0.000000000000000000e+00,0.000000000000000000e+00,0.000000000000000000e+00
-0.000000000000000000e+00,0.000000000000000000e+00,0.000000000000000000e+00
-0.000000000000000000e+00,0.000000000000000000e+00,0.000000000000000000e+00
-0.000000000000000000e+00,0.000000000000000000e+00,0.000000000000000000e+00
-0.000000000000000000e+00,0.000000000000000000e+00,0.000000000000000000e+00
-0.000000000000000000e+00,0.000000000000000000e+00,0.000000000000000000e+00
-1.044756164550781250e+02,3.590825271606445312e+01,5.270000000000000000e+02
-1.238589477539062500e+02,3.696595382690429688e+01,5.340000000000000000e+02
-1.232784423828125000e+02,3.696595382690429688e+01,5.340000000000000000e+02
-1.226979370117187500e+02,3.696595382690429688e+01,5.340000000000000000e+02
-1.221174316406250000e+02,3.696595382690429688e+01,5.340000000000000000e+02
-1.215369338989257812e+02,3.696595382690429688e+01,5.340000000000000000e+02
-1.209564285278320312e+02,3.696595382690429688e+01,5.340000000000000000e+02
-1.203759231567382812e+02,3.696595382690429688e+01,5.340000000000000000e+02
-1.195710906982421875e+02,3.689672851562500000e+01,5.330000000000000000e+02
-1.189916687011718750e+02,3.689672851562500000e+01,5.330000000000000000e+02
-1.184122543334960938e+02,3.689672851562500000e+01,5.330000000000000000e+02
-1.176117630004882812e+02,3.682750320434570312e+01,5.320000000000000000e+02
-1.170334320068359375e+02,3.682750320434570312e+01,5.320000000000000000e+02
-1.164551086425781250e+02,3.682750320434570312e+01,5.320000000000000000e+02
-1.158767776489257812e+02,3.682750320434570312e+01,5.320000000000000000e+02
-1.152984466552734375e+02,3.682750320434570312e+01,5.320000000000000000e+02
-1.149357604980468750e+02,3.689672851562500000e+01,5.330000000000000000e+02
-1.145708923339843750e+02,3.696595382690429688e+01,5.340000000000000000e+02
-1.133499984741210938e+02,3.675828170776367188e+01,5.310000000000000000e+02
-0.000000000000000000e+00,0.000000000000000000e+00,0.000000000000000000e+00
-0.000000000000000000e+00,0.000000000000000000e+00,0.000000000000000000e+00
-0.000000000000000000e+00,0.000000000000000000e+00,0.000000000000000000e+00
-0.000000000000000000e+00,0.000000000000000000e+00,0.000000000000000000e+00
-0.000000000000000000e+00,0.000000000000000000e+00,0.000000000000000000e+00
-0.000000000000000000e+00,0.000000000000000000e+00,0.000000000000000000e+00
-0.000000000000000000e+00,0.000000000000000000e+00,0.000000000000000000e+00
-0.000000000000000000e+00,0.000000000000000000e+00,0.000000000000000000e+00
-0.000000000000000000e+00,0.000000000000000000e+00,0.000000000000000000e+00
-0.000000000000000000e+00,0.000000000000000000e+00,0.000000000000000000e+00
-0.000000000000000000e+00,0.000000000000000000e+00,0.000000000000000000e+00
-1.056214065551757812e+02,3.648138046264648438e+01,5.270000000000000000e+02
-1.050485153198242188e+02,3.648138046264648438e+01,5.270000000000000000e+02
-1.042773742675781250e+02,3.641215896606445312e+01,5.260000000000000000e+02
-1.226979370117187500e+02,3.754669570922851562e+01,5.340000000000000000e+02
-1.218887481689453125e+02,3.747638320922851562e+01,5.330000000000000000e+02
-1.213093338012695312e+02,3.747638320922851562e+01,5.330000000000000000e+02
-1.207299194335937500e+02,3.747638320922851562e+01,5.330000000000000000e+02
-1.201505050659179688e+02,3.747638320922851562e+01,5.330000000000000000e+02
-1.193467483520507812e+02,3.740607070922851562e+01,5.320000000000000000e+02
-1.187684249877929688e+02,3.740607070922851562e+01,5.320000000000000000e+02
-1.181900939941406250e+02,3.740607070922851562e+01,5.320000000000000000e+02
-1.173906860351562500e+02,3.733575820922851562e+01,5.310000000000000000e+02
-1.168134460449218750e+02,3.733575820922851562e+01,5.310000000000000000e+02
-1.162362060546875000e+02,3.733575820922851562e+01,5.310000000000000000e+02
-1.156589660644531250e+02,3.733575820922851562e+01,5.310000000000000000e+02
-1.150817260742187500e+02,3.733575820922851562e+01,5.310000000000000000e+02
-1.145044784545898438e+02,3.733575820922851562e+01,5.310000000000000000e+02
-1.139272384643554688e+02,3.733575820922851562e+01,5.310000000000000000e+02
-1.133499984741210938e+02,3.733575820922851562e+01,5.310000000000000000e+02
-0.000000000000000000e+00,0.000000000000000000e+00,0.000000000000000000e+00
-0.000000000000000000e+00,0.000000000000000000e+00,0.000000000000000000e+00
-1.114080657958984375e+02,3.726544570922851562e+01,5.300000000000000000e+02
-1.108319091796875000e+02,3.726544570922851562e+01,5.300000000000000000e+02
-1.102557601928710938e+02,3.726544570922851562e+01,5.300000000000000000e+02
-1.096795959472656250e+02,3.726544570922851562e+01,5.300000000000000000e+02
-1.091034393310546875e+02,3.726544570922851562e+01,5.300000000000000000e+02
-1.085272827148437500e+02,3.726544570922851562e+01,5.300000000000000000e+02
-1.077474517822265625e+02,3.719513702392578125e+01,5.290000000000000000e+02
-1.071723785400390625e+02,3.719513702392578125e+01,5.290000000000000000e+02
-1.063958053588867188e+02,3.712482452392578125e+01,5.280000000000000000e+02
-1.056214065551757812e+02,3.705451202392578125e+01,5.270000000000000000e+02
-1.048491821289062500e+02,3.698419952392578125e+01,5.260000000000000000e+02
-1.221174316406250000e+02,3.812743759155273438e+01,5.340000000000000000e+02
-1.213093338012695312e+02,3.805603790283203125e+01,5.330000000000000000e+02
-1.209564285278320312e+02,3.812743759155273438e+01,5.340000000000000000e+02
-1.201505050659179688e+02,3.805603790283203125e+01,5.330000000000000000e+02
-1.195710906982421875e+02,3.805603790283203125e+01,5.330000000000000000e+02
-1.187684249877929688e+02,3.798463821411132812e+01,5.320000000000000000e+02
-1.181900939941406250e+02,3.798463821411132812e+01,5.320000000000000000e+02
-1.176117630004882812e+02,3.798463821411132812e+01,5.320000000000000000e+02
-0.000000000000000000e+00,0.000000000000000000e+00,0.000000000000000000e+00
-1.162362060546875000e+02,3.791323852539062500e+01,5.310000000000000000e+02
-1.156589660644531250e+02,3.791323852539062500e+01,5.310000000000000000e+02
-1.150817260742187500e+02,3.791323852539062500e+01,5.310000000000000000e+02
-1.142888412475585938e+02,3.784183883666992188e+01,5.300000000000000000e+02
-1.137126846313476562e+02,3.784183883666992188e+01,5.300000000000000000e+02
-1.131365280151367188e+02,3.784183883666992188e+01,5.300000000000000000e+02
-0.000000000000000000e+00,0.000000000000000000e+00,0.000000000000000000e+00
-0.000000000000000000e+00,0.000000000000000000e+00,0.000000000000000000e+00
-1.111978607177734375e+02,3.777043914794921875e+01,5.290000000000000000e+02
-1.106227951049804688e+02,3.777043914794921875e+01,5.290000000000000000e+02
-1.100477294921875000e+02,3.777043914794921875e+01,5.290000000000000000e+02
-1.094726562500000000e+02,3.777043914794921875e+01,5.290000000000000000e+02
-1.088975830078125000e+02,3.777043914794921875e+01,5.290000000000000000e+02
-1.083225173950195312e+02,3.777043914794921875e+01,5.290000000000000000e+02
-1.077474517822265625e+02,3.777043914794921875e+01,5.290000000000000000e+02
-1.069697875976562500e+02,3.769903945922851562e+01,5.280000000000000000e+02
-0.000000000000000000e+00,0.000000000000000000e+00,0.000000000000000000e+00
-0.000000000000000000e+00,0.000000000000000000e+00,0.000000000000000000e+00
-1.048491821289062500e+02,3.755624008178710938e+01,5.260000000000000000e+02
-1.209564285278320312e+02,3.870817947387695312e+01,5.340000000000000000e+02
-1.201505050659179688e+02,3.863569259643554688e+01,5.330000000000000000e+02
-1.195710906982421875e+02,3.863569259643554688e+01,5.330000000000000000e+02
-1.187684249877929688e+02,3.856320571899414062e+01,5.320000000000000000e+02
-1.181900939941406250e+02,3.856320571899414062e+01,5.320000000000000000e+02
-1.176117630004882812e+02,3.856320571899414062e+01,5.320000000000000000e+02
-0.000000000000000000e+00,0.000000000000000000e+00,0.000000000000000000e+00
-1.162362060546875000e+02,3.849071884155273438e+01,5.310000000000000000e+02
-1.156589660644531250e+02,3.849071884155273438e+01,5.310000000000000000e+02
-1.148649978637695312e+02,3.841823196411132812e+01,5.300000000000000000e+02
-0.000000000000000000e+00,0.000000000000000000e+00,0.000000000000000000e+00
-1.137126846313476562e+02,3.841823196411132812e+01,5.300000000000000000e+02
-1.131365280151367188e+02,3.841823196411132812e+01,5.300000000000000000e+02
-0.000000000000000000e+00,0.000000000000000000e+00,0.000000000000000000e+00
-1.117729339599609375e+02,3.834574508666992188e+01,5.290000000000000000e+02
-1.111978607177734375e+02,3.834574508666992188e+01,5.290000000000000000e+02
-1.106227951049804688e+02,3.834574508666992188e+01,5.290000000000000000e+02
-1.100477294921875000e+02,3.834574508666992188e+01,5.290000000000000000e+02
-1.094726562500000000e+02,3.834574508666992188e+01,5.290000000000000000e+02
-1.088975830078125000e+02,3.834574508666992188e+01,5.290000000000000000e+02
-1.083225173950195312e+02,3.834574508666992188e+01,5.290000000000000000e+02
-1.075437698364257812e+02,3.827325439453125000e+01,5.280000000000000000e+02
-1.069697875976562500e+02,3.827325439453125000e+01,5.280000000000000000e+02
-0.000000000000000000e+00,0.000000000000000000e+00,0.000000000000000000e+00
-0.000000000000000000e+00,0.000000000000000000e+00,0.000000000000000000e+00
-1.048491821289062500e+02,3.812828063964843750e+01,5.260000000000000000e+02
-1.195710906982421875e+02,3.921534729003906250e+01,5.330000000000000000e+02
-1.189916687011718750e+02,3.921534729003906250e+01,5.330000000000000000e+02
-1.181900939941406250e+02,3.914177322387695312e+01,5.320000000000000000e+02
-1.176117630004882812e+02,3.914177322387695312e+01,5.320000000000000000e+02
-1.170334320068359375e+02,3.914177322387695312e+01,5.320000000000000000e+02
-1.162362060546875000e+02,3.906819534301757812e+01,5.310000000000000000e+02
-1.156589660644531250e+02,3.906819534301757812e+01,5.310000000000000000e+02
-1.148649978637695312e+02,3.899462127685546875e+01,5.300000000000000000e+02
-1.142888412475585938e+02,3.899462127685546875e+01,5.300000000000000000e+02
-1.134981307983398438e+02,3.892104721069335938e+01,5.290000000000000000e+02
-1.129230651855468750e+02,3.892104721069335938e+01,5.290000000000000000e+02
-1.123479995727539062e+02,3.892104721069335938e+01,5.290000000000000000e+02
-1.117729339599609375e+02,3.892104721069335938e+01,5.290000000000000000e+02
-1.111978607177734375e+02,3.892104721069335938e+01,5.290000000000000000e+02
-1.106227951049804688e+02,3.892104721069335938e+01,5.290000000000000000e+02
-1.098396987915039062e+02,3.884747314453125000e+01,5.280000000000000000e+02
-1.092657089233398438e+02,3.884747314453125000e+01,5.280000000000000000e+02
-1.088975830078125000e+02,3.892104721069335938e+01,5.290000000000000000e+02
-1.081177520751953125e+02,3.884747314453125000e+01,5.280000000000000000e+02
-1.075437698364257812e+02,3.884747314453125000e+01,5.280000000000000000e+02
-1.069697875976562500e+02,3.884747314453125000e+01,5.280000000000000000e+02
-1.061942977905273438e+02,3.877389907836914062e+01,5.270000000000000000e+02
-0.000000000000000000e+00,0.000000000000000000e+00,0.000000000000000000e+00
-1.181900939941406250e+02,3.972034072875976562e+01,5.320000000000000000e+02
-1.176117630004882812e+02,3.972034072875976562e+01,5.320000000000000000e+02
-1.170334320068359375e+02,3.972034072875976562e+01,5.320000000000000000e+02
-1.162362060546875000e+02,3.964567947387695312e+01,5.310000000000000000e+02
-0.000000000000000000e+00,0.000000000000000000e+00,0.000000000000000000e+00
-1.148649978637695312e+02,3.957101821899414062e+01,5.300000000000000000e+02
-0.000000000000000000e+00,0.000000000000000000e+00,0.000000000000000000e+00
-1.134981307983398438e+02,3.949635696411132812e+01,5.290000000000000000e+02
-1.129230651855468750e+02,3.949635696411132812e+01,5.290000000000000000e+02
-1.123479995727539062e+02,3.949635696411132812e+01,5.290000000000000000e+02
-1.117729339599609375e+02,3.949635696411132812e+01,5.290000000000000000e+02
-1.111978607177734375e+02,3.949635696411132812e+01,5.290000000000000000e+02
-1.104136810302734375e+02,3.942169189453125000e+01,5.280000000000000000e+02
-1.098396987915039062e+02,3.942169189453125000e+01,5.280000000000000000e+02
-1.092657089233398438e+02,3.942169189453125000e+01,5.280000000000000000e+02
-1.086917266845703125e+02,3.942169189453125000e+01,5.280000000000000000e+02
-1.081177520751953125e+02,3.942169189453125000e+01,5.280000000000000000e+02
-1.075437698364257812e+02,3.942169189453125000e+01,5.280000000000000000e+02
-1.067671966552734375e+02,3.934703063964843750e+01,5.270000000000000000e+02
-1.061942977905273438e+02,3.934703063964843750e+01,5.270000000000000000e+02
-1.054209899902343750e+02,3.927236938476562500e+01,5.260000000000000000e+02
-1.170334320068359375e+02,4.029890823364257812e+01,5.320000000000000000e+02
-1.162362060546875000e+02,4.022315979003906250e+01,5.310000000000000000e+02
-0.000000000000000000e+00,0.000000000000000000e+00,0.000000000000000000e+00
-1.148649978637695312e+02,4.014741134643554688e+01,5.300000000000000000e+02
-0.000000000000000000e+00,0.000000000000000000e+00,0.000000000000000000e+00
-1.134981307983398438e+02,4.007165908813476562e+01,5.290000000000000000e+02
-1.129230651855468750e+02,4.007165908813476562e+01,5.290000000000000000e+02
-1.121356201171875000e+02,3.999591064453125000e+01,5.280000000000000000e+02
-1.115616378784179688e+02,3.999591064453125000e+01,5.280000000000000000e+02
-1.109876632690429688e+02,3.999591064453125000e+01,5.280000000000000000e+02
-1.104136810302734375e+02,3.999591064453125000e+01,5.280000000000000000e+02
-1.098396987915039062e+02,3.999591064453125000e+01,5.280000000000000000e+02
-1.092657089233398438e+02,3.999591064453125000e+01,5.280000000000000000e+02
-1.084858703613281250e+02,3.992015838623046875e+01,5.270000000000000000e+02
-1.079129791259765625e+02,3.992015838623046875e+01,5.270000000000000000e+02
-1.073400878906250000e+02,3.992015838623046875e+01,5.270000000000000000e+02
-1.067671966552734375e+02,3.992015838623046875e+01,5.270000000000000000e+02
-1.059927902221679688e+02,3.984440994262695312e+01,5.260000000000000000e+02
-1.054209899902343750e+02,3.984440994262695312e+01,5.260000000000000000e+02
-1.156589660644531250e+02,4.080064010620117188e+01,5.310000000000000000e+02
-1.148649978637695312e+02,4.072380065917968750e+01,5.300000000000000000e+02
-0.000000000000000000e+00,0.000000000000000000e+00,0.000000000000000000e+00
-1.134981307983398438e+02,4.064696502685546875e+01,5.290000000000000000e+02
-1.129230651855468750e+02,4.064696502685546875e+01,5.290000000000000000e+02
-1.121356201171875000e+02,4.057012557983398438e+01,5.280000000000000000e+02
-1.115616378784179688e+02,4.057012557983398438e+01,5.280000000000000000e+02
-1.109876632690429688e+02,4.057012557983398438e+01,5.280000000000000000e+02
-1.104136810302734375e+02,4.057012557983398438e+01,5.280000000000000000e+02
-1.098396987915039062e+02,4.057012557983398438e+01,5.280000000000000000e+02
-1.090587692260742188e+02,4.049328994750976562e+01,5.270000000000000000e+02
-1.084858703613281250e+02,4.049328994750976562e+01,5.270000000000000000e+02
-1.079129791259765625e+02,4.049328994750976562e+01,5.270000000000000000e+02
-1.073400878906250000e+02,4.049328994750976562e+01,5.270000000000000000e+02
-1.065645980834960938e+02,4.041645050048828125e+01,5.260000000000000000e+02
-1.059927902221679688e+02,4.041645050048828125e+01,5.260000000000000000e+02
-1.052205657958984375e+02,4.033961486816406250e+01,5.250000000000000000e+02
-1.148649978637695312e+02,4.130019378662109375e+01,5.300000000000000000e+02
-0.000000000000000000e+00,0.000000000000000000e+00,0.000000000000000000e+00
-1.134981307983398438e+02,4.122226715087890625e+01,5.290000000000000000e+02
-1.129230651855468750e+02,4.122226715087890625e+01,5.290000000000000000e+02
-1.121356201171875000e+02,4.114434432983398438e+01,5.280000000000000000e+02
-1.115616378784179688e+02,4.114434432983398438e+01,5.280000000000000000e+02
-1.109876632690429688e+02,4.114434432983398438e+01,5.280000000000000000e+02
-1.104136810302734375e+02,4.114434432983398438e+01,5.280000000000000000e+02
-1.096316680908203125e+02,4.106641769409179688e+01,5.270000000000000000e+02
-1.090587692260742188e+02,4.106641769409179688e+01,5.270000000000000000e+02
-1.084858703613281250e+02,4.106641769409179688e+01,5.270000000000000000e+02
-1.079129791259765625e+02,4.106641769409179688e+01,5.270000000000000000e+02
-1.071364059448242188e+02,4.098849487304687500e+01,5.260000000000000000e+02
-1.065645980834960938e+02,4.098849487304687500e+01,5.260000000000000000e+02
-1.057912826538085938e+02,4.091056823730468750e+01,5.250000000000000000e+02
-1.052205657958984375e+02,4.091056823730468750e+01,5.250000000000000000e+02
-1.134981307983398438e+02,4.179757308959960938e+01,5.290000000000000000e+02
-1.129230651855468750e+02,4.179757308959960938e+01,5.290000000000000000e+02
-1.121356201171875000e+02,4.171855926513671875e+01,5.280000000000000000e+02
-1.115616378784179688e+02,4.171855926513671875e+01,5.280000000000000000e+02
-1.109876632690429688e+02,4.171855926513671875e+01,5.280000000000000000e+02
-1.102045593261718750e+02,4.163954544067382812e+01,5.270000000000000000e+02
-1.096316680908203125e+02,4.163954544067382812e+01,5.270000000000000000e+02
-1.090587692260742188e+02,4.163954544067382812e+01,5.270000000000000000e+02
-1.084858703613281250e+02,4.163954544067382812e+01,5.270000000000000000e+02
-1.079129791259765625e+02,4.163954544067382812e+01,5.270000000000000000e+02
-1.071364059448242188e+02,4.156053543090820312e+01,5.260000000000000000e+02
-1.065645980834960938e+02,4.156053543090820312e+01,5.260000000000000000e+02
-1.057912826538085938e+02,4.148152160644531250e+01,5.250000000000000000e+02
-1.052205657958984375e+02,4.148152160644531250e+01,5.250000000000000000e+02
-1.123479995727539062e+02,4.237287521362304688e+01,5.290000000000000000e+02
-1.115616378784179688e+02,4.229277801513671875e+01,5.280000000000000000e+02
-1.109876632690429688e+02,4.229277801513671875e+01,5.280000000000000000e+02
-1.104136810302734375e+02,4.229277801513671875e+01,5.280000000000000000e+02
-1.096316680908203125e+02,4.221267700195312500e+01,5.270000000000000000e+02
-1.090587692260742188e+02,4.221267700195312500e+01,5.270000000000000000e+02
-1.084858703613281250e+02,4.221267700195312500e+01,5.270000000000000000e+02
-1.077082138061523438e+02,4.213257598876953125e+01,5.260000000000000000e+02
-1.071364059448242188e+02,4.213257598876953125e+01,5.260000000000000000e+02
-1.065645980834960938e+02,4.213257598876953125e+01,5.260000000000000000e+02
-1.057912826538085938e+02,4.205247497558593750e+01,5.250000000000000000e+02
-1.052205657958984375e+02,4.205247497558593750e+01,5.250000000000000000e+02
-1.109876632690429688e+02,4.286699676513671875e+01,5.280000000000000000e+02
-1.104136810302734375e+02,4.286699676513671875e+01,5.280000000000000000e+02
-1.096316680908203125e+02,4.278580856323242188e+01,5.270000000000000000e+02
-1.090587692260742188e+02,4.278580856323242188e+01,5.270000000000000000e+02
-1.084858703613281250e+02,4.278580856323242188e+01,5.270000000000000000e+02
-1.079129791259765625e+02,4.278580856323242188e+01,5.270000000000000000e+02
-1.071364059448242188e+02,4.270462036132812500e+01,5.260000000000000000e+02
-1.065645980834960938e+02,4.270462036132812500e+01,5.260000000000000000e+02
-1.057912826538085938e+02,4.262343597412109375e+01,5.250000000000000000e+02
-1.052205657958984375e+02,4.262343597412109375e+01,5.250000000000000000e+02
-1.098396987915039062e+02,4.344121170043945312e+01,5.280000000000000000e+02
-1.090587692260742188e+02,4.335894012451171875e+01,5.270000000000000000e+02
-1.084858703613281250e+02,4.335894012451171875e+01,5.270000000000000000e+02
-1.079129791259765625e+02,4.335894012451171875e+01,5.270000000000000000e+02
-1.071364059448242188e+02,4.327666473388671875e+01,5.260000000000000000e+02
-1.065645980834960938e+02,4.327666473388671875e+01,5.260000000000000000e+02
-1.057912826538085938e+02,4.319438934326171875e+01,5.250000000000000000e+02
-1.052205657958984375e+02,4.319438934326171875e+01,5.250000000000000000e+02
-1.084858703613281250e+02,4.393206787109375000e+01,5.270000000000000000e+02
-1.079129791259765625e+02,4.393206787109375000e+01,5.270000000000000000e+02
-1.071364059448242188e+02,4.384870529174804688e+01,5.260000000000000000e+02
-1.065645980834960938e+02,4.384870529174804688e+01,5.260000000000000000e+02
-1.057912826538085938e+02,4.376534271240234375e+01,5.250000000000000000e+02
-1.052205657958984375e+02,4.376534271240234375e+01,5.250000000000000000e+02
-1.073400878906250000e+02,4.450519561767578125e+01,5.270000000000000000e+02
-1.065645980834960938e+02,4.442074584960937500e+01,5.260000000000000000e+02
-1.057912826538085938e+02,4.433629608154296875e+01,5.250000000000000000e+02
-1.052205657958984375e+02,4.433629608154296875e+01,5.250000000000000000e+02
