8.766706848144531250e+01,1.064627990722656250e+02,6.630000000000000000e+02
8.838780212402343750e+01,1.064627990722656250e+02,6.630000000000000000e+02
8.910854339599609375e+01,1.064627990722656250e+02,6.630000000000000000e+02
8.982927703857421875e+01,1.064627990722656250e+02,6.630000000000000000e+02
9.055001068115234375e+01,1.064627990722656250e+02,6.630000000000000000e+02
8.262190246582031250e+01,1.071838302612304688e+02,6.630000000000000000e+02
8.334263610839843750e+01,1.071838302612304688e+02,6.630000000000000000e+02
8.406336975097656250e+01,1.071838302612304688e+02,6.630000000000000000e+02
8.478411102294921875e+01,1.071838302612304688e+02,6.630000000000000000e+02
8.550485229492187500e+01,1.071838302612304688e+02,6.630000000000000000e+02
8.622559356689453125e+01,1.071838302612304688e+02,6.630000000000000000e+02
8.694632720947265625e+01,1.071838302612304688e+02,6.630000000000000000e+02
8.766706848144531250e+01,1.071838302612304688e+02,6.630000000000000000e+02
8.825448608398437500e+01,1.070221633911132812e+02,6.620000000000000000e+02
8.897413635253906250e+01,1.070221633911132812e+02,6.620000000000000000e+02
8.969378662109375000e+01,1.070221633911132812e+02,6.620000000000000000e+02
9.041343688964843750e+01,1.070221633911132812e+02,6.620000000000000000e+02
9.113308715820312500e+01,1.070221633911132812e+02,6.620000000000000000e+02
9.185273742675781250e+01,1.070221633911132812e+02,6.620000000000000000e+02
9.257238769531250000e+01,1.070221633911132812e+02,6.620000000000000000e+02
9.329203796386718750e+01,1.070221633911132812e+02,6.620000000000000000e+02
9.401168823242187500e+01,1.070221633911132812e+02,6.620000000000000000e+02
9.473133850097656250e+01,1.070221633911132812e+02,6.620000000000000000e+02
9.545098876953125000e+01,1.070221633911132812e+02,6.620000000000000000e+02
9.617063903808593750e+01,1.070221633911132812e+02,6.620000000000000000e+02
8.105798339843750000e+01,1.077421112060546875e+02,6.620000000000000000e+02
8.177763366699218750e+01,1.077421112060546875e+02,6.620000000000000000e+02
8.249728393554687500e+01,1.077421112060546875e+02,6.620000000000000000e+02
8.321692657470703125e+01,1.077421112060546875e+02,6.620000000000000000e+02
8.406336975097656250e+01,1.079048614501953125e+02,6.630000000000000000e+02
8.478411102294921875e+01,1.079048614501953125e+02,6.630000000000000000e+02
8.550485229492187500e+01,1.079048614501953125e+02,6.630000000000000000e+02
8.622559356689453125e+01,1.079048614501953125e+02,6.630000000000000000e+02
8.694632720947265625e+01,1.079048614501953125e+02,6.630000000000000000e+02
8.753483581542968750e+01,1.077421112060546875e+02,6.620000000000000000e+02
8.825448608398437500e+01,1.077421112060546875e+02,6.620000000000000000e+02
8.897413635253906250e+01,1.077421112060546875e+02,6.620000000000000000e+02
8.969378662109375000e+01,1.077421112060546875e+02,6.620000000000000000e+02
9.041343688964843750e+01,1.077421112060546875e+02,6.620000000000000000e+02
9.099542236328125000e+01,1.075793609619140625e+02,6.610000000000000000e+02
9.171398925781250000e+01,1.075793609619140625e+02,6.610000000000000000e+02
9.243254852294921875e+01,1.075793609619140625e+02,6.610000000000000000e+02
9.315111541748046875e+01,1.075793609619140625e+02,6.610000000000000000e+02
9.386967468261718750e+01,1.075793609619140625e+02,6.610000000000000000e+02
9.458824157714843750e+01,1.075793609619140625e+02,6.610000000000000000e+02
9.530680084228515625e+01,1.075793609619140625e+02,6.610000000000000000e+02
9.602536773681640625e+01,1.075793609619140625e+02,6.610000000000000000e+02
9.689028930664062500e+01,1.077421112060546875e+02,6.620000000000000000e+02
9.760993957519531250e+01,1.077421112060546875e+02,6.620000000000000000e+02
9.832958984375000000e+01,1.077421112060546875e+02,6.620000000000000000e+02
9.919886016845703125e+01,1.079048614501953125e+02,6.630000000000000000e+02
7.949841308593750000e+01,1.082982177734375000e+02,6.610000000000000000e+02
8.021697998046875000e+01,1.082982177734375000e+02,6.610000000000000000e+02
8.105798339843750000e+01,1.084620590209960938e+02,6.620000000000000000e+02
8.177763366699218750e+01,1.084620590209960938e+02,6.620000000000000000e+02
8.249728393554687500e+01,1.084620590209960938e+02,6.620000000000000000e+02
8.321692657470703125e+01,1.084620590209960938e+02,6.620000000000000000e+02
8.393657684326171875e+01,1.084620590209960938e+02,6.620000000000000000e+02
8.478411102294921875e+01,1.086259002685546875e+02,6.630000000000000000e+02
8.550485229492187500e+01,1.086259002685546875e+02,6.630000000000000000e+02
8.622559356689453125e+01,1.086259002685546875e+02,6.630000000000000000e+02
8.681518554687500000e+01,1.084620590209960938e+02,6.620000000000000000e+02
8.753483581542968750e+01,1.084620590209960938e+02,6.620000000000000000e+02
8.825448608398437500e+01,1.084620590209960938e+02,6.620000000000000000e+02
8.897413635253906250e+01,1.084620590209960938e+02,6.620000000000000000e+02
8.955829620361328125e+01,1.082982177734375000e+02,6.610000000000000000e+02
9.027686309814453125e+01,1.082982177734375000e+02,6.610000000000000000e+02
9.085776519775390625e+01,1.081343765258789062e+02,6.600000000000000000e+02
9.157523345947265625e+01,1.081343765258789062e+02,6.600000000000000000e+02
9.229270935058593750e+01,1.081343765258789062e+02,6.600000000000000000e+02
9.301018524169921875e+01,1.081343765258789062e+02,6.600000000000000000e+02
9.372766113281250000e+01,1.081343765258789062e+02,6.600000000000000000e+02
9.444513702392578125e+01,1.081343765258789062e+02,6.600000000000000000e+02
9.516261291503906250e+01,1.081343765258789062e+02,6.600000000000000000e+02
9.588008880615234375e+01,1.081343765258789062e+02,6.600000000000000000e+02
9.674392700195312500e+01,1.082982177734375000e+02,6.610000000000000000e+02
9.746248626708984375e+01,1.082982177734375000e+02,6.610000000000000000e+02
9.832958984375000000e+01,1.084620590209960938e+02,6.620000000000000000e+02
9.904924011230468750e+01,1.084620590209960938e+02,6.620000000000000000e+02
9.976889038085937500e+01,1.084620590209960938e+02,6.620000000000000000e+02
1.006403350830078125e+02,1.086259002685546875e+02,6.630000000000000000e+02
7.710870361328125000e+01,1.086872177124023438e+02,6.590000000000000000e+02
7.782509613037109375e+01,1.086872177124023438e+02,6.590000000000000000e+02
7.866066741943359375e+01,1.088521499633789062e+02,6.600000000000000000e+02
7.937814331054687500e+01,1.088521499633789062e+02,6.600000000000000000e+02
8.009561920166015625e+01,1.088521499633789062e+02,6.600000000000000000e+02
8.093553924560546875e+01,1.090170745849609375e+02,6.610000000000000000e+02
8.177763366699218750e+01,1.091820068359375000e+02,6.620000000000000000e+02
8.249728393554687500e+01,1.091820068359375000e+02,6.620000000000000000e+02
8.321692657470703125e+01,1.091820068359375000e+02,6.620000000000000000e+02
8.393657684326171875e+01,1.091820068359375000e+02,6.620000000000000000e+02
8.465622711181640625e+01,1.091820068359375000e+02,6.620000000000000000e+02
8.537589263916015625e+01,1.091820068359375000e+02,6.620000000000000000e+02
8.609553527832031250e+01,1.091820068359375000e+02,6.620000000000000000e+02
8.681518554687500000e+01,1.091820068359375000e+02,6.620000000000000000e+02
8.753483581542968750e+01,1.091820068359375000e+02,6.620000000000000000e+02
8.812117004394531250e+01,1.090170745849609375e+02,6.610000000000000000e+02
8.883973693847656250e+01,1.090170745849609375e+02,6.610000000000000000e+02
8.942281341552734375e+01,1.088521499633789062e+02,6.600000000000000000e+02
9.014028930664062500e+01,1.088521499633789062e+02,6.600000000000000000e+02
9.085776519775390625e+01,1.088521499633789062e+02,6.600000000000000000e+02
9.157523345947265625e+01,1.088521499633789062e+02,6.600000000000000000e+02
9.215287780761718750e+01,1.086872177124023438e+02,6.590000000000000000e+02
9.286926269531250000e+01,1.086872177124023438e+02,6.590000000000000000e+02
9.358565521240234375e+01,1.086872177124023438e+02,6.590000000000000000e+02
9.430204010009765625e+01,1.086872177124023438e+02,6.590000000000000000e+02
9.501843261718750000e+01,1.086872177124023438e+02,6.590000000000000000e+02
9.588008880615234375e+01,1.088521499633789062e+02,6.600000000000000000e+02
9.659756469726562500e+01,1.088521499633789062e+02,6.600000000000000000e+02
9.731504058837890625e+01,1.088521499633789062e+02,6.600000000000000000e+02
9.818105316162109375e+01,1.090170745849609375e+02,6.610000000000000000e+02
9.889961242675781250e+01,1.090170745849609375e+02,6.610000000000000000e+02
9.961817932128906250e+01,1.090170745849609375e+02,6.610000000000000000e+02
1.004885330200195312e+02,1.091820068359375000e+02,6.620000000000000000e+02
1.012081832885742188e+02,1.091820068359375000e+02,6.620000000000000000e+02
1.019278335571289062e+02,1.091820068359375000e+02,6.620000000000000000e+02
7.544625854492187500e+01,1.090718841552734375e+02,6.570000000000000000e+02
7.627639770507812500e+01,1.092378997802734375e+02,6.580000000000000000e+02
7.699169921875000000e+01,1.092378997802734375e+02,6.580000000000000000e+02
7.770700073242187500e+01,1.092378997802734375e+02,6.580000000000000000e+02
7.854148101806640625e+01,1.094039154052734375e+02,6.590000000000000000e+02
7.925787353515625000e+01,1.094039154052734375e+02,6.590000000000000000e+02
8.009561920166015625e+01,1.095699310302734375e+02,6.600000000000000000e+02
8.081309509277343750e+01,1.095699310302734375e+02,6.600000000000000000e+02
8.165410614013671875e+01,1.097359466552734375e+02,6.610000000000000000e+02
8.237266540527343750e+01,1.097359466552734375e+02,6.610000000000000000e+02
8.321692657470703125e+01,1.099019622802734375e+02,6.620000000000000000e+02
8.393657684326171875e+01,1.099019622802734375e+02,6.620000000000000000e+02
8.465622711181640625e+01,1.099019622802734375e+02,6.620000000000000000e+02
8.537589263916015625e+01,1.099019622802734375e+02,6.620000000000000000e+02
8.609553527832031250e+01,1.099019622802734375e+02,6.620000000000000000e+02
8.681518554687500000e+01,1.099019622802734375e+02,6.620000000000000000e+02
8.740261077880859375e+01,1.097359466552734375e+02,6.610000000000000000e+02
8.798786163330078125e+01,1.095699310302734375e+02,6.600000000000000000e+02
8.870533752441406250e+01,1.095699310302734375e+02,6.600000000000000000e+02
8.942281341552734375e+01,1.095699310302734375e+02,6.600000000000000000e+02
9.000370788574218750e+01,1.094039154052734375e+02,6.590000000000000000e+02
9.072010040283203125e+01,1.094039154052734375e+02,6.590000000000000000e+02
9.143648529052734375e+01,1.094039154052734375e+02,6.590000000000000000e+02
9.215287780761718750e+01,1.094039154052734375e+02,6.590000000000000000e+02
9.286926269531250000e+01,1.094039154052734375e+02,6.590000000000000000e+02
9.358565521240234375e+01,1.094039154052734375e+02,6.590000000000000000e+02
9.430204010009765625e+01,1.094039154052734375e+02,6.590000000000000000e+02
9.501843261718750000e+01,1.094039154052734375e+02,6.590000000000000000e+02
9.573481750488281250e+01,1.094039154052734375e+02,6.590000000000000000e+02
9.645121002197265625e+01,1.094039154052734375e+02,6.590000000000000000e+02
9.731504058837890625e+01,1.095699310302734375e+02,6.600000000000000000e+02
9.803251647949218750e+01,1.095699310302734375e+02,6.600000000000000000e+02
9.874999237060546875e+01,1.095699310302734375e+02,6.600000000000000000e+02
9.946746826171875000e+01,1.095699310302734375e+02,6.600000000000000000e+02
1.003367385864257812e+02,1.097359466552734375e+02,6.610000000000000000e+02
1.010553054809570312e+02,1.097359466552734375e+02,6.610000000000000000e+02
1.019278335571289062e+02,1.099019622802734375e+02,6.620000000000000000e+02
1.026474838256835938e+02,1.099019622802734375e+02,6.620000000000000000e+02
1.033671340942382812e+02,1.099019622802734375e+02,6.620000000000000000e+02
1.040867843627929688e+02,1.099019622802734375e+02,6.620000000000000000e+02
7.390516662597656250e+01,1.096192932128906250e+02,6.560000000000000000e+02
7.461829376220703125e+01,1.096192932128906250e+02,6.560000000000000000e+02
7.533142089843750000e+01,1.096192932128906250e+02,6.560000000000000000e+02
7.616046905517578125e+01,1.097863922119140625e+02,6.570000000000000000e+02
7.687468719482421875e+01,1.097863922119140625e+02,6.570000000000000000e+02
7.758890533447265625e+01,1.097863922119140625e+02,6.570000000000000000e+02
7.842230224609375000e+01,1.099534912109375000e+02,6.580000000000000000e+02
7.913760375976562500e+01,1.099534912109375000e+02,6.580000000000000000e+02
7.997426605224609375e+01,1.101205978393554688e+02,6.590000000000000000e+02
8.081309509277343750e+01,1.102876968383789062e+02,6.600000000000000000e+02
8.153057098388671875e+01,1.102876968383789062e+02,6.600000000000000000e+02
8.237266540527343750e+01,1.104548034667968750e+02,6.610000000000000000e+02
8.309122467041015625e+01,1.104548034667968750e+02,6.610000000000000000e+02
8.380978393554687500e+01,1.104548034667968750e+02,6.610000000000000000e+02
8.452835083007812500e+01,1.104548034667968750e+02,6.610000000000000000e+02
8.524692535400390625e+01,1.104548034667968750e+02,6.610000000000000000e+02
8.596548461914062500e+01,1.104548034667968750e+02,6.610000000000000000e+02
8.668405151367187500e+01,1.104548034667968750e+02,6.610000000000000000e+02
8.727038574218750000e+01,1.102876968383789062e+02,6.600000000000000000e+02
8.798786163330078125e+01,1.102876968383789062e+02,6.600000000000000000e+02
8.870533752441406250e+01,1.102876968383789062e+02,6.600000000000000000e+02
8.928732299804687500e+01,1.101205978393554688e+02,6.590000000000000000e+02
9.000370788574218750e+01,1.101205978393554688e+02,6.590000000000000000e+02
9.072010040283203125e+01,1.101205978393554688e+02,6.590000000000000000e+02
9.129773712158203125e+01,1.099534912109375000e+02,6.580000000000000000e+02
9.201303863525390625e+01,1.099534912109375000e+02,6.580000000000000000e+02
9.272834014892578125e+01,1.099534912109375000e+02,6.580000000000000000e+02
9.344364166259765625e+01,1.099534912109375000e+02,6.580000000000000000e+02
9.415894317626953125e+01,1.099534912109375000e+02,6.580000000000000000e+02
9.487424468994140625e+01,1.099534912109375000e+02,6.580000000000000000e+02
9.558954620361328125e+01,1.099534912109375000e+02,6.580000000000000000e+02
9.630484771728515625e+01,1.099534912109375000e+02,6.580000000000000000e+02
9.716759490966796875e+01,1.101205978393554688e+02,6.590000000000000000e+02
9.788398742675781250e+01,1.101205978393554688e+02,6.590000000000000000e+02
9.860037231445312500e+01,1.101205978393554688e+02,6.590000000000000000e+02
9.946746826171875000e+01,1.102876968383789062e+02,6.600000000000000000e+02
1.001849441528320312e+02,1.102876968383789062e+02,6.600000000000000000e+02
1.009024200439453125e+02,1.102876968383789062e+02,6.600000000000000000e+02
1.016198959350585938e+02,1.102876968383789062e+02,6.600000000000000000e+02
1.023373718261718750e+02,1.102876968383789062e+02,6.600000000000000000e+02
1.032109909057617188e+02,1.104548034667968750e+02,6.610000000000000000e+02
1.039295578002929688e+02,1.104548034667968750e+02,6.610000000000000000e+02
1.046481170654296875e+02,1.104548034667968750e+02,6.610000000000000000e+02
1.055260848999023438e+02,1.106219024658203125e+02,6.620000000000000000e+02
7.308046722412109375e+01,1.101645202636718750e+02,6.550000000000000000e+02
7.379251098632812500e+01,1.101645202636718750e+02,6.550000000000000000e+02
7.450454711914062500e+01,1.101645202636718750e+02,6.550000000000000000e+02
7.533142089843750000e+01,1.103327102661132812e+02,6.560000000000000000e+02
7.604454803466796875e+01,1.103327102661132812e+02,6.560000000000000000e+02
7.675767517089843750e+01,1.103327102661132812e+02,6.560000000000000000e+02
7.747080230712890625e+01,1.103327102661132812e+02,6.560000000000000000e+02
7.830311584472656250e+01,1.105009002685546875e+02,6.570000000000000000e+02
7.901733398437500000e+01,1.105009002685546875e+02,6.570000000000000000e+02
7.985290527343750000e+01,1.106690902709960938e+02,6.580000000000000000e+02
8.069065093994140625e+01,1.108372802734375000e+02,6.590000000000000000e+02
8.140704345703125000e+01,1.108372802734375000e+02,6.590000000000000000e+02
8.224804687500000000e+01,1.110054702758789062e+02,6.600000000000000000e+02
8.296551513671875000e+01,1.110054702758789062e+02,6.600000000000000000e+02
8.368299102783203125e+01,1.110054702758789062e+02,6.600000000000000000e+02
8.440046691894531250e+01,1.110054702758789062e+02,6.600000000000000000e+02
8.511795806884765625e+01,1.110054702758789062e+02,6.600000000000000000e+02
8.583543395996093750e+01,1.110054702758789062e+02,6.600000000000000000e+02
8.655290985107421875e+01,1.110054702758789062e+02,6.600000000000000000e+02
8.727038574218750000e+01,1.110054702758789062e+02,6.600000000000000000e+02
8.785454559326171875e+01,1.108372802734375000e+02,6.590000000000000000e+02
8.857093048095703125e+01,1.108372802734375000e+02,6.590000000000000000e+02
8.928732299804687500e+01,1.108372802734375000e+02,6.590000000000000000e+02
8.986713409423828125e+01,1.106690902709960938e+02,6.580000000000000000e+02
9.058243560791015625e+01,1.106690902709960938e+02,6.580000000000000000e+02
9.129773712158203125e+01,1.106690902709960938e+02,6.580000000000000000e+02
9.201303863525390625e+01,1.106690902709960938e+02,6.580000000000000000e+02
9.272834014892578125e+01,1.106690902709960938e+02,6.580000000000000000e+02
9.344364166259765625e+01,1.106690902709960938e+02,6.580000000000000000e+02
9.401584625244140625e+01,1.105009002685546875e+02,6.570000000000000000e+02
9.473005676269531250e+01,1.105009002685546875e+02,6.570000000000000000e+02
9.558954620361328125e+01,1.106690902709960938e+02,6.580000000000000000e+02
9.615848541259765625e+01,1.105009002685546875e+02,6.570000000000000000e+02
9.702014923095703125e+01,1.106690902709960938e+02,6.580000000000000000e+02
9.773545074462890625e+01,1.106690902709960938e+02,6.580000000000000000e+02
9.845075225830078125e+01,1.106690902709960938e+02,6.580000000000000000e+02
9.931676483154296875e+01,1.108372802734375000e+02,6.590000000000000000e+02
1.000331497192382812e+02,1.108372802734375000e+02,6.590000000000000000e+02
1.007495422363281250e+02,1.108372802734375000e+02,6.590000000000000000e+02
1.014659271240234375e+02,1.108372802734375000e+02,6.590000000000000000e+02
1.021823196411132812e+02,1.108372802734375000e+02,6.590000000000000000e+02
1.030548477172851562e+02,1.110054702758789062e+02,6.600000000000000000e+02
1.037723236083984375e+02,1.110054702758789062e+02,6.600000000000000000e+02
1.044897994995117188e+02,1.110054702758789062e+02,6.600000000000000000e+02
1.052072753906250000e+02,1.110054702758789062e+02,6.600000000000000000e+02
1.060852432250976562e+02,1.111736602783203125e+02,6.610000000000000000e+02
1.068038024902343750e+02,1.111736602783203125e+02,6.610000000000000000e+02
1.075223770141601562e+02,1.111736602783203125e+02,6.610000000000000000e+02
7.236843109130859375e+01,1.108768539428710938e+02,6.550000000000000000e+02
7.296889495849609375e+01,1.107075729370117188e+02,6.540000000000000000e+02
7.367984771728515625e+01,1.107075729370117188e+02,6.540000000000000000e+02
7.439080047607421875e+01,1.107075729370117188e+02,6.540000000000000000e+02
7.521659088134765625e+01,1.108768539428710938e+02,6.550000000000000000e+02
7.592862701416015625e+01,1.108768539428710938e+02,6.550000000000000000e+02
7.664067077636718750e+01,1.108768539428710938e+02,6.550000000000000000e+02
7.735270690917968750e+01,1.108768539428710938e+02,6.550000000000000000e+02
7.818392944335937500e+01,1.110461273193359375e+02,6.560000000000000000e+02
7.889706420898437500e+01,1.110461273193359375e+02,6.560000000000000000e+02
7.973155212402343750e+01,1.112154083251953125e+02,6.570000000000000000e+02
8.056820678710937500e+01,1.113846893310546875e+02,6.580000000000000000e+02
8.128350830078125000e+01,1.113846893310546875e+02,6.580000000000000000e+02
8.212342834472656250e+01,1.115539627075195312e+02,6.590000000000000000e+02
8.283981323242187500e+01,1.115539627075195312e+02,6.590000000000000000e+02
8.355620574951171875e+01,1.115539627075195312e+02,6.590000000000000000e+02
8.427259063720703125e+01,1.115539627075195312e+02,6.590000000000000000e+02
8.498899078369140625e+01,1.115539627075195312e+02,6.590000000000000000e+02
8.570537567138671875e+01,1.115539627075195312e+02,6.590000000000000000e+02
8.642176818847656250e+01,1.115539627075195312e+02,6.590000000000000000e+02
8.713815307617187500e+01,1.115539627075195312e+02,6.590000000000000000e+02
8.772122955322265625e+01,1.113846893310546875e+02,6.580000000000000000e+02
8.843653106689453125e+01,1.113846893310546875e+02,6.580000000000000000e+02
8.915183258056640625e+01,1.113846893310546875e+02,6.580000000000000000e+02
8.986713409423828125e+01,1.113846893310546875e+02,6.580000000000000000e+02
9.044477081298828125e+01,1.112154083251953125e+02,6.570000000000000000e+02
9.115898895263671875e+01,1.112154083251953125e+02,6.570000000000000000e+02
9.187319946289062500e+01,1.112154083251953125e+02,6.570000000000000000e+02
9.258741760253906250e+01,1.112154083251953125e+02,6.570000000000000000e+02
9.330162811279296875e+01,1.112154083251953125e+02,6.570000000000000000e+02
9.401584625244140625e+01,1.112154083251953125e+02,6.570000000000000000e+02
9.473005676269531250e+01,1.112154083251953125e+02,6.570000000000000000e+02
9.544427490234375000e+01,1.112154083251953125e+02,6.570000000000000000e+02
9.615848541259765625e+01,1.112154083251953125e+02,6.570000000000000000e+02
9.687270355224609375e+01,1.112154083251953125e+02,6.570000000000000000e+02
9.758691406250000000e+01,1.112154083251953125e+02,6.570000000000000000e+02
9.845075225830078125e+01,1.113846893310546875e+02,6.580000000000000000e+02
9.916605377197265625e+01,1.113846893310546875e+02,6.580000000000000000e+02
9.988135528564453125e+01,1.113846893310546875e+02,6.580000000000000000e+02
1.005966567993164062e+02,1.113846893310546875e+02,6.580000000000000000e+02
1.013119583129882812e+02,1.113846893310546875e+02,6.580000000000000000e+02
1.021823196411132812e+02,1.115539627075195312e+02,6.590000000000000000e+02
1.028987045288085938e+02,1.115539627075195312e+02,6.590000000000000000e+02
1.036150970458984375e+02,1.115539627075195312e+02,6.590000000000000000e+02
1.043314819335937500e+02,1.115539627075195312e+02,6.590000000000000000e+02
1.050478744506835938e+02,1.115539627075195312e+02,6.590000000000000000e+02
1.057642593383789062e+02,1.115539627075195312e+02,6.590000000000000000e+02
1.066422271728515625e+02,1.117232437133789062e+02,6.600000000000000000e+02
1.073597106933593750e+02,1.117232437133789062e+02,6.600000000000000000e+02
1.080771865844726562e+02,1.117232437133789062e+02,6.600000000000000000e+02
7.214745330810546875e+01,1.112484588623046875e+02,6.530000000000000000e+02
7.285732269287109375e+01,1.112484588623046875e+02,6.530000000000000000e+02
7.356718444824218750e+01,1.112484588623046875e+02,6.530000000000000000e+02
7.427705383300781250e+01,1.112484588623046875e+02,6.530000000000000000e+02
7.510175323486328125e+01,1.114188232421875000e+02,6.540000000000000000e+02
7.581270599365234375e+01,1.114188232421875000e+02,6.540000000000000000e+02
7.652365875244140625e+01,1.114188232421875000e+02,6.540000000000000000e+02
7.735270690917968750e+01,1.115891876220703125e+02,6.550000000000000000e+02
7.806475067138671875e+01,1.115891876220703125e+02,6.550000000000000000e+02
7.889706420898437500e+01,1.117595520019531250e+02,6.560000000000000000e+02
7.961019134521484375e+01,1.117595520019531250e+02,6.560000000000000000e+02
8.044576263427734375e+01,1.119299163818359375e+02,6.570000000000000000e+02
8.128350830078125000e+01,1.121002807617187500e+02,6.580000000000000000e+02
8.199880981445312500e+01,1.121002807617187500e+02,6.580000000000000000e+02
8.271411132812500000e+01,1.121002807617187500e+02,6.580000000000000000e+02
8.342941284179687500e+01,1.121002807617187500e+02,6.580000000000000000e+02
8.427259063720703125e+01,1.122706451416015625e+02,6.590000000000000000e+02
8.498899078369140625e+01,1.122706451416015625e+02,6.590000000000000000e+02
8.570537567138671875e+01,1.122706451416015625e+02,6.590000000000000000e+02
8.629062652587890625e+01,1.121002807617187500e+02,6.580000000000000000e+02
8.700592803955078125e+01,1.121002807617187500e+02,6.580000000000000000e+02
8.772122955322265625e+01,1.121002807617187500e+02,6.580000000000000000e+02
8.843653106689453125e+01,1.121002807617187500e+02,6.580000000000000000e+02
8.901634216308593750e+01,1.119299163818359375e+02,6.570000000000000000e+02
8.973056030273437500e+01,1.119299163818359375e+02,6.570000000000000000e+02
9.044477081298828125e+01,1.119299163818359375e+02,6.570000000000000000e+02
9.115898895263671875e+01,1.119299163818359375e+02,6.570000000000000000e+02
9.187319946289062500e+01,1.119299163818359375e+02,6.570000000000000000e+02
9.258741760253906250e+01,1.119299163818359375e+02,6.570000000000000000e+02
9.330162811279296875e+01,1.119299163818359375e+02,6.570000000000000000e+02
9.401584625244140625e+01,1.119299163818359375e+02,6.570000000000000000e+02
9.473005676269531250e+01,1.119299163818359375e+02,6.570000000000000000e+02
9.529900360107421875e+01,1.117595520019531250e+02,6.560000000000000000e+02
9.615848541259765625e+01,1.119299163818359375e+02,6.570000000000000000e+02
9.687270355224609375e+01,1.119299163818359375e+02,6.570000000000000000e+02
9.758691406250000000e+01,1.119299163818359375e+02,6.570000000000000000e+02
9.830113220214843750e+01,1.119299163818359375e+02,6.570000000000000000e+02
9.901534271240234375e+01,1.119299163818359375e+02,6.570000000000000000e+02
9.972956085205078125e+01,1.119299163818359375e+02,6.570000000000000000e+02
1.004437713623046875e+02,1.119299163818359375e+02,6.570000000000000000e+02
1.011579895019531250e+02,1.119299163818359375e+02,6.570000000000000000e+02
1.018722000122070312e+02,1.119299163818359375e+02,6.570000000000000000e+02
1.027425613403320312e+02,1.121002807617187500e+02,6.580000000000000000e+02
1.034578628540039062e+02,1.121002807617187500e+02,6.580000000000000000e+02
1.041731643676757812e+02,1.121002807617187500e+02,6.580000000000000000e+02
1.048884658813476562e+02,1.121002807617187500e+02,6.580000000000000000e+02
1.056037673950195312e+02,1.121002807617187500e+02,6.580000000000000000e+02
1.064806518554687500e+02,1.122706451416015625e+02,6.590000000000000000e+02
1.071970443725585938e+02,1.122706451416015625e+02,6.590000000000000000e+02
1.079134368896484375e+02,1.122706451416015625e+02,6.590000000000000000e+02
1.086298217773437500e+02,1.122706451416015625e+02,6.590000000000000000e+02
1.095121383666992188e+02,1.124410095214843750e+02,6.600000000000000000e+02
7.072772216796875000e+01,1.119586105346679688e+02,6.530000000000000000e+02
7.143759155273437500e+01,1.119586105346679688e+02,6.530000000000000000e+02
7.214745330810546875e+01,1.119586105346679688e+02,6.530000000000000000e+02
7.285732269287109375e+01,1.119586105346679688e+02,6.530000000000000000e+02
7.356718444824218750e+01,1.119586105346679688e+02,6.530000000000000000e+02
7.427705383300781250e+01,1.119586105346679688e+02,6.530000000000000000e+02
7.498692321777343750e+01,1.119586105346679688e+02,6.530000000000000000e+02
7.569678497314453125e+01,1.119586105346679688e+02,6.530000000000000000e+02
7.652365875244140625e+01,1.121300659179687500e+02,6.540000000000000000e+02
7.723461151123046875e+01,1.121300659179687500e+02,6.540000000000000000e+02
7.806475067138671875e+01,1.123015213012695312e+02,6.550000000000000000e+02
7.877679443359375000e+01,1.123015213012695312e+02,6.550000000000000000e+02
7.948883819580078125e+01,1.123015213012695312e+02,6.550000000000000000e+02
8.032331848144531250e+01,1.124729690551757812e+02,6.560000000000000000e+02
8.115998077392578125e+01,1.126444244384765625e+02,6.570000000000000000e+02
8.187419128417968750e+01,1.126444244384765625e+02,6.570000000000000000e+02
8.258840179443359375e+01,1.126444244384765625e+02,6.570000000000000000e+02
8.342941284179687500e+01,1.128158798217773438e+02,6.580000000000000000e+02
8.414471435546875000e+01,1.128158798217773438e+02,6.580000000000000000e+02
8.486002349853515625e+01,1.128158798217773438e+02,6.580000000000000000e+02
8.557532501220703125e+01,1.128158798217773438e+02,6.580000000000000000e+02
8.629062652587890625e+01,1.128158798217773438e+02,6.580000000000000000e+02
8.687370300292968750e+01,1.126444244384765625e+02,6.570000000000000000e+02
8.758791351318359375e+01,1.126444244384765625e+02,6.570000000000000000e+02
8.830213165283203125e+01,1.126444244384765625e+02,6.570000000000000000e+02
8.901634216308593750e+01,1.126444244384765625e+02,6.570000000000000000e+02
8.973056030273437500e+01,1.126444244384765625e+02,6.570000000000000000e+02
9.030710601806640625e+01,1.124729690551757812e+02,6.560000000000000000e+02
9.102023315429687500e+01,1.124729690551757812e+02,6.560000000000000000e+02
9.173336029052734375e+01,1.124729690551757812e+02,6.560000000000000000e+02
9.244648742675781250e+01,1.124729690551757812e+02,6.560000000000000000e+02
9.315961456298828125e+01,1.124729690551757812e+02,6.560000000000000000e+02
9.387274169921875000e+01,1.124729690551757812e+02,6.560000000000000000e+02
9.458587646484375000e+01,1.124729690551757812e+02,6.560000000000000000e+02
9.529900360107421875e+01,1.124729690551757812e+02,6.560000000000000000e+02
9.601213073730468750e+01,1.124729690551757812e+02,6.560000000000000000e+02
9.672525787353515625e+01,1.124729690551757812e+02,6.560000000000000000e+02
9.743838500976562500e+01,1.124729690551757812e+02,6.560000000000000000e+02
9.815151214599609375e+01,1.124729690551757812e+02,6.560000000000000000e+02
9.886463928222656250e+01,1.124729690551757812e+02,6.560000000000000000e+02
9.957776641845703125e+01,1.124729690551757812e+02,6.560000000000000000e+02
1.002908935546875000e+02,1.124729690551757812e+02,6.560000000000000000e+02
1.010040206909179688e+02,1.124729690551757812e+02,6.560000000000000000e+02
1.018722000122070312e+02,1.126444244384765625e+02,6.570000000000000000e+02
1.024302749633789062e+02,1.124729690551757812e+02,6.560000000000000000e+02
1.033006286621093750e+02,1.126444244384765625e+02,6.570000000000000000e+02
1.040148468017578125e+02,1.126444244384765625e+02,6.570000000000000000e+02
1.047290573120117188e+02,1.126444244384765625e+02,6.570000000000000000e+02
1.054432754516601562e+02,1.126444244384765625e+02,6.570000000000000000e+02
1.061574859619140625e+02,1.126444244384765625e+02,6.570000000000000000e+02
1.068717117309570312e+02,1.126444244384765625e+02,6.570000000000000000e+02
1.077496795654296875e+02,1.128158798217773438e+02,6.580000000000000000e+02
1.084649810791015625e+02,1.128158798217773438e+02,6.580000000000000000e+02
1.091802825927734375e+02,1.128158798217773438e+02,6.580000000000000000e+02
1.100625991821289062e+02,1.129873275756835938e+02,6.590000000000000000e+02
1.107789916992187500e+02,1.129873275756835938e+02,6.590000000000000000e+02
6.991062927246093750e+01,1.124962310791015625e+02,6.520000000000000000e+02
7.061941528320312500e+01,1.124962310791015625e+02,6.520000000000000000e+02
7.132819366455078125e+01,1.124962310791015625e+02,6.520000000000000000e+02
7.203697204589843750e+01,1.124962310791015625e+02,6.520000000000000000e+02
7.274575042724609375e+01,1.124962310791015625e+02,6.520000000000000000e+02
7.345452880859375000e+01,1.124962310791015625e+02,6.520000000000000000e+02
7.416330718994140625e+01,1.124962310791015625e+02,6.520000000000000000e+02
7.498692321777343750e+01,1.126687698364257812e+02,6.530000000000000000e+02
7.569678497314453125e+01,1.126687698364257812e+02,6.530000000000000000e+02
7.640665435791015625e+01,1.126687698364257812e+02,6.530000000000000000e+02
7.723461151123046875e+01,1.128413085937500000e+02,6.540000000000000000e+02
7.794556427001953125e+01,1.128413085937500000e+02,6.540000000000000000e+02
7.877679443359375000e+01,1.130138549804687500e+02,6.550000000000000000e+02
7.948883819580078125e+01,1.130138549804687500e+02,6.550000000000000000e+02
8.032331848144531250e+01,1.131863937377929688e+02,6.560000000000000000e+02
8.103644561767578125e+01,1.131863937377929688e+02,6.560000000000000000e+02
8.187419128417968750e+01,1.133589324951171875e+02,6.570000000000000000e+02
8.246269989013671875e+01,1.131863937377929688e+02,6.560000000000000000e+02
8.330261993408203125e+01,1.133589324951171875e+02,6.570000000000000000e+02
8.401683044433593750e+01,1.133589324951171875e+02,6.570000000000000000e+02
8.473105621337890625e+01,1.133589324951171875e+02,6.570000000000000000e+02
8.544526672363281250e+01,1.133589324951171875e+02,6.570000000000000000e+02
8.615948486328125000e+01,1.133589324951171875e+02,6.570000000000000000e+02
8.687370300292968750e+01,1.133589324951171875e+02,6.570000000000000000e+02
8.758791351318359375e+01,1.133589324951171875e+02,6.570000000000000000e+02
8.816772460937500000e+01,1.131863937377929688e+02,6.560000000000000000e+02
8.888085174560546875e+01,1.131863937377929688e+02,6.560000000000000000e+02
8.959397888183593750e+01,1.131863937377929688e+02,6.560000000000000000e+02
9.030710601806640625e+01,1.131863937377929688e+02,6.560000000000000000e+02
9.102023315429687500e+01,1.131863937377929688e+02,6.560000000000000000e+02
9.173336029052734375e+01,1.131863937377929688e+02,6.560000000000000000e+02
9.244648742675781250e+01,1.131863937377929688e+02,6.560000000000000000e+02
9.315961456298828125e+01,1.131863937377929688e+02,6.560000000000000000e+02
9.387274169921875000e+01,1.131863937377929688e+02,6.560000000000000000e+02
9.458587646484375000e+01,1.131863937377929688e+02,6.560000000000000000e+02
9.529900360107421875e+01,1.131863937377929688e+02,6.560000000000000000e+02
9.601213073730468750e+01,1.131863937377929688e+02,6.560000000000000000e+02
9.672525787353515625e+01,1.131863937377929688e+02,6.560000000000000000e+02
9.743838500976562500e+01,1.131863937377929688e+02,6.560000000000000000e+02
9.815151214599609375e+01,1.131863937377929688e+02,6.560000000000000000e+02
9.886463928222656250e+01,1.131863937377929688e+02,6.560000000000000000e+02
9.957776641845703125e+01,1.131863937377929688e+02,6.560000000000000000e+02
1.002908935546875000e+02,1.131863937377929688e+02,6.560000000000000000e+02
1.010040206909179688e+02,1.131863937377929688e+02,6.560000000000000000e+02
1.017171478271484375e+02,1.131863937377929688e+02,6.560000000000000000e+02
1.024302749633789062e+02,1.131863937377929688e+02,6.560000000000000000e+02
1.031434020996093750e+02,1.131863937377929688e+02,6.560000000000000000e+02
1.038565292358398438e+02,1.131863937377929688e+02,6.560000000000000000e+02
1.045696563720703125e+02,1.131863937377929688e+02,6.560000000000000000e+02
1.052827835083007812e+02,1.131863937377929688e+02,6.560000000000000000e+02
1.059959106445312500e+02,1.131863937377929688e+02,6.560000000000000000e+02
1.067090454101562500e+02,1.131863937377929688e+02,6.560000000000000000e+02
1.075859298706054688e+02,1.133589324951171875e+02,6.570000000000000000e+02
1.083001403808593750e+02,1.133589324951171875e+02,6.570000000000000000e+02
1.090143585205078125e+02,1.133589324951171875e+02,6.570000000000000000e+02
1.097285690307617188e+02,1.133589324951171875e+02,6.570000000000000000e+02
1.106108856201171875e+02,1.135314712524414062e+02,6.580000000000000000e+02
1.113261871337890625e+02,1.135314712524414062e+02,6.580000000000000000e+02
6.909571838378906250e+01,1.130316772460937500e+02,6.510000000000000000e+02
6.980340576171875000e+01,1.130316772460937500e+02,6.510000000000000000e+02
7.051110076904296875e+01,1.130316772460937500e+02,6.510000000000000000e+02
7.121878814697265625e+01,1.130316772460937500e+02,6.510000000000000000e+02
7.192648315429687500e+01,1.130316772460937500e+02,6.510000000000000000e+02
7.263417816162109375e+01,1.130316772460937500e+02,6.510000000000000000e+02
7.334186553955078125e+01,1.130316772460937500e+02,6.510000000000000000e+02
7.416330718994140625e+01,1.132052993774414062e+02,6.520000000000000000e+02
7.487208557128906250e+01,1.132052993774414062e+02,6.520000000000000000e+02
7.569678497314453125e+01,1.133789291381835938e+02,6.530000000000000000e+02
7.640665435791015625e+01,1.133789291381835938e+02,6.530000000000000000e+02
7.711651611328125000e+01,1.133789291381835938e+02,6.530000000000000000e+02
7.794556427001953125e+01,1.135525588989257812e+02,6.540000000000000000e+02
7.865652465820312500e+01,1.135525588989257812e+02,6.540000000000000000e+02
7.948883819580078125e+01,1.137261886596679688e+02,6.550000000000000000e+02
8.020087432861328125e+01,1.137261886596679688e+02,6.550000000000000000e+02
8.091291809082031250e+01,1.137261886596679688e+02,6.550000000000000000e+02
8.174957275390625000e+01,1.138998107910156250e+02,6.560000000000000000e+02
8.246269989013671875e+01,1.138998107910156250e+02,6.560000000000000000e+02
8.317582702636718750e+01,1.138998107910156250e+02,6.560000000000000000e+02
8.388895416259765625e+01,1.138998107910156250e+02,6.560000000000000000e+02
8.460208892822265625e+01,1.138998107910156250e+02,6.560000000000000000e+02
8.531521606445312500e+01,1.138998107910156250e+02,6.560000000000000000e+02
8.602834320068359375e+01,1.138998107910156250e+02,6.560000000000000000e+02
8.674147033691406250e+01,1.138998107910156250e+02,6.560000000000000000e+02
8.745459747314453125e+01,1.138998107910156250e+02,6.560000000000000000e+02
8.816772460937500000e+01,1.138998107910156250e+02,6.560000000000000000e+02
8.888085174560546875e+01,1.138998107910156250e+02,6.560000000000000000e+02
8.959397888183593750e+01,1.138998107910156250e+02,6.560000000000000000e+02
9.030710601806640625e+01,1.138998107910156250e+02,6.560000000000000000e+02
9.102023315429687500e+01,1.138998107910156250e+02,6.560000000000000000e+02
9.173336029052734375e+01,1.138998107910156250e+02,6.560000000000000000e+02
9.244648742675781250e+01,1.138998107910156250e+02,6.560000000000000000e+02
9.315961456298828125e+01,1.138998107910156250e+02,6.560000000000000000e+02
9.372964477539062500e+01,1.137261886596679688e+02,6.550000000000000000e+02
9.444168853759765625e+01,1.137261886596679688e+02,6.550000000000000000e+02
9.515372467041015625e+01,1.137261886596679688e+02,6.550000000000000000e+02
9.586576843261718750e+01,1.137261886596679688e+02,6.550000000000000000e+02
9.657780456542968750e+01,1.137261886596679688e+02,6.550000000000000000e+02
9.728984832763671875e+01,1.137261886596679688e+02,6.550000000000000000e+02
9.800189208984375000e+01,1.137261886596679688e+02,6.550000000000000000e+02
9.871392822265625000e+01,1.137261886596679688e+02,6.550000000000000000e+02
9.942597198486328125e+01,1.137261886596679688e+02,6.550000000000000000e+02
1.001380081176757812e+02,1.137261886596679688e+02,6.550000000000000000e+02
1.008500518798828125e+02,1.137261886596679688e+02,6.550000000000000000e+02
1.015620880126953125e+02,1.137261886596679688e+02,6.550000000000000000e+02
1.022741317749023438e+02,1.137261886596679688e+02,6.550000000000000000e+02
1.029861679077148438e+02,1.137261886596679688e+02,6.550000000000000000e+02
1.036982116699218750e+02,1.137261886596679688e+02,6.550000000000000000e+02
1.044102478027343750e+02,1.137261886596679688e+02,6.550000000000000000e+02
1.051222915649414062e+02,1.137261886596679688e+02,6.550000000000000000e+02
1.058343353271484375e+02,1.137261886596679688e+02,6.550000000000000000e+02
1.065463790893554688e+02,1.137261886596679688e+02,6.550000000000000000e+02
1.074221725463867188e+02,1.138998107910156250e+02,6.560000000000000000e+02
1.081352996826171875e+02,1.138998107910156250e+02,6.560000000000000000e+02
1.088484268188476562e+02,1.138998107910156250e+02,6.560000000000000000e+02
1.095615539550781250e+02,1.138998107910156250e+02,6.560000000000000000e+02
1.102746810913085938e+02,1.138998107910156250e+02,6.560000000000000000e+02
1.111569976806640625e+02,1.140734405517578125e+02,6.570000000000000000e+02
1.118712158203125000e+02,1.140734405517578125e+02,6.570000000000000000e+02
1.127567901611328125e+02,1.142470703125000000e+02,6.580000000000000000e+02
6.838802337646484375e+01,1.137396545410156250e+02,6.510000000000000000e+02
6.898957824707031250e+01,1.135649414062500000e+02,6.500000000000000000e+02
6.969618225097656250e+01,1.135649414062500000e+02,6.500000000000000000e+02
7.040278625488281250e+01,1.135649414062500000e+02,6.500000000000000000e+02
7.110939025878906250e+01,1.135649414062500000e+02,6.500000000000000000e+02
7.181599426269531250e+01,1.135649414062500000e+02,6.500000000000000000e+02
7.263417816162109375e+01,1.137396545410156250e+02,6.510000000000000000e+02
7.334186553955078125e+01,1.137396545410156250e+02,6.510000000000000000e+02
7.404956054687500000e+01,1.137396545410156250e+02,6.510000000000000000e+02
7.487208557128906250e+01,1.139143753051757812e+02,6.520000000000000000e+02
7.569678497314453125e+01,1.140890884399414062e+02,6.530000000000000000e+02
7.640665435791015625e+01,1.140890884399414062e+02,6.530000000000000000e+02
7.711651611328125000e+01,1.140890884399414062e+02,6.530000000000000000e+02
7.794556427001953125e+01,1.142638015747070312e+02,6.540000000000000000e+02
7.865652465820312500e+01,1.142638015747070312e+02,6.540000000000000000e+02
7.936747741699218750e+01,1.142638015747070312e+02,6.540000000000000000e+02
8.020087432861328125e+01,1.144385147094726562e+02,6.550000000000000000e+02
8.091291809082031250e+01,1.144385147094726562e+02,6.550000000000000000e+02
8.162495422363281250e+01,1.144385147094726562e+02,6.550000000000000000e+02
8.233699035644531250e+01,1.144385147094726562e+02,6.550000000000000000e+02
8.317582702636718750e+01,1.146132354736328125e+02,6.560000000000000000e+02
8.602834320068359375e+01,1.146132354736328125e+02,6.560000000000000000e+02
8.660924530029296875e+01,1.144385147094726562e+02,6.550000000000000000e+02
8.732128143310546875e+01,1.144385147094726562e+02,6.550000000000000000e+02
8.803332519531250000e+01,1.144385147094726562e+02,6.550000000000000000e+02
8.874536132812500000e+01,1.144385147094726562e+02,6.550000000000000000e+02
8.945740509033203125e+01,1.144385147094726562e+02,6.550000000000000000e+02
9.016944885253906250e+01,1.144385147094726562e+02,6.550000000000000000e+02
9.088148498535156250e+01,1.144385147094726562e+02,6.550000000000000000e+02
9.159352874755859375e+01,1.144385147094726562e+02,6.550000000000000000e+02
9.230556488037109375e+01,1.144385147094726562e+02,6.550000000000000000e+02
9.301760864257812500e+01,1.144385147094726562e+02,6.550000000000000000e+02
9.372964477539062500e+01,1.144385147094726562e+02,6.550000000000000000e+02
9.444168853759765625e+01,1.144385147094726562e+02,6.550000000000000000e+02
9.515372467041015625e+01,1.144385147094726562e+02,6.550000000000000000e+02
9.586576843261718750e+01,1.144385147094726562e+02,6.550000000000000000e+02
9.657780456542968750e+01,1.144385147094726562e+02,6.550000000000000000e+02
9.728984832763671875e+01,1.144385147094726562e+02,6.550000000000000000e+02
9.800189208984375000e+01,1.144385147094726562e+02,6.550000000000000000e+02
9.871392822265625000e+01,1.144385147094726562e+02,6.550000000000000000e+02
9.942597198486328125e+01,1.144385147094726562e+02,6.550000000000000000e+02
1.001380081176757812e+02,1.144385147094726562e+02,6.550000000000000000e+02
1.006960830688476562e+02,1.142638015747070312e+02,6.540000000000000000e+02
1.015620880126953125e+02,1.144385147094726562e+02,6.550000000000000000e+02
1.021179885864257812e+02,1.142638015747070312e+02,6.540000000000000000e+02
1.028289413452148438e+02,1.142638015747070312e+02,6.540000000000000000e+02
1.035398941040039062e+02,1.142638015747070312e+02,6.540000000000000000e+02
1.042508468627929688e+02,1.142638015747070312e+02,6.540000000000000000e+02
1.049617996215820312e+02,1.142638015747070312e+02,6.540000000000000000e+02
1.056727523803710938e+02,1.142638015747070312e+02,6.540000000000000000e+02
1.063837127685546875e+02,1.142638015747070312e+02,6.540000000000000000e+02
1.072584228515625000e+02,1.144385147094726562e+02,6.550000000000000000e+02
1.079704589843750000e+02,1.144385147094726562e+02,6.550000000000000000e+02
1.086825027465820312e+02,1.144385147094726562e+02,6.550000000000000000e+02
1.093945465087890625e+02,1.144385147094726562e+02,6.550000000000000000e+02
1.101065826416015625e+02,1.144385147094726562e+02,6.550000000000000000e+02
1.109878082275390625e+02,1.146132354736328125e+02,6.560000000000000000e+02
1.117009429931640625e+02,1.146132354736328125e+02,6.560000000000000000e+02
1.124140701293945312e+02,1.146132354736328125e+02,6.560000000000000000e+02
1.132996444702148438e+02,1.147879486083984375e+02,6.570000000000000000e+02
6.757637023925781250e+01,1.142718353271484375e+02,6.500000000000000000e+02
6.828297424316406250e+01,1.142718353271484375e+02,6.500000000000000000e+02
6.888343811035156250e+01,1.140960311889648438e+02,6.490000000000000000e+02
6.958895874023437500e+01,1.140960311889648438e+02,6.490000000000000000e+02
7.029447937011718750e+01,1.140960311889648438e+02,6.490000000000000000e+02
7.110939025878906250e+01,1.142718353271484375e+02,6.500000000000000000e+02
7.181599426269531250e+01,1.142718353271484375e+02,6.500000000000000000e+02
7.252260589599609375e+01,1.142718353271484375e+02,6.500000000000000000e+02
7.334186553955078125e+01,1.144476394653320312e+02,6.510000000000000000e+02
7.404956054687500000e+01,1.144476394653320312e+02,6.510000000000000000e+02
7.487208557128906250e+01,1.146234436035156250e+02,6.520000000000000000e+02
7.569678497314453125e+01,1.147992477416992188e+02,6.530000000000000000e+02
7.640665435791015625e+01,1.147992477416992188e+02,6.530000000000000000e+02
7.723461151123046875e+01,1.149750518798828125e+02,6.540000000000000000e+02
7.794556427001953125e+01,1.149750518798828125e+02,6.540000000000000000e+02
7.865652465820312500e+01,1.149750518798828125e+02,6.540000000000000000e+02
7.936747741699218750e+01,1.149750518798828125e+02,6.540000000000000000e+02
8.020087432861328125e+01,1.151508483886718750e+02,6.550000000000000000e+02
8.091291809082031250e+01,1.151508483886718750e+02,6.550000000000000000e+02
8.162495422363281250e+01,1.151508483886718750e+02,6.550000000000000000e+02
8.945740509033203125e+01,1.151508483886718750e+02,6.550000000000000000e+02
9.016944885253906250e+01,1.151508483886718750e+02,6.550000000000000000e+02
9.088148498535156250e+01,1.151508483886718750e+02,6.550000000000000000e+02
9.159352874755859375e+01,1.151508483886718750e+02,6.550000000000000000e+02
9.230556488037109375e+01,1.151508483886718750e+02,6.550000000000000000e+02
9.301760864257812500e+01,1.151508483886718750e+02,6.550000000000000000e+02
9.372964477539062500e+01,1.151508483886718750e+02,6.550000000000000000e+02
9.444168853759765625e+01,1.151508483886718750e+02,6.550000000000000000e+02
9.515372467041015625e+01,1.151508483886718750e+02,6.550000000000000000e+02
9.586576843261718750e+01,1.151508483886718750e+02,6.550000000000000000e+02
9.657780456542968750e+01,1.151508483886718750e+02,6.550000000000000000e+02
9.728984832763671875e+01,1.151508483886718750e+02,6.550000000000000000e+02
9.800189208984375000e+01,1.151508483886718750e+02,6.550000000000000000e+02
9.871392822265625000e+01,1.151508483886718750e+02,6.550000000000000000e+02
9.927416992187500000e+01,1.149750518798828125e+02,6.540000000000000000e+02
9.998513031005859375e+01,1.149750518798828125e+02,6.540000000000000000e+02
1.006960830688476562e+02,1.149750518798828125e+02,6.540000000000000000e+02
1.014070358276367188e+02,1.149750518798828125e+02,6.540000000000000000e+02
1.021179885864257812e+02,1.149750518798828125e+02,6.540000000000000000e+02
1.026717071533203125e+02,1.147992477416992188e+02,6.530000000000000000e+02
1.033815765380859375e+02,1.147992477416992188e+02,6.530000000000000000e+02
1.040914382934570312e+02,1.147992477416992188e+02,6.530000000000000000e+02
1.048013076782226562e+02,1.147992477416992188e+02,6.530000000000000000e+02
1.055111694335937500e+02,1.147992477416992188e+02,6.530000000000000000e+02
1.062210464477539062e+02,1.147992477416992188e+02,6.530000000000000000e+02
1.069309158325195312e+02,1.147992477416992188e+02,6.530000000000000000e+02
1.078056182861328125e+02,1.149750518798828125e+02,6.540000000000000000e+02
1.085165786743164062e+02,1.149750518798828125e+02,6.540000000000000000e+02
1.092275314331054688e+02,1.149750518798828125e+02,6.540000000000000000e+02
1.099384841918945312e+02,1.149750518798828125e+02,6.540000000000000000e+02
1.108186264038085938e+02,1.151508483886718750e+02,6.550000000000000000e+02
1.115306625366210938e+02,1.151508483886718750e+02,6.550000000000000000e+02
1.122427062988281250e+02,1.151508483886718750e+02,6.550000000000000000e+02
1.131271972656250000e+02,1.153266525268554688e+02,6.560000000000000000e+02
1.138403244018554688e+02,1.153266525268554688e+02,6.560000000000000000e+02
6.676688385009765625e+01,1.148018417358398438e+02,6.490000000000000000e+02
6.747240447998046875e+01,1.148018417358398438e+02,6.490000000000000000e+02
6.817792510986328125e+01,1.148018417358398438e+02,6.490000000000000000e+02
6.877730560302734375e+01,1.146249542236328125e+02,6.480000000000000000e+02
6.958895874023437500e+01,1.148018417358398438e+02,6.490000000000000000e+02
7.029447937011718750e+01,1.148018417358398438e+02,6.490000000000000000e+02
7.099999237060546875e+01,1.148018417358398438e+02,6.490000000000000000e+02
7.170551300048828125e+01,1.148018417358398438e+02,6.490000000000000000e+02
7.252260589599609375e+01,1.149787292480468750e+02,6.500000000000000000e+02
7.322920989990234375e+01,1.149787292480468750e+02,6.500000000000000000e+02
7.404956054687500000e+01,1.151556243896484375e+02,6.510000000000000000e+02
7.475724792480468750e+01,1.151556243896484375e+02,6.510000000000000000e+02
7.569678497314453125e+01,1.155094070434570312e+02,6.530000000000000000e+02
7.640665435791015625e+01,1.155094070434570312e+02,6.530000000000000000e+02
7.711651611328125000e+01,1.155094070434570312e+02,6.530000000000000000e+02
7.794556427001953125e+01,1.156862945556640625e+02,6.540000000000000000e+02
7.865652465820312500e+01,1.156862945556640625e+02,6.540000000000000000e+02
9.230556488037109375e+01,1.158631820678710938e+02,6.550000000000000000e+02
9.301760864257812500e+01,1.158631820678710938e+02,6.550000000000000000e+02
9.372964477539062500e+01,1.158631820678710938e+02,6.550000000000000000e+02
9.444168853759765625e+01,1.158631820678710938e+02,6.550000000000000000e+02
9.515372467041015625e+01,1.158631820678710938e+02,6.550000000000000000e+02
9.571940612792968750e+01,1.156862945556640625e+02,6.540000000000000000e+02
9.643035888671875000e+01,1.156862945556640625e+02,6.540000000000000000e+02
9.714131164550781250e+01,1.156862945556640625e+02,6.540000000000000000e+02
9.785226440429687500e+01,1.156862945556640625e+02,6.540000000000000000e+02
9.856321716308593750e+01,1.156862945556640625e+02,6.540000000000000000e+02
9.927416992187500000e+01,1.156862945556640625e+02,6.540000000000000000e+02
9.998513031005859375e+01,1.156862945556640625e+02,6.540000000000000000e+02
0.000000000000000000e+00,0.000000000000000000e+00,0.000000000000000000e+00
1.012519760131835938e+02,1.155094070434570312e+02,6.530000000000000000e+02
1.019618453979492188e+02,1.155094070434570312e+02,6.530000000000000000e+02
1.026717071533203125e+02,1.155094070434570312e+02,6.530000000000000000e+02
1.033815765380859375e+02,1.155094070434570312e+02,6.530000000000000000e+02
1.040914382934570312e+02,1.155094070434570312e+02,6.530000000000000000e+02
1.046408157348632812e+02,1.153325119018554688e+02,6.520000000000000000e+02
1.053495941162109375e+02,1.153325119018554688e+02,6.520000000000000000e+02
1.062210464477539062e+02,1.155094070434570312e+02,6.530000000000000000e+02
1.069309158325195312e+02,1.155094070434570312e+02,6.530000000000000000e+02
1.076407775878906250e+02,1.155094070434570312e+02,6.530000000000000000e+02
1.083506469726562500e+02,1.155094070434570312e+02,6.530000000000000000e+02
1.090605163574218750e+02,1.155094070434570312e+02,6.530000000000000000e+02
1.097703781127929688e+02,1.155094070434570312e+02,6.530000000000000000e+02
1.104802474975585938e+02,1.155094070434570312e+02,6.530000000000000000e+02
1.113603897094726562e+02,1.156862945556640625e+02,6.540000000000000000e+02
1.118999786376953125e+02,1.155094070434570312e+02,6.530000000000000000e+02
1.126098403930664062e+02,1.155094070434570312e+02,6.530000000000000000e+02
1.134932479858398438e+02,1.156862945556640625e+02,6.540000000000000000e+02
6.666400909423828125e+01,1.153296737670898438e+02,6.480000000000000000e+02
6.736843872070312500e+01,1.153296737670898438e+02,6.480000000000000000e+02
6.796781921386718750e+01,1.151516952514648438e+02,6.470000000000000000e+02
6.867116546630859375e+01,1.151516952514648438e+02,6.470000000000000000e+02
6.948173522949218750e+01,1.153296737670898438e+02,6.480000000000000000e+02
7.018616485595703125e+01,1.153296737670898438e+02,6.480000000000000000e+02
7.089059448242187500e+01,1.153296737670898438e+02,6.480000000000000000e+02
7.159502410888671875e+01,1.153296737670898438e+02,6.480000000000000000e+02
7.241102600097656250e+01,1.155076522827148438e+02,6.490000000000000000e+02
7.322920989990234375e+01,1.156856307983398438e+02,6.500000000000000000e+02
7.393581390380859375e+01,1.156856307983398438e+02,6.500000000000000000e+02
7.475724792480468750e+01,1.158636093139648438e+02,6.510000000000000000e+02
7.569678497314453125e+01,1.162195587158203125e+02,6.530000000000000000e+02
7.640665435791015625e+01,1.162195587158203125e+02,6.530000000000000000e+02
9.301760864257812500e+01,1.165755157470703125e+02,6.550000000000000000e+02
9.372964477539062500e+01,1.165755157470703125e+02,6.550000000000000000e+02
9.429750061035156250e+01,1.163975372314453125e+02,6.540000000000000000e+02
9.500845336914062500e+01,1.163975372314453125e+02,6.540000000000000000e+02
9.571940612792968750e+01,1.163975372314453125e+02,6.540000000000000000e+02
9.643035888671875000e+01,1.163975372314453125e+02,6.540000000000000000e+02
9.714131164550781250e+01,1.163975372314453125e+02,6.540000000000000000e+02
9.785226440429687500e+01,1.163975372314453125e+02,6.540000000000000000e+02
9.856321716308593750e+01,1.163975372314453125e+02,6.540000000000000000e+02
9.927416992187500000e+01,1.163975372314453125e+02,6.540000000000000000e+02
9.983224487304687500e+01,1.162195587158203125e+02,6.530000000000000000e+02
1.005421066284179688e+02,1.162195587158203125e+02,6.530000000000000000e+02
1.012519760131835938e+02,1.162195587158203125e+02,6.530000000000000000e+02
1.019618453979492188e+02,1.162195587158203125e+02,6.530000000000000000e+02
1.026717071533203125e+02,1.162195587158203125e+02,6.530000000000000000e+02
1.032232589721679688e+02,1.160415878295898438e+02,6.520000000000000000e+02
1.039320373535156250e+02,1.160415878295898438e+02,6.520000000000000000e+02
1.046408157348632812e+02,1.160415878295898438e+02,6.520000000000000000e+02
1.053495941162109375e+02,1.160415878295898438e+02,6.520000000000000000e+02
1.058957138061523438e+02,1.158636093139648438e+02,6.510000000000000000e+02
1.066034088134765625e+02,1.158636093139648438e+02,6.510000000000000000e+02
1.073111038208007812e+02,1.158636093139648438e+02,6.510000000000000000e+02
1.080187911987304688e+02,1.158636093139648438e+02,6.510000000000000000e+02
1.087264862060546875e+02,1.158636093139648438e+02,6.510000000000000000e+02
1.096022796630859375e+02,1.160415878295898438e+02,6.520000000000000000e+02
1.103110580444335938e+02,1.160415878295898438e+02,6.520000000000000000e+02
1.110198364257812500e+02,1.160415878295898438e+02,6.520000000000000000e+02
1.117286148071289062e+02,1.160415878295898438e+02,6.520000000000000000e+02
1.124373931884765625e+02,1.160415878295898438e+02,6.520000000000000000e+02
1.133197097778320312e+02,1.162195587158203125e+02,6.530000000000000000e+02
1.140295791625976562e+02,1.162195587158203125e+02,6.530000000000000000e+02
6.515444183349609375e+01,1.158553237915039062e+02,6.470000000000000000e+02
6.585778808593750000e+01,1.158553237915039062e+02,6.470000000000000000e+02
6.656112670898437500e+01,1.158553237915039062e+02,6.470000000000000000e+02
6.716051483154296875e+01,1.156762619018554688e+02,6.460000000000000000e+02
6.786277008056640625e+01,1.156762619018554688e+02,6.460000000000000000e+02
6.856502532958984375e+01,1.156762619018554688e+02,6.460000000000000000e+02
6.937451171875000000e+01,1.158553237915039062e+02,6.470000000000000000e+02
7.007785034179687500e+01,1.158553237915039062e+02,6.470000000000000000e+02
7.078119659423828125e+01,1.158553237915039062e+02,6.470000000000000000e+02
7.159502410888671875e+01,1.160343933105468750e+02,6.480000000000000000e+02
7.241102600097656250e+01,1.162134552001953125e+02,6.490000000000000000e+02
7.311654663085937500e+01,1.162134552001953125e+02,6.490000000000000000e+02
7.393581390380859375e+01,1.163925247192382812e+02,6.500000000000000000e+02
7.475724792480468750e+01,1.165715866088867188e+02,6.510000000000000000e+02
7.558086395263671875e+01,1.167506561279296875e+02,6.520000000000000000e+02
9.358654785156250000e+01,1.171087875366210938e+02,6.540000000000000000e+02
9.429750061035156250e+01,1.171087875366210938e+02,6.540000000000000000e+02
9.500845336914062500e+01,1.171087875366210938e+02,6.540000000000000000e+02
9.571940612792968750e+01,1.171087875366210938e+02,6.540000000000000000e+02
9.643035888671875000e+01,1.171087875366210938e+02,6.540000000000000000e+02
9.714131164550781250e+01,1.171087875366210938e+02,6.540000000000000000e+02
9.785226440429687500e+01,1.171087875366210938e+02,6.540000000000000000e+02
9.856321716308593750e+01,1.171087875366210938e+02,6.540000000000000000e+02
9.912237548828125000e+01,1.169297180175781250e+02,6.530000000000000000e+02
9.983224487304687500e+01,1.169297180175781250e+02,6.530000000000000000e+02
1.005421066284179688e+02,1.169297180175781250e+02,6.530000000000000000e+02
1.012519760131835938e+02,1.169297180175781250e+02,6.530000000000000000e+02
1.018057022094726562e+02,1.167506561279296875e+02,6.520000000000000000e+02
1.025144805908203125e+02,1.167506561279296875e+02,6.520000000000000000e+02
1.030649414062500000e+02,1.165715866088867188e+02,6.510000000000000000e+02
1.037726287841796875e+02,1.165715866088867188e+02,6.510000000000000000e+02
1.044803237915039062e+02,1.165715866088867188e+02,6.510000000000000000e+02
1.051880187988281250e+02,1.165715866088867188e+02,6.510000000000000000e+02
1.058957138061523438e+02,1.165715866088867188e+02,6.510000000000000000e+02
1.066034088134765625e+02,1.165715866088867188e+02,6.510000000000000000e+02
1.073111038208007812e+02,1.165715866088867188e+02,6.510000000000000000e+02
1.080187911987304688e+02,1.165715866088867188e+02,6.510000000000000000e+02
1.087264862060546875e+02,1.165715866088867188e+02,6.510000000000000000e+02
1.094341735839843750e+02,1.165715866088867188e+02,6.510000000000000000e+02
1.101418685913085938e+02,1.165715866088867188e+02,6.510000000000000000e+02
1.108495635986328125e+02,1.165715866088867188e+02,6.510000000000000000e+02
1.115572509765625000e+02,1.165715866088867188e+02,6.510000000000000000e+02
1.122649459838867188e+02,1.165715866088867188e+02,6.510000000000000000e+02
1.131461715698242188e+02,1.167506561279296875e+02,6.520000000000000000e+02
1.138549499511718750e+02,1.167506561279296875e+02,6.520000000000000000e+02
1.145637283325195312e+02,1.167506561279296875e+02,6.520000000000000000e+02
1.154493103027343750e+02,1.169297180175781250e+02,6.530000000000000000e+02
6.445109558105468750e+01,1.165589675903320312e+02,6.470000000000000000e+02
6.505374145507812500e+01,1.163788146972656250e+02,6.460000000000000000e+02
6.575599670410156250e+01,1.163788146972656250e+02,6.460000000000000000e+02
6.635537719726562500e+01,1.161986618041992188e+02,6.450000000000000000e+02
6.705654907226562500e+01,1.161986618041992188e+02,6.450000000000000000e+02
6.775772094726562500e+01,1.161986618041992188e+02,6.450000000000000000e+02
6.845888519287109375e+01,1.161986618041992188e+02,6.450000000000000000e+02
6.926728057861328125e+01,1.163788146972656250e+02,6.460000000000000000e+02
6.996954345703125000e+01,1.163788146972656250e+02,6.460000000000000000e+02
7.067179870605468750e+01,1.163788146972656250e+02,6.460000000000000000e+02
7.148453521728515625e+01,1.165589675903320312e+02,6.470000000000000000e+02
7.229945373535156250e+01,1.167391204833984375e+02,6.480000000000000000e+02
7.311654663085937500e+01,1.169192733764648438e+02,6.490000000000000000e+02
7.393581390380859375e+01,1.170994262695312500e+02,6.500000000000000000e+02
7.475724792480468750e+01,1.172795791625976562e+02,6.510000000000000000e+02
7.558086395263671875e+01,1.174597320556640625e+02,6.520000000000000000e+02
9.429750061035156250e+01,1.178200378417968750e+02,6.540000000000000000e+02
9.500845336914062500e+01,1.178200378417968750e+02,6.540000000000000000e+02
9.557304382324218750e+01,1.176398849487304688e+02,6.530000000000000000e+02
9.628291320800781250e+01,1.176398849487304688e+02,6.530000000000000000e+02
9.699278259277343750e+01,1.176398849487304688e+02,6.530000000000000000e+02
9.770264434814453125e+01,1.176398849487304688e+02,6.530000000000000000e+02
9.841251373291015625e+01,1.176398849487304688e+02,6.530000000000000000e+02
9.912237548828125000e+01,1.176398849487304688e+02,6.530000000000000000e+02
9.983224487304687500e+01,1.176398849487304688e+02,6.530000000000000000e+02
1.003881378173828125e+02,1.174597320556640625e+02,6.520000000000000000e+02
1.010969161987304688e+02,1.174597320556640625e+02,6.520000000000000000e+02
1.018057022094726562e+02,1.174597320556640625e+02,6.520000000000000000e+02
1.025144805908203125e+02,1.174597320556640625e+02,6.520000000000000000e+02
1.030649414062500000e+02,1.172795791625976562e+02,6.510000000000000000e+02
1.037726287841796875e+02,1.172795791625976562e+02,6.510000000000000000e+02
1.044803237915039062e+02,1.172795791625976562e+02,6.510000000000000000e+02
1.051880187988281250e+02,1.172795791625976562e+02,6.510000000000000000e+02
1.057330474853515625e+02,1.170994262695312500e+02,6.500000000000000000e+02
1.064396514892578125e+02,1.170994262695312500e+02,6.500000000000000000e+02
1.071462631225585938e+02,1.170994262695312500e+02,6.500000000000000000e+02
1.078528671264648438e+02,1.170994262695312500e+02,6.500000000000000000e+02
1.085594711303710938e+02,1.170994262695312500e+02,6.500000000000000000e+02
1.092660751342773438e+02,1.170994262695312500e+02,6.500000000000000000e+02
1.099726791381835938e+02,1.170994262695312500e+02,6.500000000000000000e+02
1.106792831420898438e+02,1.170994262695312500e+02,6.500000000000000000e+02
1.113858871459960938e+02,1.170994262695312500e+02,6.500000000000000000e+02
1.120924911499023438e+02,1.170994262695312500e+02,6.500000000000000000e+02
1.129726333618164062e+02,1.172795791625976562e+02,6.510000000000000000e+02
1.136803283691406250e+02,1.172795791625976562e+02,6.510000000000000000e+02
1.143880233764648438e+02,1.172795791625976562e+02,6.510000000000000000e+02
1.152725067138671875e+02,1.174597320556640625e+02,6.520000000000000000e+02
1.159812927246093750e+02,1.174597320556640625e+02,6.520000000000000000e+02
6.355069732666015625e+01,1.169001235961914062e+02,6.450000000000000000e+02
6.425186920166015625e+01,1.169001235961914062e+02,6.450000000000000000e+02
6.495303344726562500e+01,1.169001235961914062e+02,6.450000000000000000e+02
6.555241394042968750e+01,1.167188796997070312e+02,6.440000000000000000e+02
6.625250244140625000e+01,1.167188796997070312e+02,6.440000000000000000e+02
6.695258331298828125e+01,1.167188796997070312e+02,6.440000000000000000e+02
6.765267181396484375e+01,1.167188796997070312e+02,6.440000000000000000e+02
6.835275268554687500e+01,1.167188796997070312e+02,6.440000000000000000e+02
6.916005706787109375e+01,1.169001235961914062e+02,6.450000000000000000e+02
6.986122894287109375e+01,1.169001235961914062e+02,6.450000000000000000e+02
7.067179870605468750e+01,1.170813598632812500e+02,6.460000000000000000e+02
7.148453521728515625e+01,1.172626037597656250e+02,6.470000000000000000e+02
7.218788146972656250e+01,1.172626037597656250e+02,6.470000000000000000e+02
7.300388336181640625e+01,1.174438400268554688e+02,6.480000000000000000e+02
7.382206726074218750e+01,1.176250839233398438e+02,6.490000000000000000e+02
7.464241790771484375e+01,1.178063278198242188e+02,6.500000000000000000e+02
9.486318206787109375e+01,1.183500442504882812e+02,6.530000000000000000e+02
9.557304382324218750e+01,1.183500442504882812e+02,6.530000000000000000e+02
9.628291320800781250e+01,1.183500442504882812e+02,6.530000000000000000e+02
9.699278259277343750e+01,1.183500442504882812e+02,6.530000000000000000e+02
9.770264434814453125e+01,1.183500442504882812e+02,6.530000000000000000e+02
9.841251373291015625e+01,1.183500442504882812e+02,6.530000000000000000e+02
9.912237548828125000e+01,1.183500442504882812e+02,6.530000000000000000e+02
9.967935943603515625e+01,1.181688079833984375e+02,6.520000000000000000e+02
1.003881378173828125e+02,1.181688079833984375e+02,6.520000000000000000e+02
1.010969161987304688e+02,1.181688079833984375e+02,6.520000000000000000e+02
1.018057022094726562e+02,1.181688079833984375e+02,6.520000000000000000e+02
1.023572463989257812e+02,1.179875640869140625e+02,6.510000000000000000e+02
1.030649414062500000e+02,1.179875640869140625e+02,6.510000000000000000e+02
1.037726287841796875e+02,1.179875640869140625e+02,6.510000000000000000e+02
1.043198318481445312e+02,1.178063278198242188e+02,6.500000000000000000e+02
1.050264358520507812e+02,1.178063278198242188e+02,6.500000000000000000e+02
1.057330474853515625e+02,1.178063278198242188e+02,6.500000000000000000e+02
1.064396514892578125e+02,1.178063278198242188e+02,6.500000000000000000e+02
1.071462631225585938e+02,1.178063278198242188e+02,6.500000000000000000e+02
1.078528671264648438e+02,1.178063278198242188e+02,6.500000000000000000e+02
1.083924560546875000e+02,1.176250839233398438e+02,6.490000000000000000e+02
1.090979766845703125e+02,1.176250839233398438e+02,6.490000000000000000e+02
1.098034896850585938e+02,1.176250839233398438e+02,6.490000000000000000e+02
1.105090103149414062e+02,1.176250839233398438e+02,6.490000000000000000e+02
1.112145233154296875e+02,1.176250839233398438e+02,6.490000000000000000e+02
1.120924911499023438e+02,1.178063278198242188e+02,6.500000000000000000e+02
1.127991027832031250e+02,1.178063278198242188e+02,6.500000000000000000e+02
1.135057067871093750e+02,1.178063278198242188e+02,6.500000000000000000e+02
1.142123107910156250e+02,1.178063278198242188e+02,6.500000000000000000e+02
1.150957107543945312e+02,1.179875640869140625e+02,6.510000000000000000e+02
1.158034057617187500e+02,1.179875640869140625e+02,6.510000000000000000e+02
1.165110931396484375e+02,1.179875640869140625e+02,6.510000000000000000e+02
6.284952926635742188e+01,1.176015777587890625e+02,6.450000000000000000e+02
6.345217132568359375e+01,1.174192504882812500e+02,6.440000000000000000e+02
6.415225219726562500e+01,1.174192504882812500e+02,6.440000000000000000e+02
6.475163269042968750e+01,1.172369232177734375e+02,6.430000000000000000e+02
6.545063018798828125e+01,1.172369232177734375e+02,6.430000000000000000e+02
6.614962005615234375e+01,1.172369232177734375e+02,6.430000000000000000e+02
6.684862518310546875e+01,1.172369232177734375e+02,6.430000000000000000e+02
6.754761505126953125e+01,1.172369232177734375e+02,6.430000000000000000e+02
6.824661254882812500e+01,1.172369232177734375e+02,6.430000000000000000e+02
6.905283355712890625e+01,1.174192504882812500e+02,6.440000000000000000e+02
6.975291442871093750e+01,1.174192504882812500e+02,6.440000000000000000e+02
7.056240081787109375e+01,1.176015777587890625e+02,6.450000000000000000e+02
7.137405395507812500e+01,1.177839050292968750e+02,6.460000000000000000e+02
7.218788146972656250e+01,1.179662322998046875e+02,6.470000000000000000e+02
7.300388336181640625e+01,1.181485671997070312e+02,6.480000000000000000e+02
7.370832061767578125e+01,1.181485671997070312e+02,6.480000000000000000e+02
7.464241790771484375e+01,1.185132217407226562e+02,6.500000000000000000e+02
7.534902191162109375e+01,1.185132217407226562e+02,6.500000000000000000e+02
9.486318206787109375e+01,1.190602035522460938e+02,6.530000000000000000e+02
9.557304382324218750e+01,1.190602035522460938e+02,6.530000000000000000e+02
9.628291320800781250e+01,1.190602035522460938e+02,6.530000000000000000e+02
9.699278259277343750e+01,1.190602035522460938e+02,6.530000000000000000e+02
9.770264434814453125e+01,1.190602035522460938e+02,6.530000000000000000e+02
9.826180267333984375e+01,1.188778762817382812e+02,6.520000000000000000e+02
9.897058105468750000e+01,1.188778762817382812e+02,6.520000000000000000e+02
9.967935943603515625e+01,1.188778762817382812e+02,6.520000000000000000e+02
1.003881378173828125e+02,1.188778762817382812e+02,6.520000000000000000e+02
1.010969161987304688e+02,1.188778762817382812e+02,6.520000000000000000e+02
1.016495590209960938e+02,1.186955490112304688e+02,6.510000000000000000e+02
1.023572463989257812e+02,1.186955490112304688e+02,6.510000000000000000e+02
1.030649414062500000e+02,1.186955490112304688e+02,6.510000000000000000e+02
1.036132278442382812e+02,1.185132217407226562e+02,6.500000000000000000e+02
1.043198318481445312e+02,1.185132217407226562e+02,6.500000000000000000e+02
1.050264358520507812e+02,1.185132217407226562e+02,6.500000000000000000e+02
1.057330474853515625e+02,1.185132217407226562e+02,6.500000000000000000e+02
1.062759017944335938e+02,1.183308944702148438e+02,6.490000000000000000e+02
1.069814224243164062e+02,1.183308944702148438e+02,6.490000000000000000e+02
1.076869354248046875e+02,1.183308944702148438e+02,6.490000000000000000e+02
1.083924560546875000e+02,1.183308944702148438e+02,6.490000000000000000e+02
1.090979766845703125e+02,1.183308944702148438e+02,6.490000000000000000e+02
1.098034896850585938e+02,1.183308944702148438e+02,6.490000000000000000e+02
1.105090103149414062e+02,1.183308944702148438e+02,6.490000000000000000e+02
1.110431671142578125e+02,1.181485671997070312e+02,6.480000000000000000e+02
1.119200439453125000e+02,1.183308944702148438e+02,6.490000000000000000e+02
1.126255645751953125e+02,1.183308944702148438e+02,6.490000000000000000e+02
1.133310775756835938e+02,1.183308944702148438e+02,6.490000000000000000e+02
1.140365982055664062e+02,1.183308944702148438e+02,6.490000000000000000e+02
1.149189147949218750e+02,1.185132217407226562e+02,6.500000000000000000e+02
1.156255187988281250e+02,1.185132217407226562e+02,6.500000000000000000e+02
1.163321228027343750e+02,1.185132217407226562e+02,6.500000000000000000e+02
1.172187881469726562e+02,1.186955490112304688e+02,6.510000000000000000e+02
6.205200576782226562e+01,1.181196212768554688e+02,6.440000000000000000e+02
6.275208663940429688e+01,1.181196212768554688e+02,6.440000000000000000e+02
6.335364151000976562e+01,1.179362030029296875e+02,6.430000000000000000e+02
6.405263519287109375e+01,1.179362030029296875e+02,6.430000000000000000e+02
6.465093231201171875e+01,1.177527923583984375e+02,6.420000000000000000e+02
6.534883880615234375e+01,1.177527923583984375e+02,6.420000000000000000e+02
6.604674530029296875e+01,1.177527923583984375e+02,6.420000000000000000e+02
6.674465942382812500e+01,1.177527923583984375e+02,6.420000000000000000e+02
6.744256591796875000e+01,1.177527923583984375e+02,6.420000000000000000e+02
6.814047241210937500e+01,1.177527923583984375e+02,6.420000000000000000e+02
6.894561004638671875e+01,1.179362030029296875e+02,6.430000000000000000e+02
6.975291442871093750e+01,1.181196212768554688e+02,6.440000000000000000e+02
7.045299530029296875e+01,1.181196212768554688e+02,6.440000000000000000e+02
7.126356506347656250e+01,1.183030395507812500e+02,6.450000000000000000e+02
7.207630920410156250e+01,1.184864501953125000e+02,6.460000000000000000e+02
7.289122772216796875e+01,1.186698684692382812e+02,6.470000000000000000e+02
7.370832061767578125e+01,1.188532867431640625e+02,6.480000000000000000e+02
7.452758026123046875e+01,1.190366973876953125e+02,6.490000000000000000e+02
7.534902191162109375e+01,1.192201156616210938e+02,6.500000000000000000e+02
9.557304382324218750e+01,1.197703628540039062e+02,6.530000000000000000e+02
9.628291320800781250e+01,1.197703628540039062e+02,6.530000000000000000e+02
9.699278259277343750e+01,1.197703628540039062e+02,6.530000000000000000e+02
9.755302429199218750e+01,1.195869445800781250e+02,6.520000000000000000e+02
9.826180267333984375e+01,1.195869445800781250e+02,6.520000000000000000e+02
9.897058105468750000e+01,1.195869445800781250e+02,6.520000000000000000e+02
9.967935943603515625e+01,1.195869445800781250e+02,6.520000000000000000e+02
1.003881378173828125e+02,1.195869445800781250e+02,6.520000000000000000e+02
1.009418640136718750e+02,1.194035339355468750e+02,6.510000000000000000e+02
1.016495590209960938e+02,1.194035339355468750e+02,6.510000000000000000e+02
1.023572463989257812e+02,1.194035339355468750e+02,6.510000000000000000e+02
1.029066238403320312e+02,1.192201156616210938e+02,6.500000000000000000e+02
1.036132278442382812e+02,1.192201156616210938e+02,6.500000000000000000e+02
1.043198318481445312e+02,1.192201156616210938e+02,6.500000000000000000e+02
1.048648529052734375e+02,1.190366973876953125e+02,6.490000000000000000e+02
1.055703811645507812e+02,1.190366973876953125e+02,6.490000000000000000e+02
1.062759017944335938e+02,1.190366973876953125e+02,6.490000000000000000e+02
1.069814224243164062e+02,1.190366973876953125e+02,6.490000000000000000e+02
1.075210113525390625e+02,1.188532867431640625e+02,6.480000000000000000e+02
1.082254409790039062e+02,1.188532867431640625e+02,6.480000000000000000e+02
1.089298706054687500e+02,1.188532867431640625e+02,6.480000000000000000e+02
1.096343002319335938e+02,1.188532867431640625e+02,6.480000000000000000e+02
1.103387298583984375e+02,1.188532867431640625e+02,6.480000000000000000e+02
1.110431671142578125e+02,1.188532867431640625e+02,6.480000000000000000e+02
1.117475967407226562e+02,1.188532867431640625e+02,6.480000000000000000e+02
1.124520263671875000e+02,1.188532867431640625e+02,6.480000000000000000e+02
1.131564559936523438e+02,1.188532867431640625e+02,6.480000000000000000e+02
1.138608856201171875e+02,1.188532867431640625e+02,6.480000000000000000e+02
1.147421188354492188e+02,1.190366973876953125e+02,6.490000000000000000e+02
1.154476318359375000e+02,1.190366973876953125e+02,6.490000000000000000e+02
1.161531524658203125e+02,1.190366973876953125e+02,6.490000000000000000e+02
1.170387268066406250e+02,1.192201156616210938e+02,6.500000000000000000e+02
6.135192108154296875e+01,1.188199920654296875e+02,6.440000000000000000e+02
6.195565032958984375e+01,1.186354904174804688e+02,6.430000000000000000e+02
6.255720520019531250e+01,1.184509887695312500e+02,6.420000000000000000e+02
6.325511169433593750e+01,1.184509887695312500e+02,6.420000000000000000e+02
6.395302200317382812e+01,1.184509887695312500e+02,6.420000000000000000e+02
6.455022430419921875e+01,1.182664794921875000e+02,6.410000000000000000e+02
6.524704742431640625e+01,1.182664794921875000e+02,6.410000000000000000e+02
6.594387054443359375e+01,1.182664794921875000e+02,6.410000000000000000e+02
6.664069366455078125e+01,1.182664794921875000e+02,6.410000000000000000e+02
6.733751678466796875e+01,1.182664794921875000e+02,6.410000000000000000e+02
6.814047241210937500e+01,1.184509887695312500e+02,6.420000000000000000e+02
6.883838653564453125e+01,1.184509887695312500e+02,6.420000000000000000e+02
6.953629302978515625e+01,1.184509887695312500e+02,6.420000000000000000e+02
7.034359741210937500e+01,1.186354904174804688e+02,6.430000000000000000e+02
7.115308380126953125e+01,1.188199920654296875e+02,6.440000000000000000e+02
7.196473693847656250e+01,1.190044937133789062e+02,6.450000000000000000e+02
7.266590881347656250e+01,1.190044937133789062e+02,6.450000000000000000e+02
7.348081970214843750e+01,1.191889953613281250e+02,6.460000000000000000e+02
7.429791259765625000e+01,1.193735046386718750e+02,6.470000000000000000e+02
7.511717987060546875e+01,1.195580062866210938e+02,6.480000000000000000e+02
9.613546752929687500e+01,1.202960205078125000e+02,6.520000000000000000e+02
9.684424591064453125e+01,1.202960205078125000e+02,6.520000000000000000e+02
9.755302429199218750e+01,1.202960205078125000e+02,6.520000000000000000e+02
9.826180267333984375e+01,1.202960205078125000e+02,6.520000000000000000e+02
9.897058105468750000e+01,1.202960205078125000e+02,6.520000000000000000e+02
9.967935943603515625e+01,1.202960205078125000e+02,6.520000000000000000e+02
1.002341690063476562e+02,1.201115112304687500e+02,6.510000000000000000e+02
1.009418640136718750e+02,1.201115112304687500e+02,6.510000000000000000e+02
1.016495590209960938e+02,1.201115112304687500e+02,6.510000000000000000e+02
1.022000198364257812e+02,1.199270095825195312e+02,6.500000000000000000e+02
1.029066238403320312e+02,1.199270095825195312e+02,6.500000000000000000e+02
1.036132278442382812e+02,1.199270095825195312e+02,6.500000000000000000e+02
1.041593399047851562e+02,1.197425079345703125e+02,6.490000000000000000e+02
1.048648529052734375e+02,1.197425079345703125e+02,6.490000000000000000e+02
0.000000000000000000e+00,0.000000000000000000e+00,0.000000000000000000e+00
1.061121520996093750e+02,1.195580062866210938e+02,6.480000000000000000e+02
1.068165817260742188e+02,1.195580062866210938e+02,6.480000000000000000e+02
1.075210113525390625e+02,1.195580062866210938e+02,6.480000000000000000e+02
1.080584259033203125e+02,1.193735046386718750e+02,6.470000000000000000e+02
1.087617721557617188e+02,1.193735046386718750e+02,6.470000000000000000e+02
1.094651107788085938e+02,1.193735046386718750e+02,6.470000000000000000e+02
1.101684570312500000e+02,1.193735046386718750e+02,6.470000000000000000e+02
1.108718032836914062e+02,1.193735046386718750e+02,6.470000000000000000e+02
1.115751419067382812e+02,1.193735046386718750e+02,6.470000000000000000e+02
1.122784881591796875e+02,1.193735046386718750e+02,6.470000000000000000e+02
1.129818344116210938e+02,1.193735046386718750e+02,6.470000000000000000e+02
1.136851730346679688e+02,1.193735046386718750e+02,6.470000000000000000e+02
1.145653152465820312e+02,1.195580062866210938e+02,6.480000000000000000e+02
1.152697448730468750e+02,1.195580062866210938e+02,6.480000000000000000e+02
1.161531524658203125e+02,1.197425079345703125e+02,6.490000000000000000e+02
1.168586654663085938e+02,1.197425079345703125e+02,6.490000000000000000e+02
1.177453308105468750e+02,1.199270095825195312e+02,6.500000000000000000e+02
5.995175933837890625e+01,1.195203628540039062e+02,6.440000000000000000e+02
6.055765914916992188e+01,1.193347702026367188e+02,6.430000000000000000e+02
6.116138839721679688e+01,1.191491775512695312e+02,6.420000000000000000e+02
6.185929870605468750e+01,1.191491775512695312e+02,6.420000000000000000e+02
6.245976257324218750e+01,1.189635925292968750e+02,6.410000000000000000e+02
6.315658569335937500e+01,1.189635925292968750e+02,6.410000000000000000e+02
6.385340499877929688e+01,1.189635925292968750e+02,6.410000000000000000e+02
6.455022430419921875e+01,1.189635925292968750e+02,6.410000000000000000e+02
6.514525604248046875e+01,1.187779998779296875e+02,6.400000000000000000e+02
6.573811340332031250e+01,1.185924072265625000e+02,6.390000000000000000e+02
6.643276977539062500e+01,1.185924072265625000e+02,6.390000000000000000e+02
6.712741851806640625e+01,1.185924072265625000e+02,6.390000000000000000e+02
6.792819976806640625e+01,1.187779998779296875e+02,6.400000000000000000e+02
6.862393188476562500e+01,1.187779998779296875e+02,6.400000000000000000e+02
6.931967163085937500e+01,1.187779998779296875e+02,6.400000000000000000e+02
7.012480163574218750e+01,1.189635925292968750e+02,6.410000000000000000e+02
7.093210601806640625e+01,1.191491775512695312e+02,6.420000000000000000e+02
7.174159240722656250e+01,1.193347702026367188e+02,6.430000000000000000e+02
7.255324554443359375e+01,1.195203628540039062e+02,6.440000000000000000e+02
7.336707305908203125e+01,1.197059555053710938e+02,6.450000000000000000e+02
7.418308258056640625e+01,1.198915405273437500e+02,6.460000000000000000e+02
7.500125885009765625e+01,1.200771331787109375e+02,6.470000000000000000e+02
9.684424591064453125e+01,1.210050888061523438e+02,6.520000000000000000e+02
9.755302429199218750e+01,1.210050888061523438e+02,6.520000000000000000e+02
9.826180267333984375e+01,1.210050888061523438e+02,6.520000000000000000e+02
9.897058105468750000e+01,1.210050888061523438e+02,6.520000000000000000e+02
9.952648162841796875e+01,1.208194961547851562e+02,6.510000000000000000e+02
1.002341690063476562e+02,1.208194961547851562e+02,6.510000000000000000e+02
1.009418640136718750e+02,1.208194961547851562e+02,6.510000000000000000e+02
1.014934082031250000e+02,1.206339035034179688e+02,6.500000000000000000e+02
1.022000198364257812e+02,1.206339035034179688e+02,6.500000000000000000e+02
1.029066238403320312e+02,1.206339035034179688e+02,6.500000000000000000e+02
1.034538192749023438e+02,1.204483184814453125e+02,6.490000000000000000e+02
1.041593399047851562e+02,1.204483184814453125e+02,6.490000000000000000e+02
1.048648529052734375e+02,1.204483184814453125e+02,6.490000000000000000e+02
1.054077148437500000e+02,1.202627258300781250e+02,6.480000000000000000e+02
1.061121520996093750e+02,1.202627258300781250e+02,6.480000000000000000e+02
1.066517410278320312e+02,1.200771331787109375e+02,6.470000000000000000e+02
1.073550796508789062e+02,1.200771331787109375e+02,6.470000000000000000e+02
1.080584259033203125e+02,1.200771331787109375e+02,6.470000000000000000e+02
1.085936660766601562e+02,1.198915405273437500e+02,6.460000000000000000e+02
1.092959213256835938e+02,1.198915405273437500e+02,6.460000000000000000e+02
1.099981842041015625e+02,1.198915405273437500e+02,6.460000000000000000e+02
1.107004394531250000e+02,1.198915405273437500e+02,6.460000000000000000e+02
1.114026947021484375e+02,1.198915405273437500e+02,6.460000000000000000e+02
1.121049499511718750e+02,1.198915405273437500e+02,6.460000000000000000e+02
1.128072052001953125e+02,1.198915405273437500e+02,6.460000000000000000e+02
1.135094604492187500e+02,1.198915405273437500e+02,6.460000000000000000e+02
1.143885192871093750e+02,1.200771331787109375e+02,6.470000000000000000e+02
1.150918655395507812e+02,1.200771331787109375e+02,6.470000000000000000e+02
1.159741821289062500e+02,1.202627258300781250e+02,6.480000000000000000e+02
1.166786117553710938e+02,1.202627258300781250e+02,6.480000000000000000e+02
1.175641860961914062e+02,1.204483184814453125e+02,6.490000000000000000e+02
1.184519348144531250e+02,1.206339035034179688e+02,6.500000000000000000e+02
5.915966796875000000e+01,1.200340576171875000e+02,6.430000000000000000e+02
5.976557159423828125e+01,1.198473739624023438e+02,6.420000000000000000e+02
6.046348190307617188e+01,1.198473739624023438e+02,6.420000000000000000e+02
6.106612014770507812e+01,1.196606979370117188e+02,6.410000000000000000e+02
6.166658782958984375e+01,1.194740219116210938e+02,6.400000000000000000e+02
6.236232376098632812e+01,1.194740219116210938e+02,6.400000000000000000e+02
6.295952987670898438e+01,1.192873382568359375e+02,6.390000000000000000e+02
6.365417480468750000e+01,1.192873382568359375e+02,6.390000000000000000e+02
6.434882354736328125e+01,1.192873382568359375e+02,6.390000000000000000e+02
6.504347229003906250e+01,1.192873382568359375e+02,6.390000000000000000e+02
6.563523864746093750e+01,1.191006622314453125e+02,6.380000000000000000e+02
6.632880401611328125e+01,1.191006622314453125e+02,6.380000000000000000e+02
6.702236175537109375e+01,1.191006622314453125e+02,6.380000000000000000e+02
6.771592712402343750e+01,1.191006622314453125e+02,6.380000000000000000e+02
6.851670837402343750e+01,1.192873382568359375e+02,6.390000000000000000e+02
6.921135711669921875e+01,1.192873382568359375e+02,6.390000000000000000e+02
7.001540374755859375e+01,1.194740219116210938e+02,6.400000000000000000e+02
7.082162475585937500e+01,1.196606979370117188e+02,6.410000000000000000e+02
7.151844024658203125e+01,1.196606979370117188e+02,6.410000000000000000e+02
7.232792663574218750e+01,1.198473739624023438e+02,6.420000000000000000e+02
7.313957977294921875e+01,1.200340576171875000e+02,6.430000000000000000e+02
7.395340728759765625e+01,1.202207336425781250e+02,6.440000000000000000e+02
7.488533782958984375e+01,1.205940856933593750e+02,6.460000000000000000e+02
7.570459747314453125e+01,1.207807693481445312e+02,6.470000000000000000e+02
9.755302429199218750e+01,1.217141571044921875e+02,6.520000000000000000e+02
9.826180267333984375e+01,1.217141571044921875e+02,6.520000000000000000e+02
9.881878662109375000e+01,1.215274810791015625e+02,6.510000000000000000e+02
9.952648162841796875e+01,1.215274810791015625e+02,6.510000000000000000e+02
1.002341690063476562e+02,1.215274810791015625e+02,6.510000000000000000e+02
1.009418640136718750e+02,1.215274810791015625e+02,6.510000000000000000e+02
1.014934082031250000e+02,1.213408050537109375e+02,6.500000000000000000e+02
1.022000198364257812e+02,1.213408050537109375e+02,6.500000000000000000e+02
1.027483062744140625e+02,1.211541213989257812e+02,6.490000000000000000e+02
1.034538192749023438e+02,1.211541213989257812e+02,6.490000000000000000e+02
1.041593399047851562e+02,1.211541213989257812e+02,6.490000000000000000e+02
1.047032775878906250e+02,1.209674453735351562e+02,6.480000000000000000e+02
1.054077148437500000e+02,1.209674453735351562e+02,6.480000000000000000e+02
1.059483947753906250e+02,1.207807693481445312e+02,6.470000000000000000e+02
1.066517410278320312e+02,1.207807693481445312e+02,6.470000000000000000e+02
0.000000000000000000e+00,0.000000000000000000e+00,0.000000000000000000e+00
1.078914108276367188e+02,1.205940856933593750e+02,6.460000000000000000e+02
1.085936660766601562e+02,1.205940856933593750e+02,6.460000000000000000e+02
1.091267395019531250e+02,1.204074096679687500e+02,6.450000000000000000e+02
1.098279037475585938e+02,1.204074096679687500e+02,6.450000000000000000e+02
1.105290756225585938e+02,1.204074096679687500e+02,6.450000000000000000e+02
1.112302474975585938e+02,1.204074096679687500e+02,6.450000000000000000e+02
1.119314117431640625e+02,1.204074096679687500e+02,6.450000000000000000e+02
1.126325836181640625e+02,1.204074096679687500e+02,6.450000000000000000e+02
1.133337554931640625e+02,1.204074096679687500e+02,6.450000000000000000e+02
1.142117233276367188e+02,1.205940856933593750e+02,6.460000000000000000e+02
1.149139785766601562e+02,1.205940856933593750e+02,6.460000000000000000e+02
1.157952041625976562e+02,1.207807693481445312e+02,6.470000000000000000e+02
1.166786117553710938e+02,1.209674453735351562e+02,6.480000000000000000e+02
1.173830413818359375e+02,1.209674453735351562e+02,6.480000000000000000e+02
1.182697067260742188e+02,1.211541213989257812e+02,6.490000000000000000e+02
5.827883911132812500e+01,1.203578033447265625e+02,6.410000000000000000e+02
5.897565841674804688e+01,1.203578033447265625e+02,6.410000000000000000e+02
5.957938766479492188e+01,1.201700439453125000e+02,6.400000000000000000e+02
6.027511978149414062e+01,1.201700439453125000e+02,6.400000000000000000e+02
6.097085571289062500e+01,1.201700439453125000e+02,6.400000000000000000e+02
6.157023620605468750e+01,1.199822769165039062e+02,6.390000000000000000e+02
6.226488113403320312e+01,1.199822769165039062e+02,6.390000000000000000e+02
6.295952987670898438e+01,1.199822769165039062e+02,6.390000000000000000e+02
6.355456161499023438e+01,1.197945098876953125e+02,6.380000000000000000e+02
6.424812316894531250e+01,1.197945098876953125e+02,6.380000000000000000e+02
6.494168090820312500e+01,1.197945098876953125e+02,6.380000000000000000e+02
6.563523864746093750e+01,1.197945098876953125e+02,6.380000000000000000e+02
6.622483825683593750e+01,1.196067428588867188e+02,6.370000000000000000e+02
6.691731262207031250e+01,1.196067428588867188e+02,6.370000000000000000e+02
6.771592712402343750e+01,1.197945098876953125e+02,6.380000000000000000e+02
6.840948486328125000e+01,1.197945098876953125e+02,6.380000000000000000e+02
6.910304260253906250e+01,1.197945098876953125e+02,6.380000000000000000e+02
6.990600585937500000e+01,1.199822769165039062e+02,6.390000000000000000e+02
7.060064697265625000e+01,1.199822769165039062e+02,6.390000000000000000e+02
7.140686798095703125e+01,1.201700439453125000e+02,6.400000000000000000e+02
7.221526336669921875e+01,1.203578033447265625e+02,6.410000000000000000e+02
7.302583312988281250e+01,1.205455703735351562e+02,6.420000000000000000e+02
7.372373962402343750e+01,1.205455703735351562e+02,6.420000000000000000e+02
7.465349578857421875e+01,1.209211044311523438e+02,6.440000000000000000e+02
7.547058105468750000e+01,1.211088714599609375e+02,6.450000000000000000e+02
7.628984832763671875e+01,1.212966308593750000e+02,6.460000000000000000e+02
9.740340423583984375e+01,1.222354660034179688e+02,6.510000000000000000e+02
9.811109924316406250e+01,1.222354660034179688e+02,6.510000000000000000e+02
9.881878662109375000e+01,1.222354660034179688e+02,6.510000000000000000e+02
9.952648162841796875e+01,1.222354660034179688e+02,6.510000000000000000e+02
1.002341690063476562e+02,1.222354660034179688e+02,6.510000000000000000e+02
1.007868041992187500e+02,1.220476989746093750e+02,6.500000000000000000e+02
1.014934082031250000e+02,1.220476989746093750e+02,6.500000000000000000e+02
1.022000198364257812e+02,1.220476989746093750e+02,6.500000000000000000e+02
1.027483062744140625e+02,1.218599319458007812e+02,6.490000000000000000e+02
1.034538192749023438e+02,1.218599319458007812e+02,6.490000000000000000e+02
1.039988479614257812e+02,1.216721649169921875e+02,6.480000000000000000e+02
1.047032775878906250e+02,1.216721649169921875e+02,6.480000000000000000e+02
1.052450485229492188e+02,1.214843978881835938e+02,6.470000000000000000e+02
1.059483947753906250e+02,1.214843978881835938e+02,6.470000000000000000e+02
1.064869003295898438e+02,1.212966308593750000e+02,6.460000000000000000e+02
1.071891555786132812e+02,1.212966308593750000e+02,6.460000000000000000e+02
1.078914108276367188e+02,1.212966308593750000e+02,6.460000000000000000e+02
1.084255676269531250e+02,1.211088714599609375e+02,6.450000000000000000e+02
1.089575500488281250e+02,1.209211044311523438e+02,6.440000000000000000e+02
1.096576309204101562e+02,1.209211044311523438e+02,6.440000000000000000e+02
1.103577117919921875e+02,1.209211044311523438e+02,6.440000000000000000e+02
1.110577926635742188e+02,1.209211044311523438e+02,6.440000000000000000e+02
1.117578735351562500e+02,1.209211044311523438e+02,6.440000000000000000e+02
1.124579620361328125e+02,1.209211044311523438e+02,6.440000000000000000e+02
1.131580429077148438e+02,1.209211044311523438e+02,6.440000000000000000e+02
1.140349197387695312e+02,1.211088714599609375e+02,6.450000000000000000e+02
1.147360916137695312e+02,1.211088714599609375e+02,6.450000000000000000e+02
1.156162338256835938e+02,1.212966308593750000e+02,6.460000000000000000e+02
1.164985504150390625e+02,1.214843978881835938e+02,6.470000000000000000e+02
1.172018966674804688e+02,1.214843978881835938e+02,6.470000000000000000e+02
1.180874710083007812e+02,1.216721649169921875e+02,6.480000000000000000e+02
5.758201599121093750e+01,1.210549163818359375e+02,6.410000000000000000e+02
5.827883911132812500e+01,1.210549163818359375e+02,6.410000000000000000e+02
5.888365173339843750e+01,1.208660583496093750e+02,6.400000000000000000e+02
5.957938766479492188e+01,1.208660583496093750e+02,6.400000000000000000e+02
6.018094253540039062e+01,1.206772079467773438e+02,6.390000000000000000e+02
6.087558746337890625e+01,1.206772079467773438e+02,6.390000000000000000e+02
6.147388076782226562e+01,1.204883575439453125e+02,6.380000000000000000e+02
6.216744232177734375e+01,1.204883575439453125e+02,6.380000000000000000e+02
6.286100006103515625e+01,1.204883575439453125e+02,6.380000000000000000e+02
6.345494461059570312e+01,1.202994995117187500e+02,6.370000000000000000e+02
6.414741516113281250e+01,1.202994995117187500e+02,6.370000000000000000e+02
6.483988952636718750e+01,1.202994995117187500e+02,6.370000000000000000e+02
6.553236389160156250e+01,1.202994995117187500e+02,6.370000000000000000e+02
6.622483825683593750e+01,1.202994995117187500e+02,6.370000000000000000e+02
6.691731262207031250e+01,1.202994995117187500e+02,6.370000000000000000e+02
6.760978698730468750e+01,1.202994995117187500e+02,6.370000000000000000e+02
6.830226135253906250e+01,1.202994995117187500e+02,6.370000000000000000e+02
6.899472808837890625e+01,1.202994995117187500e+02,6.370000000000000000e+02
6.968720245361328125e+01,1.202994995117187500e+02,6.370000000000000000e+02
7.049016571044921875e+01,1.204883575439453125e+02,6.380000000000000000e+02
7.118372344970703125e+01,1.204883575439453125e+02,6.380000000000000000e+02
7.198994445800781250e+01,1.206772079467773438e+02,6.390000000000000000e+02
7.279833984375000000e+01,1.208660583496093750e+02,6.400000000000000000e+02
7.360890960693359375e+01,1.210549163818359375e+02,6.410000000000000000e+02
7.442164611816406250e+01,1.212437667846679688e+02,6.420000000000000000e+02
7.523656463623046875e+01,1.214326171875000000e+02,6.430000000000000000e+02
7.605365753173828125e+01,1.216214752197265625e+02,6.440000000000000000e+02
7.687292480468750000e+01,1.218103256225585938e+02,6.450000000000000000e+02
9.811109924316406250e+01,1.229434432983398438e+02,6.510000000000000000e+02
9.881878662109375000e+01,1.229434432983398438e+02,6.510000000000000000e+02
9.952648162841796875e+01,1.229434432983398438e+02,6.510000000000000000e+02
1.000802001953125000e+02,1.227545928955078125e+02,6.500000000000000000e+02
1.007868041992187500e+02,1.227545928955078125e+02,6.500000000000000000e+02
1.014934082031250000e+02,1.227545928955078125e+02,6.500000000000000000e+02
1.022000198364257812e+02,1.227545928955078125e+02,6.500000000000000000e+02
1.027483062744140625e+02,1.225657424926757812e+02,6.490000000000000000e+02
1.034538192749023438e+02,1.225657424926757812e+02,6.490000000000000000e+02
1.039988479614257812e+02,1.223768844604492188e+02,6.480000000000000000e+02
1.045417022705078125e+02,1.221880340576171875e+02,6.470000000000000000e+02
1.052450485229492188e+02,1.221880340576171875e+02,6.470000000000000000e+02
1.057846450805664062e+02,1.219991760253906250e+02,6.460000000000000000e+02
1.064869003295898438e+02,1.219991760253906250e+02,6.460000000000000000e+02
1.070232238769531250e+02,1.218103256225585938e+02,6.450000000000000000e+02
1.077243957519531250e+02,1.218103256225585938e+02,6.450000000000000000e+02
1.082574615478515625e+02,1.216214752197265625e+02,6.440000000000000000e+02
1.089575500488281250e+02,1.216214752197265625e+02,6.440000000000000000e+02
1.094873504638671875e+02,1.214326171875000000e+02,6.430000000000000000e+02
1.101863479614257812e+02,1.214326171875000000e+02,6.430000000000000000e+02
1.108853454589843750e+02,1.214326171875000000e+02,6.430000000000000000e+02
1.115843429565429688e+02,1.214326171875000000e+02,6.430000000000000000e+02
1.122833328247070312e+02,1.214326171875000000e+02,6.430000000000000000e+02
1.129823303222656250e+02,1.214326171875000000e+02,6.430000000000000000e+02
1.138581237792968750e+02,1.216214752197265625e+02,6.440000000000000000e+02
1.147360916137695312e+02,1.218103256225585938e+02,6.450000000000000000e+02
1.154372634887695312e+02,1.218103256225585938e+02,6.450000000000000000e+02
1.163184890747070312e+02,1.219991760253906250e+02,6.460000000000000000e+02
1.172018966674804688e+02,1.221880340576171875e+02,6.470000000000000000e+02
1.180874710083007812e+02,1.223768844604492188e+02,6.480000000000000000e+02
1.189752197265625000e+02,1.225657424926757812e+02,6.490000000000000000e+02
5.627603149414062500e+01,1.219419631958007812e+02,6.420000000000000000e+02
5.688519668579101562e+01,1.217520217895507812e+02,6.410000000000000000e+02
5.758201599121093750e+01,1.217520217895507812e+02,6.410000000000000000e+02
5.818791961669921875e+01,1.215620803833007812e+02,6.400000000000000000e+02
5.888365173339843750e+01,1.215620803833007812e+02,6.400000000000000000e+02
5.948629379272460938e+01,1.213721389770507812e+02,6.390000000000000000e+02
6.008676147460937500e+01,1.211821975708007812e+02,6.380000000000000000e+02
6.078031921386718750e+01,1.211821975708007812e+02,6.380000000000000000e+02
6.147388076782226562e+01,1.211821975708007812e+02,6.380000000000000000e+02
6.206999969482421875e+01,1.209922561645507812e+02,6.370000000000000000e+02
6.276247406005859375e+01,1.209922561645507812e+02,6.370000000000000000e+02
6.345494461059570312e+01,1.209922561645507812e+02,6.370000000000000000e+02
6.404671478271484375e+01,1.208023147583007812e+02,6.360000000000000000e+02
6.473809814453125000e+01,1.208023147583007812e+02,6.360000000000000000e+02
6.542948913574218750e+01,1.208023147583007812e+02,6.360000000000000000e+02
6.612088012695312500e+01,1.208023147583007812e+02,6.360000000000000000e+02
6.681226348876953125e+01,1.208023147583007812e+02,6.360000000000000000e+02
6.750364685058593750e+01,1.208023147583007812e+02,6.360000000000000000e+02
6.819503784179687500e+01,1.208023147583007812e+02,6.360000000000000000e+02
6.888642120361328125e+01,1.208023147583007812e+02,6.360000000000000000e+02
6.957780456542968750e+01,1.208023147583007812e+02,6.360000000000000000e+02
7.037967681884765625e+01,1.209922561645507812e+02,6.370000000000000000e+02
7.107215118408203125e+01,1.209922561645507812e+02,6.370000000000000000e+02
7.176462554931640625e+01,1.209922561645507812e+02,6.370000000000000000e+02
7.257084655761718750e+01,1.211821975708007812e+02,6.380000000000000000e+02
7.337923431396484375e+01,1.213721389770507812e+02,6.390000000000000000e+02
7.418980407714843750e+01,1.215620803833007812e+02,6.400000000000000000e+02
7.500254821777343750e+01,1.217520217895507812e+02,6.410000000000000000e+02
7.581746673583984375e+01,1.219419631958007812e+02,6.420000000000000000e+02
7.663455963134765625e+01,1.221319046020507812e+02,6.430000000000000000e+02
7.745382690429687500e+01,1.223218460083007812e+02,6.440000000000000000e+02
9.881878662109375000e+01,1.236514282226562500e+02,6.510000000000000000e+02
9.952648162841796875e+01,1.236514282226562500e+02,6.510000000000000000e+02
1.000802001953125000e+02,1.234614868164062500e+02,6.500000000000000000e+02
1.007868041992187500e+02,1.234614868164062500e+02,6.500000000000000000e+02
1.014934082031250000e+02,1.234614868164062500e+02,6.500000000000000000e+02
1.020427856445312500e+02,1.232715454101562500e+02,6.490000000000000000e+02
1.027483062744140625e+02,1.232715454101562500e+02,6.490000000000000000e+02
1.034538192749023438e+02,1.232715454101562500e+02,6.490000000000000000e+02
1.039988479614257812e+02,1.230816040039062500e+02,6.480000000000000000e+02
1.045417022705078125e+02,1.228916625976562500e+02,6.470000000000000000e+02
1.052450485229492188e+02,1.228916625976562500e+02,6.470000000000000000e+02
1.057846450805664062e+02,1.227017211914062500e+02,6.460000000000000000e+02
1.063220596313476562e+02,1.225117874145507812e+02,6.450000000000000000e+02
1.070232238769531250e+02,1.225117874145507812e+02,6.450000000000000000e+02
1.075573806762695312e+02,1.223218460083007812e+02,6.440000000000000000e+02
1.080893630981445312e+02,1.221319046020507812e+02,6.430000000000000000e+02
1.087883605957031250e+02,1.221319046020507812e+02,6.430000000000000000e+02
1.093170776367187500e+02,1.219419631958007812e+02,6.420000000000000000e+02
1.100149841308593750e+02,1.219419631958007812e+02,6.420000000000000000e+02
1.107128906250000000e+02,1.219419631958007812e+02,6.420000000000000000e+02
1.114108047485351562e+02,1.219419631958007812e+02,6.420000000000000000e+02
1.121087112426757812e+02,1.219419631958007812e+02,6.420000000000000000e+02
1.128066177368164062e+02,1.219419631958007812e+02,6.420000000000000000e+02
1.136813278198242188e+02,1.221319046020507812e+02,6.430000000000000000e+02
1.145582046508789062e+02,1.223218460083007812e+02,6.440000000000000000e+02
1.152582855224609375e+02,1.223218460083007812e+02,6.440000000000000000e+02
1.161384277343750000e+02,1.225117874145507812e+02,6.450000000000000000e+02
1.170207443237304688e+02,1.227017211914062500e+02,6.460000000000000000e+02
1.179052352905273438e+02,1.228916625976562500e+02,6.470000000000000000e+02
1.187919006347656250e+02,1.230816040039062500e+02,6.480000000000000000e+02
5.488021087646484375e+01,1.226401596069335938e+02,6.420000000000000000e+02
5.549155426025390625e+01,1.224491271972656250e+02,6.410000000000000000e+02
5.618837356567382812e+01,1.224491271972656250e+02,6.410000000000000000e+02
5.679645156860351562e+01,1.222581024169921875e+02,6.400000000000000000e+02
5.749218368530273438e+01,1.222581024169921875e+02,6.400000000000000000e+02
5.809700012207031250e+01,1.220670700073242188e+02,6.390000000000000000e+02
5.879164886474609375e+01,1.220670700073242188e+02,6.390000000000000000e+02
5.939319992065429688e+01,1.218760452270507812e+02,6.380000000000000000e+02
6.008676147460937500e+01,1.218760452270507812e+02,6.380000000000000000e+02
6.068505477905273438e+01,1.216850128173828125e+02,6.370000000000000000e+02
6.137752532958984375e+01,1.216850128173828125e+02,6.370000000000000000e+02
6.206999969482421875e+01,1.216850128173828125e+02,6.370000000000000000e+02
6.266394424438476562e+01,1.214939880371093750e+02,6.360000000000000000e+02
6.335533142089843750e+01,1.214939880371093750e+02,6.360000000000000000e+02
6.404671478271484375e+01,1.214939880371093750e+02,6.360000000000000000e+02
6.463631439208984375e+01,1.213029556274414062e+02,6.350000000000000000e+02
6.532660675048828125e+01,1.213029556274414062e+02,6.350000000000000000e+02
6.601691436767578125e+01,1.213029556274414062e+02,6.350000000000000000e+02
6.670721435546875000e+01,1.213029556274414062e+02,6.350000000000000000e+02
6.739751434326171875e+01,1.213029556274414062e+02,6.350000000000000000e+02
6.808780670166015625e+01,1.213029556274414062e+02,6.350000000000000000e+02
6.877810668945312500e+01,1.213029556274414062e+02,6.350000000000000000e+02
6.946840667724609375e+01,1.213029556274414062e+02,6.350000000000000000e+02
7.015870666503906250e+01,1.213029556274414062e+02,6.350000000000000000e+02
7.096057891845703125e+01,1.214939880371093750e+02,6.360000000000000000e+02
7.165196228027343750e+01,1.214939880371093750e+02,6.360000000000000000e+02
7.245709228515625000e+01,1.216850128173828125e+02,6.370000000000000000e+02
7.314956665039062500e+01,1.216850128173828125e+02,6.370000000000000000e+02
7.395796203613281250e+01,1.218760452270507812e+02,6.380000000000000000e+02
7.476853179931640625e+01,1.220670700073242188e+02,6.390000000000000000e+02
7.558127593994140625e+01,1.222581024169921875e+02,6.400000000000000000e+02
7.639619445800781250e+01,1.224491271972656250e+02,6.410000000000000000e+02
7.721328735351562500e+01,1.226401596069335938e+02,6.420000000000000000e+02
7.815390777587890625e+01,1.230222167968750000e+02,6.440000000000000000e+02
9.937359619140625000e+01,1.241683807373046875e+02,6.500000000000000000e+02
1.000802001953125000e+02,1.241683807373046875e+02,6.500000000000000000e+02
1.007868041992187500e+02,1.241683807373046875e+02,6.500000000000000000e+02
1.014934082031250000e+02,1.241683807373046875e+02,6.500000000000000000e+02
1.020427856445312500e+02,1.239773559570312500e+02,6.490000000000000000e+02
1.027483062744140625e+02,1.239773559570312500e+02,6.490000000000000000e+02
1.032944183349609375e+02,1.237863235473632812e+02,6.480000000000000000e+02
1.039988479614257812e+02,1.237863235473632812e+02,6.480000000000000000e+02
1.045417022705078125e+02,1.235952987670898438e+02,6.470000000000000000e+02
1.050823822021484375e+02,1.234042739868164062e+02,6.460000000000000000e+02
1.056208877563476562e+02,1.232132415771484375e+02,6.450000000000000000e+02
1.063220596313476562e+02,1.232132415771484375e+02,6.450000000000000000e+02
1.068572998046875000e+02,1.230222167968750000e+02,6.440000000000000000e+02
1.073903656005859375e+02,1.228311843872070312e+02,6.430000000000000000e+02
1.079212646484375000e+02,1.226401596069335938e+02,6.420000000000000000e+02
1.086191711425781250e+02,1.226401596069335938e+02,6.420000000000000000e+02
1.091468048095703125e+02,1.224491271972656250e+02,6.410000000000000000e+02
1.098436203002929688e+02,1.224491271972656250e+02,6.410000000000000000e+02
1.105404434204101562e+02,1.224491271972656250e+02,6.410000000000000000e+02
1.112372665405273438e+02,1.224491271972656250e+02,6.410000000000000000e+02
1.119340896606445312e+02,1.224491271972656250e+02,6.410000000000000000e+02
1.126309051513671875e+02,1.224491271972656250e+02,6.410000000000000000e+02
1.135045242309570312e+02,1.226401596069335938e+02,6.420000000000000000e+02
1.142024383544921875e+02,1.226401596069335938e+02,6.420000000000000000e+02
1.150793151855468750e+02,1.228311843872070312e+02,6.430000000000000000e+02
1.159583740234375000e+02,1.230222167968750000e+02,6.440000000000000000e+02
1.168395996093750000e+02,1.232132415771484375e+02,6.450000000000000000e+02
1.177229995727539062e+02,1.234042739868164062e+02,6.460000000000000000e+02
1.186085815429687500e+02,1.235952987670898438e+02,6.470000000000000000e+02
5.409790420532226562e+01,1.231462402343750000e+02,6.410000000000000000e+02
5.470924377441406250e+01,1.229541168212890625e+02,6.400000000000000000e+02
5.540498352050781250e+01,1.229541168212890625e+02,6.400000000000000000e+02
5.610071563720703125e+01,1.229541168212890625e+02,6.400000000000000000e+02
5.670770645141601562e+01,1.227620010375976562e+02,6.390000000000000000e+02
5.740235137939453125e+01,1.227620010375976562e+02,6.390000000000000000e+02
5.809700012207031250e+01,1.227620010375976562e+02,6.390000000000000000e+02
5.869964218139648438e+01,1.225698852539062500e+02,6.380000000000000000e+02
5.939319992065429688e+01,1.225698852539062500e+02,6.380000000000000000e+02
5.999258041381835938e+01,1.223777694702148438e+02,6.370000000000000000e+02
6.068505477905273438e+01,1.223777694702148438e+02,6.370000000000000000e+02
6.137752532958984375e+01,1.223777694702148438e+02,6.370000000000000000e+02
6.197255706787109375e+01,1.221856536865234375e+02,6.360000000000000000e+02
0.000000000000000000e+00,0.000000000000000000e+00,0.000000000000000000e+00
6.325571441650390625e+01,1.219935379028320312e+02,6.350000000000000000e+02
6.394601440429687500e+01,1.219935379028320312e+02,6.350000000000000000e+02
6.453452301025390625e+01,1.218014221191406250e+02,6.340000000000000000e+02
6.522373199462890625e+01,1.218014221191406250e+02,6.340000000000000000e+02
6.591294860839843750e+01,1.218014221191406250e+02,6.340000000000000000e+02
6.660215759277343750e+01,1.218014221191406250e+02,6.340000000000000000e+02
6.729137420654296875e+01,1.218014221191406250e+02,6.340000000000000000e+02
6.798058319091796875e+01,1.218014221191406250e+02,6.340000000000000000e+02
6.866979217529296875e+01,1.218014221191406250e+02,6.340000000000000000e+02
6.935900878906250000e+01,1.218014221191406250e+02,6.340000000000000000e+02
7.004821777343750000e+01,1.218014221191406250e+02,6.340000000000000000e+02
7.073742675781250000e+01,1.218014221191406250e+02,6.340000000000000000e+02
7.153929901123046875e+01,1.219935379028320312e+02,6.350000000000000000e+02
7.222959899902343750e+01,1.219935379028320312e+02,6.350000000000000000e+02
7.291989898681640625e+01,1.219935379028320312e+02,6.350000000000000000e+02
7.372611999511718750e+01,1.221856536865234375e+02,6.360000000000000000e+02
7.453451538085937500e+01,1.223777694702148438e+02,6.370000000000000000e+02
7.534508514404296875e+01,1.225698852539062500e+02,6.380000000000000000e+02
7.615782165527343750e+01,1.227620010375976562e+02,6.390000000000000000e+02
7.697274780273437500e+01,1.229541168212890625e+02,6.400000000000000000e+02
7.778984069824218750e+01,1.231462402343750000e+02,6.410000000000000000e+02
7.873154449462890625e+01,1.235304718017578125e+02,6.430000000000000000e+02
7.955407714843750000e+01,1.237225875854492188e+02,6.440000000000000000e+02
9.937359619140625000e+01,1.248752822875976562e+02,6.500000000000000000e+02
1.000802001953125000e+02,1.248752822875976562e+02,6.500000000000000000e+02
1.007868041992187500e+02,1.248752822875976562e+02,6.500000000000000000e+02
1.013372650146484375e+02,1.246831665039062500e+02,6.490000000000000000e+02
1.020427856445312500e+02,1.246831665039062500e+02,6.490000000000000000e+02
1.027483062744140625e+02,1.246831665039062500e+02,6.490000000000000000e+02
1.032944183349609375e+02,1.244910507202148438e+02,6.480000000000000000e+02
1.038383560180664062e+02,1.242989349365234375e+02,6.470000000000000000e+02
1.043801193237304688e+02,1.241068191528320312e+02,6.460000000000000000e+02
1.049197158813476562e+02,1.239147033691406250e+02,6.450000000000000000e+02
1.054571380615234375e+02,1.237225875854492188e+02,6.440000000000000000e+02
1.061572189331054688e+02,1.237225875854492188e+02,6.440000000000000000e+02
1.066913757324218750e+02,1.235304718017578125e+02,6.430000000000000000e+02
1.072233505249023438e+02,1.233383560180664062e+02,6.420000000000000000e+02
1.077531585693359375e+02,1.231462402343750000e+02,6.410000000000000000e+02
1.084499816894531250e+02,1.231462402343750000e+02,6.410000000000000000e+02
1.089765243530273438e+02,1.229541168212890625e+02,6.400000000000000000e+02
1.096722564697265625e+02,1.229541168212890625e+02,6.400000000000000000e+02
1.103679962158203125e+02,1.229541168212890625e+02,6.400000000000000000e+02
1.110637283325195312e+02,1.229541168212890625e+02,6.400000000000000000e+02
1.117594604492187500e+02,1.229541168212890625e+02,6.400000000000000000e+02
1.124552001953125000e+02,1.229541168212890625e+02,6.400000000000000000e+02
1.133277282714843750e+02,1.231462402343750000e+02,6.410000000000000000e+02
1.142024383544921875e+02,1.233383560180664062e+02,6.420000000000000000e+02
1.149003448486328125e+02,1.233383560180664062e+02,6.420000000000000000e+02
1.159583740234375000e+02,1.237225875854492188e+02,6.440000000000000000e+02
1.168395996093750000e+02,1.239147033691406250e+02,6.450000000000000000e+02
1.177229995727539062e+02,1.241068191528320312e+02,6.460000000000000000e+02
1.186085815429687500e+02,1.242989349365234375e+02,6.470000000000000000e+02
5.331777572631835938e+01,1.236501464843750000e+02,6.400000000000000000e+02
5.401351165771484375e+01,1.236501464843750000e+02,6.400000000000000000e+02
5.462376022338867188e+01,1.234569473266601562e+02,6.390000000000000000e+02
5.531841278076171875e+01,1.234569473266601562e+02,6.390000000000000000e+02
5.601305770874023438e+01,1.234569473266601562e+02,6.390000000000000000e+02
5.661896133422851562e+01,1.232637405395507812e+02,6.380000000000000000e+02
5.731252288818359375e+01,1.232637405395507812e+02,6.380000000000000000e+02
5.800608062744140625e+01,1.232637405395507812e+02,6.380000000000000000e+02
5.860763549804687500e+01,1.230705413818359375e+02,6.370000000000000000e+02
5.930010986328125000e+01,1.230705413818359375e+02,6.370000000000000000e+02
5.999258041381835938e+01,1.230705413818359375e+02,6.370000000000000000e+02
6.058978652954101562e+01,1.228773345947265625e+02,6.360000000000000000e+02
6.128117370605468750e+01,1.228773345947265625e+02,6.360000000000000000e+02
6.187511825561523438e+01,1.226841354370117188e+02,6.350000000000000000e+02
6.256541442871093750e+01,1.226841354370117188e+02,6.350000000000000000e+02
6.325571441650390625e+01,1.226841354370117188e+02,6.350000000000000000e+02
6.384531021118164062e+01,1.224909286499023438e+02,6.340000000000000000e+02
6.453452301025390625e+01,1.224909286499023438e+02,6.340000000000000000e+02
6.522373199462890625e+01,1.224909286499023438e+02,6.340000000000000000e+02
6.580898284912109375e+01,1.222977294921875000e+02,6.330000000000000000e+02
6.649710845947265625e+01,1.222977294921875000e+02,6.330000000000000000e+02
6.718523406982421875e+01,1.222977294921875000e+02,6.330000000000000000e+02
6.787335968017578125e+01,1.222977294921875000e+02,6.330000000000000000e+02
6.856148529052734375e+01,1.222977294921875000e+02,6.330000000000000000e+02
6.924961090087890625e+01,1.222977294921875000e+02,6.330000000000000000e+02
6.993773651123046875e+01,1.222977294921875000e+02,6.330000000000000000e+02
7.062585449218750000e+01,1.222977294921875000e+02,6.330000000000000000e+02
7.142664337158203125e+01,1.224909286499023438e+02,6.340000000000000000e+02
7.211585235595703125e+01,1.224909286499023438e+02,6.340000000000000000e+02
7.280506134033203125e+01,1.224909286499023438e+02,6.340000000000000000e+02
7.361019897460937500e+01,1.226841354370117188e+02,6.350000000000000000e+02
7.441750335693359375e+01,1.228773345947265625e+02,6.360000000000000000e+02
7.510889434814453125e+01,1.228773345947265625e+02,6.360000000000000000e+02
7.591945648193359375e+01,1.230705413818359375e+02,6.370000000000000000e+02
7.673220825195312500e+01,1.232637405395507812e+02,6.380000000000000000e+02
7.754712677001953125e+01,1.234569473266601562e+02,6.390000000000000000e+02
7.836421203613281250e+01,1.236501464843750000e+02,6.400000000000000000e+02
7.918347930908203125e+01,1.238433532714843750e+02,6.410000000000000000e+02
8.012953948974609375e+01,1.242297592163085938e+02,6.430000000000000000e+02
8.095423126220703125e+01,1.244229660034179688e+02,6.440000000000000000e+02
9.922071075439453125e+01,1.253889770507812500e+02,6.490000000000000000e+02
9.992623138427734375e+01,1.253889770507812500e+02,6.490000000000000000e+02
1.006317520141601562e+02,1.253889770507812500e+02,6.490000000000000000e+02
1.013372650146484375e+02,1.253889770507812500e+02,6.490000000000000000e+02
1.020427856445312500e+02,1.253889770507812500e+02,6.490000000000000000e+02
1.025899887084960938e+02,1.251957778930664062e+02,6.480000000000000000e+02
1.031350097656250000e+02,1.250025711059570312e+02,6.470000000000000000e+02
1.038383560180664062e+02,1.250025711059570312e+02,6.470000000000000000e+02
1.043801193237304688e+02,1.248093719482421875e+02,6.460000000000000000e+02
1.049197158813476562e+02,1.246161651611328125e+02,6.450000000000000000e+02
1.054571380615234375e+02,1.244229660034179688e+02,6.440000000000000000e+02
1.059923782348632812e+02,1.242297592163085938e+02,6.430000000000000000e+02
1.065254440307617188e+02,1.240365600585937500e+02,6.420000000000000000e+02
1.070563354492187500e+02,1.238433532714843750e+02,6.410000000000000000e+02
1.077531585693359375e+02,1.238433532714843750e+02,6.410000000000000000e+02
1.082807922363281250e+02,1.236501464843750000e+02,6.400000000000000000e+02
1.089765243530273438e+02,1.236501464843750000e+02,6.400000000000000000e+02
1.095009002685546875e+02,1.234569473266601562e+02,6.390000000000000000e+02
1.101955413818359375e+02,1.234569473266601562e+02,6.390000000000000000e+02
1.108901901245117188e+02,1.234569473266601562e+02,6.390000000000000000e+02
1.115848388671875000e+02,1.234569473266601562e+02,6.390000000000000000e+02
1.122794876098632812e+02,1.234569473266601562e+02,6.390000000000000000e+02
1.129741287231445312e+02,1.234569473266601562e+02,6.390000000000000000e+02
1.136687774658203125e+02,1.234569473266601562e+02,6.390000000000000000e+02
1.147213745117187500e+02,1.238433532714843750e+02,6.410000000000000000e+02
1.157783126831054688e+02,1.242297592163085938e+02,6.430000000000000000e+02
1.166584548950195312e+02,1.244229660034179688e+02,6.440000000000000000e+02
1.175407714843750000e+02,1.246161651611328125e+02,6.450000000000000000e+02
1.186085815429687500e+02,1.250025711059570312e+02,6.470000000000000000e+02
5.192630767822265625e+01,1.243461685180664062e+02,6.400000000000000000e+02
5.253982162475585938e+01,1.241518783569335938e+02,6.390000000000000000e+02
5.323446655273437500e+01,1.241518783569335938e+02,6.390000000000000000e+02
5.392911529541015625e+01,1.241518783569335938e+02,6.390000000000000000e+02
5.462376022338867188e+01,1.241518783569335938e+02,6.390000000000000000e+02
5.523184204101562500e+01,1.239575881958007812e+02,6.380000000000000000e+02
5.592540359497070312e+01,1.239575881958007812e+02,6.380000000000000000e+02
5.661896133422851562e+01,1.239575881958007812e+02,6.380000000000000000e+02
5.722269058227539062e+01,1.237632980346679688e+02,6.370000000000000000e+02
5.791516113281250000e+01,1.237632980346679688e+02,6.370000000000000000e+02
5.860763549804687500e+01,1.237632980346679688e+02,6.370000000000000000e+02
5.920701599121093750e+01,1.235690078735351562e+02,6.360000000000000000e+02
5.989839935302734375e+01,1.235690078735351562e+02,6.360000000000000000e+02
6.058978652954101562e+01,1.235690078735351562e+02,6.360000000000000000e+02
6.118481826782226562e+01,1.233747177124023438e+02,6.350000000000000000e+02
6.187511825561523438e+01,1.233747177124023438e+02,6.350000000000000000e+02
6.246688842773437500e+01,1.231804275512695312e+02,6.340000000000000000e+02
6.315609741210937500e+01,1.231804275512695312e+02,6.340000000000000000e+02
6.384531021118164062e+01,1.231804275512695312e+02,6.340000000000000000e+02
6.443273162841796875e+01,1.229861373901367188e+02,6.330000000000000000e+02
6.512085723876953125e+01,1.229861373901367188e+02,6.330000000000000000e+02
6.580898284912109375e+01,1.229861373901367188e+02,6.330000000000000000e+02
6.649710845947265625e+01,1.229861373901367188e+02,6.330000000000000000e+02
6.718523406982421875e+01,1.229861373901367188e+02,6.330000000000000000e+02
6.787335968017578125e+01,1.229861373901367188e+02,6.330000000000000000e+02
6.845317077636718750e+01,1.227918395996093750e+02,6.320000000000000000e+02
6.924961090087890625e+01,1.229861373901367188e+02,6.330000000000000000e+02
6.993773651123046875e+01,1.229861373901367188e+02,6.330000000000000000e+02
7.062585449218750000e+01,1.229861373901367188e+02,6.330000000000000000e+02
7.131398010253906250e+01,1.229861373901367188e+02,6.330000000000000000e+02
7.200210571289062500e+01,1.229861373901367188e+02,6.330000000000000000e+02
7.269023132324218750e+01,1.229861373901367188e+02,6.330000000000000000e+02
7.337835693359375000e+01,1.229861373901367188e+02,6.330000000000000000e+02
7.418348693847656250e+01,1.231804275512695312e+02,6.340000000000000000e+02
7.499079895019531250e+01,1.233747177124023438e+02,6.350000000000000000e+02
7.568109130859375000e+01,1.233747177124023438e+02,6.350000000000000000e+02
7.649166870117187500e+01,1.235690078735351562e+02,6.360000000000000000e+02
7.730441284179687500e+01,1.237632980346679688e+02,6.370000000000000000e+02
7.811932373046875000e+01,1.239575881958007812e+02,6.380000000000000000e+02
7.893641662597656250e+01,1.241518783569335938e+02,6.390000000000000000e+02
7.975568389892578125e+01,1.243461685180664062e+02,6.400000000000000000e+02
8.057711791992187500e+01,1.245404586791992188e+02,6.410000000000000000e+02
8.140073394775390625e+01,1.247347488403320312e+02,6.420000000000000000e+02
9.922071075439453125e+01,1.260947875976562500e+02,6.490000000000000000e+02
9.992623138427734375e+01,1.260947875976562500e+02,6.490000000000000000e+02
1.006317520141601562e+02,1.260947875976562500e+02,6.490000000000000000e+02
1.011811218261718750e+02,1.259004974365234375e+02,6.480000000000000000e+02
1.018855514526367188e+02,1.259004974365234375e+02,6.480000000000000000e+02
1.025899887084960938e+02,1.259004974365234375e+02,6.480000000000000000e+02
1.031350097656250000e+02,1.257062072753906250e+02,6.470000000000000000e+02
1.036778640747070312e+02,1.255119171142578125e+02,6.460000000000000000e+02
1.042185363769531250e+02,1.253176269531250000e+02,6.450000000000000000e+02
1.047570495605468750e+02,1.251233367919921875e+02,6.440000000000000000e+02
1.054571380615234375e+02,1.251233367919921875e+02,6.440000000000000000e+02
1.059923782348632812e+02,1.249290466308593750e+02,6.430000000000000000e+02
1.065254440307617188e+02,1.247347488403320312e+02,6.420000000000000000e+02
1.070563354492187500e+02,1.245404586791992188e+02,6.410000000000000000e+02
1.075850601196289062e+02,1.243461685180664062e+02,6.400000000000000000e+02
1.081116027832031250e+02,1.241518783569335938e+02,6.390000000000000000e+02
1.088062515258789062e+02,1.241518783569335938e+02,6.390000000000000000e+02
1.093295364379882812e+02,1.239575881958007812e+02,6.380000000000000000e+02
1.100230941772460938e+02,1.239575881958007812e+02,6.380000000000000000e+02
1.107166519165039062e+02,1.239575881958007812e+02,6.380000000000000000e+02
1.114102172851562500e+02,1.239575881958007812e+02,6.380000000000000000e+02
1.121037750244140625e+02,1.239575881958007812e+02,6.380000000000000000e+02
1.127973327636718750e+02,1.239575881958007812e+02,6.380000000000000000e+02
1.136687774658203125e+02,1.241518783569335938e+02,6.390000000000000000e+02
1.147213745117187500e+02,1.245404586791992188e+02,6.410000000000000000e+02
1.155982513427734375e+02,1.247347488403320312e+02,6.420000000000000000e+02
1.166584548950195312e+02,1.251233367919921875e+02,6.440000000000000000e+02
1.175407714843750000e+02,1.253176269531250000e+02,6.450000000000000000e+02
1.184252624511718750e+02,1.255119171142578125e+02,6.460000000000000000e+02
5.115052413940429688e+01,1.248468093872070312e+02,6.390000000000000000e+02
5.184517288208007812e+01,1.248468093872070312e+02,6.390000000000000000e+02
5.253982162475585938e+01,1.248468093872070312e+02,6.390000000000000000e+02
5.315115737915039062e+01,1.246514358520507812e+02,6.380000000000000000e+02
5.384471893310546875e+01,1.246514358520507812e+02,6.380000000000000000e+02
5.453827667236328125e+01,1.246514358520507812e+02,6.380000000000000000e+02
5.523184204101562500e+01,1.246514358520507812e+02,6.380000000000000000e+02
5.583774566650390625e+01,1.244560546875000000e+02,6.370000000000000000e+02
5.653021621704101562e+01,1.244560546875000000e+02,6.370000000000000000e+02
5.722269058227539062e+01,1.244560546875000000e+02,6.370000000000000000e+02
5.791516113281250000e+01,1.244560546875000000e+02,6.370000000000000000e+02
5.851562881469726562e+01,1.242606735229492188e+02,6.360000000000000000e+02
5.920701599121093750e+01,1.242606735229492188e+02,6.360000000000000000e+02
5.980422210693359375e+01,1.240652999877929688e+02,6.350000000000000000e+02
6.049451828002929688e+01,1.240652999877929688e+02,6.350000000000000000e+02
6.118481826782226562e+01,1.240652999877929688e+02,6.350000000000000000e+02
6.177767562866210938e+01,1.238699188232421875e+02,6.340000000000000000e+02
6.246688842773437500e+01,1.238699188232421875e+02,6.340000000000000000e+02
6.305648422241210938e+01,1.236745452880859375e+02,6.330000000000000000e+02
6.374460983276367188e+01,1.236745452880859375e+02,6.330000000000000000e+02
6.443273162841796875e+01,1.236745452880859375e+02,6.330000000000000000e+02
6.512085723876953125e+01,1.236745452880859375e+02,6.330000000000000000e+02
6.570502471923828125e+01,1.234791641235351562e+02,6.320000000000000000e+02
6.639205932617187500e+01,1.234791641235351562e+02,6.320000000000000000e+02
6.707909393310546875e+01,1.234791641235351562e+02,6.320000000000000000e+02
6.776613616943359375e+01,1.234791641235351562e+02,6.320000000000000000e+02
6.845317077636718750e+01,1.234791641235351562e+02,6.320000000000000000e+02
6.914021301269531250e+01,1.234791641235351562e+02,6.320000000000000000e+02
6.982724761962890625e+01,1.234791641235351562e+02,6.320000000000000000e+02
7.051428222656250000e+01,1.234791641235351562e+02,6.320000000000000000e+02
7.120132446289062500e+01,1.234791641235351562e+02,6.320000000000000000e+02
7.188835906982421875e+01,1.234791641235351562e+02,6.320000000000000000e+02
7.257539367675781250e+01,1.234791641235351562e+02,6.320000000000000000e+02
7.337835693359375000e+01,1.236745452880859375e+02,6.330000000000000000e+02
7.406648254394531250e+01,1.236745452880859375e+02,6.330000000000000000e+02
7.475460052490234375e+01,1.236745452880859375e+02,6.330000000000000000e+02
7.556191253662109375e+01,1.238699188232421875e+02,6.340000000000000000e+02
7.625112915039062500e+01,1.238699188232421875e+02,6.340000000000000000e+02
7.706169891357421875e+01,1.240652999877929688e+02,6.350000000000000000e+02
7.787443542480468750e+01,1.242606735229492188e+02,6.360000000000000000e+02
7.856582641601562500e+01,1.242606735229492188e+02,6.360000000000000000e+02
7.938182830810546875e+01,1.244560546875000000e+02,6.370000000000000000e+02
8.020000457763671875e+01,1.246514358520507812e+02,6.380000000000000000e+02
8.114714813232421875e+01,1.250421905517578125e+02,6.400000000000000000e+02
8.197075653076171875e+01,1.252375717163085938e+02,6.410000000000000000e+02
8.279655456542968750e+01,1.254329452514648438e+02,6.420000000000000000e+02
8.362451934814453125e+01,1.256283264160156250e+02,6.430000000000000000e+02
9.906783294677734375e+01,1.266052169799804688e+02,6.480000000000000000e+02
9.977226257324218750e+01,1.266052169799804688e+02,6.480000000000000000e+02
1.004766921997070312e+02,1.266052169799804688e+02,6.480000000000000000e+02
1.011811218261718750e+02,1.266052169799804688e+02,6.480000000000000000e+02
1.017283248901367188e+02,1.264098358154296875e+02,6.470000000000000000e+02
1.024316711425781250e+02,1.264098358154296875e+02,6.470000000000000000e+02
1.029756088256835938e+02,1.262144622802734375e+02,6.460000000000000000e+02
1.036778640747070312e+02,1.262144622802734375e+02,6.460000000000000000e+02
1.042185363769531250e+02,1.260190811157226562e+02,6.450000000000000000e+02
1.047570495605468750e+02,1.258237075805664062e+02,6.440000000000000000e+02
1.052933807373046875e+02,1.256283264160156250e+02,6.430000000000000000e+02
1.058275375366210938e+02,1.254329452514648438e+02,6.420000000000000000e+02
1.063595199584960938e+02,1.252375717163085938e+02,6.410000000000000000e+02
1.068893280029296875e+02,1.250421905517578125e+02,6.400000000000000000e+02
1.074169540405273438e+02,1.248468093872070312e+02,6.390000000000000000e+02
1.081116027832031250e+02,1.248468093872070312e+02,6.390000000000000000e+02
1.086359710693359375e+02,1.246514358520507812e+02,6.380000000000000000e+02
1.093295364379882812e+02,1.246514358520507812e+02,6.380000000000000000e+02
1.098506469726562500e+02,1.244560546875000000e+02,6.370000000000000000e+02
1.105431137084960938e+02,1.244560546875000000e+02,6.370000000000000000e+02
1.112355880737304688e+02,1.244560546875000000e+02,6.370000000000000000e+02
1.119280624389648438e+02,1.244560546875000000e+02,6.370000000000000000e+02
1.127973327636718750e+02,1.246514358520507812e+02,6.380000000000000000e+02
1.134908905029296875e+02,1.246514358520507812e+02,6.380000000000000000e+02
1.145423965454101562e+02,1.250421905517578125e+02,6.400000000000000000e+02
1.155982513427734375e+02,1.254329452514648438e+02,6.420000000000000000e+02
1.164773101806640625e+02,1.256283264160156250e+02,6.430000000000000000e+02
1.175407714843750000e+02,1.260190811157226562e+02,6.450000000000000000e+02
1.184252624511718750e+02,1.262144622802734375e+02,6.460000000000000000e+02
5.045587921142578125e+01,1.255417480468750000e+02,6.390000000000000000e+02
5.115052413940429688e+01,1.255417480468750000e+02,6.390000000000000000e+02
5.176403808593750000e+01,1.253452758789062500e+02,6.380000000000000000e+02
5.245759963989257812e+01,1.253452758789062500e+02,6.380000000000000000e+02
5.315115737915039062e+01,1.253452758789062500e+02,6.380000000000000000e+02
5.376032257080078125e+01,1.251488113403320312e+02,6.370000000000000000e+02
5.445279312133789062e+01,1.251488113403320312e+02,6.370000000000000000e+02
5.514527130126953125e+01,1.251488113403320312e+02,6.370000000000000000e+02
5.583774566650390625e+01,1.251488113403320312e+02,6.370000000000000000e+02
5.653021621704101562e+01,1.251488113403320312e+02,6.370000000000000000e+02
5.713285827636718750e+01,1.249523468017578125e+02,6.360000000000000000e+02
5.782424545288085938e+01,1.249523468017578125e+02,6.360000000000000000e+02
5.851562881469726562e+01,1.249523468017578125e+02,6.360000000000000000e+02
5.911392211914062500e+01,1.247558822631835938e+02,6.350000000000000000e+02
5.980422210693359375e+01,1.247558822631835938e+02,6.350000000000000000e+02
6.049451828002929688e+01,1.247558822631835938e+02,6.350000000000000000e+02
6.108846282958984375e+01,1.245594177246093750e+02,6.340000000000000000e+02
6.177767562866210938e+01,1.245594177246093750e+02,6.340000000000000000e+02
6.236835861206054688e+01,1.243629455566406250e+02,6.330000000000000000e+02
6.305648422241210938e+01,1.243629455566406250e+02,6.330000000000000000e+02
6.374460983276367188e+01,1.243629455566406250e+02,6.330000000000000000e+02
6.433094024658203125e+01,1.241664810180664062e+02,6.320000000000000000e+02
6.501798248291015625e+01,1.241664810180664062e+02,6.320000000000000000e+02
6.570502471923828125e+01,1.241664810180664062e+02,6.320000000000000000e+02
6.639205932617187500e+01,1.241664810180664062e+02,6.320000000000000000e+02
6.707909393310546875e+01,1.241664810180664062e+02,6.320000000000000000e+02
6.776613616943359375e+01,1.241664810180664062e+02,6.320000000000000000e+02
6.845317077636718750e+01,1.241664810180664062e+02,6.320000000000000000e+02
6.914021301269531250e+01,1.241664810180664062e+02,6.320000000000000000e+02
6.982724761962890625e+01,1.241664810180664062e+02,6.320000000000000000e+02
7.051428222656250000e+01,1.241664810180664062e+02,6.320000000000000000e+02
7.120132446289062500e+01,1.241664810180664062e+02,6.320000000000000000e+02
7.188835906982421875e+01,1.241664810180664062e+02,6.320000000000000000e+02
7.257539367675781250e+01,1.241664810180664062e+02,6.320000000000000000e+02
7.326243591308593750e+01,1.241664810180664062e+02,6.320000000000000000e+02
7.394947052001953125e+01,1.241664810180664062e+02,6.320000000000000000e+02
7.463650512695312500e+01,1.241664810180664062e+02,6.320000000000000000e+02
7.532354736328125000e+01,1.241664810180664062e+02,6.320000000000000000e+02
7.601058959960937500e+01,1.241664810180664062e+02,6.320000000000000000e+02
7.681898498535156250e+01,1.243629455566406250e+02,6.330000000000000000e+02
7.762954711914062500e+01,1.245594177246093750e+02,6.340000000000000000e+02
7.831876373291015625e+01,1.245594177246093750e+02,6.340000000000000000e+02
7.913259124755859375e+01,1.247558822631835938e+02,6.350000000000000000e+02
7.994859313964843750e+01,1.249523468017578125e+02,6.360000000000000000e+02
8.076676940917968750e+01,1.251488113403320312e+02,6.370000000000000000e+02
8.158712005615234375e+01,1.253452758789062500e+02,6.380000000000000000e+02
8.240966033935546875e+01,1.255417480468750000e+02,6.390000000000000000e+02
8.323435974121093750e+01,1.257382125854492188e+02,6.400000000000000000e+02
8.406123352050781250e+01,1.259346771240234375e+02,6.410000000000000000e+02
8.502250671386718750e+01,1.263276062011718750e+02,6.430000000000000000e+02
8.585482025146484375e+01,1.265240707397460938e+02,6.440000000000000000e+02
9.821160888671875000e+01,1.271134719848632812e+02,6.470000000000000000e+02
9.891494750976562500e+01,1.271134719848632812e+02,6.470000000000000000e+02
9.961829376220703125e+01,1.271134719848632812e+02,6.470000000000000000e+02
1.003216400146484375e+02,1.271134719848632812e+02,6.470000000000000000e+02
1.010249786376953125e+02,1.271134719848632812e+02,6.470000000000000000e+02
1.017283248901367188e+02,1.271134719848632812e+02,6.470000000000000000e+02
1.022733459472656250e+02,1.269170074462890625e+02,6.460000000000000000e+02
1.028162002563476562e+02,1.267205429077148438e+02,6.450000000000000000e+02
1.035173721313476562e+02,1.267205429077148438e+02,6.450000000000000000e+02
1.040569610595703125e+02,1.265240707397460938e+02,6.440000000000000000e+02
1.045943832397460938e+02,1.263276062011718750e+02,6.430000000000000000e+02
1.051296310424804688e+02,1.261311416625976562e+02,6.420000000000000000e+02
1.056626968383789062e+02,1.259346771240234375e+02,6.410000000000000000e+02
1.061935882568359375e+02,1.257382125854492188e+02,6.400000000000000000e+02
1.067223129272460938e+02,1.255417480468750000e+02,6.390000000000000000e+02
1.072488555908203125e+02,1.253452758789062500e+02,6.380000000000000000e+02
1.079424133300781250e+02,1.253452758789062500e+02,6.380000000000000000e+02
1.084656982421875000e+02,1.251488113403320312e+02,6.370000000000000000e+02
1.091581726074218750e+02,1.251488113403320312e+02,6.370000000000000000e+02
1.098506469726562500e+02,1.251488113403320312e+02,6.370000000000000000e+02
1.105431137084960938e+02,1.251488113403320312e+02,6.370000000000000000e+02
1.112355880737304688e+02,1.251488113403320312e+02,6.370000000000000000e+02
1.119280624389648438e+02,1.251488113403320312e+02,6.370000000000000000e+02
1.126205368041992188e+02,1.251488113403320312e+02,6.370000000000000000e+02
1.134908905029296875e+02,1.253452758789062500e+02,6.380000000000000000e+02
1.143634262084960938e+02,1.255417480468750000e+02,6.390000000000000000e+02
1.155982513427734375e+02,1.261311416625976562e+02,6.420000000000000000e+02
1.164773101806640625e+02,1.263276062011718750e+02,6.430000000000000000e+02
1.175407714843750000e+02,1.267205429077148438e+02,6.450000000000000000e+02
1.184252624511718750e+02,1.269170074462890625e+02,6.460000000000000000e+02
4.976123046875000000e+01,1.262366790771484375e+02,6.390000000000000000e+02
5.037691879272460938e+01,1.260391235351562500e+02,6.380000000000000000e+02
5.107047653198242188e+01,1.260391235351562500e+02,6.380000000000000000e+02
5.176403808593750000e+01,1.260391235351562500e+02,6.380000000000000000e+02
5.237537765502929688e+01,1.258415679931640625e+02,6.370000000000000000e+02
5.306784820556640625e+01,1.258415679931640625e+02,6.370000000000000000e+02
5.376032257080078125e+01,1.258415679931640625e+02,6.370000000000000000e+02
5.445279312133789062e+01,1.258415679931640625e+02,6.370000000000000000e+02
5.514527130126953125e+01,1.258415679931640625e+02,6.370000000000000000e+02
5.575008773803710938e+01,1.256440200805664062e+02,6.360000000000000000e+02
5.644147109985351562e+01,1.256440200805664062e+02,6.360000000000000000e+02
5.713285827636718750e+01,1.256440200805664062e+02,6.360000000000000000e+02
5.782424545288085938e+01,1.256440200805664062e+02,6.360000000000000000e+02
5.842362594604492188e+01,1.254464645385742188e+02,6.350000000000000000e+02
5.911392211914062500e+01,1.254464645385742188e+02,6.350000000000000000e+02
5.980422210693359375e+01,1.254464645385742188e+02,6.350000000000000000e+02
6.039925384521484375e+01,1.252489089965820312e+02,6.340000000000000000e+02
6.108846282958984375e+01,1.252489089965820312e+02,6.340000000000000000e+02
6.168023300170898438e+01,1.250513534545898438e+02,6.330000000000000000e+02
6.236835861206054688e+01,1.250513534545898438e+02,6.330000000000000000e+02
6.305648422241210938e+01,1.250513534545898438e+02,6.330000000000000000e+02
6.364390563964843750e+01,1.248538055419921875e+02,6.320000000000000000e+02
6.433094024658203125e+01,1.248538055419921875e+02,6.320000000000000000e+02
6.501798248291015625e+01,1.248538055419921875e+02,6.320000000000000000e+02
6.570502471923828125e+01,1.248538055419921875e+02,6.320000000000000000e+02
0.000000000000000000e+00,0.000000000000000000e+00,0.000000000000000000e+00
6.697296142578125000e+01,1.246562500000000000e+02,6.310000000000000000e+02
6.765891265869140625e+01,1.246562500000000000e+02,6.310000000000000000e+02
6.834485626220703125e+01,1.246562500000000000e+02,6.310000000000000000e+02
6.903080749511718750e+01,1.246562500000000000e+02,6.310000000000000000e+02
6.971675872802734375e+01,1.246562500000000000e+02,6.310000000000000000e+02
7.040270996093750000e+01,1.246562500000000000e+02,6.310000000000000000e+02
7.108866119384765625e+01,1.246562500000000000e+02,6.310000000000000000e+02
7.177461242675781250e+01,1.246562500000000000e+02,6.310000000000000000e+02
7.246056365966796875e+01,1.246562500000000000e+02,6.310000000000000000e+02
7.314651489257812500e+01,1.246562500000000000e+02,6.310000000000000000e+02
7.383245849609375000e+01,1.246562500000000000e+02,6.310000000000000000e+02
7.451840972900390625e+01,1.246562500000000000e+02,6.310000000000000000e+02
7.520436096191406250e+01,1.246562500000000000e+02,6.310000000000000000e+02
7.589031982421875000e+01,1.246562500000000000e+02,6.310000000000000000e+02
7.669762420654296875e+01,1.248538055419921875e+02,6.320000000000000000e+02
7.738465881347656250e+01,1.248538055419921875e+02,6.320000000000000000e+02
7.807170104980468750e+01,1.248538055419921875e+02,6.320000000000000000e+02
7.888335418701171875e+01,1.250513534545898438e+02,6.330000000000000000e+02
7.969718170166015625e+01,1.252489089965820312e+02,6.340000000000000000e+02
8.051318359375000000e+01,1.254464645385742188e+02,6.350000000000000000e+02
8.133135986328125000e+01,1.256440200805664062e+02,6.360000000000000000e+02
8.215172576904296875e+01,1.258415679931640625e+02,6.370000000000000000e+02
8.284420013427734375e+01,1.258415679931640625e+02,6.370000000000000000e+02
8.379895019531250000e+01,1.262366790771484375e+02,6.390000000000000000e+02
8.462582397460937500e+01,1.264342346191406250e+02,6.400000000000000000e+02
8.545487213134765625e+01,1.266317825317382812e+02,6.410000000000000000e+02
8.642050170898437500e+01,1.270268936157226562e+02,6.430000000000000000e+02
8.711949157714843750e+01,1.270268936157226562e+02,6.430000000000000000e+02
8.795507049560546875e+01,1.272244415283203125e+02,6.440000000000000000e+02
8.865515136718750000e+01,1.272244415283203125e+02,6.440000000000000000e+02
9.525078582763671875e+01,1.276195526123046875e+02,6.460000000000000000e+02
9.595304107666015625e+01,1.276195526123046875e+02,6.460000000000000000e+02
9.665529632568359375e+01,1.276195526123046875e+02,6.460000000000000000e+02
9.735755157470703125e+01,1.276195526123046875e+02,6.460000000000000000e+02
9.821160888671875000e+01,1.278171081542968750e+02,6.470000000000000000e+02
9.876206970214843750e+01,1.276195526123046875e+02,6.460000000000000000e+02
9.946432495117187500e+01,1.276195526123046875e+02,6.460000000000000000e+02
1.001665802001953125e+02,1.276195526123046875e+02,6.460000000000000000e+02
1.008688354492187500e+02,1.276195526123046875e+02,6.460000000000000000e+02
1.015710906982421875e+02,1.276195526123046875e+02,6.460000000000000000e+02
1.021150283813476562e+02,1.274219970703125000e+02,6.450000000000000000e+02
1.028162002563476562e+02,1.274219970703125000e+02,6.450000000000000000e+02
1.033568801879882812e+02,1.272244415283203125e+02,6.440000000000000000e+02
1.038953857421875000e+02,1.270268936157226562e+02,6.430000000000000000e+02
1.044317169189453125e+02,1.268293380737304688e+02,6.420000000000000000e+02
1.049658737182617188e+02,1.266317825317382812e+02,6.410000000000000000e+02
1.054978561401367188e+02,1.264342346191406250e+02,6.400000000000000000e+02
1.060276641845703125e+02,1.262366790771484375e+02,6.390000000000000000e+02
1.065552978515625000e+02,1.260391235351562500e+02,6.380000000000000000e+02
1.072488555908203125e+02,1.260391235351562500e+02,6.380000000000000000e+02
1.077732238769531250e+02,1.258415679931640625e+02,6.370000000000000000e+02
1.084656982421875000e+02,1.258415679931640625e+02,6.370000000000000000e+02
1.091581726074218750e+02,1.258415679931640625e+02,6.370000000000000000e+02
1.096781921386718750e+02,1.256440200805664062e+02,6.360000000000000000e+02
1.103695831298828125e+02,1.256440200805664062e+02,6.360000000000000000e+02
1.112355880737304688e+02,1.258415679931640625e+02,6.370000000000000000e+02
1.119280624389648438e+02,1.258415679931640625e+02,6.370000000000000000e+02
1.126205368041992188e+02,1.258415679931640625e+02,6.370000000000000000e+02
1.134908905029296875e+02,1.260391235351562500e+02,6.380000000000000000e+02
1.143634262084960938e+02,1.262366790771484375e+02,6.390000000000000000e+02
1.155982513427734375e+02,1.268293380737304688e+02,6.420000000000000000e+02
1.164773101806640625e+02,1.270268936157226562e+02,6.430000000000000000e+02
1.175407714843750000e+02,1.274219970703125000e+02,6.450000000000000000e+02
4.968335723876953125e+01,1.267329711914062500e+02,6.380000000000000000e+02
5.037691879272460938e+01,1.267329711914062500e+02,6.380000000000000000e+02
5.099042892456054688e+01,1.265343246459960938e+02,6.370000000000000000e+02
5.168290328979492188e+01,1.265343246459960938e+02,6.370000000000000000e+02
5.237537765502929688e+01,1.265343246459960938e+02,6.370000000000000000e+02
5.306784820556640625e+01,1.265343246459960938e+02,6.370000000000000000e+02
5.376032257080078125e+01,1.265343246459960938e+02,6.370000000000000000e+02
5.436730957031250000e+01,1.263356857299804688e+02,6.360000000000000000e+02
5.505870056152343750e+01,1.263356857299804688e+02,6.360000000000000000e+02
5.575008773803710938e+01,1.263356857299804688e+02,6.360000000000000000e+02
5.644147109985351562e+01,1.263356857299804688e+02,6.360000000000000000e+02
5.713285827636718750e+01,1.263356857299804688e+02,6.360000000000000000e+02
5.773332595825195312e+01,1.261370468139648438e+02,6.350000000000000000e+02
5.842362594604492188e+01,1.261370468139648438e+02,6.350000000000000000e+02
5.911392211914062500e+01,1.261370468139648438e+02,6.350000000000000000e+02
5.971004104614257812e+01,1.259384078979492188e+02,6.340000000000000000e+02
6.039925384521484375e+01,1.259384078979492188e+02,6.340000000000000000e+02
6.108846282958984375e+01,1.259384078979492188e+02,6.340000000000000000e+02
6.168023300170898438e+01,1.257397613525390625e+02,6.330000000000000000e+02
6.236835861206054688e+01,1.257397613525390625e+02,6.330000000000000000e+02
6.305648422241210938e+01,1.257397613525390625e+02,6.330000000000000000e+02
6.364390563964843750e+01,1.255411224365234375e+02,6.320000000000000000e+02
6.433094024658203125e+01,1.255411224365234375e+02,6.320000000000000000e+02
6.501798248291015625e+01,1.255411224365234375e+02,6.320000000000000000e+02
6.570502471923828125e+01,1.255411224365234375e+02,6.320000000000000000e+02
6.628701019287109375e+01,1.253424835205078125e+02,6.310000000000000000e+02
6.697296142578125000e+01,1.253424835205078125e+02,6.310000000000000000e+02
6.765891265869140625e+01,1.253424835205078125e+02,6.310000000000000000e+02
6.834485626220703125e+01,1.253424835205078125e+02,6.310000000000000000e+02
6.903080749511718750e+01,1.253424835205078125e+02,6.310000000000000000e+02
6.971675872802734375e+01,1.253424835205078125e+02,6.310000000000000000e+02
7.040270996093750000e+01,1.253424835205078125e+02,6.310000000000000000e+02
7.108866119384765625e+01,1.253424835205078125e+02,6.310000000000000000e+02
7.177461242675781250e+01,1.253424835205078125e+02,6.310000000000000000e+02
7.246056365966796875e+01,1.253424835205078125e+02,6.310000000000000000e+02
7.314651489257812500e+01,1.253424835205078125e+02,6.310000000000000000e+02
7.383245849609375000e+01,1.253424835205078125e+02,6.310000000000000000e+02
7.451840972900390625e+01,1.253424835205078125e+02,6.310000000000000000e+02
7.520436096191406250e+01,1.253424835205078125e+02,6.310000000000000000e+02
7.589031982421875000e+01,1.253424835205078125e+02,6.310000000000000000e+02
7.645491027832031250e+01,1.251438369750976562e+02,6.300000000000000000e+02
7.726221466064453125e+01,1.253424835205078125e+02,6.310000000000000000e+02
7.794816589355468750e+01,1.253424835205078125e+02,6.310000000000000000e+02
7.863411712646484375e+01,1.253424835205078125e+02,6.310000000000000000e+02
7.944577026367187500e+01,1.255411224365234375e+02,6.320000000000000000e+02
8.025959777832031250e+01,1.257397613525390625e+02,6.330000000000000000e+02
8.094772338867187500e+01,1.257397613525390625e+02,6.330000000000000000e+02
8.176482391357421875e+01,1.259384078979492188e+02,6.340000000000000000e+02
8.258409118652343750e+01,1.261370468139648438e+02,6.350000000000000000e+02
8.340552520751953125e+01,1.263356857299804688e+02,6.360000000000000000e+02
8.422914123535156250e+01,1.265343246459960938e+02,6.370000000000000000e+02
8.505493164062500000e+01,1.267329711914062500e+02,6.380000000000000000e+02
8.588288879394531250e+01,1.269316101074218750e+02,6.390000000000000000e+02
8.684851837158203125e+01,1.273288955688476562e+02,6.410000000000000000e+02
8.754534149169921875e+01,1.273288955688476562e+02,6.410000000000000000e+02
8.837982177734375000e+01,1.275275344848632812e+02,6.420000000000000000e+02
8.921648406982421875e+01,1.277261734008789062e+02,6.430000000000000000e+02
8.991547393798828125e+01,1.277261734008789062e+02,6.430000000000000000e+02
9.075539398193359375e+01,1.279248123168945312e+02,6.440000000000000000e+02
9.145547485351562500e+01,1.279248123168945312e+02,6.440000000000000000e+02
9.215556335449218750e+01,1.279248123168945312e+02,6.440000000000000000e+02
9.299983215332031250e+01,1.281234588623046875e+02,6.450000000000000000e+02
9.370099639892578125e+01,1.281234588623046875e+02,6.450000000000000000e+02
9.440216827392578125e+01,1.281234588623046875e+02,6.450000000000000000e+02
9.510334014892578125e+01,1.281234588623046875e+02,6.450000000000000000e+02
9.580450439453125000e+01,1.281234588623046875e+02,6.450000000000000000e+02
9.650567626953125000e+01,1.281234588623046875e+02,6.450000000000000000e+02
9.735755157470703125e+01,1.283220977783203125e+02,6.460000000000000000e+02
9.805980682373046875e+01,1.283220977783203125e+02,6.460000000000000000e+02
9.860918426513671875e+01,1.281234588623046875e+02,6.450000000000000000e+02
9.931035614013671875e+01,1.281234588623046875e+02,6.450000000000000000e+02
1.000115203857421875e+02,1.281234588623046875e+02,6.450000000000000000e+02
1.007126922607421875e+02,1.281234588623046875e+02,6.450000000000000000e+02
1.014138641357421875e+02,1.281234588623046875e+02,6.450000000000000000e+02
1.019567108154296875e+02,1.279248123168945312e+02,6.440000000000000000e+02
1.024973907470703125e+02,1.277261734008789062e+02,6.430000000000000000e+02
1.031963882446289062e+02,1.277261734008789062e+02,6.430000000000000000e+02
1.037338027954101562e+02,1.275275344848632812e+02,6.420000000000000000e+02
1.042690505981445312e+02,1.273288955688476562e+02,6.410000000000000000e+02
1.048021240234375000e+02,1.271302490234375000e+02,6.400000000000000000e+02
1.053330154418945312e+02,1.269316101074218750e+02,6.390000000000000000e+02
1.058617324829101562e+02,1.267329711914062500e+02,6.380000000000000000e+02
1.065552978515625000e+02,1.267329711914062500e+02,6.380000000000000000e+02
1.070807495117187500e+02,1.265343246459960938e+02,6.370000000000000000e+02
1.077732238769531250e+02,1.265343246459960938e+02,6.370000000000000000e+02
1.084656982421875000e+02,1.265343246459960938e+02,6.370000000000000000e+02
1.091581726074218750e+02,1.265343246459960938e+02,6.370000000000000000e+02
1.096781921386718750e+02,1.263356857299804688e+02,6.360000000000000000e+02
1.103695831298828125e+02,1.263356857299804688e+02,6.360000000000000000e+02
1.112355880737304688e+02,1.265343246459960938e+02,6.370000000000000000e+02
1.119280624389648438e+02,1.265343246459960938e+02,6.370000000000000000e+02
1.126205368041992188e+02,1.265343246459960938e+02,6.370000000000000000e+02
1.134908905029296875e+02,1.267329711914062500e+02,6.380000000000000000e+02
1.147213745117187500e+02,1.273288955688476562e+02,6.410000000000000000e+02
1.155982513427734375e+02,1.275275344848632812e+02,6.420000000000000000e+02
1.166584548950195312e+02,1.279248123168945312e+02,6.440000000000000000e+02
4.898979949951171875e+01,1.274268112182617188e+02,6.380000000000000000e+02
4.960548400878906250e+01,1.272270889282226562e+02,6.370000000000000000e+02
5.029795837402343750e+01,1.272270889282226562e+02,6.370000000000000000e+02
5.099042892456054688e+01,1.272270889282226562e+02,6.370000000000000000e+02
5.168290328979492188e+01,1.272270889282226562e+02,6.370000000000000000e+02
5.237537765502929688e+01,1.272270889282226562e+02,6.370000000000000000e+02
5.298453903198242188e+01,1.270273590087890625e+02,6.360000000000000000e+02
5.367592620849609375e+01,1.270273590087890625e+02,6.360000000000000000e+02
5.436730957031250000e+01,1.270273590087890625e+02,6.360000000000000000e+02
5.505870056152343750e+01,1.270273590087890625e+02,6.360000000000000000e+02
5.575008773803710938e+01,1.270273590087890625e+02,6.360000000000000000e+02
5.635272979736328125e+01,1.268276290893554688e+02,6.350000000000000000e+02
5.704302597045898438e+01,1.268276290893554688e+02,6.350000000000000000e+02
5.773332595825195312e+01,1.268276290893554688e+02,6.350000000000000000e+02
5.842362594604492188e+01,1.268276290893554688e+02,6.350000000000000000e+02
5.902082824707031250e+01,1.266278991699218750e+02,6.340000000000000000e+02
5.971004104614257812e+01,1.266278991699218750e+02,6.340000000000000000e+02
6.039925384521484375e+01,1.266278991699218750e+02,6.340000000000000000e+02
6.099211120605468750e+01,1.264281692504882812e+02,6.330000000000000000e+02
6.168023300170898438e+01,1.264281692504882812e+02,6.330000000000000000e+02
6.236835861206054688e+01,1.264281692504882812e+02,6.330000000000000000e+02
6.295686721801757812e+01,1.262284393310546875e+02,6.320000000000000000e+02
6.364390563964843750e+01,1.262284393310546875e+02,6.320000000000000000e+02
6.433094024658203125e+01,1.262284393310546875e+02,6.320000000000000000e+02
6.501798248291015625e+01,1.262284393310546875e+02,6.320000000000000000e+02
6.560105895996093750e+01,1.260287170410156250e+02,6.310000000000000000e+02
6.628701019287109375e+01,1.260287170410156250e+02,6.310000000000000000e+02
6.697296142578125000e+01,1.260287170410156250e+02,6.310000000000000000e+02
6.765891265869140625e+01,1.260287170410156250e+02,6.310000000000000000e+02
6.834485626220703125e+01,1.260287170410156250e+02,6.310000000000000000e+02
6.903080749511718750e+01,1.260287170410156250e+02,6.310000000000000000e+02
6.971675872802734375e+01,1.260287170410156250e+02,6.310000000000000000e+02
7.029113769531250000e+01,1.258289871215820312e+02,6.300000000000000000e+02
7.097599792480468750e+01,1.258289871215820312e+02,6.300000000000000000e+02
7.166086578369140625e+01,1.258289871215820312e+02,6.300000000000000000e+02
7.234572601318359375e+01,1.258289871215820312e+02,6.300000000000000000e+02
7.303059387207031250e+01,1.258289871215820312e+02,6.300000000000000000e+02
7.371545410156250000e+01,1.258289871215820312e+02,6.300000000000000000e+02
7.440031433105468750e+01,1.258289871215820312e+02,6.300000000000000000e+02
7.508518218994140625e+01,1.258289871215820312e+02,6.300000000000000000e+02
7.577005004882812500e+01,1.258289871215820312e+02,6.300000000000000000e+02
7.645491027832031250e+01,1.258289871215820312e+02,6.300000000000000000e+02
7.713977050781250000e+01,1.258289871215820312e+02,6.300000000000000000e+02
7.782463836669921875e+01,1.258289871215820312e+02,6.300000000000000000e+02
7.850949859619140625e+01,1.258289871215820312e+02,6.300000000000000000e+02
7.919435882568359375e+01,1.258289871215820312e+02,6.300000000000000000e+02
8.000601196289062500e+01,1.260287170410156250e+02,6.310000000000000000e+02
8.069196319580078125e+01,1.260287170410156250e+02,6.310000000000000000e+02
8.150688934326171875e+01,1.262284393310546875e+02,6.320000000000000000e+02
8.232398223876953125e+01,1.264281692504882812e+02,6.330000000000000000e+02
8.314324951171875000e+01,1.266278991699218750e+02,6.340000000000000000e+02
8.396468353271484375e+01,1.268276290893554688e+02,6.350000000000000000e+02
8.478829956054687500e+01,1.270273590087890625e+02,6.360000000000000000e+02
8.561408996582031250e+01,1.272270889282226562e+02,6.370000000000000000e+02
8.630656433105468750e+01,1.272270889282226562e+02,6.370000000000000000e+02
8.713561248779296875e+01,1.274268112182617188e+02,6.380000000000000000e+02
8.810449218750000000e+01,1.278262710571289062e+02,6.400000000000000000e+02
8.880023193359375000e+01,1.278262710571289062e+02,6.400000000000000000e+02
8.963580322265625000e+01,1.280260009765625000e+02,6.410000000000000000e+02
9.047354888916015625e+01,1.282257232666015625e+02,6.420000000000000000e+02
9.117145538330078125e+01,1.282257232666015625e+02,6.420000000000000000e+02
9.186936187744140625e+01,1.282257232666015625e+02,6.420000000000000000e+02
9.271145629882812500e+01,1.284254608154296875e+02,6.430000000000000000e+02
9.341045379638671875e+01,1.284254608154296875e+02,6.430000000000000000e+02
9.425580596923828125e+01,1.286251831054687500e+02,6.440000000000000000e+02
9.495588684082031250e+01,1.286251831054687500e+02,6.440000000000000000e+02
9.565597534179687500e+01,1.286251831054687500e+02,6.440000000000000000e+02
9.635605621337890625e+01,1.286251831054687500e+02,6.440000000000000000e+02
9.705613708496093750e+01,1.286251831054687500e+02,6.440000000000000000e+02
9.775621795654296875e+01,1.286251831054687500e+02,6.440000000000000000e+02
9.845629882812500000e+01,1.286251831054687500e+02,6.440000000000000000e+02
9.915638732910156250e+01,1.286251831054687500e+02,6.440000000000000000e+02
9.985646820068359375e+01,1.286251831054687500e+02,6.440000000000000000e+02
1.005565490722656250e+02,1.286251831054687500e+02,6.440000000000000000e+02
1.010994033813476562e+02,1.284254608154296875e+02,6.430000000000000000e+02
1.016400756835937500e+02,1.282257232666015625e+02,6.420000000000000000e+02
1.023379898071289062e+02,1.282257232666015625e+02,6.420000000000000000e+02
1.028754043579101562e+02,1.280260009765625000e+02,6.410000000000000000e+02
1.034106445312500000e+02,1.278262710571289062e+02,6.400000000000000000e+02
1.041063842773437500e+02,1.278262710571289062e+02,6.400000000000000000e+02
1.046383666992187500e+02,1.276265411376953125e+02,6.390000000000000000e+02
1.051681747436523438e+02,1.274268112182617188e+02,6.380000000000000000e+02
1.058617324829101562e+02,1.274268112182617188e+02,6.380000000000000000e+02
1.063882827758789062e+02,1.272270889282226562e+02,6.370000000000000000e+02
1.070807495117187500e+02,1.272270889282226562e+02,6.370000000000000000e+02
1.077732238769531250e+02,1.272270889282226562e+02,6.370000000000000000e+02
1.084656982421875000e+02,1.272270889282226562e+02,6.370000000000000000e+02
1.091581726074218750e+02,1.272270889282226562e+02,6.370000000000000000e+02
1.096781921386718750e+02,1.270273590087890625e+02,6.360000000000000000e+02
1.105431137084960938e+02,1.272270889282226562e+02,6.370000000000000000e+02
1.112355880737304688e+02,1.272270889282226562e+02,6.370000000000000000e+02
1.119280624389648438e+02,1.272270889282226562e+02,6.370000000000000000e+02
1.127973327636718750e+02,1.274268112182617188e+02,6.380000000000000000e+02
1.136687774658203125e+02,1.276265411376953125e+02,6.390000000000000000e+02
1.147213745117187500e+02,1.280260009765625000e+02,6.410000000000000000e+02
1.157783126831054688e+02,1.284254608154296875e+02,6.430000000000000000e+02
4.752806472778320312e+01,1.279198455810546875e+02,6.370000000000000000e+02
4.822053909301757812e+01,1.279198455810546875e+02,6.370000000000000000e+02
4.891301345825195312e+01,1.279198455810546875e+02,6.370000000000000000e+02
4.960548400878906250e+01,1.279198455810546875e+02,6.370000000000000000e+02
5.029795837402343750e+01,1.279198455810546875e+02,6.370000000000000000e+02
5.091038131713867188e+01,1.277190246582031250e+02,6.360000000000000000e+02
5.160176849365234375e+01,1.277190246582031250e+02,6.360000000000000000e+02
5.229315567016601562e+01,1.277190246582031250e+02,6.360000000000000000e+02
5.298453903198242188e+01,1.277190246582031250e+02,6.360000000000000000e+02
5.367592620849609375e+01,1.277190246582031250e+02,6.360000000000000000e+02
5.428182601928710938e+01,1.275182113647460938e+02,6.350000000000000000e+02
5.497212982177734375e+01,1.275182113647460938e+02,6.350000000000000000e+02
5.566242980957031250e+01,1.275182113647460938e+02,6.350000000000000000e+02
5.635272979736328125e+01,1.275182113647460938e+02,6.350000000000000000e+02
5.704302597045898438e+01,1.275182113647460938e+02,6.350000000000000000e+02
5.773332595825195312e+01,1.275182113647460938e+02,6.350000000000000000e+02
5.833161926269531250e+01,1.273173980712890625e+02,6.340000000000000000e+02
5.902082824707031250e+01,1.273173980712890625e+02,6.340000000000000000e+02
5.971004104614257812e+01,1.273173980712890625e+02,6.340000000000000000e+02
6.039925384521484375e+01,1.273173980712890625e+02,6.340000000000000000e+02
6.099211120605468750e+01,1.271165771484375000e+02,6.330000000000000000e+02
6.168023300170898438e+01,1.271165771484375000e+02,6.330000000000000000e+02
6.236835861206054688e+01,1.271165771484375000e+02,6.330000000000000000e+02
6.295686721801757812e+01,1.269157638549804688e+02,6.320000000000000000e+02
6.364390563964843750e+01,1.269157638549804688e+02,6.320000000000000000e+02
6.433094024658203125e+01,1.269157638549804688e+02,6.320000000000000000e+02
6.501798248291015625e+01,1.269157638549804688e+02,6.320000000000000000e+02
6.560105895996093750e+01,1.267149429321289062e+02,6.310000000000000000e+02
6.628701019287109375e+01,1.267149429321289062e+02,6.310000000000000000e+02
6.697296142578125000e+01,1.267149429321289062e+02,6.310000000000000000e+02
6.765891265869140625e+01,1.267149429321289062e+02,6.310000000000000000e+02
6.823654937744140625e+01,1.265141296386718750e+02,6.300000000000000000e+02
6.892140960693359375e+01,1.265141296386718750e+02,6.300000000000000000e+02
6.960627746582031250e+01,1.265141296386718750e+02,6.300000000000000000e+02
7.029113769531250000e+01,1.265141296386718750e+02,6.300000000000000000e+02
7.097599792480468750e+01,1.265141296386718750e+02,6.300000000000000000e+02
7.166086578369140625e+01,1.265141296386718750e+02,6.300000000000000000e+02
7.234572601318359375e+01,1.265141296386718750e+02,6.300000000000000000e+02
7.303059387207031250e+01,1.265141296386718750e+02,6.300000000000000000e+02
7.371545410156250000e+01,1.265141296386718750e+02,6.300000000000000000e+02
7.428221893310546875e+01,1.263133163452148438e+02,6.290000000000000000e+02
7.496599578857421875e+01,1.263133163452148438e+02,6.290000000000000000e+02
7.564978027343750000e+01,1.263133163452148438e+02,6.290000000000000000e+02
7.633355712890625000e+01,1.263133163452148438e+02,6.290000000000000000e+02
7.701732635498046875e+01,1.263133163452148438e+02,6.290000000000000000e+02
7.770110321044921875e+01,1.263133163452148438e+02,6.290000000000000000e+02
7.838488006591796875e+01,1.263133163452148438e+02,6.290000000000000000e+02
7.906865692138671875e+01,1.263133163452148438e+02,6.290000000000000000e+02
7.975242614746093750e+01,1.263133163452148438e+02,6.290000000000000000e+02
8.056408691406250000e+01,1.265141296386718750e+02,6.300000000000000000e+02
8.124895477294921875e+01,1.265141296386718750e+02,6.300000000000000000e+02
8.206387329101562500e+01,1.267149429321289062e+02,6.310000000000000000e+02
8.274982452392578125e+01,1.267149429321289062e+02,6.310000000000000000e+02
8.356800079345703125e+01,1.269157638549804688e+02,6.320000000000000000e+02
8.438835906982421875e+01,1.271165771484375000e+02,6.330000000000000000e+02
8.521088409423828125e+01,1.273173980712890625e+02,6.340000000000000000e+02
8.603558349609375000e+01,1.275182113647460938e+02,6.350000000000000000e+02
8.686245727539062500e+01,1.277190246582031250e+02,6.360000000000000000e+02
8.755384063720703125e+01,1.277190246582031250e+02,6.360000000000000000e+02
8.838397979736328125e+01,1.279198455810546875e+02,6.370000000000000000e+02
8.935612487792968750e+01,1.283214721679687500e+02,6.390000000000000000e+02
9.005077362060546875e+01,1.283214721679687500e+02,6.390000000000000000e+02
9.074542236328125000e+01,1.283214721679687500e+02,6.390000000000000000e+02
9.158316802978515625e+01,1.285222930908203125e+02,6.400000000000000000e+02
9.227890014648437500e+01,1.285222930908203125e+02,6.400000000000000000e+02
9.311990356445312500e+01,1.287231140136718750e+02,6.410000000000000000e+02
9.381672668457031250e+01,1.287231140136718750e+02,6.410000000000000000e+02
9.466099548339843750e+01,1.289239196777343750e+02,6.420000000000000000e+02
9.535890197753906250e+01,1.289239196777343750e+02,6.420000000000000000e+02
9.605681610107421875e+01,1.289239196777343750e+02,6.420000000000000000e+02
9.675472259521484375e+01,1.289239196777343750e+02,6.420000000000000000e+02
9.745262908935546875e+01,1.289239196777343750e+02,6.420000000000000000e+02
9.830342102050781250e+01,1.291247406005859375e+02,6.430000000000000000e+02
9.900241851806640625e+01,1.291247406005859375e+02,6.430000000000000000e+02
9.970140838623046875e+01,1.291247406005859375e+02,6.430000000000000000e+02
1.002442626953125000e+02,1.289239196777343750e+02,6.420000000000000000e+02
1.009421691894531250e+02,1.289239196777343750e+02,6.420000000000000000e+02
1.014817581176757812e+02,1.287231140136718750e+02,6.410000000000000000e+02
1.021785812377929688e+02,1.287231140136718750e+02,6.410000000000000000e+02
1.027149124145507812e+02,1.285222930908203125e+02,6.400000000000000000e+02
1.032490692138671875e+02,1.283214721679687500e+02,6.390000000000000000e+02
1.039437255859375000e+02,1.283214721679687500e+02,6.390000000000000000e+02
1.044746170043945312e+02,1.281206665039062500e+02,6.380000000000000000e+02
1.051681747436523438e+02,1.281206665039062500e+02,6.380000000000000000e+02
1.058617324829101562e+02,1.281206665039062500e+02,6.380000000000000000e+02
1.063882827758789062e+02,1.279198455810546875e+02,6.370000000000000000e+02
1.070807495117187500e+02,1.279198455810546875e+02,6.370000000000000000e+02
1.077732238769531250e+02,1.279198455810546875e+02,6.370000000000000000e+02
1.084656982421875000e+02,1.279198455810546875e+02,6.370000000000000000e+02
1.091581726074218750e+02,1.279198455810546875e+02,6.370000000000000000e+02
1.098506469726562500e+02,1.279198455810546875e+02,6.370000000000000000e+02
1.105431137084960938e+02,1.279198455810546875e+02,6.370000000000000000e+02
1.114102172851562500e+02,1.281206665039062500e+02,6.380000000000000000e+02
1.121037750244140625e+02,1.281206665039062500e+02,6.380000000000000000e+02
1.129741287231445312e+02,1.283214721679687500e+02,6.390000000000000000e+02
1.138466644287109375e+02,1.285222930908203125e+02,6.400000000000000000e+02
1.149003448486328125e+02,1.289239196777343750e+02,6.420000000000000000e+02
4.683559417724609375e+01,1.286125946044921875e+02,6.370000000000000000e+02
4.752806472778320312e+01,1.286125946044921875e+02,6.370000000000000000e+02
4.814484024047851562e+01,1.284106903076171875e+02,6.360000000000000000e+02
4.883622741699218750e+01,1.284106903076171875e+02,6.360000000000000000e+02
4.952761077880859375e+01,1.284106903076171875e+02,6.360000000000000000e+02
5.014003753662109375e+01,1.282087860107421875e+02,6.350000000000000000e+02
5.083033370971679688e+01,1.282087860107421875e+02,6.350000000000000000e+02
5.152063369750976562e+01,1.282087860107421875e+02,6.350000000000000000e+02
5.221093368530273438e+01,1.282087860107421875e+02,6.350000000000000000e+02
5.290122985839843750e+01,1.282087860107421875e+02,6.350000000000000000e+02
5.359152984619140625e+01,1.282087860107421875e+02,6.350000000000000000e+02
5.428182601928710938e+01,1.282087860107421875e+02,6.350000000000000000e+02
5.497212982177734375e+01,1.282087860107421875e+02,6.350000000000000000e+02
5.566242980957031250e+01,1.282087860107421875e+02,6.350000000000000000e+02
5.635272979736328125e+01,1.282087860107421875e+02,6.350000000000000000e+02
5.695319366455078125e+01,1.280068969726562500e+02,6.340000000000000000e+02
5.764240646362304688e+01,1.280068969726562500e+02,6.340000000000000000e+02
5.833161926269531250e+01,1.280068969726562500e+02,6.340000000000000000e+02
5.902082824707031250e+01,1.280068969726562500e+02,6.340000000000000000e+02
5.971004104614257812e+01,1.280068969726562500e+02,6.340000000000000000e+02
6.030398559570312500e+01,1.278049850463867188e+02,6.330000000000000000e+02
6.099211120605468750e+01,1.278049850463867188e+02,6.330000000000000000e+02
6.168023300170898438e+01,1.278049850463867188e+02,6.330000000000000000e+02
6.236835861206054688e+01,1.278049850463867188e+02,6.330000000000000000e+02
6.295686721801757812e+01,1.276030807495117188e+02,6.320000000000000000e+02
6.364390563964843750e+01,1.276030807495117188e+02,6.320000000000000000e+02
6.433094024658203125e+01,1.276030807495117188e+02,6.320000000000000000e+02
6.491510772705078125e+01,1.274011764526367188e+02,6.310000000000000000e+02
6.560105895996093750e+01,1.274011764526367188e+02,6.310000000000000000e+02
6.628701019287109375e+01,1.274011764526367188e+02,6.310000000000000000e+02
6.697296142578125000e+01,1.274011764526367188e+02,6.310000000000000000e+02
0.000000000000000000e+00,0.000000000000000000e+00,0.000000000000000000e+00
6.823654937744140625e+01,1.271992721557617188e+02,6.300000000000000000e+02
6.892140960693359375e+01,1.271992721557617188e+02,6.300000000000000000e+02
6.960627746582031250e+01,1.271992721557617188e+02,6.300000000000000000e+02
7.029113769531250000e+01,1.271992721557617188e+02,6.300000000000000000e+02
7.097599792480468750e+01,1.271992721557617188e+02,6.300000000000000000e+02
7.166086578369140625e+01,1.271992721557617188e+02,6.300000000000000000e+02
7.234572601318359375e+01,1.271992721557617188e+02,6.300000000000000000e+02
7.291466522216796875e+01,1.269973678588867188e+02,6.290000000000000000e+02
7.359844207763671875e+01,1.269973678588867188e+02,6.290000000000000000e+02
7.428221893310546875e+01,1.269973678588867188e+02,6.290000000000000000e+02
7.496599578857421875e+01,1.269973678588867188e+02,6.290000000000000000e+02
7.564978027343750000e+01,1.269973678588867188e+02,6.290000000000000000e+02
7.633355712890625000e+01,1.269973678588867188e+02,6.290000000000000000e+02
7.689488220214843750e+01,1.267954711914062500e+02,6.280000000000000000e+02
7.757757568359375000e+01,1.267954711914062500e+02,6.280000000000000000e+02
7.826026153564453125e+01,1.267954711914062500e+02,6.280000000000000000e+02
7.894294738769531250e+01,1.267954711914062500e+02,6.280000000000000000e+02
7.962564086914062500e+01,1.267954711914062500e+02,6.280000000000000000e+02
8.030832672119140625e+01,1.267954711914062500e+02,6.280000000000000000e+02
8.111998748779296875e+01,1.269973678588867188e+02,6.290000000000000000e+02
8.180376434326171875e+01,1.269973678588867188e+02,6.290000000000000000e+02
8.261868286132812500e+01,1.271992721557617188e+02,6.300000000000000000e+02
8.330355072021484375e+01,1.271992721557617188e+02,6.300000000000000000e+02
8.412172698974609375e+01,1.274011764526367188e+02,6.310000000000000000e+02
8.494207763671875000e+01,1.276030807495117188e+02,6.320000000000000000e+02
8.576460266113281250e+01,1.278049850463867188e+02,6.330000000000000000e+02
8.645272827148437500e+01,1.278049850463867188e+02,6.330000000000000000e+02
8.727851867675781250e+01,1.280068969726562500e+02,6.340000000000000000e+02
8.810647583007812500e+01,1.282087860107421875e+02,6.350000000000000000e+02
8.893661499023437500e+01,1.284106903076171875e+02,6.360000000000000000e+02
8.962799835205078125e+01,1.284106903076171875e+02,6.360000000000000000e+02
9.046139526367187500e+01,1.286125946044921875e+02,6.370000000000000000e+02
9.129696655273437500e+01,1.288144989013671875e+02,6.380000000000000000e+02
9.199053192138671875e+01,1.288144989013671875e+02,6.380000000000000000e+02
9.282936096191406250e+01,1.290164031982421875e+02,6.390000000000000000e+02
9.352400970458984375e+01,1.290164031982421875e+02,6.390000000000000000e+02
9.436610412597656250e+01,1.292183074951171875e+02,6.400000000000000000e+02
9.506183624267578125e+01,1.292183074951171875e+02,6.400000000000000000e+02
9.575756835937500000e+01,1.292183074951171875e+02,6.400000000000000000e+02
9.660401153564453125e+01,1.294202117919921875e+02,6.410000000000000000e+02
9.730083465576171875e+01,1.294202117919921875e+02,6.410000000000000000e+02
9.799765777587890625e+01,1.294202117919921875e+02,6.410000000000000000e+02
9.869447326660156250e+01,1.294202117919921875e+02,6.410000000000000000e+02
9.939129638671875000e+01,1.294202117919921875e+02,6.410000000000000000e+02
1.000881195068359375e+02,1.294202117919921875e+02,6.410000000000000000e+02
1.007849426269531250e+02,1.294202117919921875e+02,6.410000000000000000e+02
1.013234405517578125e+02,1.292183074951171875e+02,6.400000000000000000e+02
1.020191802978515625e+02,1.292183074951171875e+02,6.400000000000000000e+02
1.025544204711914062e+02,1.290164031982421875e+02,6.390000000000000000e+02
1.032490692138671875e+02,1.290164031982421875e+02,6.390000000000000000e+02
1.037810592651367188e+02,1.288144989013671875e+02,6.380000000000000000e+02
1.044746170043945312e+02,1.288144989013671875e+02,6.380000000000000000e+02
1.051681747436523438e+02,1.288144989013671875e+02,6.380000000000000000e+02
1.058617324829101562e+02,1.288144989013671875e+02,6.380000000000000000e+02
1.063882827758789062e+02,1.286125946044921875e+02,6.370000000000000000e+02
1.070807495117187500e+02,1.286125946044921875e+02,6.370000000000000000e+02
1.077732238769531250e+02,1.286125946044921875e+02,6.370000000000000000e+02
1.084656982421875000e+02,1.286125946044921875e+02,6.370000000000000000e+02
1.093295364379882812e+02,1.288144989013671875e+02,6.380000000000000000e+02
1.100230941772460938e+02,1.288144989013671875e+02,6.380000000000000000e+02
1.107166519165039062e+02,1.288144989013671875e+02,6.380000000000000000e+02
1.115848388671875000e+02,1.290164031982421875e+02,6.390000000000000000e+02
1.122794876098632812e+02,1.290164031982421875e+02,6.390000000000000000e+02
1.131509323120117188e+02,1.292183074951171875e+02,6.400000000000000000e+02
1.142024383544921875e+02,1.296221160888671875e+02,6.420000000000000000e+02
1.150793151855468750e+02,1.298240203857421875e+02,6.430000000000000000e+02
4.537929534912109375e+01,1.291023712158203125e+02,6.360000000000000000e+02
4.607068252563476562e+01,1.291023712158203125e+02,6.360000000000000000e+02
4.676206970214843750e+01,1.291023712158203125e+02,6.360000000000000000e+02
4.745345306396484375e+01,1.291023712158203125e+02,6.360000000000000000e+02
4.806914138793945312e+01,1.288993682861328125e+02,6.350000000000000000e+02
4.875943756103515625e+01,1.288993682861328125e+02,6.350000000000000000e+02
4.944973754882812500e+01,1.288993682861328125e+02,6.350000000000000000e+02
5.014003753662109375e+01,1.288993682861328125e+02,6.350000000000000000e+02
5.075028610229492188e+01,1.286963806152343750e+02,6.340000000000000000e+02
5.143949890136718750e+01,1.286963806152343750e+02,6.340000000000000000e+02
5.212871170043945312e+01,1.286963806152343750e+02,6.340000000000000000e+02
5.281792068481445312e+01,1.286963806152343750e+02,6.340000000000000000e+02
5.350713348388671875e+01,1.286963806152343750e+02,6.340000000000000000e+02
5.419634628295898438e+01,1.286963806152343750e+02,6.340000000000000000e+02
5.488555908203125000e+01,1.286963806152343750e+02,6.340000000000000000e+02
5.557477188110351562e+01,1.286963806152343750e+02,6.340000000000000000e+02
5.626398468017578125e+01,1.286963806152343750e+02,6.340000000000000000e+02
5.695319366455078125e+01,1.286963806152343750e+02,6.340000000000000000e+02
5.764240646362304688e+01,1.286963806152343750e+02,6.340000000000000000e+02
5.833161926269531250e+01,1.286963806152343750e+02,6.340000000000000000e+02
5.902082824707031250e+01,1.286963806152343750e+02,6.340000000000000000e+02
5.971004104614257812e+01,1.286963806152343750e+02,6.340000000000000000e+02
6.030398559570312500e+01,1.284933929443359375e+02,6.330000000000000000e+02
6.099211120605468750e+01,1.284933929443359375e+02,6.330000000000000000e+02
6.168023300170898438e+01,1.284933929443359375e+02,6.330000000000000000e+02
6.226983261108398438e+01,1.282904052734375000e+02,6.320000000000000000e+02
6.295686721801757812e+01,1.282904052734375000e+02,6.320000000000000000e+02
6.364390563964843750e+01,1.282904052734375000e+02,6.320000000000000000e+02
6.433094024658203125e+01,1.282904052734375000e+02,6.320000000000000000e+02
6.491510772705078125e+01,1.280874176025390625e+02,6.310000000000000000e+02
6.560105895996093750e+01,1.280874176025390625e+02,6.310000000000000000e+02
6.628701019287109375e+01,1.280874176025390625e+02,6.310000000000000000e+02
6.697296142578125000e+01,1.280874176025390625e+02,6.310000000000000000e+02
6.755168151855468750e+01,1.278844223022460938e+02,6.300000000000000000e+02
6.823654937744140625e+01,1.278844223022460938e+02,6.300000000000000000e+02
6.892140960693359375e+01,1.278844223022460938e+02,6.300000000000000000e+02
6.960627746582031250e+01,1.278844223022460938e+02,6.300000000000000000e+02
7.029113769531250000e+01,1.278844223022460938e+02,6.300000000000000000e+02
7.097599792480468750e+01,1.278844223022460938e+02,6.300000000000000000e+02
7.154711914062500000e+01,1.276814270019531250e+02,6.290000000000000000e+02
7.223089599609375000e+01,1.276814270019531250e+02,6.290000000000000000e+02
7.291466522216796875e+01,1.276814270019531250e+02,6.290000000000000000e+02
7.359844207763671875e+01,1.276814270019531250e+02,6.290000000000000000e+02
7.428221893310546875e+01,1.276814270019531250e+02,6.290000000000000000e+02
7.484681701660156250e+01,1.274784393310546875e+02,6.280000000000000000e+02
7.552951049804687500e+01,1.274784393310546875e+02,6.280000000000000000e+02
7.621219635009765625e+01,1.274784393310546875e+02,6.280000000000000000e+02
7.689488220214843750e+01,1.274784393310546875e+02,6.280000000000000000e+02
7.757757568359375000e+01,1.274784393310546875e+02,6.280000000000000000e+02
7.826026153564453125e+01,1.274784393310546875e+02,6.280000000000000000e+02
7.894294738769531250e+01,1.274784393310546875e+02,6.280000000000000000e+02
7.962564086914062500e+01,1.274784393310546875e+02,6.280000000000000000e+02
8.030832672119140625e+01,1.274784393310546875e+02,6.280000000000000000e+02
8.099102783203125000e+01,1.274784393310546875e+02,6.280000000000000000e+02
8.167371368408203125e+01,1.274784393310546875e+02,6.280000000000000000e+02
8.235639953613281250e+01,1.274784393310546875e+02,6.280000000000000000e+02
8.317131805419921875e+01,1.276814270019531250e+02,6.290000000000000000e+02
8.398841094970703125e+01,1.278844223022460938e+02,6.300000000000000000e+02
8.467327117919921875e+01,1.278844223022460938e+02,6.300000000000000000e+02
8.549362945556640625e+01,1.280874176025390625e+02,6.310000000000000000e+02
8.631615447998046875e+01,1.282904052734375000e+02,6.320000000000000000e+02
8.700318908691406250e+01,1.282904052734375000e+02,6.320000000000000000e+02
8.782897949218750000e+01,1.284933929443359375e+02,6.330000000000000000e+02
8.865693664550781250e+01,1.286963806152343750e+02,6.340000000000000000e+02
8.934615325927734375e+01,1.286963806152343750e+02,6.340000000000000000e+02
9.017737579345703125e+01,1.288993682861328125e+02,6.350000000000000000e+02
9.086767578125000000e+01,1.288993682861328125e+02,6.350000000000000000e+02
9.170215606689453125e+01,1.291023712158203125e+02,6.360000000000000000e+02
9.253881835937500000e+01,1.293053588867187500e+02,6.370000000000000000e+02
9.323128509521484375e+01,1.293053588867187500e+02,6.370000000000000000e+02
9.407120513916015625e+01,1.295083465576171875e+02,6.380000000000000000e+02
9.476477050781250000e+01,1.295083465576171875e+02,6.380000000000000000e+02
9.560794830322265625e+01,1.297113342285156250e+02,6.390000000000000000e+02
9.630259704589843750e+01,1.297113342285156250e+02,6.390000000000000000e+02
9.699724578857421875e+01,1.297113342285156250e+02,6.390000000000000000e+02
9.784477233886718750e+01,1.299143371582031250e+02,6.400000000000000000e+02
9.854050445556640625e+01,1.299143371582031250e+02,6.400000000000000000e+02
9.923623657226562500e+01,1.299143371582031250e+02,6.400000000000000000e+02
9.993197631835937500e+01,1.299143371582031250e+02,6.400000000000000000e+02
1.006277084350585938e+02,1.299143371582031250e+02,6.400000000000000000e+02
1.013234405517578125e+02,1.299143371582031250e+02,6.400000000000000000e+02
1.018597717285156250e+02,1.297113342285156250e+02,6.390000000000000000e+02
1.025544204711914062e+02,1.297113342285156250e+02,6.390000000000000000e+02
1.030874862670898438e+02,1.295083465576171875e+02,6.380000000000000000e+02
1.037810592651367188e+02,1.295083465576171875e+02,6.380000000000000000e+02
1.044746170043945312e+02,1.295083465576171875e+02,6.380000000000000000e+02
1.051681747436523438e+02,1.295083465576171875e+02,6.380000000000000000e+02
1.058617324829101562e+02,1.295083465576171875e+02,6.380000000000000000e+02
1.065552978515625000e+02,1.295083465576171875e+02,6.380000000000000000e+02
1.072488555908203125e+02,1.295083465576171875e+02,6.380000000000000000e+02
1.079424133300781250e+02,1.295083465576171875e+02,6.380000000000000000e+02
1.086359710693359375e+02,1.295083465576171875e+02,6.380000000000000000e+02
1.095009002685546875e+02,1.297113342285156250e+02,6.390000000000000000e+02
1.101955413818359375e+02,1.297113342285156250e+02,6.390000000000000000e+02
1.108901901245117188e+02,1.297113342285156250e+02,6.390000000000000000e+02
1.117594604492187500e+02,1.299143371582031250e+02,6.400000000000000000e+02
1.124552001953125000e+02,1.299143371582031250e+02,6.400000000000000000e+02
1.133277282714843750e+02,1.301173248291015625e+02,6.410000000000000000e+02
1.143803176879882812e+02,1.305233001708984375e+02,6.430000000000000000e+02
4.399652099609375000e+01,1.297940368652343750e+02,6.360000000000000000e+02
4.461764907836914062e+01,1.295899658203125000e+02,6.350000000000000000e+02
4.530794525146484375e+01,1.295899658203125000e+02,6.350000000000000000e+02
4.599824523925781250e+01,1.295899658203125000e+02,6.350000000000000000e+02
4.668854141235351562e+01,1.295899658203125000e+02,6.350000000000000000e+02
4.730422973632812500e+01,1.293858795166015625e+02,6.340000000000000000e+02
4.799344253540039062e+01,1.293858795166015625e+02,6.340000000000000000e+02
4.868265151977539062e+01,1.293858795166015625e+02,6.340000000000000000e+02
4.937186431884765625e+01,1.293858795166015625e+02,6.340000000000000000e+02
4.998211669921875000e+01,1.291817932128906250e+02,6.330000000000000000e+02
5.067023849487304688e+01,1.291817932128906250e+02,6.330000000000000000e+02
5.135836410522460938e+01,1.291817932128906250e+02,6.330000000000000000e+02
5.204648971557617188e+01,1.291817932128906250e+02,6.330000000000000000e+02
5.273461151123046875e+01,1.291817932128906250e+02,6.330000000000000000e+02
5.342273712158203125e+01,1.291817932128906250e+02,6.330000000000000000e+02
5.419634628295898438e+01,1.293858795166015625e+02,6.340000000000000000e+02
5.488555908203125000e+01,1.293858795166015625e+02,6.340000000000000000e+02
5.557477188110351562e+01,1.293858795166015625e+02,6.340000000000000000e+02
5.626398468017578125e+01,1.293858795166015625e+02,6.340000000000000000e+02
5.695319366455078125e+01,1.293858795166015625e+02,6.340000000000000000e+02
5.764240646362304688e+01,1.293858795166015625e+02,6.340000000000000000e+02
5.833161926269531250e+01,1.293858795166015625e+02,6.340000000000000000e+02
5.892773818969726562e+01,1.291817932128906250e+02,6.330000000000000000e+02
5.961585998535156250e+01,1.291817932128906250e+02,6.330000000000000000e+02
6.030398559570312500e+01,1.291817932128906250e+02,6.330000000000000000e+02
6.099211120605468750e+01,1.291817932128906250e+02,6.330000000000000000e+02
6.158279418945312500e+01,1.289777221679687500e+02,6.320000000000000000e+02
6.226983261108398438e+01,1.289777221679687500e+02,6.320000000000000000e+02
6.295686721801757812e+01,1.289777221679687500e+02,6.320000000000000000e+02
6.364390563964843750e+01,1.289777221679687500e+02,6.320000000000000000e+02
6.422915649414062500e+01,1.287736511230468750e+02,6.310000000000000000e+02
6.491510772705078125e+01,1.287736511230468750e+02,6.310000000000000000e+02
6.560105895996093750e+01,1.287736511230468750e+02,6.310000000000000000e+02
6.628701019287109375e+01,1.287736511230468750e+02,6.310000000000000000e+02
6.686682128906250000e+01,1.285695648193359375e+02,6.300000000000000000e+02
6.755168151855468750e+01,1.285695648193359375e+02,6.300000000000000000e+02
6.823654937744140625e+01,1.285695648193359375e+02,6.300000000000000000e+02
6.892140960693359375e+01,1.285695648193359375e+02,6.300000000000000000e+02
6.960627746582031250e+01,1.285695648193359375e+02,6.300000000000000000e+02
7.017956542968750000e+01,1.283654785156250000e+02,6.290000000000000000e+02
7.086334228515625000e+01,1.283654785156250000e+02,6.290000000000000000e+02
7.154711914062500000e+01,1.283654785156250000e+02,6.290000000000000000e+02
7.223089599609375000e+01,1.283654785156250000e+02,6.290000000000000000e+02
7.291466522216796875e+01,1.283654785156250000e+02,6.290000000000000000e+02
7.348143768310546875e+01,1.281614074707031250e+02,6.280000000000000000e+02
7.416412353515625000e+01,1.281614074707031250e+02,6.280000000000000000e+02
7.484681701660156250e+01,1.281614074707031250e+02,6.280000000000000000e+02
7.552951049804687500e+01,1.281614074707031250e+02,6.280000000000000000e+02
7.621219635009765625e+01,1.281614074707031250e+02,6.280000000000000000e+02
7.689488220214843750e+01,1.281614074707031250e+02,6.280000000000000000e+02
7.757757568359375000e+01,1.281614074707031250e+02,6.280000000000000000e+02
7.813564300537109375e+01,1.279573287963867188e+02,6.270000000000000000e+02
7.881724548339843750e+01,1.279573287963867188e+02,6.270000000000000000e+02
7.949884796142578125e+01,1.279573287963867188e+02,6.270000000000000000e+02
8.018045043945312500e+01,1.279573287963867188e+02,6.270000000000000000e+02
8.099102783203125000e+01,1.281614074707031250e+02,6.280000000000000000e+02
8.167371368408203125e+01,1.281614074707031250e+02,6.280000000000000000e+02
8.235639953613281250e+01,1.281614074707031250e+02,6.280000000000000000e+02
8.303909301757812500e+01,1.281614074707031250e+02,6.280000000000000000e+02
8.385509490966796875e+01,1.283654785156250000e+02,6.290000000000000000e+02
8.467327117919921875e+01,1.285695648193359375e+02,6.300000000000000000e+02
8.535813903808593750e+01,1.285695648193359375e+02,6.300000000000000000e+02
8.604299926757812500e+01,1.285695648193359375e+02,6.300000000000000000e+02
8.686552429199218750e+01,1.287736511230468750e+02,6.310000000000000000e+02
8.755147552490234375e+01,1.287736511230468750e+02,6.310000000000000000e+02
8.837726593017578125e+01,1.289777221679687500e+02,6.320000000000000000e+02
8.920522308349609375e+01,1.291817932128906250e+02,6.330000000000000000e+02
8.989334869384765625e+01,1.291817932128906250e+02,6.330000000000000000e+02
9.072457122802734375e+01,1.293858795166015625e+02,6.340000000000000000e+02
9.141378784179687500e+01,1.293858795166015625e+02,6.340000000000000000e+02
9.239353942871093750e+01,1.297940368652343750e+02,6.360000000000000000e+02
9.308493041992187500e+01,1.297940368652343750e+02,6.360000000000000000e+02
9.392375946044921875e+01,1.299981079101562500e+02,6.370000000000000000e+02
9.461623382568359375e+01,1.299981079101562500e+02,6.370000000000000000e+02
9.530870819091796875e+01,1.299981079101562500e+02,6.370000000000000000e+02
9.615188598632812500e+01,1.302021942138671875e+02,6.380000000000000000e+02
9.684545135498046875e+01,1.302021942138671875e+02,6.380000000000000000e+02
9.769188690185546875e+01,1.304062805175781250e+02,6.390000000000000000e+02
9.838653564453125000e+01,1.304062805175781250e+02,6.390000000000000000e+02
9.908118438720703125e+01,1.304062805175781250e+02,6.390000000000000000e+02
9.977583312988281250e+01,1.304062805175781250e+02,6.390000000000000000e+02
1.004704742431640625e+02,1.304062805175781250e+02,6.390000000000000000e+02
1.011651229858398438e+02,1.304062805175781250e+02,6.390000000000000000e+02
1.018597717285156250e+02,1.304062805175781250e+02,6.390000000000000000e+02
1.025544204711914062e+02,1.304062805175781250e+02,6.390000000000000000e+02
1.032490692138671875e+02,1.304062805175781250e+02,6.390000000000000000e+02
1.039437255859375000e+02,1.304062805175781250e+02,6.390000000000000000e+02
1.044746170043945312e+02,1.302021942138671875e+02,6.380000000000000000e+02
1.051681747436523438e+02,1.302021942138671875e+02,6.380000000000000000e+02
1.058617324829101562e+02,1.302021942138671875e+02,6.380000000000000000e+02
1.065552978515625000e+02,1.302021942138671875e+02,6.380000000000000000e+02
1.072488555908203125e+02,1.302021942138671875e+02,6.380000000000000000e+02
1.081116027832031250e+02,1.304062805175781250e+02,6.390000000000000000e+02
1.088062515258789062e+02,1.304062805175781250e+02,6.390000000000000000e+02
1.095009002685546875e+02,1.304062805175781250e+02,6.390000000000000000e+02
1.103679962158203125e+02,1.306103515625000000e+02,6.400000000000000000e+02
1.110637283325195312e+02,1.306103515625000000e+02,6.400000000000000000e+02
1.119340896606445312e+02,1.308144226074218750e+02,6.410000000000000000e+02
1.126309051513671875e+02,1.308144226074218750e+02,6.410000000000000000e+02
4.323704528808593750e+01,1.302805480957031250e+02,6.350000000000000000e+02
4.385816574096679688e+01,1.300753784179687500e+02,6.340000000000000000e+02
4.454738235473632812e+01,1.300753784179687500e+02,6.340000000000000000e+02
4.523659515380859375e+01,1.300753784179687500e+02,6.340000000000000000e+02
4.592580795288085938e+01,1.300753784179687500e+02,6.340000000000000000e+02
4.654149246215820312e+01,1.298702087402343750e+02,6.330000000000000000e+02
4.722961807250976562e+01,1.298702087402343750e+02,6.330000000000000000e+02
4.791773986816406250e+01,1.298702087402343750e+02,6.330000000000000000e+02
4.860586547851562500e+01,1.298702087402343750e+02,6.330000000000000000e+02
4.929399108886718750e+01,1.298702087402343750e+02,6.330000000000000000e+02
4.998211669921875000e+01,1.298702087402343750e+02,6.330000000000000000e+02
5.067023849487304688e+01,1.298702087402343750e+02,6.330000000000000000e+02
5.135836410522460938e+01,1.298702087402343750e+02,6.330000000000000000e+02
5.204648971557617188e+01,1.298702087402343750e+02,6.330000000000000000e+02
5.273461151123046875e+01,1.298702087402343750e+02,6.330000000000000000e+02
5.342273712158203125e+01,1.298702087402343750e+02,6.330000000000000000e+02
5.411086273193359375e+01,1.298702087402343750e+02,6.330000000000000000e+02
5.479899215698242188e+01,1.298702087402343750e+02,6.330000000000000000e+02
5.548711395263671875e+01,1.298702087402343750e+02,6.330000000000000000e+02
5.617523956298828125e+01,1.298702087402343750e+02,6.330000000000000000e+02
5.686336517333984375e+01,1.298702087402343750e+02,6.330000000000000000e+02
5.755148696899414062e+01,1.298702087402343750e+02,6.330000000000000000e+02
5.823961257934570312e+01,1.298702087402343750e+02,6.330000000000000000e+02
5.892773818969726562e+01,1.298702087402343750e+02,6.330000000000000000e+02
5.961585998535156250e+01,1.298702087402343750e+02,6.330000000000000000e+02
6.030398559570312500e+01,1.298702087402343750e+02,6.330000000000000000e+02
6.099211120605468750e+01,1.298702087402343750e+02,6.330000000000000000e+02
6.158279418945312500e+01,1.296650390625000000e+02,6.320000000000000000e+02
6.226983261108398438e+01,1.296650390625000000e+02,6.320000000000000000e+02
6.295686721801757812e+01,1.296650390625000000e+02,6.320000000000000000e+02
6.354320526123046875e+01,1.294598693847656250e+02,6.310000000000000000e+02
6.422915649414062500e+01,1.294598693847656250e+02,6.310000000000000000e+02
6.491510772705078125e+01,1.294598693847656250e+02,6.310000000000000000e+02
6.560105895996093750e+01,1.294598693847656250e+02,6.310000000000000000e+02
6.618196105957031250e+01,1.292547149658203125e+02,6.300000000000000000e+02
6.686682128906250000e+01,1.292547149658203125e+02,6.300000000000000000e+02
6.755168151855468750e+01,1.292547149658203125e+02,6.300000000000000000e+02
6.823654937744140625e+01,1.292547149658203125e+02,6.300000000000000000e+02
6.892140960693359375e+01,1.292547149658203125e+02,6.300000000000000000e+02
6.949578857421875000e+01,1.290495452880859375e+02,6.290000000000000000e+02
7.017956542968750000e+01,1.290495452880859375e+02,6.290000000000000000e+02
7.086334228515625000e+01,1.290495452880859375e+02,6.290000000000000000e+02
7.154711914062500000e+01,1.290495452880859375e+02,6.290000000000000000e+02
7.211605834960937500e+01,1.288443756103515625e+02,6.280000000000000000e+02
7.279874420166015625e+01,1.288443756103515625e+02,6.280000000000000000e+02
7.348143768310546875e+01,1.288443756103515625e+02,6.280000000000000000e+02
7.416412353515625000e+01,1.288443756103515625e+02,6.280000000000000000e+02
7.484681701660156250e+01,1.288443756103515625e+02,6.280000000000000000e+02
7.552951049804687500e+01,1.288443756103515625e+02,6.280000000000000000e+02
7.621219635009765625e+01,1.288443756103515625e+02,6.280000000000000000e+02
7.689488220214843750e+01,1.288443756103515625e+02,6.280000000000000000e+02
7.745404052734375000e+01,1.286392059326171875e+02,6.270000000000000000e+02
7.813564300537109375e+01,1.286392059326171875e+02,6.270000000000000000e+02
7.881724548339843750e+01,1.286392059326171875e+02,6.270000000000000000e+02
7.949884796142578125e+01,1.286392059326171875e+02,6.270000000000000000e+02
8.018045043945312500e+01,1.286392059326171875e+02,6.270000000000000000e+02
8.086206054687500000e+01,1.286392059326171875e+02,6.270000000000000000e+02
8.167371368408203125e+01,1.288443756103515625e+02,6.280000000000000000e+02
8.235639953613281250e+01,1.288443756103515625e+02,6.280000000000000000e+02
8.303909301757812500e+01,1.288443756103515625e+02,6.280000000000000000e+02
8.385509490966796875e+01,1.290495452880859375e+02,6.290000000000000000e+02
8.453887176513671875e+01,1.290495452880859375e+02,6.290000000000000000e+02
8.522264862060546875e+01,1.290495452880859375e+02,6.290000000000000000e+02
8.604299926757812500e+01,1.292547149658203125e+02,6.300000000000000000e+02
8.672785949707031250e+01,1.292547149658203125e+02,6.300000000000000000e+02
8.741272735595703125e+01,1.292547149658203125e+02,6.300000000000000000e+02
8.823742675781250000e+01,1.294598693847656250e+02,6.310000000000000000e+02
8.906430053710937500e+01,1.296650390625000000e+02,6.320000000000000000e+02
8.989334869384765625e+01,1.298702087402343750e+02,6.330000000000000000e+02
9.058147430419921875e+01,1.298702087402343750e+02,6.330000000000000000e+02
9.141378784179687500e+01,1.300753784179687500e+02,6.340000000000000000e+02
9.210299682617187500e+01,1.300753784179687500e+02,6.340000000000000000e+02
9.308493041992187500e+01,1.304857025146484375e+02,6.360000000000000000e+02
9.377631378173828125e+01,1.304857025146484375e+02,6.360000000000000000e+02
9.461623382568359375e+01,1.306908721923828125e+02,6.370000000000000000e+02
9.530870819091796875e+01,1.306908721923828125e+02,6.370000000000000000e+02
9.600118255615234375e+01,1.306908721923828125e+02,6.370000000000000000e+02
9.684545135498046875e+01,1.308960418701171875e+02,6.380000000000000000e+02
9.753900909423828125e+01,1.308960418701171875e+02,6.380000000000000000e+02
9.838653564453125000e+01,1.311012115478515625e+02,6.390000000000000000e+02
9.908118438720703125e+01,1.311012115478515625e+02,6.390000000000000000e+02
9.977583312988281250e+01,1.311012115478515625e+02,6.390000000000000000e+02
1.004704742431640625e+02,1.311012115478515625e+02,6.390000000000000000e+02
1.011651229858398438e+02,1.311012115478515625e+02,6.390000000000000000e+02
1.018597717285156250e+02,1.311012115478515625e+02,6.390000000000000000e+02
1.025544204711914062e+02,1.311012115478515625e+02,6.390000000000000000e+02
1.032490692138671875e+02,1.311012115478515625e+02,6.390000000000000000e+02
1.039437255859375000e+02,1.311012115478515625e+02,6.390000000000000000e+02
1.046383666992187500e+02,1.311012115478515625e+02,6.390000000000000000e+02
1.053330154418945312e+02,1.311012115478515625e+02,6.390000000000000000e+02
1.060276641845703125e+02,1.311012115478515625e+02,6.390000000000000000e+02
1.067223129272460938e+02,1.311012115478515625e+02,6.390000000000000000e+02
1.074169540405273438e+02,1.311012115478515625e+02,6.390000000000000000e+02
1.081116027832031250e+02,1.311012115478515625e+02,6.390000000000000000e+02
1.088062515258789062e+02,1.311012115478515625e+02,6.390000000000000000e+02
1.096722564697265625e+02,1.313063659667968750e+02,6.400000000000000000e+02
1.105404434204101562e+02,1.315115356445312500e+02,6.410000000000000000e+02
1.112372665405273438e+02,1.315115356445312500e+02,6.410000000000000000e+02
4.247974395751953125e+01,1.307648620605468750e+02,6.340000000000000000e+02
4.316895675659179688e+01,1.307648620605468750e+02,6.340000000000000000e+02
4.378899002075195312e+01,1.305586090087890625e+02,6.330000000000000000e+02
4.447711944580078125e+01,1.305586090087890625e+02,6.330000000000000000e+02
4.516524505615234375e+01,1.305586090087890625e+02,6.330000000000000000e+02
4.578092956542968750e+01,1.303523559570312500e+02,6.320000000000000000e+02
4.646796798706054688e+01,1.303523559570312500e+02,6.320000000000000000e+02
4.715500640869140625e+01,1.303523559570312500e+02,6.320000000000000000e+02
4.784204101562500000e+01,1.303523559570312500e+02,6.320000000000000000e+02
4.852907943725585938e+01,1.303523559570312500e+02,6.320000000000000000e+02
4.921611785888671875e+01,1.303523559570312500e+02,6.320000000000000000e+02
4.990315246582031250e+01,1.303523559570312500e+02,6.320000000000000000e+02
5.059019088745117188e+01,1.303523559570312500e+02,6.320000000000000000e+02
5.127722930908203125e+01,1.303523559570312500e+02,6.320000000000000000e+02
5.196426773071289062e+01,1.303523559570312500e+02,6.320000000000000000e+02
5.265130233764648438e+01,1.303523559570312500e+02,6.320000000000000000e+02
5.333834075927734375e+01,1.303523559570312500e+02,6.320000000000000000e+02
5.402537918090820312e+01,1.303523559570312500e+02,6.320000000000000000e+02
5.471242141723632812e+01,1.303523559570312500e+02,6.320000000000000000e+02
5.548711395263671875e+01,1.305586090087890625e+02,6.330000000000000000e+02
5.617523956298828125e+01,1.305586090087890625e+02,6.330000000000000000e+02
5.686336517333984375e+01,1.305586090087890625e+02,6.330000000000000000e+02
5.755148696899414062e+01,1.305586090087890625e+02,6.330000000000000000e+02
5.823961257934570312e+01,1.305586090087890625e+02,6.330000000000000000e+02
5.892773818969726562e+01,1.305586090087890625e+02,6.330000000000000000e+02
5.952168273925781250e+01,1.303523559570312500e+02,6.320000000000000000e+02
6.020871734619140625e+01,1.303523559570312500e+02,6.320000000000000000e+02
6.089575576782226562e+01,1.303523559570312500e+02,6.320000000000000000e+02
6.158279418945312500e+01,1.303523559570312500e+02,6.320000000000000000e+02
6.226983261108398438e+01,1.303523559570312500e+02,6.320000000000000000e+02
6.295686721801757812e+01,1.303523559570312500e+02,6.320000000000000000e+02
6.354320526123046875e+01,1.301461029052734375e+02,6.310000000000000000e+02
6.422915649414062500e+01,1.301461029052734375e+02,6.310000000000000000e+02
6.491510772705078125e+01,1.301461029052734375e+02,6.310000000000000000e+02
6.549709320068359375e+01,1.299398498535156250e+02,6.300000000000000000e+02
6.618196105957031250e+01,1.299398498535156250e+02,6.300000000000000000e+02
6.686682128906250000e+01,1.299398498535156250e+02,6.300000000000000000e+02
6.755168151855468750e+01,1.299398498535156250e+02,6.300000000000000000e+02
6.823654937744140625e+01,1.299398498535156250e+02,6.300000000000000000e+02
0.000000000000000000e+00,0.000000000000000000e+00,0.000000000000000000e+00
6.949578857421875000e+01,1.297335968017578125e+02,6.290000000000000000e+02
7.017956542968750000e+01,1.297335968017578125e+02,6.290000000000000000e+02
7.086334228515625000e+01,1.297335968017578125e+02,6.290000000000000000e+02
7.143337249755859375e+01,1.295273437500000000e+02,6.280000000000000000e+02
7.211605834960937500e+01,1.295273437500000000e+02,6.280000000000000000e+02
7.279874420166015625e+01,1.295273437500000000e+02,6.280000000000000000e+02
7.348143768310546875e+01,1.295273437500000000e+02,6.280000000000000000e+02
7.416412353515625000e+01,1.295273437500000000e+02,6.280000000000000000e+02
7.484681701660156250e+01,1.295273437500000000e+02,6.280000000000000000e+02
7.552951049804687500e+01,1.295273437500000000e+02,6.280000000000000000e+02
7.621219635009765625e+01,1.295273437500000000e+02,6.280000000000000000e+02
7.689488220214843750e+01,1.295273437500000000e+02,6.280000000000000000e+02
7.745404052734375000e+01,1.293210906982421875e+02,6.270000000000000000e+02
7.813564300537109375e+01,1.293210906982421875e+02,6.270000000000000000e+02
7.881724548339843750e+01,1.293210906982421875e+02,6.270000000000000000e+02
7.949884796142578125e+01,1.293210906982421875e+02,6.270000000000000000e+02
8.018045043945312500e+01,1.293210906982421875e+02,6.270000000000000000e+02
8.099102783203125000e+01,1.295273437500000000e+02,6.280000000000000000e+02
8.167371368408203125e+01,1.295273437500000000e+02,6.280000000000000000e+02
8.235639953613281250e+01,1.295273437500000000e+02,6.280000000000000000e+02
8.303909301757812500e+01,1.295273437500000000e+02,6.280000000000000000e+02
8.372177886962890625e+01,1.295273437500000000e+02,6.280000000000000000e+02
8.453887176513671875e+01,1.297335968017578125e+02,6.290000000000000000e+02
8.522264862060546875e+01,1.297335968017578125e+02,6.290000000000000000e+02
8.604299926757812500e+01,1.299398498535156250e+02,6.300000000000000000e+02
8.672785949707031250e+01,1.299398498535156250e+02,6.300000000000000000e+02
8.741272735595703125e+01,1.299398498535156250e+02,6.300000000000000000e+02
8.823742675781250000e+01,1.301461029052734375e+02,6.310000000000000000e+02
8.906430053710937500e+01,1.303523559570312500e+02,6.320000000000000000e+02
8.975134277343750000e+01,1.303523559570312500e+02,6.320000000000000000e+02
9.058147430419921875e+01,1.305586090087890625e+02,6.330000000000000000e+02
9.126959991455078125e+01,1.305586090087890625e+02,6.330000000000000000e+02
9.210299682617187500e+01,1.307648620605468750e+02,6.340000000000000000e+02
9.293856811523437500e+01,1.309711303710937500e+02,6.350000000000000000e+02
9.377631378173828125e+01,1.311773834228515625e+02,6.360000000000000000e+02
9.446769714355468750e+01,1.311773834228515625e+02,6.360000000000000000e+02
9.530870819091796875e+01,1.313836364746093750e+02,6.370000000000000000e+02
9.600118255615234375e+01,1.313836364746093750e+02,6.370000000000000000e+02
9.669364929199218750e+01,1.313836364746093750e+02,6.370000000000000000e+02
9.753900909423828125e+01,1.315898895263671875e+02,6.380000000000000000e+02
9.838653564453125000e+01,1.317961425781250000e+02,6.390000000000000000e+02
9.908118438720703125e+01,1.317961425781250000e+02,6.390000000000000000e+02
9.977583312988281250e+01,1.317961425781250000e+02,6.390000000000000000e+02
1.004704742431640625e+02,1.317961425781250000e+02,6.390000000000000000e+02
1.011651229858398438e+02,1.317961425781250000e+02,6.390000000000000000e+02
1.018597717285156250e+02,1.317961425781250000e+02,6.390000000000000000e+02
1.025544204711914062e+02,1.317961425781250000e+02,6.390000000000000000e+02
1.032490692138671875e+02,1.317961425781250000e+02,6.390000000000000000e+02
1.039437255859375000e+02,1.317961425781250000e+02,6.390000000000000000e+02
1.046383666992187500e+02,1.317961425781250000e+02,6.390000000000000000e+02
1.053330154418945312e+02,1.317961425781250000e+02,6.390000000000000000e+02
1.061935882568359375e+02,1.320023956298828125e+02,6.400000000000000000e+02
1.068893280029296875e+02,1.320023956298828125e+02,6.400000000000000000e+02
1.075850601196289062e+02,1.320023956298828125e+02,6.400000000000000000e+02
1.082807922363281250e+02,1.320023956298828125e+02,6.400000000000000000e+02
1.089765243530273438e+02,1.320023956298828125e+02,6.400000000000000000e+02
1.098436203002929688e+02,1.322086486816406250e+02,6.410000000000000000e+02
1.107128906250000000e+02,1.324149017333984375e+02,6.420000000000000000e+02
4.172461700439453125e+01,1.312470397949218750e+02,6.330000000000000000e+02
4.241274261474609375e+01,1.312470397949218750e+02,6.330000000000000000e+02
4.310086441040039062e+01,1.312470397949218750e+02,6.330000000000000000e+02
4.371981430053710938e+01,1.310396881103515625e+02,6.320000000000000000e+02
4.440685653686523438e+01,1.310396881103515625e+02,6.320000000000000000e+02
4.509389114379882812e+01,1.310396881103515625e+02,6.320000000000000000e+02
4.578092956542968750e+01,1.310396881103515625e+02,6.320000000000000000e+02
4.639444351196289062e+01,1.308323516845703125e+02,6.310000000000000000e+02
4.708039093017578125e+01,1.308323516845703125e+02,6.310000000000000000e+02
4.776634216308593750e+01,1.308323516845703125e+02,6.310000000000000000e+02
4.845229339599609375e+01,1.308323516845703125e+02,6.310000000000000000e+02
4.913824462890625000e+01,1.308323516845703125e+02,6.310000000000000000e+02
4.982419204711914062e+01,1.308323516845703125e+02,6.310000000000000000e+02
5.051014328002929688e+01,1.308323516845703125e+02,6.310000000000000000e+02
5.119609451293945312e+01,1.308323516845703125e+02,6.310000000000000000e+02
5.188204574584960938e+01,1.308323516845703125e+02,6.310000000000000000e+02
5.256799316406250000e+01,1.308323516845703125e+02,6.310000000000000000e+02
5.333834075927734375e+01,1.310396881103515625e+02,6.320000000000000000e+02
5.402537918090820312e+01,1.310396881103515625e+02,6.320000000000000000e+02
5.471242141723632812e+01,1.310396881103515625e+02,6.320000000000000000e+02
5.539945602416992188e+01,1.310396881103515625e+02,6.320000000000000000e+02
5.608649444580078125e+01,1.310396881103515625e+02,6.320000000000000000e+02
5.677353286743164062e+01,1.310396881103515625e+02,6.320000000000000000e+02
5.746057128906250000e+01,1.310396881103515625e+02,6.320000000000000000e+02
5.814760589599609375e+01,1.310396881103515625e+02,6.320000000000000000e+02
5.883464431762695312e+01,1.310396881103515625e+02,6.320000000000000000e+02
5.952168273925781250e+01,1.310396881103515625e+02,6.320000000000000000e+02
6.020871734619140625e+01,1.310396881103515625e+02,6.320000000000000000e+02
6.089575576782226562e+01,1.310396881103515625e+02,6.320000000000000000e+02
6.158279418945312500e+01,1.310396881103515625e+02,6.320000000000000000e+02
6.226983261108398438e+01,1.310396881103515625e+02,6.320000000000000000e+02
6.285725402832031250e+01,1.308323516845703125e+02,6.310000000000000000e+02
6.354320526123046875e+01,1.308323516845703125e+02,6.310000000000000000e+02
6.422915649414062500e+01,1.308323516845703125e+02,6.310000000000000000e+02
6.491510772705078125e+01,1.308323516845703125e+02,6.310000000000000000e+02
6.549709320068359375e+01,1.306250152587890625e+02,6.300000000000000000e+02
6.618196105957031250e+01,1.306250152587890625e+02,6.300000000000000000e+02
6.686682128906250000e+01,1.306250152587890625e+02,6.300000000000000000e+02
6.755168151855468750e+01,1.306250152587890625e+02,6.300000000000000000e+02
6.823654937744140625e+01,1.306250152587890625e+02,6.300000000000000000e+02
6.881201171875000000e+01,1.304176635742187500e+02,6.290000000000000000e+02
6.949578857421875000e+01,1.304176635742187500e+02,6.290000000000000000e+02
7.017956542968750000e+01,1.304176635742187500e+02,6.290000000000000000e+02
7.086334228515625000e+01,1.304176635742187500e+02,6.290000000000000000e+02
7.154711914062500000e+01,1.304176635742187500e+02,6.290000000000000000e+02
7.211605834960937500e+01,1.302103271484375000e+02,6.280000000000000000e+02
7.279874420166015625e+01,1.302103271484375000e+02,6.280000000000000000e+02
7.348143768310546875e+01,1.302103271484375000e+02,6.280000000000000000e+02
7.416412353515625000e+01,1.302103271484375000e+02,6.280000000000000000e+02
7.484681701660156250e+01,1.302103271484375000e+02,6.280000000000000000e+02
7.552951049804687500e+01,1.302103271484375000e+02,6.280000000000000000e+02
7.621219635009765625e+01,1.302103271484375000e+02,6.280000000000000000e+02
7.689488220214843750e+01,1.302103271484375000e+02,6.280000000000000000e+02
7.757757568359375000e+01,1.302103271484375000e+02,6.280000000000000000e+02
7.826026153564453125e+01,1.302103271484375000e+02,6.280000000000000000e+02
7.894294738769531250e+01,1.302103271484375000e+02,6.280000000000000000e+02
7.962564086914062500e+01,1.302103271484375000e+02,6.280000000000000000e+02
8.030832672119140625e+01,1.302103271484375000e+02,6.280000000000000000e+02
8.099102783203125000e+01,1.302103271484375000e+02,6.280000000000000000e+02
8.167371368408203125e+01,1.302103271484375000e+02,6.280000000000000000e+02
8.235639953613281250e+01,1.302103271484375000e+02,6.280000000000000000e+02
8.317131805419921875e+01,1.304176635742187500e+02,6.290000000000000000e+02
8.385509490966796875e+01,1.304176635742187500e+02,6.290000000000000000e+02
8.453887176513671875e+01,1.304176635742187500e+02,6.290000000000000000e+02
8.522264862060546875e+01,1.304176635742187500e+02,6.290000000000000000e+02
8.604299926757812500e+01,1.306250152587890625e+02,6.300000000000000000e+02
8.672785949707031250e+01,1.306250152587890625e+02,6.300000000000000000e+02
8.741272735595703125e+01,1.306250152587890625e+02,6.300000000000000000e+02
8.823742675781250000e+01,1.308323516845703125e+02,6.310000000000000000e+02
8.892337799072265625e+01,1.308323516845703125e+02,6.310000000000000000e+02
8.975134277343750000e+01,1.310396881103515625e+02,6.320000000000000000e+02
9.058147430419921875e+01,1.312470397949218750e+02,6.330000000000000000e+02
9.126959991455078125e+01,1.312470397949218750e+02,6.330000000000000000e+02
9.210299682617187500e+01,1.314543762207031250e+02,6.340000000000000000e+02
9.293856811523437500e+01,1.316617126464843750e+02,6.350000000000000000e+02
9.377631378173828125e+01,1.318690490722656250e+02,6.360000000000000000e+02
9.446769714355468750e+01,1.318690490722656250e+02,6.360000000000000000e+02
9.530870819091796875e+01,1.320764007568359375e+02,6.370000000000000000e+02
9.600118255615234375e+01,1.320764007568359375e+02,6.370000000000000000e+02
9.684545135498046875e+01,1.322837371826171875e+02,6.380000000000000000e+02
9.753900909423828125e+01,1.322837371826171875e+02,6.380000000000000000e+02
9.838653564453125000e+01,1.324910736083984375e+02,6.390000000000000000e+02
9.908118438720703125e+01,1.324910736083984375e+02,6.390000000000000000e+02
9.977583312988281250e+01,1.324910736083984375e+02,6.390000000000000000e+02
1.004704742431640625e+02,1.324910736083984375e+02,6.390000000000000000e+02
1.013234405517578125e+02,1.326984252929687500e+02,6.400000000000000000e+02
1.020191802978515625e+02,1.326984252929687500e+02,6.400000000000000000e+02
1.027149124145507812e+02,1.326984252929687500e+02,6.400000000000000000e+02
1.034106445312500000e+02,1.326984252929687500e+02,6.400000000000000000e+02
1.041063842773437500e+02,1.326984252929687500e+02,6.400000000000000000e+02
1.048021240234375000e+02,1.326984252929687500e+02,6.400000000000000000e+02
1.054978561401367188e+02,1.326984252929687500e+02,6.400000000000000000e+02
1.061935882568359375e+02,1.326984252929687500e+02,6.400000000000000000e+02
1.070563354492187500e+02,1.329057617187500000e+02,6.410000000000000000e+02
1.077531585693359375e+02,1.329057617187500000e+02,6.410000000000000000e+02
1.084499816894531250e+02,1.329057617187500000e+02,6.410000000000000000e+02
4.097166442871093750e+01,1.317270050048828125e+02,6.320000000000000000e+02
4.165870285034179688e+01,1.317270050048828125e+02,6.320000000000000000e+02
4.234573745727539062e+01,1.317270050048828125e+02,6.320000000000000000e+02
4.303277587890625000e+01,1.317270050048828125e+02,6.320000000000000000e+02
4.365063476562500000e+01,1.315185852050781250e+02,6.310000000000000000e+02
4.433658981323242188e+01,1.315185852050781250e+02,6.310000000000000000e+02
4.502254104614257812e+01,1.315185852050781250e+02,6.310000000000000000e+02
4.570849227905273438e+01,1.315185852050781250e+02,6.310000000000000000e+02
4.639444351196289062e+01,1.315185852050781250e+02,6.310000000000000000e+02
4.708039093017578125e+01,1.315185852050781250e+02,6.310000000000000000e+02
4.776634216308593750e+01,1.315185852050781250e+02,6.310000000000000000e+02
4.845229339599609375e+01,1.315185852050781250e+02,6.310000000000000000e+02
4.913824462890625000e+01,1.315185852050781250e+02,6.310000000000000000e+02
4.982419204711914062e+01,1.315185852050781250e+02,6.310000000000000000e+02
5.051014328002929688e+01,1.315185852050781250e+02,6.310000000000000000e+02
5.119609451293945312e+01,1.315185852050781250e+02,6.310000000000000000e+02
5.188204574584960938e+01,1.315185852050781250e+02,6.310000000000000000e+02
5.256799316406250000e+01,1.315185852050781250e+02,6.310000000000000000e+02
5.325394439697265625e+01,1.315185852050781250e+02,6.310000000000000000e+02
5.393989562988281250e+01,1.315185852050781250e+02,6.310000000000000000e+02
5.462585067749023438e+01,1.315185852050781250e+02,6.310000000000000000e+02
5.539945602416992188e+01,1.317270050048828125e+02,6.320000000000000000e+02
5.608649444580078125e+01,1.317270050048828125e+02,6.320000000000000000e+02
5.677353286743164062e+01,1.317270050048828125e+02,6.320000000000000000e+02
5.746057128906250000e+01,1.317270050048828125e+02,6.320000000000000000e+02
5.814760589599609375e+01,1.317270050048828125e+02,6.320000000000000000e+02
5.883464431762695312e+01,1.317270050048828125e+02,6.320000000000000000e+02
5.952168273925781250e+01,1.317270050048828125e+02,6.320000000000000000e+02
6.020871734619140625e+01,1.317270050048828125e+02,6.320000000000000000e+02
6.089575576782226562e+01,1.317270050048828125e+02,6.320000000000000000e+02
6.148535156250000000e+01,1.315185852050781250e+02,6.310000000000000000e+02
6.217130279541015625e+01,1.315185852050781250e+02,6.310000000000000000e+02
6.285725402832031250e+01,1.315185852050781250e+02,6.310000000000000000e+02
6.354320526123046875e+01,1.315185852050781250e+02,6.310000000000000000e+02
6.422915649414062500e+01,1.315185852050781250e+02,6.310000000000000000e+02
6.481222534179687500e+01,1.313101501464843750e+02,6.300000000000000000e+02
6.549709320068359375e+01,1.313101501464843750e+02,6.300000000000000000e+02
6.618196105957031250e+01,1.313101501464843750e+02,6.300000000000000000e+02
6.686682128906250000e+01,1.313101501464843750e+02,6.300000000000000000e+02
6.755168151855468750e+01,1.313101501464843750e+02,6.300000000000000000e+02
6.812823486328125000e+01,1.311017303466796875e+02,6.290000000000000000e+02
6.881201171875000000e+01,1.311017303466796875e+02,6.290000000000000000e+02
6.949578857421875000e+01,1.311017303466796875e+02,6.290000000000000000e+02
7.017956542968750000e+01,1.311017303466796875e+02,6.290000000000000000e+02
7.086334228515625000e+01,1.311017303466796875e+02,6.290000000000000000e+02
7.143337249755859375e+01,1.308932952880859375e+02,6.280000000000000000e+02
7.211605834960937500e+01,1.308932952880859375e+02,6.280000000000000000e+02
7.279874420166015625e+01,1.308932952880859375e+02,6.280000000000000000e+02
7.348143768310546875e+01,1.308932952880859375e+02,6.280000000000000000e+02
7.416412353515625000e+01,1.308932952880859375e+02,6.280000000000000000e+02
7.484681701660156250e+01,1.308932952880859375e+02,6.280000000000000000e+02
7.552951049804687500e+01,1.308932952880859375e+02,6.280000000000000000e+02
7.621219635009765625e+01,1.308932952880859375e+02,6.280000000000000000e+02
7.689488220214843750e+01,1.308932952880859375e+02,6.280000000000000000e+02
7.757757568359375000e+01,1.308932952880859375e+02,6.280000000000000000e+02
7.826026153564453125e+01,1.308932952880859375e+02,6.280000000000000000e+02
7.894294738769531250e+01,1.308932952880859375e+02,6.280000000000000000e+02
7.962564086914062500e+01,1.308932952880859375e+02,6.280000000000000000e+02
8.030832672119140625e+01,1.308932952880859375e+02,6.280000000000000000e+02
8.099102783203125000e+01,1.308932952880859375e+02,6.280000000000000000e+02
8.180376434326171875e+01,1.311017303466796875e+02,6.290000000000000000e+02
8.248754119873046875e+01,1.311017303466796875e+02,6.290000000000000000e+02
8.317131805419921875e+01,1.311017303466796875e+02,6.290000000000000000e+02
8.385509490966796875e+01,1.311017303466796875e+02,6.290000000000000000e+02
8.467327117919921875e+01,1.313101501464843750e+02,6.300000000000000000e+02
8.535813903808593750e+01,1.313101501464843750e+02,6.300000000000000000e+02
8.604299926757812500e+01,1.313101501464843750e+02,6.300000000000000000e+02
8.672785949707031250e+01,1.313101501464843750e+02,6.300000000000000000e+02
8.755147552490234375e+01,1.315185852050781250e+02,6.310000000000000000e+02
8.823742675781250000e+01,1.315185852050781250e+02,6.310000000000000000e+02
8.906430053710937500e+01,1.317270050048828125e+02,6.320000000000000000e+02
8.989334869384765625e+01,1.319354400634765625e+02,6.330000000000000000e+02
9.058147430419921875e+01,1.319354400634765625e+02,6.330000000000000000e+02
9.141378784179687500e+01,1.321438751220703125e+02,6.340000000000000000e+02
9.210299682617187500e+01,1.321438751220703125e+02,6.340000000000000000e+02
9.293856811523437500e+01,1.323522949218750000e+02,6.350000000000000000e+02
9.377631378173828125e+01,1.325607299804687500e+02,6.360000000000000000e+02
9.446769714355468750e+01,1.325607299804687500e+02,6.360000000000000000e+02
9.530870819091796875e+01,1.327691497802734375e+02,6.370000000000000000e+02
9.600118255615234375e+01,1.327691497802734375e+02,6.370000000000000000e+02
9.684545135498046875e+01,1.329775848388671875e+02,6.380000000000000000e+02
9.753900909423828125e+01,1.329775848388671875e+02,6.380000000000000000e+02
9.838653564453125000e+01,1.331860198974609375e+02,6.390000000000000000e+02
9.908118438720703125e+01,1.331860198974609375e+02,6.390000000000000000e+02
9.977583312988281250e+01,1.331860198974609375e+02,6.390000000000000000e+02
1.006277084350585938e+02,1.333944396972656250e+02,6.400000000000000000e+02
1.013234405517578125e+02,1.333944396972656250e+02,6.400000000000000000e+02
1.020191802978515625e+02,1.333944396972656250e+02,6.400000000000000000e+02
1.027149124145507812e+02,1.333944396972656250e+02,6.400000000000000000e+02
1.034106445312500000e+02,1.333944396972656250e+02,6.400000000000000000e+02
1.041063842773437500e+02,1.333944396972656250e+02,6.400000000000000000e+02
1.049658737182617188e+02,1.336028747558593750e+02,6.410000000000000000e+02
1.056626968383789062e+02,1.336028747558593750e+02,6.410000000000000000e+02
3.959758758544921875e+01,1.324143371582031250e+02,6.320000000000000000e+02
4.028462600708007812e+01,1.324143371582031250e+02,6.320000000000000000e+02
4.097166442871093750e+01,1.324143371582031250e+02,6.320000000000000000e+02
4.159278488159179688e+01,1.322048187255859375e+02,6.310000000000000000e+02
4.227873611450195312e+01,1.322048187255859375e+02,6.310000000000000000e+02
4.296468734741210938e+01,1.322048187255859375e+02,6.310000000000000000e+02
4.365063476562500000e+01,1.322048187255859375e+02,6.310000000000000000e+02
4.426632690429687500e+01,1.319953002929687500e+02,6.300000000000000000e+02
4.495119094848632812e+01,1.319953002929687500e+02,6.300000000000000000e+02
4.563605499267578125e+01,1.319953002929687500e+02,6.300000000000000000e+02
4.632091522216796875e+01,1.319953002929687500e+02,6.300000000000000000e+02
4.700577926635742188e+01,1.319953002929687500e+02,6.300000000000000000e+02
4.769064331054687500e+01,1.319953002929687500e+02,6.300000000000000000e+02
4.837550735473632812e+01,1.319953002929687500e+02,6.300000000000000000e+02
4.906037139892578125e+01,1.319953002929687500e+02,6.300000000000000000e+02
4.974523162841796875e+01,1.319953002929687500e+02,6.300000000000000000e+02
5.043009567260742188e+01,1.319953002929687500e+02,6.300000000000000000e+02
5.111495971679687500e+01,1.319953002929687500e+02,6.300000000000000000e+02
5.179982376098632812e+01,1.319953002929687500e+02,6.300000000000000000e+02
5.248468399047851562e+01,1.319953002929687500e+02,6.300000000000000000e+02
5.325394439697265625e+01,1.322048187255859375e+02,6.310000000000000000e+02
5.393989562988281250e+01,1.322048187255859375e+02,6.310000000000000000e+02
5.462585067749023438e+01,1.322048187255859375e+02,6.310000000000000000e+02
5.531180191040039062e+01,1.322048187255859375e+02,6.310000000000000000e+02
5.599774932861328125e+01,1.322048187255859375e+02,6.310000000000000000e+02
5.668370056152343750e+01,1.322048187255859375e+02,6.310000000000000000e+02
5.736965179443359375e+01,1.322048187255859375e+02,6.310000000000000000e+02
5.805560302734375000e+01,1.322048187255859375e+02,6.310000000000000000e+02
5.874155044555664062e+01,1.322048187255859375e+02,6.310000000000000000e+02
5.942750167846679688e+01,1.322048187255859375e+02,6.310000000000000000e+02
6.011345291137695312e+01,1.322048187255859375e+02,6.310000000000000000e+02
6.079940414428710938e+01,1.322048187255859375e+02,6.310000000000000000e+02
6.148535156250000000e+01,1.322048187255859375e+02,6.310000000000000000e+02
6.217130279541015625e+01,1.322048187255859375e+02,6.310000000000000000e+02
6.285725402832031250e+01,1.322048187255859375e+02,6.310000000000000000e+02
6.354320526123046875e+01,1.322048187255859375e+02,6.310000000000000000e+02
6.412736511230468750e+01,1.319953002929687500e+02,6.300000000000000000e+02
6.481222534179687500e+01,1.319953002929687500e+02,6.300000000000000000e+02
6.549709320068359375e+01,1.319953002929687500e+02,6.300000000000000000e+02
6.618196105957031250e+01,1.319953002929687500e+02,6.300000000000000000e+02
6.686682128906250000e+01,1.319953002929687500e+02,6.300000000000000000e+02
6.755168151855468750e+01,1.319953002929687500e+02,6.300000000000000000e+02
6.812823486328125000e+01,1.317857818603515625e+02,6.290000000000000000e+02
6.881201171875000000e+01,1.317857818603515625e+02,6.290000000000000000e+02
6.949578857421875000e+01,1.317857818603515625e+02,6.290000000000000000e+02
7.017956542968750000e+01,1.317857818603515625e+02,6.290000000000000000e+02
7.086334228515625000e+01,1.317857818603515625e+02,6.290000000000000000e+02
7.154711914062500000e+01,1.317857818603515625e+02,6.290000000000000000e+02
7.223089599609375000e+01,1.317857818603515625e+02,6.290000000000000000e+02
7.291466522216796875e+01,1.317857818603515625e+02,6.290000000000000000e+02
7.359844207763671875e+01,1.317857818603515625e+02,6.290000000000000000e+02
7.416412353515625000e+01,1.315762634277343750e+02,6.280000000000000000e+02
7.484681701660156250e+01,1.315762634277343750e+02,6.280000000000000000e+02
7.552951049804687500e+01,1.315762634277343750e+02,6.280000000000000000e+02
7.621219635009765625e+01,1.315762634277343750e+02,6.280000000000000000e+02
7.689488220214843750e+01,1.315762634277343750e+02,6.280000000000000000e+02
7.757757568359375000e+01,1.315762634277343750e+02,6.280000000000000000e+02
7.826026153564453125e+01,1.315762634277343750e+02,6.280000000000000000e+02
7.894294738769531250e+01,1.315762634277343750e+02,6.280000000000000000e+02
7.975242614746093750e+01,1.317857818603515625e+02,6.290000000000000000e+02
8.043620300292968750e+01,1.317857818603515625e+02,6.290000000000000000e+02
8.111998748779296875e+01,1.317857818603515625e+02,6.290000000000000000e+02
8.180376434326171875e+01,1.317857818603515625e+02,6.290000000000000000e+02
8.248754119873046875e+01,1.317857818603515625e+02,6.290000000000000000e+02
8.330355072021484375e+01,1.319953002929687500e+02,6.300000000000000000e+02
8.398841094970703125e+01,1.319953002929687500e+02,6.300000000000000000e+02
8.467327117919921875e+01,1.319953002929687500e+02,6.300000000000000000e+02
8.535813903808593750e+01,1.319953002929687500e+02,6.300000000000000000e+02
8.617957305908203125e+01,1.322048187255859375e+02,6.310000000000000000e+02
8.686552429199218750e+01,1.322048187255859375e+02,6.310000000000000000e+02
8.769022369384765625e+01,1.324143371582031250e+02,6.320000000000000000e+02
8.851710510253906250e+01,1.326238403320312500e+02,6.330000000000000000e+02
8.920522308349609375e+01,1.326238403320312500e+02,6.330000000000000000e+02
9.003536224365234375e+01,1.328333587646484375e+02,6.340000000000000000e+02
9.072457122802734375e+01,1.328333587646484375e+02,6.340000000000000000e+02
9.155796813964843750e+01,1.330428771972656250e+02,6.350000000000000000e+02
9.239353942871093750e+01,1.332523956298828125e+02,6.360000000000000000e+02
9.308493041992187500e+01,1.332523956298828125e+02,6.360000000000000000e+02
9.392375946044921875e+01,1.334619140625000000e+02,6.370000000000000000e+02
9.461623382568359375e+01,1.334619140625000000e+02,6.370000000000000000e+02
9.530870819091796875e+01,1.334619140625000000e+02,6.370000000000000000e+02
9.615188598632812500e+01,1.336714324951171875e+02,6.380000000000000000e+02
3.891055297851562500e+01,1.331016540527343750e+02,6.320000000000000000e+02
3.959758758544921875e+01,1.331016540527343750e+02,6.320000000000000000e+02
4.022088623046875000e+01,1.328910522460937500e+02,6.310000000000000000e+02
4.090683364868164062e+01,1.328910522460937500e+02,6.310000000000000000e+02
4.159278488159179688e+01,1.328910522460937500e+02,6.310000000000000000e+02
4.221173477172851562e+01,1.326804504394531250e+02,6.300000000000000000e+02
4.289659500122070312e+01,1.326804504394531250e+02,6.300000000000000000e+02
4.358145904541015625e+01,1.326804504394531250e+02,6.300000000000000000e+02
4.426632690429687500e+01,1.326804504394531250e+02,6.300000000000000000e+02
4.495119094848632812e+01,1.326804504394531250e+02,6.300000000000000000e+02
4.563605499267578125e+01,1.326804504394531250e+02,6.300000000000000000e+02
4.632091522216796875e+01,1.326804504394531250e+02,6.300000000000000000e+02
4.700577926635742188e+01,1.326804504394531250e+02,6.300000000000000000e+02
4.769064331054687500e+01,1.326804504394531250e+02,6.300000000000000000e+02
4.837550735473632812e+01,1.326804504394531250e+02,6.300000000000000000e+02
4.906037139892578125e+01,1.326804504394531250e+02,6.300000000000000000e+02
4.974523162841796875e+01,1.326804504394531250e+02,6.300000000000000000e+02
5.043009567260742188e+01,1.326804504394531250e+02,6.300000000000000000e+02
5.111495971679687500e+01,1.326804504394531250e+02,6.300000000000000000e+02
5.179982376098632812e+01,1.326804504394531250e+02,6.300000000000000000e+02
5.248468399047851562e+01,1.326804504394531250e+02,6.300000000000000000e+02
5.316954803466796875e+01,1.326804504394531250e+02,6.300000000000000000e+02
5.385441207885742188e+01,1.326804504394531250e+02,6.300000000000000000e+02
5.462585067749023438e+01,1.328910522460937500e+02,6.310000000000000000e+02
5.531180191040039062e+01,1.328910522460937500e+02,6.310000000000000000e+02
5.599774932861328125e+01,1.328910522460937500e+02,6.310000000000000000e+02
5.668370056152343750e+01,1.328910522460937500e+02,6.310000000000000000e+02
5.736965179443359375e+01,1.328910522460937500e+02,6.310000000000000000e+02
5.805560302734375000e+01,1.328910522460937500e+02,6.310000000000000000e+02
5.874155044555664062e+01,1.328910522460937500e+02,6.310000000000000000e+02
5.942750167846679688e+01,1.328910522460937500e+02,6.310000000000000000e+02
6.011345291137695312e+01,1.328910522460937500e+02,6.310000000000000000e+02
6.079940414428710938e+01,1.328910522460937500e+02,6.310000000000000000e+02
6.148535156250000000e+01,1.328910522460937500e+02,6.310000000000000000e+02
6.217130279541015625e+01,1.328910522460937500e+02,6.310000000000000000e+02
6.285725402832031250e+01,1.328910522460937500e+02,6.310000000000000000e+02
6.354320526123046875e+01,1.328910522460937500e+02,6.310000000000000000e+02
6.412736511230468750e+01,1.326804504394531250e+02,6.300000000000000000e+02
6.481222534179687500e+01,1.326804504394531250e+02,6.300000000000000000e+02
6.549709320068359375e+01,1.326804504394531250e+02,6.300000000000000000e+02
6.618196105957031250e+01,1.326804504394531250e+02,6.300000000000000000e+02
6.686682128906250000e+01,1.326804504394531250e+02,6.300000000000000000e+02
6.744445800781250000e+01,1.324698333740234375e+02,6.290000000000000000e+02
6.812823486328125000e+01,1.324698333740234375e+02,6.290000000000000000e+02
6.881201171875000000e+01,1.324698333740234375e+02,6.290000000000000000e+02
6.949578857421875000e+01,1.324698333740234375e+02,6.290000000000000000e+02
7.017956542968750000e+01,1.324698333740234375e+02,6.290000000000000000e+02
7.086334228515625000e+01,1.324698333740234375e+02,6.290000000000000000e+02
7.154711914062500000e+01,1.324698333740234375e+02,6.290000000000000000e+02
7.223089599609375000e+01,1.324698333740234375e+02,6.290000000000000000e+02
7.291466522216796875e+01,1.324698333740234375e+02,6.290000000000000000e+02
7.359844207763671875e+01,1.324698333740234375e+02,6.290000000000000000e+02
7.428221893310546875e+01,1.324698333740234375e+02,6.290000000000000000e+02
7.496599578857421875e+01,1.324698333740234375e+02,6.290000000000000000e+02
7.564978027343750000e+01,1.324698333740234375e+02,6.290000000000000000e+02
7.633355712890625000e+01,1.324698333740234375e+02,6.290000000000000000e+02
7.701732635498046875e+01,1.324698333740234375e+02,6.290000000000000000e+02
7.770110321044921875e+01,1.324698333740234375e+02,6.290000000000000000e+02
7.838488006591796875e+01,1.324698333740234375e+02,6.290000000000000000e+02
7.906865692138671875e+01,1.324698333740234375e+02,6.290000000000000000e+02
7.975242614746093750e+01,1.324698333740234375e+02,6.290000000000000000e+02
8.043620300292968750e+01,1.324698333740234375e+02,6.290000000000000000e+02
8.124895477294921875e+01,1.326804504394531250e+02,6.300000000000000000e+02
8.193382263183593750e+01,1.326804504394531250e+02,6.300000000000000000e+02
8.261868286132812500e+01,1.326804504394531250e+02,6.300000000000000000e+02
8.330355072021484375e+01,1.326804504394531250e+02,6.300000000000000000e+02
8.412172698974609375e+01,1.328910522460937500e+02,6.310000000000000000e+02
8.480767822265625000e+01,1.328910522460937500e+02,6.310000000000000000e+02
8.549362945556640625e+01,1.328910522460937500e+02,6.310000000000000000e+02
8.631615447998046875e+01,1.331016540527343750e+02,6.320000000000000000e+02
8.700318908691406250e+01,1.331016540527343750e+02,6.320000000000000000e+02
8.782897949218750000e+01,1.333122558593750000e+02,6.330000000000000000e+02
8.851710510253906250e+01,1.333122558593750000e+02,6.330000000000000000e+02
8.934615325927734375e+01,1.335228576660156250e+02,6.340000000000000000e+02
9.017737579345703125e+01,1.337334594726562500e+02,6.350000000000000000e+02
9.086767578125000000e+01,1.337334594726562500e+02,6.350000000000000000e+02
9.155796813964843750e+01,1.337334594726562500e+02,6.350000000000000000e+02
9.253881835937500000e+01,1.341546630859375000e+02,6.370000000000000000e+02
9.323128509521484375e+01,1.341546630859375000e+02,6.370000000000000000e+02
3.753647613525390625e+01,1.337889709472656250e+02,6.320000000000000000e+02
3.822351455688476562e+01,1.337889709472656250e+02,6.320000000000000000e+02
3.884898376464843750e+01,1.335772857666015625e+02,6.310000000000000000e+02
3.953493499755859375e+01,1.335772857666015625e+02,6.310000000000000000e+02
4.022088623046875000e+01,1.335772857666015625e+02,6.310000000000000000e+02
4.084200668334960938e+01,1.333655853271484375e+02,6.300000000000000000e+02
4.152687072753906250e+01,1.333655853271484375e+02,6.300000000000000000e+02
4.221173477172851562e+01,1.333655853271484375e+02,6.300000000000000000e+02
4.289659500122070312e+01,1.333655853271484375e+02,6.300000000000000000e+02
4.351228332519531250e+01,1.331539001464843750e+02,6.290000000000000000e+02
4.419606399536132812e+01,1.331539001464843750e+02,6.290000000000000000e+02
4.487984085083007812e+01,1.331539001464843750e+02,6.290000000000000000e+02
4.556361389160156250e+01,1.331539001464843750e+02,6.290000000000000000e+02
4.624739074707031250e+01,1.331539001464843750e+02,6.290000000000000000e+02
4.693116760253906250e+01,1.331539001464843750e+02,6.290000000000000000e+02
4.769064331054687500e+01,1.333655853271484375e+02,6.300000000000000000e+02
4.837550735473632812e+01,1.333655853271484375e+02,6.300000000000000000e+02
4.906037139892578125e+01,1.333655853271484375e+02,6.300000000000000000e+02
4.974523162841796875e+01,1.333655853271484375e+02,6.300000000000000000e+02
5.043009567260742188e+01,1.333655853271484375e+02,6.300000000000000000e+02
5.111495971679687500e+01,1.333655853271484375e+02,6.300000000000000000e+02
5.179982376098632812e+01,1.333655853271484375e+02,6.300000000000000000e+02
5.248468399047851562e+01,1.333655853271484375e+02,6.300000000000000000e+02
5.316954803466796875e+01,1.333655853271484375e+02,6.300000000000000000e+02
5.385441207885742188e+01,1.333655853271484375e+02,6.300000000000000000e+02
5.453927993774414062e+01,1.333655853271484375e+02,6.300000000000000000e+02
5.531180191040039062e+01,1.335772857666015625e+02,6.310000000000000000e+02
5.599774932861328125e+01,1.335772857666015625e+02,6.310000000000000000e+02
5.668370056152343750e+01,1.335772857666015625e+02,6.310000000000000000e+02
5.736965179443359375e+01,1.335772857666015625e+02,6.310000000000000000e+02
5.805560302734375000e+01,1.335772857666015625e+02,6.310000000000000000e+02
5.874155044555664062e+01,1.335772857666015625e+02,6.310000000000000000e+02
5.942750167846679688e+01,1.335772857666015625e+02,6.310000000000000000e+02
6.011345291137695312e+01,1.335772857666015625e+02,6.310000000000000000e+02
6.079940414428710938e+01,1.335772857666015625e+02,6.310000000000000000e+02
6.148535156250000000e+01,1.335772857666015625e+02,6.310000000000000000e+02
6.217130279541015625e+01,1.335772857666015625e+02,6.310000000000000000e+02
6.285725402832031250e+01,1.335772857666015625e+02,6.310000000000000000e+02
6.344250106811523438e+01,1.333655853271484375e+02,6.300000000000000000e+02
6.412736511230468750e+01,1.333655853271484375e+02,6.300000000000000000e+02
6.481222534179687500e+01,1.333655853271484375e+02,6.300000000000000000e+02
6.549709320068359375e+01,1.333655853271484375e+02,6.300000000000000000e+02
6.618196105957031250e+01,1.333655853271484375e+02,6.300000000000000000e+02
6.686682128906250000e+01,1.333655853271484375e+02,6.300000000000000000e+02
6.744445800781250000e+01,1.331539001464843750e+02,6.290000000000000000e+02
6.812823486328125000e+01,1.331539001464843750e+02,6.290000000000000000e+02
6.881201171875000000e+01,1.331539001464843750e+02,6.290000000000000000e+02
6.949578857421875000e+01,1.331539001464843750e+02,6.290000000000000000e+02
7.017956542968750000e+01,1.331539001464843750e+02,6.290000000000000000e+02
7.086334228515625000e+01,1.331539001464843750e+02,6.290000000000000000e+02
7.154711914062500000e+01,1.331539001464843750e+02,6.290000000000000000e+02
7.223089599609375000e+01,1.331539001464843750e+02,6.290000000000000000e+02
7.291466522216796875e+01,1.331539001464843750e+02,6.290000000000000000e+02
7.359844207763671875e+01,1.331539001464843750e+02,6.290000000000000000e+02
7.428221893310546875e+01,1.331539001464843750e+02,6.290000000000000000e+02
7.496599578857421875e+01,1.331539001464843750e+02,6.290000000000000000e+02
7.577005004882812500e+01,1.333655853271484375e+02,6.300000000000000000e+02
7.645491027832031250e+01,1.333655853271484375e+02,6.300000000000000000e+02
7.713977050781250000e+01,1.333655853271484375e+02,6.300000000000000000e+02
7.782463836669921875e+01,1.333655853271484375e+02,6.300000000000000000e+02
7.850949859619140625e+01,1.333655853271484375e+02,6.300000000000000000e+02
7.919435882568359375e+01,1.333655853271484375e+02,6.300000000000000000e+02
7.987921905517578125e+01,1.333655853271484375e+02,6.300000000000000000e+02
8.056408691406250000e+01,1.333655853271484375e+02,6.300000000000000000e+02
8.124895477294921875e+01,1.333655853271484375e+02,6.300000000000000000e+02
8.206387329101562500e+01,1.335772857666015625e+02,6.310000000000000000e+02
8.274982452392578125e+01,1.335772857666015625e+02,6.310000000000000000e+02
8.343577575683593750e+01,1.335772857666015625e+02,6.310000000000000000e+02
8.425504302978515625e+01,1.337889709472656250e+02,6.320000000000000000e+02
8.494207763671875000e+01,1.337889709472656250e+02,6.320000000000000000e+02
8.562911224365234375e+01,1.337889709472656250e+02,6.320000000000000000e+02
8.645272827148437500e+01,1.340006561279296875e+02,6.330000000000000000e+02
8.714085388183593750e+01,1.340006561279296875e+02,6.330000000000000000e+02
8.796772766113281250e+01,1.342123565673828125e+02,6.340000000000000000e+02
8.865693664550781250e+01,1.342123565673828125e+02,6.340000000000000000e+02
8.948707580566406250e+01,1.344240417480468750e+02,6.350000000000000000e+02
9.031938934326171875e+01,1.346357421875000000e+02,6.360000000000000000e+02
3.684944152832031250e+01,1.344762878417968750e+02,6.320000000000000000e+02
3.753647613525390625e+01,1.344762878417968750e+02,6.320000000000000000e+02
3.816303253173828125e+01,1.342635040283203125e+02,6.310000000000000000e+02
3.884898376464843750e+01,1.342635040283203125e+02,6.310000000000000000e+02
3.947227859497070312e+01,1.340507354736328125e+02,6.300000000000000000e+02
4.015714263916015625e+01,1.340507354736328125e+02,6.300000000000000000e+02
4.084200668334960938e+01,1.340507354736328125e+02,6.300000000000000000e+02
4.152687072753906250e+01,1.340507354736328125e+02,6.300000000000000000e+02
4.214472961425781250e+01,1.338379516601562500e+02,6.290000000000000000e+02
4.282850646972656250e+01,1.338379516601562500e+02,6.290000000000000000e+02
4.351228332519531250e+01,1.338379516601562500e+02,6.290000000000000000e+02
4.419606399536132812e+01,1.338379516601562500e+02,6.290000000000000000e+02
4.487984085083007812e+01,1.338379516601562500e+02,6.290000000000000000e+02
4.556361389160156250e+01,1.338379516601562500e+02,6.290000000000000000e+02
4.624739074707031250e+01,1.338379516601562500e+02,6.290000000000000000e+02
4.693116760253906250e+01,1.338379516601562500e+02,6.290000000000000000e+02
4.761494445800781250e+01,1.338379516601562500e+02,6.290000000000000000e+02
4.829872131347656250e+01,1.338379516601562500e+02,6.290000000000000000e+02
4.898249435424804688e+01,1.338379516601562500e+02,6.290000000000000000e+02
4.974523162841796875e+01,1.340507354736328125e+02,6.300000000000000000e+02
5.043009567260742188e+01,1.340507354736328125e+02,6.300000000000000000e+02
5.111495971679687500e+01,1.340507354736328125e+02,6.300000000000000000e+02
5.179982376098632812e+01,1.340507354736328125e+02,6.300000000000000000e+02
5.248468399047851562e+01,1.340507354736328125e+02,6.300000000000000000e+02
5.316954803466796875e+01,1.340507354736328125e+02,6.300000000000000000e+02
5.385441207885742188e+01,1.340507354736328125e+02,6.300000000000000000e+02
5.453927993774414062e+01,1.340507354736328125e+02,6.300000000000000000e+02
5.531180191040039062e+01,1.342635040283203125e+02,6.310000000000000000e+02
5.599774932861328125e+01,1.342635040283203125e+02,6.310000000000000000e+02
5.668370056152343750e+01,1.342635040283203125e+02,6.310000000000000000e+02
5.736965179443359375e+01,1.342635040283203125e+02,6.310000000000000000e+02
5.805560302734375000e+01,1.342635040283203125e+02,6.310000000000000000e+02
5.874155044555664062e+01,1.342635040283203125e+02,6.310000000000000000e+02
5.942750167846679688e+01,1.342635040283203125e+02,6.310000000000000000e+02
6.011345291137695312e+01,1.342635040283203125e+02,6.310000000000000000e+02
6.079940414428710938e+01,1.342635040283203125e+02,6.310000000000000000e+02
6.148535156250000000e+01,1.342635040283203125e+02,6.310000000000000000e+02
6.217130279541015625e+01,1.342635040283203125e+02,6.310000000000000000e+02
6.275763702392578125e+01,1.340507354736328125e+02,6.300000000000000000e+02
6.344250106811523438e+01,1.340507354736328125e+02,6.300000000000000000e+02
6.412736511230468750e+01,1.340507354736328125e+02,6.300000000000000000e+02
6.481222534179687500e+01,1.340507354736328125e+02,6.300000000000000000e+02
6.549709320068359375e+01,1.340507354736328125e+02,6.300000000000000000e+02
6.618196105957031250e+01,1.340507354736328125e+02,6.300000000000000000e+02
6.686682128906250000e+01,1.340507354736328125e+02,6.300000000000000000e+02
6.755168151855468750e+01,1.340507354736328125e+02,6.300000000000000000e+02
6.823654937744140625e+01,1.340507354736328125e+02,6.300000000000000000e+02
6.892140960693359375e+01,1.340507354736328125e+02,6.300000000000000000e+02
6.960627746582031250e+01,1.340507354736328125e+02,6.300000000000000000e+02
7.017956542968750000e+01,1.338379516601562500e+02,6.290000000000000000e+02
7.086334228515625000e+01,1.338379516601562500e+02,6.290000000000000000e+02
7.154711914062500000e+01,1.338379516601562500e+02,6.290000000000000000e+02
7.234572601318359375e+01,1.340507354736328125e+02,6.300000000000000000e+02
7.303059387207031250e+01,1.340507354736328125e+02,6.300000000000000000e+02
7.371545410156250000e+01,1.340507354736328125e+02,6.300000000000000000e+02
7.440031433105468750e+01,1.340507354736328125e+02,6.300000000000000000e+02
7.508518218994140625e+01,1.340507354736328125e+02,6.300000000000000000e+02
7.577005004882812500e+01,1.340507354736328125e+02,6.300000000000000000e+02
7.645491027832031250e+01,1.340507354736328125e+02,6.300000000000000000e+02
7.713977050781250000e+01,1.340507354736328125e+02,6.300000000000000000e+02
7.794816589355468750e+01,1.342635040283203125e+02,6.310000000000000000e+02
7.863411712646484375e+01,1.342635040283203125e+02,6.310000000000000000e+02
7.932006072998046875e+01,1.342635040283203125e+02,6.310000000000000000e+02
8.000601196289062500e+01,1.342635040283203125e+02,6.310000000000000000e+02
8.069196319580078125e+01,1.342635040283203125e+02,6.310000000000000000e+02
8.137792205810546875e+01,1.342635040283203125e+02,6.310000000000000000e+02
8.219393157958984375e+01,1.344762878417968750e+02,6.320000000000000000e+02
8.288096618652343750e+01,1.344762878417968750e+02,6.320000000000000000e+02
8.356800079345703125e+01,1.344762878417968750e+02,6.320000000000000000e+02
8.438835906982421875e+01,1.346890716552734375e+02,6.330000000000000000e+02
8.507647705078125000e+01,1.346890716552734375e+02,6.330000000000000000e+02
8.576460266113281250e+01,1.346890716552734375e+02,6.330000000000000000e+02
8.658930206298828125e+01,1.349018554687500000e+02,6.340000000000000000e+02
8.727851867675781250e+01,1.349018554687500000e+02,6.340000000000000000e+02
3.616240310668945312e+01,1.351636047363281250e+02,6.320000000000000000e+02
3.679113388061523438e+01,1.349497375488281250e+02,6.310000000000000000e+02
3.747708511352539062e+01,1.349497375488281250e+02,6.310000000000000000e+02
3.816303253173828125e+01,1.349497375488281250e+02,6.310000000000000000e+02
3.878741836547851562e+01,1.347358703613281250e+02,6.300000000000000000e+02
3.947227859497070312e+01,1.347358703613281250e+02,6.300000000000000000e+02
4.015714263916015625e+01,1.347358703613281250e+02,6.300000000000000000e+02
4.077717971801757812e+01,1.345220184326171875e+02,6.290000000000000000e+02
4.146095275878906250e+01,1.345220184326171875e+02,6.290000000000000000e+02
4.214472961425781250e+01,1.345220184326171875e+02,6.290000000000000000e+02
4.282850646972656250e+01,1.345220184326171875e+02,6.290000000000000000e+02
4.344310379028320312e+01,1.343081512451171875e+02,6.280000000000000000e+02
4.412580108642578125e+01,1.343081512451171875e+02,6.280000000000000000e+02
4.480848693847656250e+01,1.343081512451171875e+02,6.280000000000000000e+02
4.549117660522460938e+01,1.343081512451171875e+02,6.280000000000000000e+02
4.617386627197265625e+01,1.343081512451171875e+02,6.280000000000000000e+02
4.685655593872070312e+01,1.343081512451171875e+02,6.280000000000000000e+02
4.761494445800781250e+01,1.345220184326171875e+02,6.290000000000000000e+02
4.829872131347656250e+01,1.345220184326171875e+02,6.290000000000000000e+02
4.898249435424804688e+01,1.345220184326171875e+02,6.290000000000000000e+02
4.966627120971679688e+01,1.345220184326171875e+02,6.290000000000000000e+02
5.035004806518554688e+01,1.345220184326171875e+02,6.290000000000000000e+02
5.111495971679687500e+01,1.347358703613281250e+02,6.300000000000000000e+02
5.179982376098632812e+01,1.347358703613281250e+02,6.300000000000000000e+02
5.248468399047851562e+01,1.347358703613281250e+02,6.300000000000000000e+02
5.316954803466796875e+01,1.347358703613281250e+02,6.300000000000000000e+02
5.385441207885742188e+01,1.347358703613281250e+02,6.300000000000000000e+02
5.453927993774414062e+01,1.347358703613281250e+02,6.300000000000000000e+02
5.522414398193359375e+01,1.347358703613281250e+02,6.300000000000000000e+02
5.599774932861328125e+01,1.349497375488281250e+02,6.310000000000000000e+02
5.668370056152343750e+01,1.349497375488281250e+02,6.310000000000000000e+02
5.736965179443359375e+01,1.349497375488281250e+02,6.310000000000000000e+02
5.805560302734375000e+01,1.349497375488281250e+02,6.310000000000000000e+02
5.874155044555664062e+01,1.349497375488281250e+02,6.310000000000000000e+02
5.942750167846679688e+01,1.349497375488281250e+02,6.310000000000000000e+02
6.011345291137695312e+01,1.349497375488281250e+02,6.310000000000000000e+02
6.079940414428710938e+01,1.349497375488281250e+02,6.310000000000000000e+02
6.148535156250000000e+01,1.349497375488281250e+02,6.310000000000000000e+02
6.217130279541015625e+01,1.349497375488281250e+02,6.310000000000000000e+02
6.285725402832031250e+01,1.349497375488281250e+02,6.310000000000000000e+02
6.354320526123046875e+01,1.349497375488281250e+02,6.310000000000000000e+02
6.412736511230468750e+01,1.347358703613281250e+02,6.300000000000000000e+02
6.481222534179687500e+01,1.347358703613281250e+02,6.300000000000000000e+02
6.549709320068359375e+01,1.347358703613281250e+02,6.300000000000000000e+02
6.618196105957031250e+01,1.347358703613281250e+02,6.300000000000000000e+02
6.686682128906250000e+01,1.347358703613281250e+02,6.300000000000000000e+02
6.755168151855468750e+01,1.347358703613281250e+02,6.300000000000000000e+02
6.823654937744140625e+01,1.347358703613281250e+02,6.300000000000000000e+02
6.892140960693359375e+01,1.347358703613281250e+02,6.300000000000000000e+02
6.960627746582031250e+01,1.347358703613281250e+02,6.300000000000000000e+02
7.029113769531250000e+01,1.347358703613281250e+02,6.300000000000000000e+02
7.097599792480468750e+01,1.347358703613281250e+02,6.300000000000000000e+02
7.166086578369140625e+01,1.347358703613281250e+02,6.300000000000000000e+02
7.234572601318359375e+01,1.347358703613281250e+02,6.300000000000000000e+02
7.303059387207031250e+01,1.347358703613281250e+02,6.300000000000000000e+02
7.371545410156250000e+01,1.347358703613281250e+02,6.300000000000000000e+02
7.440031433105468750e+01,1.347358703613281250e+02,6.300000000000000000e+02
7.520436096191406250e+01,1.349497375488281250e+02,6.310000000000000000e+02
7.589031982421875000e+01,1.349497375488281250e+02,6.310000000000000000e+02
7.657627105712890625e+01,1.349497375488281250e+02,6.310000000000000000e+02
7.726221466064453125e+01,1.349497375488281250e+02,6.310000000000000000e+02
7.807170104980468750e+01,1.351636047363281250e+02,6.320000000000000000e+02
7.875873565673828125e+01,1.351636047363281250e+02,6.320000000000000000e+02
7.944577026367187500e+01,1.351636047363281250e+02,6.320000000000000000e+02
8.013280487060546875e+01,1.351636047363281250e+02,6.320000000000000000e+02
8.081984710693359375e+01,1.351636047363281250e+02,6.320000000000000000e+02
8.150688934326171875e+01,1.351636047363281250e+02,6.320000000000000000e+02
8.219393157958984375e+01,1.351636047363281250e+02,6.320000000000000000e+02
8.301210784912109375e+01,1.353774719238281250e+02,6.330000000000000000e+02
8.370023345947265625e+01,1.353774719238281250e+02,6.330000000000000000e+02
8.438835906982421875e+01,1.353774719238281250e+02,6.330000000000000000e+02
8.521088409423828125e+01,1.355913391113281250e+02,6.340000000000000000e+02
3.547536087036132812e+01,1.358509368896484375e+02,6.320000000000000000e+02
3.610518264770507812e+01,1.356359710693359375e+02,6.310000000000000000e+02
3.679113388061523438e+01,1.356359710693359375e+02,6.310000000000000000e+02
3.741769027709960938e+01,1.354210205078125000e+02,6.300000000000000000e+02
3.810255432128906250e+01,1.354210205078125000e+02,6.300000000000000000e+02
3.878741836547851562e+01,1.354210205078125000e+02,6.300000000000000000e+02
3.940962600708007812e+01,1.352060699462890625e+02,6.290000000000000000e+02
4.009340286254882812e+01,1.352060699462890625e+02,6.290000000000000000e+02
4.077717971801757812e+01,1.352060699462890625e+02,6.290000000000000000e+02
4.139503860473632812e+01,1.349911193847656250e+02,6.280000000000000000e+02
4.207772827148437500e+01,1.349911193847656250e+02,6.280000000000000000e+02
4.276041793823242188e+01,1.349911193847656250e+02,6.280000000000000000e+02
4.344310379028320312e+01,1.349911193847656250e+02,6.280000000000000000e+02
4.412580108642578125e+01,1.349911193847656250e+02,6.280000000000000000e+02
4.480848693847656250e+01,1.349911193847656250e+02,6.280000000000000000e+02
4.549117660522460938e+01,1.349911193847656250e+02,6.280000000000000000e+02
4.617386627197265625e+01,1.349911193847656250e+02,6.280000000000000000e+02
4.685655593872070312e+01,1.349911193847656250e+02,6.280000000000000000e+02
4.753924560546875000e+01,1.349911193847656250e+02,6.280000000000000000e+02
4.822193145751953125e+01,1.349911193847656250e+02,6.280000000000000000e+02
4.898249435424804688e+01,1.352060699462890625e+02,6.290000000000000000e+02
4.966627120971679688e+01,1.352060699462890625e+02,6.290000000000000000e+02
5.035004806518554688e+01,1.352060699462890625e+02,6.290000000000000000e+02
5.103382492065429688e+01,1.352060699462890625e+02,6.290000000000000000e+02
5.179982376098632812e+01,1.354210205078125000e+02,6.300000000000000000e+02
5.248468399047851562e+01,1.354210205078125000e+02,6.300000000000000000e+02
5.316954803466796875e+01,1.354210205078125000e+02,6.300000000000000000e+02
5.385441207885742188e+01,1.354210205078125000e+02,6.300000000000000000e+02
5.453927993774414062e+01,1.354210205078125000e+02,6.300000000000000000e+02
5.522414398193359375e+01,1.354210205078125000e+02,6.300000000000000000e+02
5.599774932861328125e+01,1.356359710693359375e+02,6.310000000000000000e+02
5.668370056152343750e+01,1.356359710693359375e+02,6.310000000000000000e+02
5.736965179443359375e+01,1.356359710693359375e+02,6.310000000000000000e+02
5.805560302734375000e+01,1.356359710693359375e+02,6.310000000000000000e+02
5.874155044555664062e+01,1.356359710693359375e+02,6.310000000000000000e+02
5.942750167846679688e+01,1.356359710693359375e+02,6.310000000000000000e+02
6.011345291137695312e+01,1.356359710693359375e+02,6.310000000000000000e+02
6.079940414428710938e+01,1.356359710693359375e+02,6.310000000000000000e+02
6.148535156250000000e+01,1.356359710693359375e+02,6.310000000000000000e+02
6.217130279541015625e+01,1.356359710693359375e+02,6.310000000000000000e+02
6.285725402832031250e+01,1.356359710693359375e+02,6.310000000000000000e+02
6.354320526123046875e+01,1.356359710693359375e+02,6.310000000000000000e+02
6.422915649414062500e+01,1.356359710693359375e+02,6.310000000000000000e+02
6.481222534179687500e+01,1.354210205078125000e+02,6.300000000000000000e+02
6.549709320068359375e+01,1.354210205078125000e+02,6.300000000000000000e+02
6.618196105957031250e+01,1.354210205078125000e+02,6.300000000000000000e+02
6.686682128906250000e+01,1.354210205078125000e+02,6.300000000000000000e+02
6.755168151855468750e+01,1.354210205078125000e+02,6.300000000000000000e+02
6.823654937744140625e+01,1.354210205078125000e+02,6.300000000000000000e+02
6.892140960693359375e+01,1.354210205078125000e+02,6.300000000000000000e+02
6.960627746582031250e+01,1.354210205078125000e+02,6.300000000000000000e+02
7.029113769531250000e+01,1.354210205078125000e+02,6.300000000000000000e+02
7.097599792480468750e+01,1.354210205078125000e+02,6.300000000000000000e+02
7.166086578369140625e+01,1.354210205078125000e+02,6.300000000000000000e+02
7.234572601318359375e+01,1.354210205078125000e+02,6.300000000000000000e+02
7.314651489257812500e+01,1.356359710693359375e+02,6.310000000000000000e+02
7.383245849609375000e+01,1.356359710693359375e+02,6.310000000000000000e+02
7.451840972900390625e+01,1.356359710693359375e+02,6.310000000000000000e+02
7.520436096191406250e+01,1.356359710693359375e+02,6.310000000000000000e+02
7.601058959960937500e+01,1.358509368896484375e+02,6.320000000000000000e+02
7.669762420654296875e+01,1.358509368896484375e+02,6.320000000000000000e+02
7.738465881347656250e+01,1.358509368896484375e+02,6.320000000000000000e+02
7.807170104980468750e+01,1.358509368896484375e+02,6.320000000000000000e+02
7.888335418701171875e+01,1.360658874511718750e+02,6.330000000000000000e+02
7.957147216796875000e+01,1.360658874511718750e+02,6.330000000000000000e+02
8.025959777832031250e+01,1.360658874511718750e+02,6.330000000000000000e+02
8.094772338867187500e+01,1.360658874511718750e+02,6.330000000000000000e+02
8.163585662841796875e+01,1.360658874511718750e+02,6.330000000000000000e+02
8.232398223876953125e+01,1.360658874511718750e+02,6.330000000000000000e+02
3.478832626342773438e+01,1.365382537841796875e+02,6.320000000000000000e+02
3.541923141479492188e+01,1.363222045898437500e+02,6.310000000000000000e+02
3.610518264770507812e+01,1.363222045898437500e+02,6.310000000000000000e+02
3.673282623291015625e+01,1.361061706542968750e+02,6.300000000000000000e+02
3.741769027709960938e+01,1.361061706542968750e+02,6.300000000000000000e+02
3.810255432128906250e+01,1.361061706542968750e+02,6.300000000000000000e+02
3.872584915161132812e+01,1.358901214599609375e+02,6.290000000000000000e+02
3.940962600708007812e+01,1.358901214599609375e+02,6.290000000000000000e+02
4.002965927124023438e+01,1.356740875244140625e+02,6.280000000000000000e+02
4.071234893798828125e+01,1.356740875244140625e+02,6.280000000000000000e+02
4.139503860473632812e+01,1.356740875244140625e+02,6.280000000000000000e+02
4.207772827148437500e+01,1.356740875244140625e+02,6.280000000000000000e+02
4.269232559204101562e+01,1.354580383300781250e+02,6.270000000000000000e+02
4.337392807006835938e+01,1.354580383300781250e+02,6.270000000000000000e+02
4.405553436279296875e+01,1.354580383300781250e+02,6.270000000000000000e+02
4.473713684082031250e+01,1.354580383300781250e+02,6.270000000000000000e+02
4.541873931884765625e+01,1.354580383300781250e+02,6.270000000000000000e+02
4.610034179687500000e+01,1.354580383300781250e+02,6.270000000000000000e+02
4.685655593872070312e+01,1.356740875244140625e+02,6.280000000000000000e+02
4.753924560546875000e+01,1.356740875244140625e+02,6.280000000000000000e+02
4.822193145751953125e+01,1.356740875244140625e+02,6.280000000000000000e+02
4.890462112426757812e+01,1.356740875244140625e+02,6.280000000000000000e+02
4.958731079101562500e+01,1.356740875244140625e+02,6.280000000000000000e+02
5.035004806518554688e+01,1.358901214599609375e+02,6.290000000000000000e+02
5.103382492065429688e+01,1.358901214599609375e+02,6.290000000000000000e+02
5.171760177612304688e+01,1.358901214599609375e+02,6.290000000000000000e+02
5.248468399047851562e+01,1.361061706542968750e+02,6.300000000000000000e+02
5.316954803466796875e+01,1.361061706542968750e+02,6.300000000000000000e+02
5.385441207885742188e+01,1.361061706542968750e+02,6.300000000000000000e+02
5.453927993774414062e+01,1.361061706542968750e+02,6.300000000000000000e+02
5.522414398193359375e+01,1.361061706542968750e+02,6.300000000000000000e+02
5.599774932861328125e+01,1.363222045898437500e+02,6.310000000000000000e+02
5.668370056152343750e+01,1.363222045898437500e+02,6.310000000000000000e+02
5.736965179443359375e+01,1.363222045898437500e+02,6.310000000000000000e+02
5.805560302734375000e+01,1.363222045898437500e+02,6.310000000000000000e+02
5.874155044555664062e+01,1.363222045898437500e+02,6.310000000000000000e+02
5.942750167846679688e+01,1.363222045898437500e+02,6.310000000000000000e+02
6.011345291137695312e+01,1.363222045898437500e+02,6.310000000000000000e+02
6.079940414428710938e+01,1.363222045898437500e+02,6.310000000000000000e+02
6.148535156250000000e+01,1.363222045898437500e+02,6.310000000000000000e+02
6.217130279541015625e+01,1.363222045898437500e+02,6.310000000000000000e+02
6.285725402832031250e+01,1.363222045898437500e+02,6.310000000000000000e+02
6.354320526123046875e+01,1.363222045898437500e+02,6.310000000000000000e+02
6.422915649414062500e+01,1.363222045898437500e+02,6.310000000000000000e+02
6.491510772705078125e+01,1.363222045898437500e+02,6.310000000000000000e+02
6.560105895996093750e+01,1.363222045898437500e+02,6.310000000000000000e+02
6.628701019287109375e+01,1.363222045898437500e+02,6.310000000000000000e+02
6.686682128906250000e+01,1.361061706542968750e+02,6.300000000000000000e+02
6.755168151855468750e+01,1.361061706542968750e+02,6.300000000000000000e+02
6.834485626220703125e+01,1.363222045898437500e+02,6.310000000000000000e+02
6.903080749511718750e+01,1.363222045898437500e+02,6.310000000000000000e+02
9.877107238769531250e+01,1.376184539794921875e+02,6.370000000000000000e+02
9.946354675292968750e+01,1.376184539794921875e+02,6.370000000000000000e+02
1.001560134887695312e+02,1.376184539794921875e+02,6.370000000000000000e+02
1.008484878540039062e+02,1.376184539794921875e+02,6.370000000000000000e+02
1.015409622192382812e+02,1.376184539794921875e+02,6.370000000000000000e+02
1.023939285278320312e+02,1.378345031738281250e+02,6.380000000000000000e+02
1.030874862670898438e+02,1.378345031738281250e+02,6.380000000000000000e+02
1.037810592651367188e+02,1.378345031738281250e+02,6.380000000000000000e+02
1.044746170043945312e+02,1.378345031738281250e+02,6.380000000000000000e+02
1.051681747436523438e+02,1.378345031738281250e+02,6.380000000000000000e+02
1.058617324829101562e+02,1.378345031738281250e+02,6.380000000000000000e+02
1.065552978515625000e+02,1.378345031738281250e+02,6.380000000000000000e+02
1.074169540405273438e+02,1.380505371093750000e+02,6.390000000000000000e+02
1.081116027832031250e+02,1.380505371093750000e+02,6.390000000000000000e+02
1.088062515258789062e+02,1.380505371093750000e+02,6.390000000000000000e+02
3.341424942016601562e+01,1.372255706787109375e+02,6.320000000000000000e+02
3.404732894897460938e+01,1.370084381103515625e+02,6.310000000000000000e+02
3.473328018188476562e+01,1.370084381103515625e+02,6.310000000000000000e+02
3.536309814453125000e+01,1.367913055419921875e+02,6.300000000000000000e+02
3.604796600341796875e+01,1.367913055419921875e+02,6.300000000000000000e+02
3.673282623291015625e+01,1.367913055419921875e+02,6.300000000000000000e+02
3.735829925537109375e+01,1.365741882324218750e+02,6.290000000000000000e+02
3.804207229614257812e+01,1.365741882324218750e+02,6.290000000000000000e+02
3.866428375244140625e+01,1.363570556640625000e+02,6.280000000000000000e+02
3.934697341918945312e+01,1.363570556640625000e+02,6.280000000000000000e+02
4.002965927124023438e+01,1.363570556640625000e+02,6.280000000000000000e+02
4.064752197265625000e+01,1.361399230957031250e+02,6.270000000000000000e+02
4.132912445068359375e+01,1.361399230957031250e+02,6.270000000000000000e+02
4.201072311401367188e+01,1.361399230957031250e+02,6.270000000000000000e+02
4.269232559204101562e+01,1.361399230957031250e+02,6.270000000000000000e+02
4.337392807006835938e+01,1.361399230957031250e+02,6.270000000000000000e+02
4.405553436279296875e+01,1.361399230957031250e+02,6.270000000000000000e+02
4.473713684082031250e+01,1.361399230957031250e+02,6.270000000000000000e+02
4.541873931884765625e+01,1.361399230957031250e+02,6.270000000000000000e+02
4.610034179687500000e+01,1.361399230957031250e+02,6.270000000000000000e+02
4.678194427490234375e+01,1.361399230957031250e+02,6.270000000000000000e+02
4.746354675292968750e+01,1.361399230957031250e+02,6.270000000000000000e+02
4.822193145751953125e+01,1.363570556640625000e+02,6.280000000000000000e+02
4.890462112426757812e+01,1.363570556640625000e+02,6.280000000000000000e+02
4.958731079101562500e+01,1.363570556640625000e+02,6.280000000000000000e+02
5.027000045776367188e+01,1.363570556640625000e+02,6.280000000000000000e+02
5.103382492065429688e+01,1.365741882324218750e+02,6.290000000000000000e+02
5.171760177612304688e+01,1.365741882324218750e+02,6.290000000000000000e+02
5.240137481689453125e+01,1.365741882324218750e+02,6.290000000000000000e+02
5.316954803466796875e+01,1.367913055419921875e+02,6.300000000000000000e+02
5.385441207885742188e+01,1.367913055419921875e+02,6.300000000000000000e+02
5.453927993774414062e+01,1.367913055419921875e+02,6.300000000000000000e+02
5.522414398193359375e+01,1.367913055419921875e+02,6.300000000000000000e+02
5.599774932861328125e+01,1.370084381103515625e+02,6.310000000000000000e+02
5.668370056152343750e+01,1.370084381103515625e+02,6.310000000000000000e+02
5.736965179443359375e+01,1.370084381103515625e+02,6.310000000000000000e+02
5.805560302734375000e+01,1.370084381103515625e+02,6.310000000000000000e+02
5.874155044555664062e+01,1.370084381103515625e+02,6.310000000000000000e+02
5.942750167846679688e+01,1.370084381103515625e+02,6.310000000000000000e+02
6.011345291137695312e+01,1.370084381103515625e+02,6.310000000000000000e+02
6.079940414428710938e+01,1.370084381103515625e+02,6.310000000000000000e+02
6.148535156250000000e+01,1.370084381103515625e+02,6.310000000000000000e+02
6.217130279541015625e+01,1.370084381103515625e+02,6.310000000000000000e+02
6.285725402832031250e+01,1.370084381103515625e+02,6.310000000000000000e+02
6.354320526123046875e+01,1.370084381103515625e+02,6.310000000000000000e+02
6.422915649414062500e+01,1.370084381103515625e+02,6.310000000000000000e+02
6.491510772705078125e+01,1.370084381103515625e+02,6.310000000000000000e+02
6.560105895996093750e+01,1.370084381103515625e+02,6.310000000000000000e+02
9.170215606689453125e+01,1.380940856933593750e+02,6.360000000000000000e+02
9.239353942871093750e+01,1.380940856933593750e+02,6.360000000000000000e+02
9.308493041992187500e+01,1.380940856933593750e+02,6.360000000000000000e+02
9.377631378173828125e+01,1.380940856933593750e+02,6.360000000000000000e+02
9.446769714355468750e+01,1.380940856933593750e+02,6.360000000000000000e+02
9.515908813476562500e+01,1.380940856933593750e+02,6.360000000000000000e+02
9.585047149658203125e+01,1.380940856933593750e+02,6.360000000000000000e+02
9.654185485839843750e+01,1.380940856933593750e+02,6.360000000000000000e+02
9.723324584960937500e+01,1.380940856933593750e+02,6.360000000000000000e+02
9.792462921142578125e+01,1.380940856933593750e+02,6.360000000000000000e+02
9.861601257324218750e+01,1.380940856933593750e+02,6.360000000000000000e+02
9.930739593505859375e+01,1.380940856933593750e+02,6.360000000000000000e+02
9.999878692626953125e+01,1.380940856933593750e+02,6.360000000000000000e+02
1.008484878540039062e+02,1.383112182617187500e+02,6.370000000000000000e+02
1.015409622192382812e+02,1.383112182617187500e+02,6.370000000000000000e+02
1.022334365844726562e+02,1.383112182617187500e+02,6.370000000000000000e+02
1.029259033203125000e+02,1.383112182617187500e+02,6.370000000000000000e+02
1.036183929443359375e+02,1.383112182617187500e+02,6.370000000000000000e+02
1.043108596801757812e+02,1.383112182617187500e+02,6.370000000000000000e+02
1.050033340454101562e+02,1.383112182617187500e+02,6.370000000000000000e+02
1.056958084106445312e+02,1.383112182617187500e+02,6.370000000000000000e+02
1.063882827758789062e+02,1.383112182617187500e+02,6.370000000000000000e+02
1.072488555908203125e+02,1.385283508300781250e+02,6.380000000000000000e+02
1.079424133300781250e+02,1.385283508300781250e+02,6.380000000000000000e+02
1.086359710693359375e+02,1.385283508300781250e+02,6.380000000000000000e+02
1.093295364379882812e+02,1.385283508300781250e+02,6.380000000000000000e+02
1.100230941772460938e+02,1.385283508300781250e+02,6.380000000000000000e+02
1.107166519165039062e+02,1.385283508300781250e+02,6.380000000000000000e+02
1.114102172851562500e+02,1.385283508300781250e+02,6.380000000000000000e+02
1.121037750244140625e+02,1.385283508300781250e+02,6.380000000000000000e+02
1.127973327636718750e+02,1.385283508300781250e+02,6.380000000000000000e+02
3.267543029785156250e+01,1.376946716308593750e+02,6.310000000000000000e+02
3.336138153076171875e+01,1.376946716308593750e+02,6.310000000000000000e+02
3.399337387084960938e+01,1.374764556884765625e+02,6.300000000000000000e+02
3.467823410034179688e+01,1.374764556884765625e+02,6.300000000000000000e+02
3.536309814453125000e+01,1.374764556884765625e+02,6.300000000000000000e+02
3.599074554443359375e+01,1.372582397460937500e+02,6.290000000000000000e+02
3.667452239990234375e+01,1.372582397460937500e+02,6.290000000000000000e+02
3.729890441894531250e+01,1.370400238037109375e+02,6.280000000000000000e+02
3.798159408569335938e+01,1.370400238037109375e+02,6.280000000000000000e+02
3.866428375244140625e+01,1.370400238037109375e+02,6.280000000000000000e+02
3.928431701660156250e+01,1.368218078613281250e+02,6.270000000000000000e+02
3.996591949462890625e+01,1.368218078613281250e+02,6.270000000000000000e+02
4.064752197265625000e+01,1.368218078613281250e+02,6.270000000000000000e+02
4.126320648193359375e+01,1.366035919189453125e+02,6.260000000000000000e+02
4.194372177124023438e+01,1.366035919189453125e+02,6.260000000000000000e+02
4.262423706054687500e+01,1.366035919189453125e+02,6.260000000000000000e+02
4.330475234985351562e+01,1.366035919189453125e+02,6.260000000000000000e+02
4.398527145385742188e+01,1.366035919189453125e+02,6.260000000000000000e+02
4.466578674316406250e+01,1.366035919189453125e+02,6.260000000000000000e+02
4.534630203247070312e+01,1.366035919189453125e+02,6.260000000000000000e+02
4.602681732177734375e+01,1.366035919189453125e+02,6.260000000000000000e+02
4.670732879638671875e+01,1.366035919189453125e+02,6.260000000000000000e+02
4.746354675292968750e+01,1.368218078613281250e+02,6.270000000000000000e+02
4.814514541625976562e+01,1.368218078613281250e+02,6.270000000000000000e+02
4.882674789428710938e+01,1.368218078613281250e+02,6.270000000000000000e+02
4.958731079101562500e+01,1.370400238037109375e+02,6.280000000000000000e+02
5.027000045776367188e+01,1.370400238037109375e+02,6.280000000000000000e+02
5.095269012451171875e+01,1.370400238037109375e+02,6.280000000000000000e+02
5.171760177612304688e+01,1.372582397460937500e+02,6.290000000000000000e+02
5.240137481689453125e+01,1.372582397460937500e+02,6.290000000000000000e+02
5.316954803466796875e+01,1.374764556884765625e+02,6.300000000000000000e+02
5.385441207885742188e+01,1.374764556884765625e+02,6.300000000000000000e+02
5.453927993774414062e+01,1.374764556884765625e+02,6.300000000000000000e+02
5.522414398193359375e+01,1.374764556884765625e+02,6.300000000000000000e+02
5.599774932861328125e+01,1.376946716308593750e+02,6.310000000000000000e+02
5.668370056152343750e+01,1.376946716308593750e+02,6.310000000000000000e+02
5.736965179443359375e+01,1.376946716308593750e+02,6.310000000000000000e+02
5.805560302734375000e+01,1.376946716308593750e+02,6.310000000000000000e+02
5.874155044555664062e+01,1.376946716308593750e+02,6.310000000000000000e+02
5.942750167846679688e+01,1.376946716308593750e+02,6.310000000000000000e+02
6.011345291137695312e+01,1.376946716308593750e+02,6.310000000000000000e+02
6.079940414428710938e+01,1.376946716308593750e+02,6.310000000000000000e+02
6.158279418945312500e+01,1.379128875732421875e+02,6.320000000000000000e+02
6.226983261108398438e+01,1.379128875732421875e+02,6.320000000000000000e+02
6.295686721801757812e+01,1.379128875732421875e+02,6.320000000000000000e+02
6.364390563964843750e+01,1.379128875732421875e+02,6.320000000000000000e+02
9.101077270507812500e+01,1.387857513427734375e+02,6.360000000000000000e+02
9.170215606689453125e+01,1.387857513427734375e+02,6.360000000000000000e+02
9.239353942871093750e+01,1.387857513427734375e+02,6.360000000000000000e+02
9.308493041992187500e+01,1.387857513427734375e+02,6.360000000000000000e+02
9.362886810302734375e+01,1.385675354003906250e+02,6.350000000000000000e+02
9.431916809082031250e+01,1.385675354003906250e+02,6.350000000000000000e+02
9.500946044921875000e+01,1.385675354003906250e+02,6.350000000000000000e+02
9.569976043701171875e+01,1.385675354003906250e+02,6.350000000000000000e+02
9.639006042480468750e+01,1.385675354003906250e+02,6.350000000000000000e+02
9.708036041259765625e+01,1.385675354003906250e+02,6.350000000000000000e+02
9.777066040039062500e+01,1.385675354003906250e+02,6.350000000000000000e+02
9.846096038818359375e+01,1.385675354003906250e+02,6.350000000000000000e+02
9.915125274658203125e+01,1.385675354003906250e+02,6.350000000000000000e+02
9.999878692626953125e+01,1.387857513427734375e+02,6.360000000000000000e+02
1.006901702880859375e+02,1.387857513427734375e+02,6.360000000000000000e+02
1.013815536499023438e+02,1.387857513427734375e+02,6.360000000000000000e+02
1.020729446411132812e+02,1.387857513427734375e+02,6.360000000000000000e+02
1.027643280029296875e+02,1.387857513427734375e+02,6.360000000000000000e+02
1.034557266235351562e+02,1.387857513427734375e+02,6.360000000000000000e+02
1.041471099853515625e+02,1.387857513427734375e+02,6.360000000000000000e+02
1.048384933471679688e+02,1.387857513427734375e+02,6.360000000000000000e+02
1.055298767089843750e+02,1.387857513427734375e+02,6.360000000000000000e+02
1.062212677001953125e+02,1.387857513427734375e+02,6.360000000000000000e+02
1.069126510620117188e+02,1.387857513427734375e+02,6.360000000000000000e+02
1.077732238769531250e+02,1.390039672851562500e+02,6.370000000000000000e+02
1.084656982421875000e+02,1.390039672851562500e+02,6.370000000000000000e+02
1.091581726074218750e+02,1.390039672851562500e+02,6.370000000000000000e+02
1.098506469726562500e+02,1.390039672851562500e+02,6.370000000000000000e+02
1.105431137084960938e+02,1.390039672851562500e+02,6.370000000000000000e+02
1.112355880737304688e+02,1.390039672851562500e+02,6.370000000000000000e+02
1.119280624389648438e+02,1.390039672851562500e+02,6.370000000000000000e+02
1.124437408447265625e+02,1.387857513427734375e+02,6.360000000000000000e+02
1.131351242065429688e+02,1.387857513427734375e+02,6.360000000000000000e+02
1.138265075683593750e+02,1.387857513427734375e+02,6.360000000000000000e+02
1.145178909301757812e+02,1.387857513427734375e+02,6.360000000000000000e+02
3.130352973937988281e+01,1.383809051513671875e+02,6.310000000000000000e+02
3.198947906494140625e+01,1.383809051513671875e+02,6.310000000000000000e+02
3.262364578247070312e+01,1.381616058349609375e+02,6.300000000000000000e+02
3.330850982666015625e+01,1.381616058349609375e+02,6.300000000000000000e+02
3.399337387084960938e+01,1.381616058349609375e+02,6.300000000000000000e+02
3.462319183349609375e+01,1.379422912597656250e+02,6.290000000000000000e+02
3.530696868896484375e+01,1.379422912597656250e+02,6.290000000000000000e+02
3.593352508544921875e+01,1.377229919433593750e+02,6.280000000000000000e+02
3.661621475219726562e+01,1.377229919433593750e+02,6.280000000000000000e+02
3.729890441894531250e+01,1.377229919433593750e+02,6.280000000000000000e+02
3.792111206054687500e+01,1.375036926269531250e+02,6.270000000000000000e+02
3.860271453857421875e+01,1.375036926269531250e+02,6.270000000000000000e+02
3.928431701660156250e+01,1.375036926269531250e+02,6.270000000000000000e+02
3.990217590332031250e+01,1.372843780517578125e+02,6.260000000000000000e+02
4.058269119262695312e+01,1.372843780517578125e+02,6.260000000000000000e+02
4.126320648193359375e+01,1.372843780517578125e+02,6.260000000000000000e+02
4.194372177124023438e+01,1.372843780517578125e+02,6.260000000000000000e+02
4.262423706054687500e+01,1.372843780517578125e+02,6.260000000000000000e+02
4.330475234985351562e+01,1.372843780517578125e+02,6.260000000000000000e+02
4.398527145385742188e+01,1.372843780517578125e+02,6.260000000000000000e+02
4.466578674316406250e+01,1.372843780517578125e+02,6.260000000000000000e+02
4.534630203247070312e+01,1.372843780517578125e+02,6.260000000000000000e+02
4.602681732177734375e+01,1.372843780517578125e+02,6.260000000000000000e+02
4.670732879638671875e+01,1.372843780517578125e+02,6.260000000000000000e+02
4.738784408569335938e+01,1.372843780517578125e+02,6.260000000000000000e+02
4.806835937500000000e+01,1.372843780517578125e+02,6.260000000000000000e+02
4.882674789428710938e+01,1.375036926269531250e+02,6.270000000000000000e+02
4.950835037231445312e+01,1.375036926269531250e+02,6.270000000000000000e+02
5.027000045776367188e+01,1.377229919433593750e+02,6.280000000000000000e+02
5.095269012451171875e+01,1.377229919433593750e+02,6.280000000000000000e+02
5.163537979125976562e+01,1.377229919433593750e+02,6.280000000000000000e+02
5.240137481689453125e+01,1.379422912597656250e+02,6.290000000000000000e+02
5.308515167236328125e+01,1.379422912597656250e+02,6.290000000000000000e+02
5.385441207885742188e+01,1.381616058349609375e+02,6.300000000000000000e+02
5.453927993774414062e+01,1.381616058349609375e+02,6.300000000000000000e+02
5.522414398193359375e+01,1.381616058349609375e+02,6.300000000000000000e+02
5.599774932861328125e+01,1.383809051513671875e+02,6.310000000000000000e+02
5.668370056152343750e+01,1.383809051513671875e+02,6.310000000000000000e+02
5.736965179443359375e+01,1.383809051513671875e+02,6.310000000000000000e+02
5.805560302734375000e+01,1.383809051513671875e+02,6.310000000000000000e+02
5.874155044555664062e+01,1.383809051513671875e+02,6.310000000000000000e+02
5.952168273925781250e+01,1.386002044677734375e+02,6.320000000000000000e+02
6.020871734619140625e+01,1.386002044677734375e+02,6.320000000000000000e+02
6.089575576782226562e+01,1.386002044677734375e+02,6.320000000000000000e+02
8.893661499023437500e+01,1.394774322509765625e+02,6.360000000000000000e+02
8.962799835205078125e+01,1.394774322509765625e+02,6.360000000000000000e+02
9.031938934326171875e+01,1.394774322509765625e+02,6.360000000000000000e+02
9.101077270507812500e+01,1.394774322509765625e+02,6.360000000000000000e+02
9.170215606689453125e+01,1.394774322509765625e+02,6.360000000000000000e+02
9.224826812744140625e+01,1.392581176757812500e+02,6.350000000000000000e+02
9.293856811523437500e+01,1.392581176757812500e+02,6.350000000000000000e+02
9.362886810302734375e+01,1.392581176757812500e+02,6.350000000000000000e+02
9.431916809082031250e+01,1.392581176757812500e+02,6.350000000000000000e+02
9.485984039306640625e+01,1.390388183593750000e+02,6.340000000000000000e+02
9.569976043701171875e+01,1.392581176757812500e+02,6.350000000000000000e+02
9.623826599121093750e+01,1.390388183593750000e+02,6.340000000000000000e+02
9.692747497558593750e+01,1.390388183593750000e+02,6.340000000000000000e+02
9.761669158935546875e+01,1.390388183593750000e+02,6.340000000000000000e+02
9.830590057373046875e+01,1.390388183593750000e+02,6.340000000000000000e+02
9.915125274658203125e+01,1.392581176757812500e+02,6.350000000000000000e+02
9.984155273437500000e+01,1.392581176757812500e+02,6.350000000000000000e+02
1.005318527221679688e+02,1.392581176757812500e+02,6.350000000000000000e+02
1.012221527099609375e+02,1.392581176757812500e+02,6.350000000000000000e+02
1.019124526977539062e+02,1.392581176757812500e+02,6.350000000000000000e+02
1.026027526855468750e+02,1.392581176757812500e+02,6.350000000000000000e+02
1.032930603027343750e+02,1.392581176757812500e+02,6.350000000000000000e+02
1.039833526611328125e+02,1.392581176757812500e+02,6.350000000000000000e+02
1.046736526489257812e+02,1.392581176757812500e+02,6.350000000000000000e+02
1.053639526367187500e+02,1.392581176757812500e+02,6.350000000000000000e+02
1.060542526245117188e+02,1.392581176757812500e+02,6.350000000000000000e+02
1.067445526123046875e+02,1.392581176757812500e+02,6.350000000000000000e+02
1.074348449707031250e+02,1.392581176757812500e+02,6.350000000000000000e+02
1.081251449584960938e+02,1.392581176757812500e+02,6.350000000000000000e+02
1.088154449462890625e+02,1.392581176757812500e+02,6.350000000000000000e+02
1.095057449340820312e+02,1.392581176757812500e+02,6.350000000000000000e+02
1.101960449218750000e+02,1.392581176757812500e+02,6.350000000000000000e+02
1.108863449096679688e+02,1.392581176757812500e+02,6.350000000000000000e+02
1.115766372680664062e+02,1.392581176757812500e+02,6.350000000000000000e+02
1.122669372558593750e+02,1.392581176757812500e+02,6.350000000000000000e+02
1.129572372436523438e+02,1.392581176757812500e+02,6.350000000000000000e+02
1.136475372314453125e+02,1.392581176757812500e+02,6.350000000000000000e+02
1.143378372192382812e+02,1.392581176757812500e+02,6.350000000000000000e+02
1.150281295776367188e+02,1.392581176757812500e+02,6.350000000000000000e+02
1.159006652832031250e+02,1.394774322509765625e+02,6.360000000000000000e+02
1.165920486450195312e+02,1.394774322509765625e+02,6.360000000000000000e+02
3.125391960144042969e+01,1.388467559814453125e+02,6.300000000000000000e+02
3.193878364562988281e+01,1.388467559814453125e+02,6.300000000000000000e+02
3.257186126708984375e+01,1.386263580322265625e+02,6.290000000000000000e+02
3.325563812255859375e+01,1.386263580322265625e+02,6.290000000000000000e+02
3.388545608520507812e+01,1.384059753417968750e+02,6.280000000000000000e+02
3.456814575195312500e+01,1.384059753417968750e+02,6.280000000000000000e+02
3.525083541870117188e+01,1.384059753417968750e+02,6.280000000000000000e+02
3.587630844116210938e+01,1.381855773925781250e+02,6.270000000000000000e+02
3.655791091918945312e+01,1.381855773925781250e+02,6.270000000000000000e+02
3.723950958251953125e+01,1.381855773925781250e+02,6.270000000000000000e+02
3.786063385009765625e+01,1.379651947021484375e+02,6.260000000000000000e+02
3.854114913940429688e+01,1.379651947021484375e+02,6.260000000000000000e+02
3.922166442871093750e+01,1.379651947021484375e+02,6.260000000000000000e+02
3.990217590332031250e+01,1.379651947021484375e+02,6.260000000000000000e+02
4.058269119262695312e+01,1.379651947021484375e+02,6.260000000000000000e+02
4.126320648193359375e+01,1.379651947021484375e+02,6.260000000000000000e+02
4.187672042846679688e+01,1.377447967529296875e+02,6.250000000000000000e+02
4.255614852905273438e+01,1.377447967529296875e+02,6.250000000000000000e+02
4.323557662963867188e+01,1.377447967529296875e+02,6.250000000000000000e+02
4.391500854492187500e+01,1.377447967529296875e+02,6.250000000000000000e+02
4.459443664550781250e+01,1.377447967529296875e+02,6.250000000000000000e+02
4.527386093139648438e+01,1.377447967529296875e+02,6.250000000000000000e+02
4.595328903198242188e+01,1.377447967529296875e+02,6.250000000000000000e+02
4.670732879638671875e+01,1.379651947021484375e+02,6.260000000000000000e+02
4.738784408569335938e+01,1.379651947021484375e+02,6.260000000000000000e+02
4.806835937500000000e+01,1.379651947021484375e+02,6.260000000000000000e+02
4.874887466430664062e+01,1.379651947021484375e+02,6.260000000000000000e+02
4.950835037231445312e+01,1.381855773925781250e+02,6.270000000000000000e+02
5.018995285034179688e+01,1.381855773925781250e+02,6.270000000000000000e+02
5.095269012451171875e+01,1.384059753417968750e+02,6.280000000000000000e+02
5.163537979125976562e+01,1.384059753417968750e+02,6.280000000000000000e+02
5.240137481689453125e+01,1.386263580322265625e+02,6.290000000000000000e+02
5.308515167236328125e+01,1.386263580322265625e+02,6.290000000000000000e+02
5.385441207885742188e+01,1.388467559814453125e+02,6.300000000000000000e+02
5.453927993774414062e+01,1.388467559814453125e+02,6.300000000000000000e+02
5.522414398193359375e+01,1.388467559814453125e+02,6.300000000000000000e+02
5.599774932861328125e+01,1.390671539306640625e+02,6.310000000000000000e+02
5.668370056152343750e+01,1.390671539306640625e+02,6.310000000000000000e+02
5.736965179443359375e+01,1.390671539306640625e+02,6.310000000000000000e+02
5.805560302734375000e+01,1.390671539306640625e+02,6.310000000000000000e+02
5.883464431762695312e+01,1.392875366210937500e+02,6.320000000000000000e+02
5.952168273925781250e+01,1.392875366210937500e+02,6.320000000000000000e+02
8.686245727539062500e+01,1.401691131591796875e+02,6.360000000000000000e+02
8.755384063720703125e+01,1.401691131591796875e+02,6.360000000000000000e+02
8.824523162841796875e+01,1.401691131591796875e+02,6.360000000000000000e+02
8.893661499023437500e+01,1.401691131591796875e+02,6.360000000000000000e+02
8.962799835205078125e+01,1.401691131591796875e+02,6.360000000000000000e+02
9.017737579345703125e+01,1.399487152099609375e+02,6.350000000000000000e+02
9.086767578125000000e+01,1.399487152099609375e+02,6.350000000000000000e+02
9.155796813964843750e+01,1.399487152099609375e+02,6.350000000000000000e+02
9.224826812744140625e+01,1.399487152099609375e+02,6.350000000000000000e+02
9.279220581054687500e+01,1.397283172607421875e+02,6.340000000000000000e+02
9.348142242431640625e+01,1.397283172607421875e+02,6.340000000000000000e+02
9.417063140869140625e+01,1.397283172607421875e+02,6.340000000000000000e+02
9.485984039306640625e+01,1.397283172607421875e+02,6.340000000000000000e+02
9.554905700683593750e+01,1.397283172607421875e+02,6.340000000000000000e+02
9.623826599121093750e+01,1.397283172607421875e+02,6.340000000000000000e+02
9.692747497558593750e+01,1.397283172607421875e+02,6.340000000000000000e+02
9.761669158935546875e+01,1.397283172607421875e+02,6.340000000000000000e+02
9.830590057373046875e+01,1.397283172607421875e+02,6.340000000000000000e+02
9.899510955810546875e+01,1.397283172607421875e+02,6.340000000000000000e+02
9.968432617187500000e+01,1.397283172607421875e+02,6.340000000000000000e+02
1.002152175903320312e+02,1.395079345703125000e+02,6.330000000000000000e+02
1.009033432006835938e+02,1.395079345703125000e+02,6.330000000000000000e+02
1.015914688110351562e+02,1.395079345703125000e+02,6.330000000000000000e+02
1.022795867919921875e+02,1.395079345703125000e+02,6.330000000000000000e+02
1.029677276611328125e+02,1.395079345703125000e+02,6.330000000000000000e+02
1.036558456420898438e+02,1.395079345703125000e+02,6.330000000000000000e+02
1.043439712524414062e+02,1.395079345703125000e+02,6.330000000000000000e+02
1.050320968627929688e+02,1.395079345703125000e+02,6.330000000000000000e+02
1.057202224731445312e+02,1.395079345703125000e+02,6.330000000000000000e+02
1.064083480834960938e+02,1.395079345703125000e+02,6.330000000000000000e+02
1.072656631469726562e+02,1.397283172607421875e+02,6.340000000000000000e+02
1.077845993041992188e+02,1.395079345703125000e+02,6.330000000000000000e+02
1.084727172851562500e+02,1.395079345703125000e+02,6.330000000000000000e+02
1.091608428955078125e+02,1.395079345703125000e+02,6.330000000000000000e+02
1.098489685058593750e+02,1.395079345703125000e+02,6.330000000000000000e+02
1.105370941162109375e+02,1.395079345703125000e+02,6.330000000000000000e+02
1.112252197265625000e+02,1.395079345703125000e+02,6.330000000000000000e+02
1.119133453369140625e+02,1.395079345703125000e+02,6.330000000000000000e+02
1.126014633178710938e+02,1.395079345703125000e+02,6.330000000000000000e+02
1.132895889282226562e+02,1.395079345703125000e+02,6.330000000000000000e+02
1.139777145385742188e+02,1.395079345703125000e+02,6.330000000000000000e+02
1.146658401489257812e+02,1.395079345703125000e+02,6.330000000000000000e+02
1.155362014770507812e+02,1.397283172607421875e+02,6.340000000000000000e+02
1.162254104614257812e+02,1.397283172607421875e+02,6.340000000000000000e+02
1.170990295410156250e+02,1.399487152099609375e+02,6.350000000000000000e+02
1.177893295288085938e+02,1.399487152099609375e+02,6.350000000000000000e+02
1.184796295166015625e+02,1.399487152099609375e+02,6.350000000000000000e+02
3.056905364990234375e+01,1.395319061279296875e+02,6.300000000000000000e+02
3.120431137084960938e+01,1.393104248046875000e+02,6.290000000000000000e+02
3.188808631896972656e+01,1.393104248046875000e+02,6.290000000000000000e+02
3.252008056640625000e+01,1.390889434814453125e+02,6.280000000000000000e+02
3.320276641845703125e+01,1.390889434814453125e+02,6.280000000000000000e+02
3.383150100708007812e+01,1.388674621582031250e+02,6.270000000000000000e+02
3.451309967041015625e+01,1.388674621582031250e+02,6.270000000000000000e+02
3.519470214843750000e+01,1.388674621582031250e+02,6.270000000000000000e+02
3.581908798217773438e+01,1.386459808349609375e+02,6.260000000000000000e+02
3.649960327148437500e+01,1.386459808349609375e+02,6.260000000000000000e+02
3.718011856079101562e+01,1.386459808349609375e+02,6.260000000000000000e+02
3.786063385009765625e+01,1.386459808349609375e+02,6.260000000000000000e+02
3.854114913940429688e+01,1.386459808349609375e+02,6.260000000000000000e+02
3.915900802612304688e+01,1.384244995117187500e+02,6.250000000000000000e+02
3.983843612670898438e+01,1.384244995117187500e+02,6.250000000000000000e+02
4.051786422729492188e+01,1.384244995117187500e+02,6.250000000000000000e+02
4.119729232788085938e+01,1.384244995117187500e+02,6.250000000000000000e+02
4.187672042846679688e+01,1.384244995117187500e+02,6.250000000000000000e+02
4.255614852905273438e+01,1.384244995117187500e+02,6.250000000000000000e+02
4.323557662963867188e+01,1.384244995117187500e+02,6.250000000000000000e+02
4.391500854492187500e+01,1.384244995117187500e+02,6.250000000000000000e+02
4.459443664550781250e+01,1.384244995117187500e+02,6.250000000000000000e+02
4.527386093139648438e+01,1.384244995117187500e+02,6.250000000000000000e+02
4.595328903198242188e+01,1.384244995117187500e+02,6.250000000000000000e+02
4.663271713256835938e+01,1.384244995117187500e+02,6.250000000000000000e+02
4.731214523315429688e+01,1.384244995117187500e+02,6.250000000000000000e+02
4.806835937500000000e+01,1.386459808349609375e+02,6.260000000000000000e+02
4.874887466430664062e+01,1.386459808349609375e+02,6.260000000000000000e+02
4.942938995361328125e+01,1.386459808349609375e+02,6.260000000000000000e+02
5.018995285034179688e+01,1.388674621582031250e+02,6.270000000000000000e+02
5.095269012451171875e+01,1.390889434814453125e+02,6.280000000000000000e+02
5.163537979125976562e+01,1.390889434814453125e+02,6.280000000000000000e+02
5.240137481689453125e+01,1.393104248046875000e+02,6.290000000000000000e+02
5.308515167236328125e+01,1.393104248046875000e+02,6.290000000000000000e+02
5.385441207885742188e+01,1.395319061279296875e+02,6.300000000000000000e+02
5.453927993774414062e+01,1.395319061279296875e+02,6.300000000000000000e+02
5.522414398193359375e+01,1.395319061279296875e+02,6.300000000000000000e+02
5.599774932861328125e+01,1.397533721923828125e+02,6.310000000000000000e+02
5.668370056152343750e+01,1.397533721923828125e+02,6.310000000000000000e+02
5.736965179443359375e+01,1.397533721923828125e+02,6.310000000000000000e+02
5.805560302734375000e+01,1.397533721923828125e+02,6.310000000000000000e+02
8.258409118652343750e+01,1.406392974853515625e+02,6.350000000000000000e+02
8.327439117431640625e+01,1.406392974853515625e+02,6.350000000000000000e+02
8.396468353271484375e+01,1.406392974853515625e+02,6.350000000000000000e+02
8.465498352050781250e+01,1.406392974853515625e+02,6.350000000000000000e+02
8.534528350830078125e+01,1.406392974853515625e+02,6.350000000000000000e+02
8.603558349609375000e+01,1.406392974853515625e+02,6.350000000000000000e+02
8.672588348388671875e+01,1.406392974853515625e+02,6.350000000000000000e+02
8.741617584228515625e+01,1.406392974853515625e+02,6.350000000000000000e+02
8.810647583007812500e+01,1.406392974853515625e+02,6.350000000000000000e+02
8.879677581787109375e+01,1.406392974853515625e+02,6.350000000000000000e+02
8.948707580566406250e+01,1.406392974853515625e+02,6.350000000000000000e+02
9.017737579345703125e+01,1.406392974853515625e+02,6.350000000000000000e+02
9.086767578125000000e+01,1.406392974853515625e+02,6.350000000000000000e+02
9.141378784179687500e+01,1.404178161621093750e+02,6.340000000000000000e+02
9.210299682617187500e+01,1.404178161621093750e+02,6.340000000000000000e+02
9.279220581054687500e+01,1.404178161621093750e+02,6.340000000000000000e+02
9.348142242431640625e+01,1.404178161621093750e+02,6.340000000000000000e+02
9.402209472656250000e+01,1.401963348388671875e+02,6.330000000000000000e+02
9.471022033691406250e+01,1.401963348388671875e+02,6.330000000000000000e+02
9.539834594726562500e+01,1.401963348388671875e+02,6.330000000000000000e+02
9.593467712402343750e+01,1.399748535156250000e+02,6.320000000000000000e+02
9.662171173095703125e+01,1.399748535156250000e+02,6.320000000000000000e+02
9.730874633789062500e+01,1.399748535156250000e+02,6.320000000000000000e+02
9.799578857421875000e+01,1.399748535156250000e+02,6.320000000000000000e+02
9.868282318115234375e+01,1.399748535156250000e+02,6.320000000000000000e+02
9.936986541748046875e+01,1.399748535156250000e+02,6.320000000000000000e+02
1.000569000244140625e+02,1.399748535156250000e+02,6.320000000000000000e+02
1.005845336914062500e+02,1.397533721923828125e+02,6.310000000000000000e+02
1.012704849243164062e+02,1.397533721923828125e+02,6.310000000000000000e+02
1.019564361572265625e+02,1.397533721923828125e+02,6.310000000000000000e+02
1.026423950195312500e+02,1.397533721923828125e+02,6.310000000000000000e+02
1.033283386230468750e+02,1.397533721923828125e+02,6.310000000000000000e+02
1.040142898559570312e+02,1.397533721923828125e+02,6.310000000000000000e+02
1.047002410888671875e+02,1.397533721923828125e+02,6.310000000000000000e+02
1.053861923217773438e+02,1.397533721923828125e+02,6.310000000000000000e+02
1.060721435546875000e+02,1.397533721923828125e+02,6.310000000000000000e+02
1.067580947875976562e+02,1.397533721923828125e+02,6.310000000000000000e+02
1.074440460205078125e+02,1.397533721923828125e+02,6.310000000000000000e+02
1.083013534545898438e+02,1.399748535156250000e+02,6.320000000000000000e+02
1.088159408569335938e+02,1.397533721923828125e+02,6.310000000000000000e+02
1.095018920898437500e+02,1.397533721923828125e+02,6.310000000000000000e+02
1.103624725341796875e+02,1.399748535156250000e+02,6.320000000000000000e+02
1.108737945556640625e+02,1.397533721923828125e+02,6.310000000000000000e+02
1.115597457885742188e+02,1.397533721923828125e+02,6.310000000000000000e+02
1.124235839843750000e+02,1.399748535156250000e+02,6.320000000000000000e+02
1.131106185913085938e+02,1.399748535156250000e+02,6.320000000000000000e+02
1.137976531982421875e+02,1.399748535156250000e+02,6.320000000000000000e+02
1.144846954345703125e+02,1.399748535156250000e+02,6.320000000000000000e+02
1.151717300415039062e+02,1.399748535156250000e+02,6.320000000000000000e+02
1.160420913696289062e+02,1.401963348388671875e+02,6.330000000000000000e+02
1.167302093505859375e+02,1.401963348388671875e+02,6.330000000000000000e+02
1.176038360595703125e+02,1.404178161621093750e+02,6.340000000000000000e+02
1.182930450439453125e+02,1.404178161621093750e+02,6.340000000000000000e+02
1.189822540283203125e+02,1.404178161621093750e+02,6.340000000000000000e+02
1.198602218627929688e+02,1.406392974853515625e+02,6.350000000000000000e+02
1.207403640747070312e+02,1.408607788085937500e+02,6.360000000000000000e+02
2.983675575256347656e+01,1.399944763183593750e+02,6.290000000000000000e+02
3.052053260803222656e+01,1.399944763183593750e+02,6.290000000000000000e+02
3.115470123291015625e+01,1.397719116210937500e+02,6.280000000000000000e+02
3.178669357299804688e+01,1.395493469238281250e+02,6.270000000000000000e+02
3.246829605102539062e+01,1.395493469238281250e+02,6.270000000000000000e+02
3.309702682495117188e+01,1.393267822265625000e+02,6.260000000000000000e+02
3.377754211425781250e+01,1.393267822265625000e+02,6.260000000000000000e+02
3.445805740356445312e+01,1.393267822265625000e+02,6.260000000000000000e+02
3.513857269287109375e+01,1.393267822265625000e+02,6.260000000000000000e+02
3.581908798217773438e+01,1.393267822265625000e+02,6.260000000000000000e+02
3.644129562377929688e+01,1.391042175292968750e+02,6.250000000000000000e+02
3.712072372436523438e+01,1.391042175292968750e+02,6.250000000000000000e+02
3.780015182495117188e+01,1.391042175292968750e+02,6.250000000000000000e+02
3.847957992553710938e+01,1.391042175292968750e+02,6.250000000000000000e+02
3.909635543823242188e+01,1.388816375732421875e+02,6.240000000000000000e+02
3.977469635009765625e+01,1.388816375732421875e+02,6.240000000000000000e+02
4.045303344726562500e+01,1.388816375732421875e+02,6.240000000000000000e+02
4.113137435913085938e+01,1.388816375732421875e+02,6.240000000000000000e+02
4.180971527099609375e+01,1.388816375732421875e+02,6.240000000000000000e+02
4.248805618286132812e+01,1.388816375732421875e+02,6.240000000000000000e+02
4.316639709472656250e+01,1.388816375732421875e+02,6.240000000000000000e+02
4.384474182128906250e+01,1.388816375732421875e+02,6.240000000000000000e+02
4.452308273315429688e+01,1.388816375732421875e+02,6.240000000000000000e+02
4.520142364501953125e+01,1.388816375732421875e+02,6.240000000000000000e+02
4.587976455688476562e+01,1.388816375732421875e+02,6.240000000000000000e+02
4.655810546875000000e+01,1.388816375732421875e+02,6.240000000000000000e+02
4.731214523315429688e+01,1.391042175292968750e+02,6.250000000000000000e+02
4.799157333374023438e+01,1.391042175292968750e+02,6.250000000000000000e+02
4.867100143432617188e+01,1.391042175292968750e+02,6.250000000000000000e+02
4.942938995361328125e+01,1.393267822265625000e+02,6.260000000000000000e+02
5.018995285034179688e+01,1.395493469238281250e+02,6.270000000000000000e+02
5.087155532836914062e+01,1.395493469238281250e+02,6.270000000000000000e+02
5.163537979125976562e+01,1.397719116210937500e+02,6.280000000000000000e+02
5.240137481689453125e+01,1.399944763183593750e+02,6.290000000000000000e+02
5.308515167236328125e+01,1.399944763183593750e+02,6.290000000000000000e+02
5.385441207885742188e+01,1.402170410156250000e+02,6.300000000000000000e+02
5.453927993774414062e+01,1.402170410156250000e+02,6.300000000000000000e+02
5.522414398193359375e+01,1.402170410156250000e+02,6.300000000000000000e+02
5.599774932861328125e+01,1.404396057128906250e+02,6.310000000000000000e+02
5.668370056152343750e+01,1.404396057128906250e+02,6.310000000000000000e+02
8.120348358154296875e+01,1.413298797607421875e+02,6.350000000000000000e+02
8.176482391357421875e+01,1.411073150634765625e+02,6.340000000000000000e+02
8.245403289794921875e+01,1.411073150634765625e+02,6.340000000000000000e+02
8.314324951171875000e+01,1.411073150634765625e+02,6.340000000000000000e+02
8.383245849609375000e+01,1.411073150634765625e+02,6.340000000000000000e+02
8.452166748046875000e+01,1.411073150634765625e+02,6.340000000000000000e+02
8.521088409423828125e+01,1.411073150634765625e+02,6.340000000000000000e+02
8.590009307861328125e+01,1.411073150634765625e+02,6.340000000000000000e+02
8.658930206298828125e+01,1.411073150634765625e+02,6.340000000000000000e+02
8.727851867675781250e+01,1.411073150634765625e+02,6.340000000000000000e+02
8.796772766113281250e+01,1.411073150634765625e+02,6.340000000000000000e+02
8.865693664550781250e+01,1.411073150634765625e+02,6.340000000000000000e+02
8.934615325927734375e+01,1.411073150634765625e+02,6.340000000000000000e+02
8.989334869384765625e+01,1.408847503662109375e+02,6.330000000000000000e+02
9.058147430419921875e+01,1.408847503662109375e+02,6.330000000000000000e+02
9.126959991455078125e+01,1.408847503662109375e+02,6.330000000000000000e+02
9.195772552490234375e+01,1.408847503662109375e+02,6.330000000000000000e+02
9.264585113525390625e+01,1.408847503662109375e+02,6.330000000000000000e+02
9.318652343750000000e+01,1.406621856689453125e+02,6.320000000000000000e+02
9.387356567382812500e+01,1.406621856689453125e+02,6.320000000000000000e+02
9.456060028076171875e+01,1.406621856689453125e+02,6.320000000000000000e+02
9.524763488769531250e+01,1.406621856689453125e+02,6.320000000000000000e+02
0.000000000000000000e+00,0.000000000000000000e+00,0.000000000000000000e+00
9.646883392333984375e+01,1.404396057128906250e+02,6.310000000000000000e+02
9.715477752685546875e+01,1.404396057128906250e+02,6.310000000000000000e+02
9.768567657470703125e+01,1.402170410156250000e+02,6.300000000000000000e+02
9.837053680419921875e+01,1.402170410156250000e+02,6.300000000000000000e+02
9.905539703369140625e+01,1.402170410156250000e+02,6.300000000000000000e+02
9.974026489257812500e+01,1.402170410156250000e+02,6.300000000000000000e+02
1.004251251220703125e+02,1.402170410156250000e+02,6.300000000000000000e+02
1.009495010375976562e+02,1.399944763183593750e+02,6.290000000000000000e+02
1.016332702636718750e+02,1.399944763183593750e+02,6.290000000000000000e+02
1.023170623779296875e+02,1.399944763183593750e+02,6.290000000000000000e+02
1.030008392333984375e+02,1.399944763183593750e+02,6.290000000000000000e+02
1.036846084594726562e+02,1.399944763183593750e+02,6.290000000000000000e+02
1.043683853149414062e+02,1.399944763183593750e+02,6.290000000000000000e+02
1.050521621704101562e+02,1.399944763183593750e+02,6.290000000000000000e+02
1.059040451049804688e+02,1.402170410156250000e+02,6.300000000000000000e+02
1.065889053344726562e+02,1.402170410156250000e+02,6.300000000000000000e+02
1.072737655639648438e+02,1.402170410156250000e+02,6.300000000000000000e+02
1.079586334228515625e+02,1.402170410156250000e+02,6.300000000000000000e+02
1.086434936523437500e+02,1.402170410156250000e+02,6.300000000000000000e+02
1.093283538818359375e+02,1.402170410156250000e+02,6.300000000000000000e+02
1.100132217407226562e+02,1.402170410156250000e+02,6.300000000000000000e+02
1.106980819702148438e+02,1.402170410156250000e+02,6.300000000000000000e+02
1.113829498291015625e+02,1.402170410156250000e+02,6.300000000000000000e+02
1.120678100585937500e+02,1.402170410156250000e+02,6.300000000000000000e+02
1.127526702880859375e+02,1.402170410156250000e+02,6.300000000000000000e+02
1.134375381469726562e+02,1.402170410156250000e+02,6.300000000000000000e+02
1.143035430908203125e+02,1.404396057128906250e+02,6.310000000000000000e+02
1.149894943237304688e+02,1.404396057128906250e+02,6.310000000000000000e+02
1.158587646484375000e+02,1.406621856689453125e+02,6.320000000000000000e+02
1.165458068847656250e+02,1.406621856689453125e+02,6.320000000000000000e+02
1.172328414916992188e+02,1.406621856689453125e+02,6.320000000000000000e+02
1.179198760986328125e+02,1.406621856689453125e+02,6.320000000000000000e+02
1.187945861816406250e+02,1.408847503662109375e+02,6.330000000000000000e+02
1.196714706420898438e+02,1.411073150634765625e+02,6.340000000000000000e+02
1.203606796264648438e+02,1.411073150634765625e+02,6.340000000000000000e+02
1.210498886108398438e+02,1.411073150634765625e+02,6.340000000000000000e+02
1.219311218261718750e+02,1.413298797607421875e+02,6.350000000000000000e+02
2.846920394897460938e+01,1.406785430908203125e+02,6.290000000000000000e+02
2.915297889709472656e+01,1.406785430908203125e+02,6.290000000000000000e+02
2.978931999206542969e+01,1.404548797607421875e+02,6.280000000000000000e+02
3.042348670959472656e+01,1.402312316894531250e+02,6.270000000000000000e+02
3.110509109497070312e+01,1.402312316894531250e+02,6.270000000000000000e+02
3.173599624633789062e+01,1.400075683593750000e+02,6.260000000000000000e+02
3.241651153564453125e+01,1.400075683593750000e+02,6.260000000000000000e+02
3.304415512084960938e+01,1.397839202880859375e+02,6.250000000000000000e+02
3.372358322143554688e+01,1.397839202880859375e+02,6.250000000000000000e+02
3.440301132202148438e+01,1.397839202880859375e+02,6.250000000000000000e+02
3.508243942260742188e+01,1.397839202880859375e+02,6.250000000000000000e+02
3.570465087890625000e+01,1.395602722167968750e+02,6.240000000000000000e+02
3.638299179077148438e+01,1.395602722167968750e+02,6.240000000000000000e+02
3.706133270263671875e+01,1.395602722167968750e+02,6.240000000000000000e+02
3.773967361450195312e+01,1.395602722167968750e+02,6.240000000000000000e+02
3.841801452636718750e+01,1.395602722167968750e+02,6.240000000000000000e+02
3.909635543823242188e+01,1.395602722167968750e+02,6.240000000000000000e+02
3.977469635009765625e+01,1.395602722167968750e+02,6.240000000000000000e+02
4.038820648193359375e+01,1.393366088867187500e+02,6.230000000000000000e+02
4.106546020507812500e+01,1.393366088867187500e+02,6.230000000000000000e+02
4.174271392822265625e+01,1.393366088867187500e+02,6.230000000000000000e+02
4.241996765136718750e+01,1.393366088867187500e+02,6.230000000000000000e+02
4.309722137451171875e+01,1.393366088867187500e+02,6.230000000000000000e+02
4.377447891235351562e+01,1.393366088867187500e+02,6.230000000000000000e+02
4.452308273315429688e+01,1.395602722167968750e+02,6.240000000000000000e+02
4.520142364501953125e+01,1.395602722167968750e+02,6.240000000000000000e+02
4.587976455688476562e+01,1.395602722167968750e+02,6.240000000000000000e+02
4.655810546875000000e+01,1.395602722167968750e+02,6.240000000000000000e+02
4.723644638061523438e+01,1.395602722167968750e+02,6.240000000000000000e+02
4.791478729248046875e+01,1.395602722167968750e+02,6.240000000000000000e+02
4.867100143432617188e+01,1.397839202880859375e+02,6.250000000000000000e+02
4.942938995361328125e+01,1.400075683593750000e+02,6.260000000000000000e+02
5.010990524291992188e+01,1.400075683593750000e+02,6.260000000000000000e+02
5.087155532836914062e+01,1.402312316894531250e+02,6.270000000000000000e+02
5.155315780639648438e+01,1.402312316894531250e+02,6.270000000000000000e+02
5.231806564331054688e+01,1.404548797607421875e+02,6.280000000000000000e+02
5.308515167236328125e+01,1.406785430908203125e+02,6.290000000000000000e+02
5.376892852783203125e+01,1.406785430908203125e+02,6.290000000000000000e+02
5.453927993774414062e+01,1.409021911621093750e+02,6.300000000000000000e+02
5.522414398193359375e+01,1.409021911621093750e+02,6.300000000000000000e+02
5.590900421142578125e+01,1.409021911621093750e+02,6.300000000000000000e+02
7.969718170166015625e+01,1.417968139648437500e+02,6.340000000000000000e+02
8.038639068603515625e+01,1.417968139648437500e+02,6.340000000000000000e+02
8.107559967041015625e+01,1.417968139648437500e+02,6.340000000000000000e+02
8.176482391357421875e+01,1.417968139648437500e+02,6.340000000000000000e+02
8.245403289794921875e+01,1.417968139648437500e+02,6.340000000000000000e+02
8.314324951171875000e+01,1.417968139648437500e+02,6.340000000000000000e+02
8.370023345947265625e+01,1.415731506347656250e+02,6.330000000000000000e+02
8.438835906982421875e+01,1.415731506347656250e+02,6.330000000000000000e+02
8.507647705078125000e+01,1.415731506347656250e+02,6.330000000000000000e+02
8.576460266113281250e+01,1.415731506347656250e+02,6.330000000000000000e+02
8.645272827148437500e+01,1.415731506347656250e+02,6.330000000000000000e+02
8.714085388183593750e+01,1.415731506347656250e+02,6.330000000000000000e+02
8.782897949218750000e+01,1.415731506347656250e+02,6.330000000000000000e+02
8.837726593017578125e+01,1.413495025634765625e+02,6.320000000000000000e+02
8.906430053710937500e+01,1.413495025634765625e+02,6.320000000000000000e+02
8.975134277343750000e+01,1.413495025634765625e+02,6.320000000000000000e+02
9.043837738037109375e+01,1.413495025634765625e+02,6.320000000000000000e+02
9.112541198730468750e+01,1.413495025634765625e+02,6.320000000000000000e+02
9.166717529296875000e+01,1.411258392333984375e+02,6.310000000000000000e+02
9.235312652587890625e+01,1.411258392333984375e+02,6.310000000000000000e+02
9.303907775878906250e+01,1.411258392333984375e+02,6.310000000000000000e+02
9.357649230957031250e+01,1.409021911621093750e+02,6.300000000000000000e+02
9.426136016845703125e+01,1.409021911621093750e+02,6.300000000000000000e+02
9.479550933837890625e+01,1.406785430908203125e+02,6.290000000000000000e+02
9.547928619384765625e+01,1.406785430908203125e+02,6.290000000000000000e+02
9.616306304931640625e+01,1.406785430908203125e+02,6.290000000000000000e+02
9.669287109375000000e+01,1.404548797607421875e+02,6.280000000000000000e+02
9.737556457519531250e+01,1.404548797607421875e+02,6.280000000000000000e+02
9.805825042724609375e+01,1.404548797607421875e+02,6.280000000000000000e+02
9.874093627929687500e+01,1.404548797607421875e+02,6.280000000000000000e+02
9.942362976074218750e+01,1.404548797607421875e+02,6.280000000000000000e+02
9.994691467285156250e+01,1.402312316894531250e+02,6.270000000000000000e+02
1.006285171508789062e+02,1.402312316894531250e+02,6.270000000000000000e+02
1.013101196289062500e+02,1.402312316894531250e+02,6.270000000000000000e+02
1.019917297363281250e+02,1.402312316894531250e+02,6.270000000000000000e+02
1.026733322143554688e+02,1.402312316894531250e+02,6.270000000000000000e+02
1.033549346923828125e+02,1.402312316894531250e+02,6.270000000000000000e+02
1.040365295410156250e+02,1.402312316894531250e+02,6.270000000000000000e+02
1.047181320190429688e+02,1.402312316894531250e+02,6.270000000000000000e+02
1.055678405761718750e+02,1.404548797607421875e+02,6.280000000000000000e+02
1.062505264282226562e+02,1.404548797607421875e+02,6.280000000000000000e+02
1.069332199096679688e+02,1.404548797607421875e+02,6.280000000000000000e+02
1.076159057617187500e+02,1.404548797607421875e+02,6.280000000000000000e+02
1.082985916137695312e+02,1.404548797607421875e+02,6.280000000000000000e+02
1.089812850952148438e+02,1.404548797607421875e+02,6.280000000000000000e+02
1.098386001586914062e+02,1.406785430908203125e+02,6.290000000000000000e+02
1.105223693847656250e+02,1.406785430908203125e+02,6.290000000000000000e+02
1.112061462402343750e+02,1.406785430908203125e+02,6.290000000000000000e+02
1.118899230957031250e+02,1.406785430908203125e+02,6.290000000000000000e+02
1.125736999511718750e+02,1.406785430908203125e+02,6.290000000000000000e+02
1.134375381469726562e+02,1.409021911621093750e+02,6.300000000000000000e+02
1.141223983764648438e+02,1.409021911621093750e+02,6.300000000000000000e+02
1.148072662353515625e+02,1.409021911621093750e+02,6.300000000000000000e+02
1.154921264648437500e+02,1.409021911621093750e+02,6.300000000000000000e+02
1.163613967895507812e+02,1.411258392333984375e+02,6.310000000000000000e+02
1.170473480224609375e+02,1.411258392333984375e+02,6.310000000000000000e+02
1.179198760986328125e+02,1.413495025634765625e+02,6.320000000000000000e+02
1.186069183349609375e+02,1.413495025634765625e+02,6.320000000000000000e+02
1.192939529418945312e+02,1.413495025634765625e+02,6.320000000000000000e+02
1.201708374023437500e+02,1.415731506347656250e+02,6.330000000000000000e+02
1.208589630126953125e+02,1.415731506347656250e+02,6.330000000000000000e+02
1.215470809936523438e+02,1.415731506347656250e+02,6.330000000000000000e+02
1.224283142089843750e+02,1.417968139648437500e+02,6.340000000000000000e+02
1.233117141723632812e+02,1.420204620361328125e+02,6.350000000000000000e+02
1.240020141601562500e+02,1.420204620361328125e+02,6.350000000000000000e+02
1.481719493865966797e+01,1.415873413085937500e+02,6.300000000000000000e+02
1.550205898284912109e+01,1.415873413085937500e+02,6.300000000000000000e+02
1.616123008728027344e+01,1.413625946044921875e+02,6.290000000000000000e+02
1.684500503540039062e+01,1.413625946044921875e+02,6.290000000000000000e+02
1.752878189086914062e+01,1.413625946044921875e+02,6.290000000000000000e+02
1.821255683898925781e+01,1.413625946044921875e+02,6.290000000000000000e+02
2.163144111633300781e+01,1.413625946044921875e+02,6.290000000000000000e+02
2.231521606445312500e+01,1.413625946044921875e+02,6.290000000000000000e+02
2.299899291992187500e+01,1.413625946044921875e+02,6.290000000000000000e+02
2.368276786804199219e+01,1.413625946044921875e+02,6.290000000000000000e+02
2.436654472351074219e+01,1.413625946044921875e+02,6.290000000000000000e+02
2.505032157897949219e+01,1.413625946044921875e+02,6.290000000000000000e+02
2.573409843444824219e+01,1.413625946044921875e+02,6.290000000000000000e+02
2.641787528991699219e+01,1.413625946044921875e+02,6.290000000000000000e+02
2.710165214538574219e+01,1.413625946044921875e+02,6.290000000000000000e+02
2.774125289916992188e+01,1.411378479003906250e+02,6.280000000000000000e+02
2.842394256591796875e+01,1.411378479003906250e+02,6.280000000000000000e+02
2.906028366088867188e+01,1.409131164550781250e+02,6.270000000000000000e+02
2.974188613891601562e+01,1.409131164550781250e+02,6.270000000000000000e+02
3.037496566772460938e+01,1.406883697509765625e+02,6.260000000000000000e+02
3.105548286437988281e+01,1.406883697509765625e+02,6.260000000000000000e+02
3.168530082702636719e+01,1.404636230468750000e+02,6.250000000000000000e+02
3.236472702026367188e+01,1.404636230468750000e+02,6.250000000000000000e+02
3.299128723144531250e+01,1.402388916015625000e+02,6.240000000000000000e+02
3.366962432861328125e+01,1.402388916015625000e+02,6.240000000000000000e+02
3.429292297363281250e+01,1.400141448974609375e+02,6.230000000000000000e+02
3.497017669677734375e+01,1.400141448974609375e+02,6.230000000000000000e+02
3.564743041992187500e+01,1.400141448974609375e+02,6.230000000000000000e+02
3.632468414306640625e+01,1.400141448974609375e+02,6.230000000000000000e+02
3.700193786621093750e+01,1.400141448974609375e+02,6.230000000000000000e+02
3.767919158935546875e+01,1.400141448974609375e+02,6.230000000000000000e+02
3.835644531250000000e+01,1.400141448974609375e+02,6.230000000000000000e+02
3.903369903564453125e+01,1.400141448974609375e+02,6.230000000000000000e+02
3.971095275878906250e+01,1.400141448974609375e+02,6.230000000000000000e+02
4.038820648193359375e+01,1.400141448974609375e+02,6.230000000000000000e+02
4.106546020507812500e+01,1.400141448974609375e+02,6.230000000000000000e+02
4.174271392822265625e+01,1.400141448974609375e+02,6.230000000000000000e+02
4.241996765136718750e+01,1.400141448974609375e+02,6.230000000000000000e+02
4.309722137451171875e+01,1.400141448974609375e+02,6.230000000000000000e+02
4.377447891235351562e+01,1.400141448974609375e+02,6.230000000000000000e+02
4.445173263549804688e+01,1.400141448974609375e+02,6.230000000000000000e+02
4.512898635864257812e+01,1.400141448974609375e+02,6.230000000000000000e+02
4.580624008178710938e+01,1.400141448974609375e+02,6.230000000000000000e+02
4.648349380493164062e+01,1.400141448974609375e+02,6.230000000000000000e+02
4.716074752807617188e+01,1.400141448974609375e+02,6.230000000000000000e+02
4.791478729248046875e+01,1.402388916015625000e+02,6.240000000000000000e+02
4.859312820434570312e+01,1.402388916015625000e+02,6.240000000000000000e+02
4.927146911621093750e+01,1.402388916015625000e+02,6.240000000000000000e+02
5.010990524291992188e+01,1.406883697509765625e+02,6.260000000000000000e+02
5.079042053222656250e+01,1.406883697509765625e+02,6.260000000000000000e+02
5.155315780639648438e+01,1.409131164550781250e+02,6.270000000000000000e+02
5.223476028442382812e+01,1.409131164550781250e+02,6.270000000000000000e+02
5.300075531005859375e+01,1.411378479003906250e+02,6.280000000000000000e+02
5.376892852783203125e+01,1.413625946044921875e+02,6.290000000000000000e+02
5.445270919799804688e+01,1.413625946044921875e+02,6.290000000000000000e+02
5.522414398193359375e+01,1.415873413085937500e+02,6.300000000000000000e+02
5.590900421142578125e+01,1.415873413085937500e+02,6.300000000000000000e+02
5.659386825561523438e+01,1.415873413085937500e+02,6.300000000000000000e+02
7.807170104980468750e+01,1.420368194580078125e+02,6.320000000000000000e+02
7.875873565673828125e+01,1.420368194580078125e+02,6.320000000000000000e+02
7.944577026367187500e+01,1.420368194580078125e+02,6.320000000000000000e+02
8.000601196289062500e+01,1.418120727539062500e+02,6.310000000000000000e+02
8.069196319580078125e+01,1.418120727539062500e+02,6.310000000000000000e+02
8.137792205810546875e+01,1.418120727539062500e+02,6.310000000000000000e+02
8.206387329101562500e+01,1.418120727539062500e+02,6.310000000000000000e+02
8.274982452392578125e+01,1.418120727539062500e+02,6.310000000000000000e+02
8.343577575683593750e+01,1.418120727539062500e+02,6.310000000000000000e+02
8.412172698974609375e+01,1.418120727539062500e+02,6.310000000000000000e+02
8.480767822265625000e+01,1.418120727539062500e+02,6.310000000000000000e+02
8.535813903808593750e+01,1.415873413085937500e+02,6.300000000000000000e+02
8.604299926757812500e+01,1.415873413085937500e+02,6.300000000000000000e+02
8.672785949707031250e+01,1.415873413085937500e+02,6.300000000000000000e+02
8.741272735595703125e+01,1.415873413085937500e+02,6.300000000000000000e+02
8.809758758544921875e+01,1.415873413085937500e+02,6.300000000000000000e+02
8.878245544433593750e+01,1.415873413085937500e+02,6.300000000000000000e+02
8.946731567382812500e+01,1.415873413085937500e+02,6.300000000000000000e+02
9.015217590332031250e+01,1.415873413085937500e+02,6.300000000000000000e+02
9.069285583496093750e+01,1.413625946044921875e+02,6.290000000000000000e+02
9.137663269042968750e+01,1.413625946044921875e+02,6.290000000000000000e+02
9.191404724121093750e+01,1.411378479003906250e+02,6.280000000000000000e+02
9.259674072265625000e+01,1.411378479003906250e+02,6.280000000000000000e+02
9.313088989257812500e+01,1.409131164550781250e+02,6.270000000000000000e+02
9.381249237060546875e+01,1.409131164550781250e+02,6.270000000000000000e+02
9.449409484863281250e+01,1.409131164550781250e+02,6.270000000000000000e+02
9.502390289306640625e+01,1.406883697509765625e+02,6.260000000000000000e+02
9.570441436767578125e+01,1.406883697509765625e+02,6.260000000000000000e+02
9.638493347167968750e+01,1.406883697509765625e+02,6.260000000000000000e+02
9.706544494628906250e+01,1.406883697509765625e+02,6.260000000000000000e+02
9.774596405029296875e+01,1.406883697509765625e+02,6.260000000000000000e+02
9.842647552490234375e+01,1.406883697509765625e+02,6.260000000000000000e+02
9.894867706298828125e+01,1.404636230468750000e+02,6.250000000000000000e+02
9.962810516357421875e+01,1.404636230468750000e+02,6.250000000000000000e+02
1.003075332641601562e+02,1.404636230468750000e+02,6.250000000000000000e+02
1.009869537353515625e+02,1.404636230468750000e+02,6.250000000000000000e+02
1.016663970947265625e+02,1.404636230468750000e+02,6.250000000000000000e+02
1.023458251953125000e+02,1.404636230468750000e+02,6.250000000000000000e+02
1.030252532958984375e+02,1.404636230468750000e+02,6.250000000000000000e+02
1.038706054687500000e+02,1.406883697509765625e+02,6.260000000000000000e+02
1.045511169433593750e+02,1.406883697509765625e+02,6.260000000000000000e+02
1.052316360473632812e+02,1.406883697509765625e+02,6.260000000000000000e+02
1.059121475219726562e+02,1.406883697509765625e+02,6.260000000000000000e+02
1.065926666259765625e+02,1.406883697509765625e+02,6.260000000000000000e+02
1.074445419311523438e+02,1.409131164550781250e+02,6.270000000000000000e+02
1.081261444091796875e+02,1.409131164550781250e+02,6.270000000000000000e+02
1.088077468872070312e+02,1.409131164550781250e+02,6.270000000000000000e+02
1.096639709472656250e+02,1.411378479003906250e+02,6.280000000000000000e+02
1.103466644287109375e+02,1.411378479003906250e+02,6.280000000000000000e+02
1.110293502807617188e+02,1.411378479003906250e+02,6.280000000000000000e+02
1.117120361328125000e+02,1.411378479003906250e+02,6.280000000000000000e+02
1.125736999511718750e+02,1.413625946044921875e+02,6.290000000000000000e+02
1.132574768066406250e+02,1.413625946044921875e+02,6.290000000000000000e+02
1.139412536621093750e+02,1.413625946044921875e+02,6.290000000000000000e+02
1.148072662353515625e+02,1.415873413085937500e+02,6.300000000000000000e+02
1.154921264648437500e+02,1.415873413085937500e+02,6.300000000000000000e+02
1.161769866943359375e+02,1.415873413085937500e+02,6.300000000000000000e+02
1.170473480224609375e+02,1.418120727539062500e+02,6.310000000000000000e+02
1.177332992553710938e+02,1.418120727539062500e+02,6.310000000000000000e+02
1.184192504882812500e+02,1.418120727539062500e+02,6.310000000000000000e+02
1.191052017211914062e+02,1.418120727539062500e+02,6.310000000000000000e+02
1.197911453247070312e+02,1.418120727539062500e+02,6.310000000000000000e+02
1.206680297851562500e+02,1.420368194580078125e+02,6.320000000000000000e+02
1.213550643920898438e+02,1.420368194580078125e+02,6.320000000000000000e+02
1.220421066284179688e+02,1.420368194580078125e+02,6.320000000000000000e+02
1.229233322143554688e+02,1.422615661621093750e+02,6.330000000000000000e+02
1.238067398071289062e+02,1.424862976074218750e+02,6.340000000000000000e+02
1.244959564208984375e+02,1.424862976074218750e+02,6.340000000000000000e+02
1.253826217651367188e+02,1.427110443115234375e+02,6.350000000000000000e+02
-4.509007263183593750e+01,1.411433258056640625e+02,6.250000000000000000e+02
-4.441064453125000000e+01,1.411433258056640625e+02,6.250000000000000000e+02
-4.373121643066406250e+01,1.411433258056640625e+02,6.250000000000000000e+02
-3.296551895141601562e+01,1.415949859619140625e+02,6.270000000000000000e+02
-3.228391647338867188e+01,1.415949859619140625e+02,6.270000000000000000e+02
-3.160231399536132812e+01,1.415949859619140625e+02,6.270000000000000000e+02
-3.092071151733398438e+01,1.415949859619140625e+02,6.270000000000000000e+02
-3.023910903930664062e+01,1.415949859619140625e+02,6.270000000000000000e+02
-2.004699897766113281e+01,1.418208160400390625e+02,6.280000000000000000e+02
-1.936430931091308594e+01,1.418208160400390625e+02,6.280000000000000000e+02
-1.868161964416503906e+01,1.418208160400390625e+02,6.280000000000000000e+02
-1.799892997741699219e+01,1.418208160400390625e+02,6.280000000000000000e+02
-1.731624031066894531e+01,1.418208160400390625e+02,6.280000000000000000e+02
-1.663355255126953125e+01,1.418208160400390625e+02,6.280000000000000000e+02
-1.187360382080078125e+01,1.420466461181640625e+02,6.290000000000000000e+02
-1.118982696533203125e+01,1.420466461181640625e+02,6.290000000000000000e+02
-1.050605106353759766e+01,1.420466461181640625e+02,6.290000000000000000e+02
-9.822274208068847656e+00,1.420466461181640625e+02,6.290000000000000000e+02
-9.138498306274414062e+00,1.420466461181640625e+02,6.290000000000000000e+02
-8.454721450805664062e+00,1.420466461181640625e+02,6.290000000000000000e+02
-7.770945072174072266e+00,1.420466461181640625e+02,6.290000000000000000e+02
-7.087169170379638672e+00,1.420466461181640625e+02,6.290000000000000000e+02
-6.413572788238525391e+00,1.422724761962890625e+02,6.300000000000000000e+02
-5.728708744049072266e+00,1.422724761962890625e+02,6.300000000000000000e+02
-5.043845653533935547e+00,1.422724761962890625e+02,6.300000000000000000e+02
-4.358982086181640625e+00,1.422724761962890625e+02,6.300000000000000000e+02
-3.674118757247924805e+00,1.422724761962890625e+02,6.300000000000000000e+02
-2.989255189895629883e+00,1.422724761962890625e+02,6.300000000000000000e+02
-2.304391860961914062e+00,1.422724761962890625e+02,6.300000000000000000e+02
1.000724124908447266e+01,1.420466461181640625e+02,6.290000000000000000e+02
1.069101715087890625e+01,1.420466461181640625e+02,6.290000000000000000e+02
1.137479400634765625e+01,1.420466461181640625e+02,6.290000000000000000e+02
1.205857086181640625e+01,1.420466461181640625e+02,6.290000000000000000e+02
1.274234676361083984e+01,1.420466461181640625e+02,6.290000000000000000e+02
1.342612361907958984e+01,1.420466461181640625e+02,6.290000000000000000e+02
1.410989952087402344e+01,1.420466461181640625e+02,6.290000000000000000e+02
1.477015686035156250e+01,1.418208160400390625e+02,6.280000000000000000e+02
1.545284557342529297e+01,1.418208160400390625e+02,6.280000000000000000e+02
1.613553619384765625e+01,1.418208160400390625e+02,6.280000000000000000e+02
1.681822395324707031e+01,1.418208160400390625e+02,6.280000000000000000e+02
1.750091361999511719e+01,1.418208160400390625e+02,6.280000000000000000e+02
1.818360328674316406e+01,1.418208160400390625e+02,6.280000000000000000e+02
1.886629295349121094e+01,1.418208160400390625e+02,6.280000000000000000e+02
1.954898262023925781e+01,1.418208160400390625e+02,6.280000000000000000e+02
2.023167228698730469e+01,1.418208160400390625e+02,6.280000000000000000e+02
2.091436195373535156e+01,1.418208160400390625e+02,6.280000000000000000e+02
2.159704971313476562e+01,1.418208160400390625e+02,6.280000000000000000e+02
2.227973937988281250e+01,1.418208160400390625e+02,6.280000000000000000e+02
2.296242904663085938e+01,1.418208160400390625e+02,6.280000000000000000e+02
2.364511680603027344e+01,1.418208160400390625e+02,6.280000000000000000e+02
2.432780647277832031e+01,1.418208160400390625e+02,6.280000000000000000e+02
2.501049613952636719e+01,1.418208160400390625e+02,6.280000000000000000e+02
2.569318580627441406e+01,1.418208160400390625e+02,6.280000000000000000e+02
2.637587547302246094e+01,1.418208160400390625e+02,6.280000000000000000e+02
2.705856513977050781e+01,1.418208160400390625e+02,6.280000000000000000e+02
2.769708061218261719e+01,1.415949859619140625e+02,6.270000000000000000e+02
2.837868118286132812e+01,1.415949859619140625e+02,6.270000000000000000e+02
2.901393508911132812e+01,1.413691558837890625e+02,6.260000000000000000e+02
2.969445037841796875e+01,1.413691558837890625e+02,6.260000000000000000e+02
3.032644271850585938e+01,1.411433258056640625e+02,6.250000000000000000e+02
3.095626258850097656e+01,1.409175109863281250e+02,6.240000000000000000e+02
3.163460350036621094e+01,1.409175109863281250e+02,6.240000000000000000e+02
3.226116180419921875e+01,1.406916809082031250e+02,6.230000000000000000e+02
3.293841552734375000e+01,1.406916809082031250e+02,6.230000000000000000e+02
3.356171035766601562e+01,1.404658508300781250e+02,6.220000000000000000e+02
3.423787689208984375e+01,1.404658508300781250e+02,6.220000000000000000e+02
3.491404342651367188e+01,1.404658508300781250e+02,6.220000000000000000e+02
3.559021377563476562e+01,1.404658508300781250e+02,6.220000000000000000e+02
3.626638031005859375e+01,1.404658508300781250e+02,6.220000000000000000e+02
3.694254684448242188e+01,1.404658508300781250e+02,6.220000000000000000e+02
3.761871337890625000e+01,1.404658508300781250e+02,6.220000000000000000e+02
3.829487991333007812e+01,1.404658508300781250e+02,6.220000000000000000e+02
3.897104644775390625e+01,1.404658508300781250e+02,6.220000000000000000e+02
3.964721298217773438e+01,1.404658508300781250e+02,6.220000000000000000e+02
4.032337951660156250e+01,1.404658508300781250e+02,6.220000000000000000e+02
4.099954605102539062e+01,1.404658508300781250e+02,6.220000000000000000e+02
4.167571258544921875e+01,1.404658508300781250e+02,6.220000000000000000e+02
4.235187911987304688e+01,1.404658508300781250e+02,6.220000000000000000e+02
4.302804565429687500e+01,1.404658508300781250e+02,6.220000000000000000e+02
4.370421600341796875e+01,1.404658508300781250e+02,6.220000000000000000e+02
4.438038253784179688e+01,1.404658508300781250e+02,6.220000000000000000e+02
4.505654907226562500e+01,1.404658508300781250e+02,6.220000000000000000e+02
4.573271560668945312e+01,1.404658508300781250e+02,6.220000000000000000e+02
4.640888214111328125e+01,1.404658508300781250e+02,6.220000000000000000e+02
4.708504867553710938e+01,1.404658508300781250e+02,6.220000000000000000e+02
4.783800125122070312e+01,1.406916809082031250e+02,6.230000000000000000e+02
4.851525497436523438e+01,1.406916809082031250e+02,6.230000000000000000e+02
4.927146911621093750e+01,1.409175109863281250e+02,6.240000000000000000e+02
5.002985763549804688e+01,1.411433258056640625e+02,6.250000000000000000e+02
5.079042053222656250e+01,1.413691558837890625e+02,6.260000000000000000e+02
5.147093582153320312e+01,1.413691558837890625e+02,6.260000000000000000e+02
5.223476028442382812e+01,1.415949859619140625e+02,6.270000000000000000e+02
5.291635894775390625e+01,1.415949859619140625e+02,6.270000000000000000e+02
5.368344497680664062e+01,1.418208160400390625e+02,6.280000000000000000e+02
5.436613845825195312e+01,1.418208160400390625e+02,6.280000000000000000e+02
5.513648605346679688e+01,1.420466461181640625e+02,6.290000000000000000e+02
5.582026290893554688e+01,1.420466461181640625e+02,6.290000000000000000e+02
5.650403594970703125e+01,1.420466461181640625e+02,6.290000000000000000e+02
5.727873229980468750e+01,1.422724761962890625e+02,6.300000000000000000e+02
5.796359634399414062e+01,1.422724761962890625e+02,6.300000000000000000e+02
7.246056365966796875e+01,1.424983062744140625e+02,6.310000000000000000e+02
7.314651489257812500e+01,1.424983062744140625e+02,6.310000000000000000e+02
7.383245849609375000e+01,1.424983062744140625e+02,6.310000000000000000e+02
7.451840972900390625e+01,1.424983062744140625e+02,6.310000000000000000e+02
7.508518218994140625e+01,1.422724761962890625e+02,6.300000000000000000e+02
7.577005004882812500e+01,1.422724761962890625e+02,6.300000000000000000e+02
7.645491027832031250e+01,1.422724761962890625e+02,6.300000000000000000e+02
7.713977050781250000e+01,1.422724761962890625e+02,6.300000000000000000e+02
7.782463836669921875e+01,1.422724761962890625e+02,6.300000000000000000e+02
7.850949859619140625e+01,1.422724761962890625e+02,6.300000000000000000e+02
7.919435882568359375e+01,1.422724761962890625e+02,6.300000000000000000e+02
7.975242614746093750e+01,1.420466461181640625e+02,6.290000000000000000e+02
8.043620300292968750e+01,1.420466461181640625e+02,6.290000000000000000e+02
8.111998748779296875e+01,1.420466461181640625e+02,6.290000000000000000e+02
8.180376434326171875e+01,1.420466461181640625e+02,6.290000000000000000e+02
8.248754119873046875e+01,1.420466461181640625e+02,6.290000000000000000e+02
8.303909301757812500e+01,1.418208160400390625e+02,6.280000000000000000e+02
8.372177886962890625e+01,1.418208160400390625e+02,6.280000000000000000e+02
8.440447235107421875e+01,1.418208160400390625e+02,6.280000000000000000e+02
8.508715820312500000e+01,1.418208160400390625e+02,6.280000000000000000e+02
8.576984405517578125e+01,1.418208160400390625e+02,6.280000000000000000e+02
8.645253753662109375e+01,1.418208160400390625e+02,6.280000000000000000e+02
8.713522338867187500e+01,1.418208160400390625e+02,6.280000000000000000e+02
8.767807769775390625e+01,1.415949859619140625e+02,6.270000000000000000e+02
8.835968017578125000e+01,1.415949859619140625e+02,6.270000000000000000e+02
8.904128265380859375e+01,1.415949859619140625e+02,6.270000000000000000e+02
8.972288513183593750e+01,1.415949859619140625e+02,6.270000000000000000e+02
9.026029968261718750e+01,1.413691558837890625e+02,6.260000000000000000e+02
9.094081115722656250e+01,1.413691558837890625e+02,6.260000000000000000e+02
9.162133026123046875e+01,1.413691558837890625e+02,6.260000000000000000e+02
9.215439605712890625e+01,1.411433258056640625e+02,6.250000000000000000e+02
9.283382415771484375e+01,1.411433258056640625e+02,6.250000000000000000e+02
9.336363220214843750e+01,1.409175109863281250e+02,6.240000000000000000e+02
9.404196929931640625e+01,1.409175109863281250e+02,6.240000000000000000e+02
9.472031402587890625e+01,1.409175109863281250e+02,6.240000000000000000e+02
9.524577331542968750e+01,1.406916809082031250e+02,6.230000000000000000e+02
9.592302703857421875e+01,1.406916809082031250e+02,6.230000000000000000e+02
9.660028076171875000e+01,1.406916809082031250e+02,6.230000000000000000e+02
9.727753448486328125e+01,1.406916809082031250e+02,6.230000000000000000e+02
9.795478820800781250e+01,1.406916809082031250e+02,6.230000000000000000e+02
9.863204193115234375e+01,1.406916809082031250e+02,6.230000000000000000e+02
9.930929565429687500e+01,1.406916809082031250e+02,6.230000000000000000e+02
9.998654937744140625e+01,1.406916809082031250e+02,6.230000000000000000e+02
1.006638031005859375e+02,1.406916809082031250e+02,6.230000000000000000e+02
1.013410644531250000e+02,1.406916809082031250e+02,6.230000000000000000e+02
1.020183181762695312e+02,1.406916809082031250e+02,6.230000000000000000e+02
1.028604125976562500e+02,1.409175109863281250e+02,6.240000000000000000e+02
1.035387496948242188e+02,1.409175109863281250e+02,6.240000000000000000e+02
1.043841018676757812e+02,1.411433258056640625e+02,6.250000000000000000e+02
1.050635299682617188e+02,1.411433258056640625e+02,6.250000000000000000e+02
1.057429580688476562e+02,1.411433258056640625e+02,6.250000000000000000e+02
1.064223861694335938e+02,1.411433258056640625e+02,6.250000000000000000e+02
1.072731781005859375e+02,1.413691558837890625e+02,6.260000000000000000e+02
1.079536972045898438e+02,1.413691558837890625e+02,6.260000000000000000e+02
1.086342086791992188e+02,1.413691558837890625e+02,6.260000000000000000e+02
1.094893493652343750e+02,1.415949859619140625e+02,6.270000000000000000e+02
1.101709518432617188e+02,1.415949859619140625e+02,6.270000000000000000e+02
1.108525543212890625e+02,1.415949859619140625e+02,6.270000000000000000e+02
1.117120361328125000e+02,1.418208160400390625e+02,6.280000000000000000e+02
1.123947296142578125e+02,1.418208160400390625e+02,6.280000000000000000e+02
1.132574768066406250e+02,1.420466461181640625e+02,6.290000000000000000e+02
1.139412536621093750e+02,1.420466461181640625e+02,6.290000000000000000e+02
1.146250305175781250e+02,1.420466461181640625e+02,6.290000000000000000e+02
1.154921264648437500e+02,1.422724761962890625e+02,6.300000000000000000e+02
1.161769866943359375e+02,1.422724761962890625e+02,6.300000000000000000e+02
1.168618545532226562e+02,1.422724761962890625e+02,6.300000000000000000e+02
1.175467147827148438e+02,1.422724761962890625e+02,6.300000000000000000e+02
1.184192504882812500e+02,1.424983062744140625e+02,6.310000000000000000e+02
1.191052017211914062e+02,1.424983062744140625e+02,6.310000000000000000e+02
1.196013031005859375e+02,1.422724761962890625e+02,6.300000000000000000e+02
1.204770965576171875e+02,1.424983062744140625e+02,6.310000000000000000e+02
1.211630477905273438e+02,1.424983062744140625e+02,6.310000000000000000e+02
1.218489990234375000e+02,1.424983062744140625e+02,6.310000000000000000e+02
1.227291412353515625e+02,1.427241363525390625e+02,6.320000000000000000e+02
1.234161758422851562e+02,1.427241363525390625e+02,6.320000000000000000e+02
1.242995910644531250e+02,1.429499664306640625e+02,6.330000000000000000e+02
1.249877166748046875e+02,1.429499664306640625e+02,6.330000000000000000e+02
1.258743820190429688e+02,1.431757965087890625e+02,6.340000000000000000e+02
1.267632217407226562e+02,1.434016265869140625e+02,6.350000000000000000e+02
-8.016298675537109375e+01,1.413692016601562500e+02,6.230000000000000000e+02
-7.948573303222656250e+01,1.413692016601562500e+02,6.230000000000000000e+02
-7.880847930908203125e+01,1.413692016601562500e+02,6.230000000000000000e+02
-7.813122558593750000e+01,1.413692016601562500e+02,6.230000000000000000e+02
-7.757829284667968750e+01,1.415961303710937500e+02,6.240000000000000000e+02
-7.689995574951171875e+01,1.415961303710937500e+02,6.240000000000000000e+02
-7.622161102294921875e+01,1.415961303710937500e+02,6.240000000000000000e+02
-7.554327392578125000e+01,1.415961303710937500e+02,6.240000000000000000e+02
-7.486492919921875000e+01,1.415961303710937500e+02,6.240000000000000000e+02
-7.430548095703125000e+01,1.418230438232421875e+02,6.250000000000000000e+02
-7.362605285644531250e+01,1.418230438232421875e+02,6.250000000000000000e+02
-7.294662475585937500e+01,1.418230438232421875e+02,6.250000000000000000e+02
-7.226719665527343750e+01,1.418230438232421875e+02,6.250000000000000000e+02
-7.158776092529296875e+01,1.418230438232421875e+02,6.250000000000000000e+02
-7.090833282470703125e+01,1.418230438232421875e+02,6.250000000000000000e+02
-7.022890472412109375e+01,1.418230438232421875e+02,6.250000000000000000e+02
-6.954947662353515625e+01,1.418230438232421875e+02,6.250000000000000000e+02
-6.887004852294921875e+01,1.418230438232421875e+02,6.250000000000000000e+02
-6.819062042236328125e+01,1.418230438232421875e+02,6.250000000000000000e+02
-6.751119995117187500e+01,1.418230438232421875e+02,6.250000000000000000e+02
-6.683177185058593750e+01,1.418230438232421875e+02,6.250000000000000000e+02
-6.615234375000000000e+01,1.418230438232421875e+02,6.250000000000000000e+02
-6.547291564941406250e+01,1.418230438232421875e+02,6.250000000000000000e+02
-6.479348754882812500e+01,1.418230438232421875e+02,6.250000000000000000e+02
-6.421663665771484375e+01,1.420499572753906250e+02,6.260000000000000000e+02
-6.353612518310546875e+01,1.420499572753906250e+02,6.260000000000000000e+02
-6.285560989379882812e+01,1.420499572753906250e+02,6.260000000000000000e+02
-6.217509460449218750e+01,1.420499572753906250e+02,6.260000000000000000e+02
-6.159281158447265625e+01,1.422768707275390625e+02,6.270000000000000000e+02
-6.091120910644531250e+01,1.422768707275390625e+02,6.270000000000000000e+02
-6.022960662841796875e+01,1.422768707275390625e+02,6.270000000000000000e+02
-5.954800415039062500e+01,1.422768707275390625e+02,6.270000000000000000e+02
-5.896028900146484375e+01,1.425037841796875000e+02,6.280000000000000000e+02
-5.818479919433593750e+01,1.422768707275390625e+02,6.270000000000000000e+02
-5.759490966796875000e+01,1.425037841796875000e+02,6.280000000000000000e+02
-5.682159805297851562e+01,1.422768707275390625e+02,6.270000000000000000e+02
-5.613999557495117188e+01,1.422768707275390625e+02,6.270000000000000000e+02
-5.545839309692382812e+01,1.422768707275390625e+02,6.270000000000000000e+02
-5.477679061889648438e+01,1.422768707275390625e+02,6.270000000000000000e+02
-5.400891113281250000e+01,1.420499572753906250e+02,6.260000000000000000e+02
-5.332839965820312500e+01,1.420499572753906250e+02,6.260000000000000000e+02
-5.264788436889648438e+01,1.420499572753906250e+02,6.260000000000000000e+02
-5.196736907958984375e+01,1.420499572753906250e+02,6.260000000000000000e+02
-5.120492553710937500e+01,1.418230438232421875e+02,6.250000000000000000e+02
-5.052549362182617188e+01,1.418230438232421875e+02,6.250000000000000000e+02
-4.984606552124023438e+01,1.418230438232421875e+02,6.250000000000000000e+02
-4.916663742065429688e+01,1.418230438232421875e+02,6.250000000000000000e+02
-4.840962982177734375e+01,1.415961303710937500e+02,6.240000000000000000e+02
-4.780778121948242188e+01,1.418230438232421875e+02,6.250000000000000000e+02
-4.705294799804687500e+01,1.415961303710937500e+02,6.240000000000000000e+02
-4.637460708618164062e+01,1.415961303710937500e+02,6.240000000000000000e+02
-4.569626617431640625e+01,1.415961303710937500e+02,6.240000000000000000e+02
-4.501792526245117188e+01,1.415961303710937500e+02,6.240000000000000000e+02
-4.433958435058593750e+01,1.415961303710937500e+02,6.240000000000000000e+02
-4.366124725341796875e+01,1.415961303710937500e+02,6.240000000000000000e+02
-4.305178833007812500e+01,1.418230438232421875e+02,6.250000000000000000e+02
-4.237236022949218750e+01,1.418230438232421875e+02,6.250000000000000000e+02
-4.169293212890625000e+01,1.418230438232421875e+02,6.250000000000000000e+02
-4.101350402832031250e+01,1.418230438232421875e+02,6.250000000000000000e+02
-4.033407211303710938e+01,1.418230438232421875e+02,6.250000000000000000e+02
-3.965464401245117188e+01,1.418230438232421875e+02,6.250000000000000000e+02
-3.903757858276367188e+01,1.420499572753906250e+02,6.260000000000000000e+02
-3.835706329345703125e+01,1.420499572753906250e+02,6.260000000000000000e+02
-3.767654800415039062e+01,1.420499572753906250e+02,6.260000000000000000e+02
-3.699603271484375000e+01,1.420499572753906250e+02,6.260000000000000000e+02
-3.631551742553710938e+01,1.420499572753906250e+02,6.260000000000000000e+02
-3.563500213623046875e+01,1.420499572753906250e+02,6.260000000000000000e+02
-3.495448684692382812e+01,1.420499572753906250e+02,6.260000000000000000e+02
-3.427397155761718750e+01,1.420499572753906250e+02,6.260000000000000000e+02
-3.359345626831054688e+01,1.420499572753906250e+02,6.260000000000000000e+02
-3.291294479370117188e+01,1.420499572753906250e+02,6.260000000000000000e+02
-3.223242568969726562e+01,1.420499572753906250e+02,6.260000000000000000e+02
-3.155191040039062500e+01,1.420499572753906250e+02,6.260000000000000000e+02
-3.087139701843261719e+01,1.420499572753906250e+02,6.260000000000000000e+02
-3.019088172912597656e+01,1.420499572753906250e+02,6.260000000000000000e+02
-2.951036643981933594e+01,1.420499572753906250e+02,6.260000000000000000e+02
-2.882985115051269531e+01,1.420499572753906250e+02,6.260000000000000000e+02
-2.814933776855468750e+01,1.420499572753906250e+02,6.260000000000000000e+02
-2.746882247924804688e+01,1.420499572753906250e+02,6.260000000000000000e+02
-2.678830528259277344e+01,1.420499572753906250e+02,6.260000000000000000e+02
-2.610778999328613281e+01,1.420499572753906250e+02,6.260000000000000000e+02
-2.542727470397949219e+01,1.420499572753906250e+02,6.260000000000000000e+02
-2.474676132202148438e+01,1.420499572753906250e+02,6.260000000000000000e+02
-2.406624603271484375e+01,1.420499572753906250e+02,6.260000000000000000e+02
-2.338573074340820312e+01,1.420499572753906250e+02,6.260000000000000000e+02
-2.270521545410156250e+01,1.420499572753906250e+02,6.260000000000000000e+02
-2.202469825744628906e+01,1.420499572753906250e+02,6.260000000000000000e+02
-2.137828063964843750e+01,1.422768707275390625e+02,6.270000000000000000e+02
-2.069667816162109375e+01,1.422768707275390625e+02,6.270000000000000000e+02
-2.001507568359375000e+01,1.422768707275390625e+02,6.270000000000000000e+02
-1.933347511291503906e+01,1.422768707275390625e+02,6.270000000000000000e+02
-1.865187263488769531e+01,1.422768707275390625e+02,6.270000000000000000e+02
-1.799892997741699219e+01,1.425037841796875000e+02,6.280000000000000000e+02
-1.731624031066894531e+01,1.425037841796875000e+02,6.280000000000000000e+02
-1.663355255126953125e+01,1.425037841796875000e+02,6.280000000000000000e+02
-1.595086288452148438e+01,1.425037841796875000e+02,6.280000000000000000e+02
-1.526817321777343750e+01,1.425037841796875000e+02,6.280000000000000000e+02
-1.458548355102539062e+01,1.425037841796875000e+02,6.280000000000000000e+02
-1.390279483795166016e+01,1.425037841796875000e+02,6.280000000000000000e+02
-1.322010612487792969e+01,1.425037841796875000e+02,6.280000000000000000e+02
-1.253741550445556641e+01,1.425037841796875000e+02,6.280000000000000000e+02
-1.185472679138183594e+01,1.425037841796875000e+02,6.280000000000000000e+02
-1.117203712463378906e+01,1.425037841796875000e+02,6.280000000000000000e+02
-1.048934841156005859e+01,1.425037841796875000e+02,6.280000000000000000e+02
-9.806658744812011719e+00,1.425037841796875000e+02,6.280000000000000000e+02
-9.123969078063964844e+00,1.425037841796875000e+02,6.280000000000000000e+02
-8.441280364990234375e+00,1.425037841796875000e+02,6.280000000000000000e+02
-7.758590698242187500e+00,1.425037841796875000e+02,6.280000000000000000e+02
-7.075901508331298828e+00,1.425037841796875000e+02,6.280000000000000000e+02
-6.393212318420410156e+00,1.425037841796875000e+02,6.280000000000000000e+02
-5.719615459442138672e+00,1.427307128906250000e+02,6.290000000000000000e+02
-5.035839557647705078e+00,1.427307128906250000e+02,6.290000000000000000e+02
-4.358982086181640625e+00,1.429576263427734375e+02,6.300000000000000000e+02
-3.674118757247924805e+00,1.429576263427734375e+02,6.300000000000000000e+02
-2.989255189895629883e+00,1.429576263427734375e+02,6.300000000000000000e+02
-2.304391860961914062e+00,1.429576263427734375e+02,6.300000000000000000e+02
-1.616957545280456543e+00,1.427307128906250000e+02,6.290000000000000000e+02
-9.331811666488647461e-01,1.427307128906250000e+02,6.290000000000000000e+02
-2.490082681179046631e-01,1.425037841796875000e+02,6.280000000000000000e+02
4.336810708045959473e-01,1.425037841796875000e+02,6.280000000000000000e+02
1.116370439529418945e+00,1.425037841796875000e+02,6.280000000000000000e+02
1.799059748649597168e+00,1.425037841796875000e+02,6.280000000000000000e+02
2.477797031402587891e+00,1.422768707275390625e+02,6.270000000000000000e+02
3.159399509429931641e+00,1.422768707275390625e+02,6.270000000000000000e+02
3.841001749038696289e+00,1.422768707275390625e+02,6.270000000000000000e+02
4.522603988647460938e+00,1.422768707275390625e+02,6.270000000000000000e+02
5.204205989837646484e+00,1.422768707275390625e+02,6.270000000000000000e+02
5.895195484161376953e+00,1.425037841796875000e+02,6.280000000000000000e+02
6.577885150909423828e+00,1.425037841796875000e+02,6.280000000000000000e+02
7.260573863983154297e+00,1.425037841796875000e+02,6.280000000000000000e+02
7.943263530731201172e+00,1.425037841796875000e+02,6.280000000000000000e+02
8.625952720642089844e+00,1.425037841796875000e+02,6.280000000000000000e+02
9.308642387390136719e+00,1.425037841796875000e+02,6.280000000000000000e+02
9.991331100463867188e+00,1.425037841796875000e+02,6.280000000000000000e+02
1.067401981353759766e+01,1.425037841796875000e+02,6.280000000000000000e+02
1.135671043395996094e+01,1.425037841796875000e+02,6.280000000000000000e+02
1.203939914703369141e+01,1.425037841796875000e+02,6.280000000000000000e+02
1.270182991027832031e+01,1.422768707275390625e+02,6.270000000000000000e+02
1.338343334197998047e+01,1.422768707275390625e+02,6.270000000000000000e+02
1.406503486633300781e+01,1.422768707275390625e+02,6.270000000000000000e+02
1.474663734436035156e+01,1.422768707275390625e+02,6.270000000000000000e+02
1.542823886871337891e+01,1.422768707275390625e+02,6.270000000000000000e+02
1.610984230041503906e+01,1.422768707275390625e+02,6.270000000000000000e+02
1.679144477844238281e+01,1.422768707275390625e+02,6.270000000000000000e+02
1.744517898559570312e+01,1.420499572753906250e+02,6.260000000000000000e+02
1.812569236755371094e+01,1.420499572753906250e+02,6.260000000000000000e+02
1.880620956420898438e+01,1.420499572753906250e+02,6.260000000000000000e+02
1.948672485351562500e+01,1.420499572753906250e+02,6.260000000000000000e+02
2.016724014282226562e+01,1.420499572753906250e+02,6.260000000000000000e+02
2.088105773925781250e+01,1.422768707275390625e+02,6.270000000000000000e+02
2.156266021728515625e+01,1.422768707275390625e+02,6.270000000000000000e+02
2.224426269531250000e+01,1.422768707275390625e+02,6.270000000000000000e+02
2.292586326599121094e+01,1.422768707275390625e+02,6.270000000000000000e+02
2.360746574401855469e+01,1.422768707275390625e+02,6.270000000000000000e+02
2.428906822204589844e+01,1.422768707275390625e+02,6.270000000000000000e+02
2.497066879272460938e+01,1.422768707275390625e+02,6.270000000000000000e+02
2.565227317810058594e+01,1.422768707275390625e+02,6.270000000000000000e+02
2.633387565612792969e+01,1.422768707275390625e+02,6.270000000000000000e+02
2.697239112854003906e+01,1.420499572753906250e+02,6.260000000000000000e+02
2.765290641784667969e+01,1.420499572753906250e+02,6.260000000000000000e+02
2.833341979980468750e+01,1.420499572753906250e+02,6.260000000000000000e+02
2.896758651733398438e+01,1.418230438232421875e+02,6.250000000000000000e+02
2.959957885742187500e+01,1.415961303710937500e+02,6.240000000000000000e+02
3.027791976928710938e+01,1.415961303710937500e+02,6.240000000000000000e+02
3.090665435791015625e+01,1.413692016601562500e+02,6.230000000000000000e+02
3.153321075439453125e+01,1.411422882080078125e+02,6.220000000000000000e+02
3.220937728881835938e+01,1.411422882080078125e+02,6.220000000000000000e+02
3.288554382324218750e+01,1.411422882080078125e+02,6.220000000000000000e+02
3.350775146484375000e+01,1.409153747558593750e+02,6.210000000000000000e+02
3.418283081054687500e+01,1.409153747558593750e+02,6.210000000000000000e+02
3.485791015625000000e+01,1.409153747558593750e+02,6.210000000000000000e+02
3.553299331665039062e+01,1.409153747558593750e+02,6.210000000000000000e+02
3.620807266235351562e+01,1.409153747558593750e+02,6.210000000000000000e+02
3.688315200805664062e+01,1.409153747558593750e+02,6.210000000000000000e+02
3.749775314331054688e+01,1.406884613037109375e+02,6.200000000000000000e+02
3.817174530029296875e+01,1.406884613037109375e+02,6.200000000000000000e+02
3.890839004516601562e+01,1.409153747558593750e+02,6.210000000000000000e+02
3.958346939086914062e+01,1.409153747558593750e+02,6.210000000000000000e+02
4.025854873657226562e+01,1.409153747558593750e+02,6.210000000000000000e+02
4.093362808227539062e+01,1.409153747558593750e+02,6.210000000000000000e+02
4.160870742797851562e+01,1.409153747558593750e+02,6.210000000000000000e+02
4.228378677368164062e+01,1.409153747558593750e+02,6.210000000000000000e+02
4.295886611938476562e+01,1.409153747558593750e+02,6.210000000000000000e+02
4.363395309448242188e+01,1.409153747558593750e+02,6.210000000000000000e+02
4.430903244018554688e+01,1.409153747558593750e+02,6.210000000000000000e+02
4.498411178588867188e+01,1.409153747558593750e+02,6.210000000000000000e+02
4.565919113159179688e+01,1.409153747558593750e+02,6.210000000000000000e+02
4.633427047729492188e+01,1.409153747558593750e+02,6.210000000000000000e+02
4.708504867553710938e+01,1.411422882080078125e+02,6.220000000000000000e+02
4.776121520996093750e+01,1.411422882080078125e+02,6.220000000000000000e+02
4.843738174438476562e+01,1.411422882080078125e+02,6.220000000000000000e+02
4.919250869750976562e+01,1.413692016601562500e+02,6.230000000000000000e+02
4.986976242065429688e+01,1.413692016601562500e+02,6.230000000000000000e+02
5.070928573608398438e+01,1.418230438232421875e+02,6.250000000000000000e+02
5.138871383666992188e+01,1.418230438232421875e+02,6.250000000000000000e+02
5.215145111083984375e+01,1.420499572753906250e+02,6.260000000000000000e+02
5.283196258544921875e+01,1.420499572753906250e+02,6.260000000000000000e+02
5.359796142578125000e+01,1.422768707275390625e+02,6.270000000000000000e+02
5.427956771850585938e+01,1.422768707275390625e+02,6.270000000000000000e+02
5.504882812500000000e+01,1.425037841796875000e+02,6.280000000000000000e+02
5.573151779174804688e+01,1.425037841796875000e+02,6.280000000000000000e+02
5.641420745849609375e+01,1.425037841796875000e+02,6.280000000000000000e+02
5.709689331054687500e+01,1.425037841796875000e+02,6.280000000000000000e+02
5.787158966064453125e+01,1.427307128906250000e+02,6.290000000000000000e+02
5.855536651611328125e+01,1.427307128906250000e+02,6.290000000000000000e+02
5.923914337158203125e+01,1.427307128906250000e+02,6.290000000000000000e+02
5.992291641235351562e+01,1.427307128906250000e+02,6.290000000000000000e+02
6.060669326782226562e+01,1.427307128906250000e+02,6.290000000000000000e+02
6.129047012329101562e+01,1.427307128906250000e+02,6.290000000000000000e+02
6.187571716308593750e+01,1.425037841796875000e+02,6.280000000000000000e+02
6.255840682983398438e+01,1.425037841796875000e+02,6.280000000000000000e+02
6.334179687500000000e+01,1.427307128906250000e+02,6.290000000000000000e+02
6.392378616333007812e+01,1.425037841796875000e+02,6.280000000000000000e+02
6.460647583007812500e+01,1.425037841796875000e+02,6.280000000000000000e+02
6.528916931152343750e+01,1.425037841796875000e+02,6.280000000000000000e+02
6.576175689697265625e+01,1.420499572753906250e+02,6.260000000000000000e+02
6.644226837158203125e+01,1.420499572753906250e+02,6.260000000000000000e+02
6.723001098632812500e+01,1.422768707275390625e+02,6.270000000000000000e+02
6.801992034912109375e+01,1.425037841796875000e+02,6.280000000000000000e+02
6.870261383056640625e+01,1.425037841796875000e+02,6.280000000000000000e+02
6.949578857421875000e+01,1.427307128906250000e+02,6.290000000000000000e+02
7.017956542968750000e+01,1.427307128906250000e+02,6.290000000000000000e+02
7.086334228515625000e+01,1.427307128906250000e+02,6.290000000000000000e+02
7.154711914062500000e+01,1.427307128906250000e+02,6.290000000000000000e+02
7.234572601318359375e+01,1.429576263427734375e+02,6.300000000000000000e+02
7.303059387207031250e+01,1.429576263427734375e+02,6.300000000000000000e+02
7.359844207763671875e+01,1.427307128906250000e+02,6.290000000000000000e+02
7.428221893310546875e+01,1.427307128906250000e+02,6.290000000000000000e+02
7.496599578857421875e+01,1.427307128906250000e+02,6.290000000000000000e+02
7.564978027343750000e+01,1.427307128906250000e+02,6.290000000000000000e+02
7.621219635009765625e+01,1.425037841796875000e+02,6.280000000000000000e+02
7.689488220214843750e+01,1.425037841796875000e+02,6.280000000000000000e+02
7.757757568359375000e+01,1.425037841796875000e+02,6.280000000000000000e+02
7.826026153564453125e+01,1.425037841796875000e+02,6.280000000000000000e+02
7.881724548339843750e+01,1.422768707275390625e+02,6.270000000000000000e+02
7.949884796142578125e+01,1.422768707275390625e+02,6.270000000000000000e+02
8.018045043945312500e+01,1.422768707275390625e+02,6.270000000000000000e+02
8.086206054687500000e+01,1.422768707275390625e+02,6.270000000000000000e+02
8.141360473632812500e+01,1.420499572753906250e+02,6.260000000000000000e+02
8.209412384033203125e+01,1.420499572753906250e+02,6.260000000000000000e+02
8.277463531494140625e+01,1.420499572753906250e+02,6.260000000000000000e+02
8.345515441894531250e+01,1.420499572753906250e+02,6.260000000000000000e+02
8.413566589355468750e+01,1.420499572753906250e+02,6.260000000000000000e+02
8.481617736816406250e+01,1.420499572753906250e+02,6.260000000000000000e+02
8.549669647216796875e+01,1.420499572753906250e+02,6.260000000000000000e+02
8.603954315185546875e+01,1.418230438232421875e+02,6.250000000000000000e+02
8.671897125244140625e+01,1.418230438232421875e+02,6.250000000000000000e+02
8.739839935302734375e+01,1.418230438232421875e+02,6.250000000000000000e+02
8.807782745361328125e+01,1.418230438232421875e+02,6.250000000000000000e+02
8.875725555419921875e+01,1.418230438232421875e+02,6.250000000000000000e+02
8.929358673095703125e+01,1.415961303710937500e+02,6.240000000000000000e+02
8.997192382812500000e+01,1.415961303710937500e+02,6.240000000000000000e+02
9.065026855468750000e+01,1.415961303710937500e+02,6.240000000000000000e+02
9.118225097656250000e+01,1.413692016601562500e+02,6.230000000000000000e+02
9.185950469970703125e+01,1.413692016601562500e+02,6.230000000000000000e+02
9.238822174072265625e+01,1.411422882080078125e+02,6.220000000000000000e+02
9.306439208984375000e+01,1.411422882080078125e+02,6.220000000000000000e+02
9.374055480957031250e+01,1.411422882080078125e+02,6.220000000000000000e+02
9.441672515869140625e+01,1.411422882080078125e+02,6.220000000000000000e+02
9.494000244140625000e+01,1.409153747558593750e+02,6.210000000000000000e+02
9.561508178710937500e+01,1.409153747558593750e+02,6.210000000000000000e+02
9.629016113281250000e+01,1.409153747558593750e+02,6.210000000000000000e+02
9.696524047851562500e+01,1.409153747558593750e+02,6.210000000000000000e+02
9.764031982421875000e+01,1.409153747558593750e+02,6.210000000000000000e+02
9.847372436523437500e+01,1.411422882080078125e+02,6.220000000000000000e+02
9.914988708496093750e+01,1.411422882080078125e+02,6.220000000000000000e+02
9.982605743408203125e+01,1.411422882080078125e+02,6.220000000000000000e+02
1.005022201538085938e+02,1.411422882080078125e+02,6.220000000000000000e+02
1.011783981323242188e+02,1.411422882080078125e+02,6.220000000000000000e+02
1.018545608520507812e+02,1.411422882080078125e+02,6.220000000000000000e+02
1.025307312011718750e+02,1.411422882080078125e+02,6.220000000000000000e+02
1.033728256225585938e+02,1.413692016601562500e+02,6.230000000000000000e+02
1.040500793457031250e+02,1.413692016601562500e+02,6.230000000000000000e+02
1.048954315185546875e+02,1.415961303710937500e+02,6.240000000000000000e+02
1.055737762451171875e+02,1.415961303710937500e+02,6.240000000000000000e+02
1.062521133422851562e+02,1.415961303710937500e+02,6.240000000000000000e+02
1.071018142700195312e+02,1.418230438232421875e+02,6.250000000000000000e+02
1.077812423706054688e+02,1.418230438232421875e+02,6.250000000000000000e+02
1.086342086791992188e+02,1.420499572753906250e+02,6.260000000000000000e+02
1.093147277832031250e+02,1.420499572753906250e+02,6.260000000000000000e+02
1.101709518432617188e+02,1.422768707275390625e+02,6.270000000000000000e+02
1.108525543212890625e+02,1.422768707275390625e+02,6.270000000000000000e+02
1.117120361328125000e+02,1.425037841796875000e+02,6.280000000000000000e+02
1.123947296142578125e+02,1.425037841796875000e+02,6.280000000000000000e+02
1.132574768066406250e+02,1.427307128906250000e+02,6.290000000000000000e+02
1.139412536621093750e+02,1.427307128906250000e+02,6.290000000000000000e+02
1.146250305175781250e+02,1.427307128906250000e+02,6.290000000000000000e+02
1.154921264648437500e+02,1.429576263427734375e+02,6.300000000000000000e+02
1.161769866943359375e+02,1.429576263427734375e+02,6.300000000000000000e+02
1.168618545532226562e+02,1.429576263427734375e+02,6.300000000000000000e+02
1.175467147827148438e+02,1.429576263427734375e+02,6.300000000000000000e+02
1.182315826416015625e+02,1.429576263427734375e+02,6.300000000000000000e+02
1.189164428710937500e+02,1.429576263427734375e+02,6.300000000000000000e+02
1.196013031005859375e+02,1.429576263427734375e+02,6.300000000000000000e+02
1.202861709594726562e+02,1.429576263427734375e+02,6.300000000000000000e+02
1.209710311889648438e+02,1.429576263427734375e+02,6.300000000000000000e+02
1.216558914184570312e+02,1.429576263427734375e+02,6.300000000000000000e+02
1.223407592773437500e+02,1.429576263427734375e+02,6.300000000000000000e+02
1.232209014892578125e+02,1.431845397949218750e+02,6.310000000000000000e+02
1.239068603515625000e+02,1.431845397949218750e+02,6.310000000000000000e+02
1.247902603149414062e+02,1.434114532470703125e+02,6.320000000000000000e+02
1.256758422851562500e+02,1.436383819580078125e+02,6.330000000000000000e+02
1.263639678955078125e+02,1.436383819580078125e+02,6.330000000000000000e+02
1.272527999877929688e+02,1.438652954101562500e+02,6.340000000000000000e+02
-8.422650146484375000e+01,1.420467376708984375e+02,6.230000000000000000e+02
-8.354924774169921875e+01,1.420467376708984375e+02,6.230000000000000000e+02
-8.287199401855468750e+01,1.420467376708984375e+02,6.230000000000000000e+02
-8.219474029541015625e+01,1.420467376708984375e+02,6.230000000000000000e+02
-8.151749420166015625e+01,1.420467376708984375e+02,6.230000000000000000e+02
-8.084024047851562500e+01,1.420467376708984375e+02,6.230000000000000000e+02
-8.016298675537109375e+01,1.420467376708984375e+02,6.230000000000000000e+02
-7.948573303222656250e+01,1.420467376708984375e+02,6.230000000000000000e+02
-7.880847930908203125e+01,1.420467376708984375e+02,6.230000000000000000e+02
-7.813122558593750000e+01,1.420467376708984375e+02,6.230000000000000000e+02
-7.757829284667968750e+01,1.422747497558593750e+02,6.240000000000000000e+02
-7.689995574951171875e+01,1.422747497558593750e+02,6.240000000000000000e+02
-7.622161102294921875e+01,1.422747497558593750e+02,6.240000000000000000e+02
-7.554327392578125000e+01,1.422747497558593750e+02,6.240000000000000000e+02
-7.486492919921875000e+01,1.422747497558593750e+02,6.240000000000000000e+02
-7.418659210205078125e+01,1.422747497558593750e+02,6.240000000000000000e+02
-7.362605285644531250e+01,1.425027465820312500e+02,6.250000000000000000e+02
-7.294662475585937500e+01,1.425027465820312500e+02,6.250000000000000000e+02
-7.226719665527343750e+01,1.425027465820312500e+02,6.250000000000000000e+02
-7.158776092529296875e+01,1.425027465820312500e+02,6.250000000000000000e+02
-7.090833282470703125e+01,1.425027465820312500e+02,6.250000000000000000e+02
-7.022890472412109375e+01,1.425027465820312500e+02,6.250000000000000000e+02
-6.954947662353515625e+01,1.425027465820312500e+02,6.250000000000000000e+02
-6.887004852294921875e+01,1.425027465820312500e+02,6.250000000000000000e+02
-6.819062042236328125e+01,1.425027465820312500e+02,6.250000000000000000e+02
-6.751119995117187500e+01,1.425027465820312500e+02,6.250000000000000000e+02
-6.683177185058593750e+01,1.425027465820312500e+02,6.250000000000000000e+02
-6.615234375000000000e+01,1.425027465820312500e+02,6.250000000000000000e+02
-6.547291564941406250e+01,1.425027465820312500e+02,6.250000000000000000e+02
-6.479348754882812500e+01,1.425027465820312500e+02,6.250000000000000000e+02
-6.421663665771484375e+01,1.427307586669921875e+02,6.260000000000000000e+02
-6.353612518310546875e+01,1.427307586669921875e+02,6.260000000000000000e+02
-6.285560989379882812e+01,1.427307586669921875e+02,6.260000000000000000e+02
-6.217509460449218750e+01,1.427307586669921875e+02,6.260000000000000000e+02
-6.149457550048828125e+01,1.427307586669921875e+02,6.260000000000000000e+02
-6.091120910644531250e+01,1.429587554931640625e+02,6.270000000000000000e+02
-6.022960662841796875e+01,1.429587554931640625e+02,6.270000000000000000e+02
-5.954800415039062500e+01,1.429587554931640625e+02,6.270000000000000000e+02
-5.886640167236328125e+01,1.429587554931640625e+02,6.270000000000000000e+02
-5.818479919433593750e+01,1.429587554931640625e+02,6.270000000000000000e+02
-5.750319671630859375e+01,1.429587554931640625e+02,6.270000000000000000e+02
-5.682159805297851562e+01,1.429587554931640625e+02,6.270000000000000000e+02
-5.613999557495117188e+01,1.429587554931640625e+02,6.270000000000000000e+02
-5.545839309692382812e+01,1.429587554931640625e+02,6.270000000000000000e+02
-5.468942642211914062e+01,1.427307586669921875e+02,6.260000000000000000e+02
-5.400891113281250000e+01,1.427307586669921875e+02,6.260000000000000000e+02
-5.332839965820312500e+01,1.427307586669921875e+02,6.260000000000000000e+02
-5.264788436889648438e+01,1.427307586669921875e+02,6.260000000000000000e+02
-5.188435363769531250e+01,1.425027465820312500e+02,6.250000000000000000e+02
-5.120492553710937500e+01,1.425027465820312500e+02,6.250000000000000000e+02
-5.052549362182617188e+01,1.425027465820312500e+02,6.250000000000000000e+02
-4.976631164550781250e+01,1.422747497558593750e+02,6.240000000000000000e+02
-4.908797073364257812e+01,1.422747497558593750e+02,6.240000000000000000e+02
-4.840962982177734375e+01,1.422747497558593750e+02,6.240000000000000000e+02
-4.773128890991210938e+01,1.422747497558593750e+02,6.240000000000000000e+02
-4.705294799804687500e+01,1.422747497558593750e+02,6.240000000000000000e+02
-4.637460708618164062e+01,1.422747497558593750e+02,6.240000000000000000e+02
-4.569626617431640625e+01,1.422747497558593750e+02,6.240000000000000000e+02
-4.501792526245117188e+01,1.422747497558593750e+02,6.240000000000000000e+02
-4.433958435058593750e+01,1.422747497558593750e+02,6.240000000000000000e+02
-4.366124725341796875e+01,1.422747497558593750e+02,6.240000000000000000e+02
-4.298290634155273438e+01,1.422747497558593750e+02,6.240000000000000000e+02
-4.230456542968750000e+01,1.422747497558593750e+02,6.240000000000000000e+02
-4.162622451782226562e+01,1.422747497558593750e+02,6.240000000000000000e+02
-4.094788360595703125e+01,1.422747497558593750e+02,6.240000000000000000e+02
-4.026953887939453125e+01,1.422747497558593750e+02,6.240000000000000000e+02
-3.959119796752929688e+01,1.422747497558593750e+02,6.240000000000000000e+02
-3.891285705566406250e+01,1.422747497558593750e+02,6.240000000000000000e+02
-3.823451614379882812e+01,1.422747497558593750e+02,6.240000000000000000e+02
-3.761635971069335938e+01,1.425027465820312500e+02,6.250000000000000000e+02
-3.687783432006835938e+01,1.422747497558593750e+02,6.240000000000000000e+02
-3.625750732421875000e+01,1.425027465820312500e+02,6.250000000000000000e+02
-3.552115249633789062e+01,1.422747497558593750e+02,6.240000000000000000e+02
-3.484281158447265625e+01,1.422747497558593750e+02,6.240000000000000000e+02
-3.421922302246093750e+01,1.425027465820312500e+02,6.250000000000000000e+02
-3.353979492187500000e+01,1.425027465820312500e+02,6.250000000000000000e+02
-3.286036682128906250e+01,1.425027465820312500e+02,6.250000000000000000e+02
-3.218093490600585938e+01,1.425027465820312500e+02,6.250000000000000000e+02
-3.150150871276855469e+01,1.425027465820312500e+02,6.250000000000000000e+02
-3.082208061218261719e+01,1.425027465820312500e+02,6.250000000000000000e+02
-3.014265251159667969e+01,1.425027465820312500e+02,6.250000000000000000e+02
-2.946322631835937500e+01,1.425027465820312500e+02,6.250000000000000000e+02
-2.878379821777343750e+01,1.425027465820312500e+02,6.250000000000000000e+02
-2.810437011718750000e+01,1.425027465820312500e+02,6.250000000000000000e+02
-2.742494201660156250e+01,1.425027465820312500e+02,6.250000000000000000e+02
-2.674551200866699219e+01,1.425027465820312500e+02,6.250000000000000000e+02
-2.606608390808105469e+01,1.425027465820312500e+02,6.250000000000000000e+02
-2.538665580749511719e+01,1.425027465820312500e+02,6.250000000000000000e+02
-2.470722961425781250e+01,1.425027465820312500e+02,6.250000000000000000e+02
-2.402780151367187500e+01,1.425027465820312500e+02,6.250000000000000000e+02
-2.334837341308593750e+01,1.425027465820312500e+02,6.250000000000000000e+02
-2.266894531250000000e+01,1.425027465820312500e+02,6.250000000000000000e+02
-2.198951530456542969e+01,1.425027465820312500e+02,6.250000000000000000e+02
-2.134418296813964844e+01,1.427307586669921875e+02,6.260000000000000000e+02
-2.066366958618164062e+01,1.427307586669921875e+02,6.260000000000000000e+02
-1.998315429687500000e+01,1.427307586669921875e+02,6.260000000000000000e+02
-1.930263900756835938e+01,1.427307586669921875e+02,6.260000000000000000e+02
-1.862212371826171875e+01,1.427307586669921875e+02,6.260000000000000000e+02
-1.797027015686035156e+01,1.429587554931640625e+02,6.270000000000000000e+02
-1.728866767883300781e+01,1.429587554931640625e+02,6.270000000000000000e+02
-1.660706520080566406e+01,1.429587554931640625e+02,6.270000000000000000e+02
-1.592546367645263672e+01,1.429587554931640625e+02,6.270000000000000000e+02
-1.524386024475097656e+01,1.429587554931640625e+02,6.270000000000000000e+02
-1.456225872039794922e+01,1.429587554931640625e+02,6.270000000000000000e+02
-1.388065624237060547e+01,1.429587554931640625e+02,6.270000000000000000e+02
-1.319905471801757812e+01,1.429587554931640625e+02,6.270000000000000000e+02
-1.253741550445556641e+01,1.431867675781250000e+02,6.280000000000000000e+02
-1.183584976196289062e+01,1.429587554931640625e+02,6.270000000000000000e+02
-1.115424728393554688e+01,1.429587554931640625e+02,6.270000000000000000e+02
-1.047264575958251953e+01,1.429587554931640625e+02,6.270000000000000000e+02
-9.791043281555175781e+00,1.429587554931640625e+02,6.270000000000000000e+02
-9.109440803527832031e+00,1.429587554931640625e+02,6.270000000000000000e+02
-8.427838325500488281e+00,1.429587554931640625e+02,6.270000000000000000e+02
-7.746236324310302734e+00,1.429587554931640625e+02,6.270000000000000000e+02
-7.064634323120117188e+00,1.429587554931640625e+02,6.270000000000000000e+02
-6.383031845092773438e+00,1.429587554931640625e+02,6.270000000000000000e+02
-5.701429367065429688e+00,1.429587554931640625e+02,6.270000000000000000e+02
-5.027833461761474609e+00,1.431867675781250000e+02,6.280000000000000000e+02
-4.345144271850585938e+00,1.431867675781250000e+02,6.280000000000000000e+02
-3.668286800384521484e+00,1.434147644042968750e+02,6.290000000000000000e+02
-2.984510421752929688e+00,1.434147644042968750e+02,6.290000000000000000e+02
-2.300734043121337891e+00,1.434147644042968750e+02,6.290000000000000000e+02
-1.616957545280456543e+00,1.434147644042968750e+02,6.290000000000000000e+02
-9.316976070404052734e-01,1.431867675781250000e+02,6.280000000000000000e+02
-2.490082681179046631e-01,1.431867675781250000e+02,6.280000000000000000e+02
4.329904913902282715e-01,1.429587554931640625e+02,6.270000000000000000e+02
1.114592790603637695e+00,1.429587554931640625e+02,6.270000000000000000e+02
1.793330192565917969e+00,1.427307586669921875e+02,6.260000000000000000e+02
2.473845243453979492e+00,1.427307586669921875e+02,6.260000000000000000e+02
3.154360532760620117e+00,1.427307586669921875e+02,6.260000000000000000e+02
3.834875822067260742e+00,1.427307586669921875e+02,6.260000000000000000e+02
4.515390872955322266e+00,1.427307586669921875e+02,6.260000000000000000e+02
5.195906162261962891e+00,1.427307586669921875e+02,6.260000000000000000e+02
5.876420974731445312e+00,1.427307586669921875e+02,6.260000000000000000e+02
6.556936264038085938e+00,1.427307586669921875e+02,6.260000000000000000e+02
7.237451076507568359e+00,1.427307586669921875e+02,6.260000000000000000e+02
7.917966365814208984e+00,1.427307586669921875e+02,6.260000000000000000e+02
8.598481178283691406e+00,1.427307586669921875e+02,6.260000000000000000e+02
9.278996467590332031e+00,1.427307586669921875e+02,6.260000000000000000e+02
9.959511756896972656e+00,1.427307586669921875e+02,6.260000000000000000e+02
1.064002609252929688e+01,1.427307586669921875e+02,6.260000000000000000e+02
1.132054233551025391e+01,1.427307586669921875e+02,6.260000000000000000e+02
1.200105762481689453e+01,1.427307586669921875e+02,6.260000000000000000e+02
1.268157196044921875e+01,1.427307586669921875e+02,6.260000000000000000e+02
1.336208820343017578e+01,1.427307586669921875e+02,6.260000000000000000e+02
1.404260349273681641e+01,1.427307586669921875e+02,6.260000000000000000e+02
1.469959831237792969e+01,1.425027465820312500e+02,6.250000000000000000e+02
1.537902641296386719e+01,1.425027465820312500e+02,6.250000000000000000e+02
1.605845451354980469e+01,1.425027465820312500e+02,6.250000000000000000e+02
1.673788261413574219e+01,1.425027465820312500e+02,6.250000000000000000e+02
1.741731071472167969e+01,1.425027465820312500e+02,6.250000000000000000e+02
1.809673881530761719e+01,1.425027465820312500e+02,6.250000000000000000e+02
1.877616691589355469e+01,1.425027465820312500e+02,6.250000000000000000e+02
1.945559501647949219e+01,1.425027465820312500e+02,6.250000000000000000e+02
2.013502502441406250e+01,1.425027465820312500e+02,6.250000000000000000e+02
2.081445121765136719e+01,1.425027465820312500e+02,6.250000000000000000e+02
2.149387931823730469e+01,1.425027465820312500e+02,6.250000000000000000e+02
2.217330741882324219e+01,1.425027465820312500e+02,6.250000000000000000e+02
2.288929939270019531e+01,1.427307586669921875e+02,6.260000000000000000e+02
2.356981468200683594e+01,1.427307586669921875e+02,6.260000000000000000e+02
2.425032997131347656e+01,1.427307586669921875e+02,6.260000000000000000e+02
2.493084335327148438e+01,1.427307586669921875e+02,6.260000000000000000e+02
2.561136054992675781e+01,1.427307586669921875e+02,6.260000000000000000e+02
2.624987602233886719e+01,1.425027465820312500e+02,6.250000000000000000e+02
2.692930412292480469e+01,1.425027465820312500e+02,6.250000000000000000e+02
2.760873222351074219e+01,1.425027465820312500e+02,6.250000000000000000e+02
2.824289894104003906e+01,1.422747497558593750e+02,6.240000000000000000e+02
2.887489128112792969e+01,1.420467376708984375e+02,6.230000000000000000e+02
2.955214500427246094e+01,1.420467376708984375e+02,6.230000000000000000e+02
3.018087577819824219e+01,1.418187408447265625e+02,6.220000000000000000e+02
3.085704421997070312e+01,1.418187408447265625e+02,6.220000000000000000e+02
3.148251533508300781e+01,1.415907287597656250e+02,6.210000000000000000e+02
3.215759277343750000e+01,1.415907287597656250e+02,6.210000000000000000e+02
3.277980422973632812e+01,1.413627319335937500e+02,6.200000000000000000e+02
3.345379638671875000e+01,1.413627319335937500e+02,6.200000000000000000e+02
3.412778854370117188e+01,1.413627319335937500e+02,6.200000000000000000e+02
3.480178070068359375e+01,1.413627319335937500e+02,6.200000000000000000e+02
3.547577285766601562e+01,1.413627319335937500e+02,6.200000000000000000e+02
3.614976501464843750e+01,1.413627319335937500e+02,6.200000000000000000e+02
3.676436614990234375e+01,1.411347198486328125e+02,6.190000000000000000e+02
3.743727111816406250e+01,1.411347198486328125e+02,6.190000000000000000e+02
3.811017608642578125e+01,1.411347198486328125e+02,6.190000000000000000e+02
3.878308105468750000e+01,1.411347198486328125e+02,6.190000000000000000e+02
3.945598602294921875e+01,1.411347198486328125e+02,6.190000000000000000e+02
4.012889099121093750e+01,1.411347198486328125e+02,6.190000000000000000e+02
4.080179595947265625e+01,1.411347198486328125e+02,6.190000000000000000e+02
4.154170608520507812e+01,1.413627319335937500e+02,6.200000000000000000e+02
4.221569824218750000e+01,1.413627319335937500e+02,6.200000000000000000e+02
4.288969039916992188e+01,1.413627319335937500e+02,6.200000000000000000e+02
4.356368637084960938e+01,1.413627319335937500e+02,6.200000000000000000e+02
4.423767852783203125e+01,1.413627319335937500e+02,6.200000000000000000e+02
4.491167068481445312e+01,1.413627319335937500e+02,6.200000000000000000e+02
4.558566284179687500e+01,1.413627319335937500e+02,6.200000000000000000e+02
4.625965499877929688e+01,1.413627319335937500e+02,6.200000000000000000e+02
4.700934982299804688e+01,1.415907287597656250e+02,6.210000000000000000e+02
4.768442916870117188e+01,1.415907287597656250e+02,6.210000000000000000e+02
4.835950851440429688e+01,1.415907287597656250e+02,6.210000000000000000e+02
4.911354827880859375e+01,1.418187408447265625e+02,6.220000000000000000e+02
4.978971481323242188e+01,1.418187408447265625e+02,6.220000000000000000e+02
5.054701614379882812e+01,1.420467376708984375e+02,6.230000000000000000e+02
5.130649185180664062e+01,1.422747497558593750e+02,6.240000000000000000e+02
5.206814193725585938e+01,1.425027465820312500e+02,6.250000000000000000e+02
5.274756622314453125e+01,1.425027465820312500e+02,6.250000000000000000e+02
5.351247787475585938e+01,1.427307586669921875e+02,6.260000000000000000e+02
5.419299697875976562e+01,1.427307586669921875e+02,6.260000000000000000e+02
5.487351226806640625e+01,1.427307586669921875e+02,6.260000000000000000e+02
5.564277267456054688e+01,1.429587554931640625e+02,6.270000000000000000e+02
5.632437515258789062e+01,1.429587554931640625e+02,6.270000000000000000e+02
5.700597763061523438e+01,1.429587554931640625e+02,6.270000000000000000e+02
5.768758010864257812e+01,1.429587554931640625e+02,6.270000000000000000e+02
5.836917877197265625e+01,1.429587554931640625e+02,6.270000000000000000e+02
5.905078125000000000e+01,1.429587554931640625e+02,6.270000000000000000e+02
5.973238372802734375e+01,1.429587554931640625e+02,6.270000000000000000e+02
6.022127914428710938e+01,1.425027465820312500e+02,6.250000000000000000e+02
6.090070724487304688e+01,1.425027465820312500e+02,6.250000000000000000e+02
6.158013534545898438e+01,1.425027465820312500e+02,6.250000000000000000e+02
6.225955963134765625e+01,1.425027465820312500e+02,6.250000000000000000e+02
6.293898773193359375e+01,1.425027465820312500e+02,6.250000000000000000e+02
6.361841583251953125e+01,1.425027465820312500e+02,6.250000000000000000e+02
6.419496917724609375e+01,1.422747497558593750e+02,6.240000000000000000e+02
6.497727966308593750e+01,1.425027465820312500e+02,6.250000000000000000e+02
6.565670776367187500e+01,1.425027465820312500e+02,6.250000000000000000e+02
6.633613586425781250e+01,1.425027465820312500e+02,6.250000000000000000e+02
6.701556396484375000e+01,1.425027465820312500e+02,6.250000000000000000e+02
6.780329895019531250e+01,1.427307586669921875e+02,6.260000000000000000e+02
6.848381805419921875e+01,1.427307586669921875e+02,6.260000000000000000e+02
6.927481842041015625e+01,1.429587554931640625e+02,6.270000000000000000e+02
6.995642089843750000e+01,1.429587554931640625e+02,6.270000000000000000e+02
7.063802337646484375e+01,1.429587554931640625e+02,6.270000000000000000e+02
7.131961822509765625e+01,1.429587554931640625e+02,6.270000000000000000e+02
7.211605834960937500e+01,1.431867675781250000e+02,6.280000000000000000e+02
7.279874420166015625e+01,1.431867675781250000e+02,6.280000000000000000e+02
7.336442565917968750e+01,1.429587554931640625e+02,6.270000000000000000e+02
7.404602813720703125e+01,1.429587554931640625e+02,6.270000000000000000e+02
7.472763061523437500e+01,1.429587554931640625e+02,6.270000000000000000e+02
7.528897094726562500e+01,1.427307586669921875e+02,6.260000000000000000e+02
7.596948242187500000e+01,1.427307586669921875e+02,6.260000000000000000e+02
7.664999389648437500e+01,1.427307586669921875e+02,6.260000000000000000e+02
7.733051300048828125e+01,1.427307586669921875e+02,6.260000000000000000e+02
7.801102447509765625e+01,1.427307586669921875e+02,6.260000000000000000e+02
7.856583404541015625e+01,1.425027465820312500e+02,6.250000000000000000e+02
7.924526214599609375e+01,1.425027465820312500e+02,6.250000000000000000e+02
7.979680633544921875e+01,1.422747497558593750e+02,6.240000000000000000e+02
8.047515869140625000e+01,1.422747497558593750e+02,6.240000000000000000e+02
8.115349578857421875e+01,1.422747497558593750e+02,6.240000000000000000e+02
8.183184051513671875e+01,1.422747497558593750e+02,6.240000000000000000e+02
8.251017761230468750e+01,1.422747497558593750e+02,6.240000000000000000e+02
8.318852233886718750e+01,1.422747497558593750e+02,6.240000000000000000e+02
8.373246002197265625e+01,1.420467376708984375e+02,6.230000000000000000e+02
8.440971374511718750e+01,1.420467376708984375e+02,6.230000000000000000e+02
8.508696746826171875e+01,1.420467376708984375e+02,6.230000000000000000e+02
8.576422119140625000e+01,1.420467376708984375e+02,6.230000000000000000e+02
8.644147491455078125e+01,1.420467376708984375e+02,6.230000000000000000e+02
8.711872863769531250e+01,1.420467376708984375e+02,6.230000000000000000e+02
8.765505981445312500e+01,1.418187408447265625e+02,6.220000000000000000e+02
8.833122253417968750e+01,1.418187408447265625e+02,6.220000000000000000e+02
8.900739288330078125e+01,1.418187408447265625e+02,6.220000000000000000e+02
8.968355560302734375e+01,1.418187408447265625e+02,6.220000000000000000e+02
9.021444702148437500e+01,1.415907287597656250e+02,6.210000000000000000e+02
9.088952636718750000e+01,1.415907287597656250e+02,6.210000000000000000e+02
0.000000000000000000e+00,0.000000000000000000e+00,0.000000000000000000e+00
9.209115600585937500e+01,1.413627319335937500e+02,6.200000000000000000e+02
9.276514434814453125e+01,1.413627319335937500e+02,6.200000000000000000e+02
9.343914031982421875e+01,1.413627319335937500e+02,6.200000000000000000e+02
9.411312866210937500e+01,1.413627319335937500e+02,6.200000000000000000e+02
9.463423919677734375e+01,1.411347198486328125e+02,6.190000000000000000e+02
9.530714416503906250e+01,1.411347198486328125e+02,6.190000000000000000e+02
9.598004913330078125e+01,1.411347198486328125e+02,6.190000000000000000e+02
9.680909729003906250e+01,1.413627319335937500e+02,6.200000000000000000e+02
9.748309326171875000e+01,1.413627319335937500e+02,6.200000000000000000e+02
9.815708160400390625e+01,1.413627319335937500e+02,6.200000000000000000e+02
9.883107757568359375e+01,1.413627319335937500e+02,6.200000000000000000e+02
9.950506591796875000e+01,1.413627319335937500e+02,6.200000000000000000e+02
1.001790618896484375e+02,1.413627319335937500e+02,6.200000000000000000e+02
1.010157318115234375e+02,1.415907287597656250e+02,6.210000000000000000e+02
1.016908111572265625e+02,1.415907287597656250e+02,6.210000000000000000e+02
1.025307312011718750e+02,1.418187408447265625e+02,6.220000000000000000e+02
1.032068939208984375e+02,1.418187408447265625e+02,6.220000000000000000e+02
1.038830642700195312e+02,1.418187408447265625e+02,6.220000000000000000e+02
1.047273330688476562e+02,1.420467376708984375e+02,6.230000000000000000e+02
1.055737762451171875e+02,1.422747497558593750e+02,6.240000000000000000e+02
1.062521133422851562e+02,1.422747497558593750e+02,6.240000000000000000e+02
1.071018142700195312e+02,1.425027465820312500e+02,6.250000000000000000e+02
1.077812423706054688e+02,1.425027465820312500e+02,6.250000000000000000e+02
1.086342086791992188e+02,1.427307586669921875e+02,6.260000000000000000e+02
1.093147277832031250e+02,1.427307586669921875e+02,6.260000000000000000e+02
1.101709518432617188e+02,1.429587554931640625e+02,6.270000000000000000e+02
1.108525543212890625e+02,1.429587554931640625e+02,6.270000000000000000e+02
1.117120361328125000e+02,1.431867675781250000e+02,6.280000000000000000e+02
1.123947296142578125e+02,1.431867675781250000e+02,6.280000000000000000e+02
1.132574768066406250e+02,1.434147644042968750e+02,6.290000000000000000e+02
1.139412536621093750e+02,1.434147644042968750e+02,6.290000000000000000e+02
1.148072662353515625e+02,1.436427764892578125e+02,6.300000000000000000e+02
1.154921264648437500e+02,1.436427764892578125e+02,6.300000000000000000e+02
1.161769866943359375e+02,1.436427764892578125e+02,6.300000000000000000e+02
1.168618545532226562e+02,1.436427764892578125e+02,6.300000000000000000e+02
1.175467147827148438e+02,1.436427764892578125e+02,6.300000000000000000e+02
1.182315826416015625e+02,1.436427764892578125e+02,6.300000000000000000e+02
1.189164428710937500e+02,1.436427764892578125e+02,6.300000000000000000e+02
1.194114608764648438e+02,1.434147644042968750e+02,6.290000000000000000e+02
1.200952377319335938e+02,1.434147644042968750e+02,6.290000000000000000e+02
1.207790145874023438e+02,1.434147644042968750e+02,6.290000000000000000e+02
1.214627914428710938e+02,1.434147644042968750e+02,6.290000000000000000e+02
1.221465682983398438e+02,1.434147644042968750e+02,6.290000000000000000e+02
1.228303451538085938e+02,1.434147644042968750e+02,6.290000000000000000e+02
1.237104949951171875e+02,1.436427764892578125e+02,6.300000000000000000e+02
1.243953552246093750e+02,1.436427764892578125e+02,6.300000000000000000e+02
1.252787628173828125e+02,1.438707733154296875e+02,6.310000000000000000e+02
1.261643371582031250e+02,1.440987854003906250e+02,6.320000000000000000e+02
1.270520858764648438e+02,1.443267822265625000e+02,6.330000000000000000e+02
1.277402114868164062e+02,1.443267822265625000e+02,6.330000000000000000e+02
-8.544364166259765625e+01,1.424951782226562500e+02,6.220000000000000000e+02
-8.476747894287109375e+01,1.424951782226562500e+02,6.220000000000000000e+02
-8.422650146484375000e+01,1.427242736816406250e+02,6.230000000000000000e+02
-8.354924774169921875e+01,1.427242736816406250e+02,6.230000000000000000e+02
-8.287199401855468750e+01,1.427242736816406250e+02,6.230000000000000000e+02
-8.219474029541015625e+01,1.427242736816406250e+02,6.230000000000000000e+02
-8.151749420166015625e+01,1.427242736816406250e+02,6.230000000000000000e+02
-8.084024047851562500e+01,1.427242736816406250e+02,6.230000000000000000e+02
-8.016298675537109375e+01,1.427242736816406250e+02,6.230000000000000000e+02
-7.948573303222656250e+01,1.427242736816406250e+02,6.230000000000000000e+02
-7.880847930908203125e+01,1.427242736816406250e+02,6.230000000000000000e+02
-7.825663757324218750e+01,1.429533691406250000e+02,6.240000000000000000e+02
-7.757829284667968750e+01,1.429533691406250000e+02,6.240000000000000000e+02
-7.677671813964843750e+01,1.427242736816406250e+02,6.230000000000000000e+02
-7.622161102294921875e+01,1.429533691406250000e+02,6.240000000000000000e+02
-7.554327392578125000e+01,1.429533691406250000e+02,6.240000000000000000e+02
-7.486492919921875000e+01,1.429533691406250000e+02,6.240000000000000000e+02
-7.418659210205078125e+01,1.429533691406250000e+02,6.240000000000000000e+02
-7.350824737548828125e+01,1.429533691406250000e+02,6.240000000000000000e+02
-7.282991027832031250e+01,1.429533691406250000e+02,6.240000000000000000e+02
-7.215156555175781250e+01,1.429533691406250000e+02,6.240000000000000000e+02
-7.158776092529296875e+01,1.431824493408203125e+02,6.250000000000000000e+02
-7.090833282470703125e+01,1.431824493408203125e+02,6.250000000000000000e+02
-7.022890472412109375e+01,1.431824493408203125e+02,6.250000000000000000e+02
-6.954947662353515625e+01,1.431824493408203125e+02,6.250000000000000000e+02
-6.887004852294921875e+01,1.431824493408203125e+02,6.250000000000000000e+02
-6.819062042236328125e+01,1.431824493408203125e+02,6.250000000000000000e+02
-6.751119995117187500e+01,1.431824493408203125e+02,6.250000000000000000e+02
-6.683177185058593750e+01,1.431824493408203125e+02,6.250000000000000000e+02
-6.615234375000000000e+01,1.431824493408203125e+02,6.250000000000000000e+02
-6.547291564941406250e+01,1.431824493408203125e+02,6.250000000000000000e+02
-6.479348754882812500e+01,1.431824493408203125e+02,6.250000000000000000e+02
-6.411405944824218750e+01,1.431824493408203125e+02,6.250000000000000000e+02
-6.353612518310546875e+01,1.434115447998046875e+02,6.260000000000000000e+02
-6.285560989379882812e+01,1.434115447998046875e+02,6.260000000000000000e+02
-6.217509460449218750e+01,1.434115447998046875e+02,6.260000000000000000e+02
-6.149457550048828125e+01,1.434115447998046875e+02,6.260000000000000000e+02
-6.081406021118164062e+01,1.434115447998046875e+02,6.260000000000000000e+02
-6.013354492187500000e+01,1.434115447998046875e+02,6.260000000000000000e+02
-5.954800415039062500e+01,1.436406402587890625e+02,6.270000000000000000e+02
-5.886640167236328125e+01,1.436406402587890625e+02,6.270000000000000000e+02
-5.818479919433593750e+01,1.436406402587890625e+02,6.270000000000000000e+02
-5.741148757934570312e+01,1.434115447998046875e+02,6.260000000000000000e+02
-5.682159805297851562e+01,1.436406402587890625e+02,6.270000000000000000e+02
-5.605045700073242188e+01,1.434115447998046875e+02,6.260000000000000000e+02
-5.536994171142578125e+01,1.434115447998046875e+02,6.260000000000000000e+02
-5.468942642211914062e+01,1.434115447998046875e+02,6.260000000000000000e+02
-5.400891113281250000e+01,1.434115447998046875e+02,6.260000000000000000e+02
-5.332839965820312500e+01,1.434115447998046875e+02,6.260000000000000000e+02
-0.000000000000000000e+00,0.000000000000000000e+00,0.000000000000000000e+00
-5.188435363769531250e+01,1.431824493408203125e+02,6.250000000000000000e+02
-5.112299728393554688e+01,1.429533691406250000e+02,6.240000000000000000e+02
-5.044465255737304688e+01,1.429533691406250000e+02,6.240000000000000000e+02
-4.976631164550781250e+01,1.429533691406250000e+02,6.240000000000000000e+02
-4.908797073364257812e+01,1.429533691406250000e+02,6.240000000000000000e+02
-4.833205032348632812e+01,1.427242736816406250e+02,6.230000000000000000e+02
-4.765479660034179688e+01,1.427242736816406250e+02,6.230000000000000000e+02
-4.697754287719726562e+01,1.427242736816406250e+02,6.230000000000000000e+02
-4.630028915405273438e+01,1.427242736816406250e+02,6.230000000000000000e+02
-4.562303543090820312e+01,1.427242736816406250e+02,6.230000000000000000e+02
-4.494578170776367188e+01,1.427242736816406250e+02,6.230000000000000000e+02
-4.426852798461914062e+01,1.427242736816406250e+02,6.230000000000000000e+02
-4.359127426147460938e+01,1.427242736816406250e+02,6.230000000000000000e+02
-4.291402053833007812e+01,1.427242736816406250e+02,6.230000000000000000e+02
-4.223676681518554688e+01,1.427242736816406250e+02,6.230000000000000000e+02
-4.155951309204101562e+01,1.427242736816406250e+02,6.230000000000000000e+02
-4.088225936889648438e+01,1.427242736816406250e+02,6.230000000000000000e+02
-4.020500183105468750e+01,1.427242736816406250e+02,6.230000000000000000e+02
-3.952774810791015625e+01,1.427242736816406250e+02,6.230000000000000000e+02
-3.885049819946289062e+01,1.427242736816406250e+02,6.230000000000000000e+02
-3.817324447631835938e+01,1.427242736816406250e+02,6.230000000000000000e+02
-3.749598693847656250e+01,1.427242736816406250e+02,6.230000000000000000e+02
-3.681873321533203125e+01,1.427242736816406250e+02,6.230000000000000000e+02
-3.619949340820312500e+01,1.429533691406250000e+02,6.240000000000000000e+02
-3.546422958374023438e+01,1.427242736816406250e+02,6.230000000000000000e+02
-3.478697586059570312e+01,1.427242736816406250e+02,6.230000000000000000e+02
-3.410972213745117188e+01,1.427242736816406250e+02,6.230000000000000000e+02
-3.343246841430664062e+01,1.427242736816406250e+02,6.230000000000000000e+02
-3.275521469116210938e+01,1.427242736816406250e+02,6.230000000000000000e+02
-3.207795715332031250e+01,1.427242736816406250e+02,6.230000000000000000e+02
-3.145110702514648438e+01,1.429533691406250000e+02,6.240000000000000000e+02
-3.077276611328125000e+01,1.429533691406250000e+02,6.240000000000000000e+02
-3.009442520141601562e+01,1.429533691406250000e+02,6.240000000000000000e+02
-2.941608428955078125e+01,1.429533691406250000e+02,6.240000000000000000e+02
-2.873774337768554688e+01,1.429533691406250000e+02,6.240000000000000000e+02
-2.805940246582031250e+01,1.429533691406250000e+02,6.240000000000000000e+02
-2.738106155395507812e+01,1.429533691406250000e+02,6.240000000000000000e+02
-2.670271873474121094e+01,1.429533691406250000e+02,6.240000000000000000e+02
-2.602437782287597656e+01,1.429533691406250000e+02,6.240000000000000000e+02
-2.534603881835937500e+01,1.429533691406250000e+02,6.240000000000000000e+02
-2.466769790649414062e+01,1.429533691406250000e+02,6.240000000000000000e+02
-2.398935699462890625e+01,1.429533691406250000e+02,6.240000000000000000e+02
-2.331101608276367188e+01,1.429533691406250000e+02,6.240000000000000000e+02
-2.263267517089843750e+01,1.429533691406250000e+02,6.240000000000000000e+02
-2.195433235168457031e+01,1.429533691406250000e+02,6.240000000000000000e+02
-2.131008720397949219e+01,1.431824493408203125e+02,6.250000000000000000e+02
-2.063065910339355469e+01,1.431824493408203125e+02,6.250000000000000000e+02
-1.995123291015625000e+01,1.431824493408203125e+02,6.250000000000000000e+02
-1.927180480957031250e+01,1.431824493408203125e+02,6.250000000000000000e+02
-1.862212371826171875e+01,1.434115447998046875e+02,6.260000000000000000e+02
-1.794160842895507812e+01,1.434115447998046875e+02,6.260000000000000000e+02
-1.726109313964843750e+01,1.434115447998046875e+02,6.260000000000000000e+02
-1.658057975769042969e+01,1.434115447998046875e+02,6.260000000000000000e+02
-1.590006446838378906e+01,1.434115447998046875e+02,6.260000000000000000e+02
-1.521954822540283203e+01,1.434115447998046875e+02,6.260000000000000000e+02
-1.456225872039794922e+01,1.436406402587890625e+02,6.270000000000000000e+02
-1.388065624237060547e+01,1.436406402587890625e+02,6.270000000000000000e+02
-1.319905471801757812e+01,1.436406402587890625e+02,6.270000000000000000e+02
-1.251745128631591797e+01,1.436406402587890625e+02,6.270000000000000000e+02
-1.183584976196289062e+01,1.436406402587890625e+02,6.270000000000000000e+02
-1.113645744323730469e+01,1.434115447998046875e+02,6.260000000000000000e+02
-1.045594310760498047e+01,1.434115447998046875e+02,6.260000000000000000e+02
-9.775427818298339844e+00,1.434115447998046875e+02,6.260000000000000000e+02
-9.094912528991699219e+00,1.434115447998046875e+02,6.260000000000000000e+02
-8.414397239685058594e+00,1.434115447998046875e+02,6.260000000000000000e+02
-7.733881950378417969e+00,1.434115447998046875e+02,6.260000000000000000e+02
-7.053367137908935547e+00,1.434115447998046875e+02,6.260000000000000000e+02
-6.372851371765136719e+00,1.434115447998046875e+02,6.260000000000000000e+02
-5.692336082458496094e+00,1.434115447998046875e+02,6.260000000000000000e+02
-5.011821269989013672e+00,1.434115447998046875e+02,6.260000000000000000e+02
-4.331305980682373047e+00,1.434115447998046875e+02,6.260000000000000000e+02
-3.650790929794311523e+00,1.434115447998046875e+02,6.260000000000000000e+02
-2.975020647048950195e+00,1.436406402587890625e+02,6.270000000000000000e+02
-2.293418407440185547e+00,1.436406402587890625e+02,6.270000000000000000e+02
-1.611816167831420898e+00,1.436406402587890625e+02,6.270000000000000000e+02
-9.287303686141967773e-01,1.434115447998046875e+02,6.260000000000000000e+02
-2.482152432203292847e-01,1.434115447998046875e+02,6.260000000000000000e+02
4.322999119758605957e-01,1.434115447998046875e+02,6.260000000000000000e+02
1.111037373542785645e+00,1.431824493408203125e+02,6.250000000000000000e+02
1.790465474128723145e+00,1.431824493408203125e+02,6.250000000000000000e+02
2.469893455505371094e+00,1.431824493408203125e+02,6.250000000000000000e+02
3.144282817840576172e+00,1.429533691406250000e+02,6.240000000000000000e+02
3.822623729705810547e+00,1.429533691406250000e+02,6.240000000000000000e+02
4.500964641571044922e+00,1.429533691406250000e+02,6.240000000000000000e+02
5.179305553436279297e+00,1.429533691406250000e+02,6.240000000000000000e+02
5.857646465301513672e+00,1.429533691406250000e+02,6.240000000000000000e+02
6.535987854003906250e+00,1.429533691406250000e+02,6.240000000000000000e+02
7.214328289031982422e+00,1.429533691406250000e+02,6.240000000000000000e+02
7.892669677734375000e+00,1.429533691406250000e+02,6.240000000000000000e+02
8.571010589599609375e+00,1.429533691406250000e+02,6.240000000000000000e+02
9.264174461364746094e+00,1.431824493408203125e+02,6.250000000000000000e+02
9.943601608276367188e+00,1.431824493408203125e+02,6.250000000000000000e+02
1.060603237152099609e+01,1.429533691406250000e+02,6.240000000000000000e+02
1.128437423706054688e+01,1.429533691406250000e+02,6.240000000000000000e+02
1.196271514892578125e+01,1.429533691406250000e+02,6.240000000000000000e+02
1.264105606079101562e+01,1.429533691406250000e+02,6.240000000000000000e+02
1.331939792633056641e+01,1.429533691406250000e+02,6.240000000000000000e+02
1.399773883819580078e+01,1.429533691406250000e+02,6.240000000000000000e+02
1.465256023406982422e+01,1.427242736816406250e+02,6.230000000000000000e+02
1.532981300354003906e+01,1.427242736816406250e+02,6.230000000000000000e+02
1.600706863403320312e+01,1.427242736816406250e+02,6.230000000000000000e+02
1.668432235717773438e+01,1.427242736816406250e+02,6.230000000000000000e+02
1.736157608032226562e+01,1.427242736816406250e+02,6.230000000000000000e+02
1.803882980346679688e+01,1.427242736816406250e+02,6.230000000000000000e+02
1.871608352661132812e+01,1.427242736816406250e+02,6.230000000000000000e+02
1.939333724975585938e+01,1.427242736816406250e+02,6.230000000000000000e+02
2.007059288024902344e+01,1.427242736816406250e+02,6.230000000000000000e+02
2.078114891052246094e+01,1.429533691406250000e+02,6.240000000000000000e+02
2.145948982238769531e+01,1.429533691406250000e+02,6.240000000000000000e+02
2.213783073425292969e+01,1.429533691406250000e+02,6.240000000000000000e+02
2.281617164611816406e+01,1.429533691406250000e+02,6.240000000000000000e+02
2.349451065063476562e+01,1.429533691406250000e+02,6.240000000000000000e+02
2.417285156250000000e+01,1.429533691406250000e+02,6.240000000000000000e+02
2.485119247436523438e+01,1.429533691406250000e+02,6.240000000000000000e+02
2.552953529357910156e+01,1.429533691406250000e+02,6.240000000000000000e+02
2.620787620544433594e+01,1.429533691406250000e+02,6.240000000000000000e+02
2.684313011169433594e+01,1.427242736816406250e+02,6.230000000000000000e+02
2.752038383483886719e+01,1.427242736816406250e+02,6.230000000000000000e+02
2.815237617492675781e+01,1.424951782226562500e+02,6.220000000000000000e+02
2.882854270935058594e+01,1.424951782226562500e+02,6.220000000000000000e+02
2.950470924377441406e+01,1.424951782226562500e+02,6.220000000000000000e+02
3.013235282897949219e+01,1.422660827636718750e+02,6.210000000000000000e+02
3.080743598937988281e+01,1.422660827636718750e+02,6.210000000000000000e+02
3.143181800842285156e+01,1.420370025634765625e+02,6.200000000000000000e+02
3.210581207275390625e+01,1.420370025634765625e+02,6.200000000000000000e+02
3.272693252563476562e+01,1.418079071044921875e+02,6.190000000000000000e+02
3.339983749389648438e+01,1.418079071044921875e+02,6.190000000000000000e+02
3.407274246215820312e+01,1.418079071044921875e+02,6.190000000000000000e+02
3.474564743041992188e+01,1.418079071044921875e+02,6.190000000000000000e+02
3.541855621337890625e+01,1.418079071044921875e+02,6.190000000000000000e+02
3.609146118164062500e+01,1.418079071044921875e+02,6.190000000000000000e+02
3.670497131347656250e+01,1.415788116455078125e+02,6.180000000000000000e+02
3.737679290771484375e+01,1.415788116455078125e+02,6.180000000000000000e+02
3.804861068725585938e+01,1.415788116455078125e+02,6.180000000000000000e+02
3.872042846679687500e+01,1.415788116455078125e+02,6.180000000000000000e+02
3.939224624633789062e+01,1.415788116455078125e+02,6.180000000000000000e+02
4.006406402587890625e+01,1.415788116455078125e+02,6.180000000000000000e+02
4.080179595947265625e+01,1.418079071044921875e+02,6.190000000000000000e+02
4.147470092773437500e+01,1.418079071044921875e+02,6.190000000000000000e+02
4.214760971069335938e+01,1.418079071044921875e+02,6.190000000000000000e+02
4.282051467895507812e+01,1.418079071044921875e+02,6.190000000000000000e+02
4.349342346191406250e+01,1.418079071044921875e+02,6.190000000000000000e+02
4.416632843017578125e+01,1.418079071044921875e+02,6.190000000000000000e+02
4.483923339843750000e+01,1.418079071044921875e+02,6.190000000000000000e+02
4.551213836669921875e+01,1.418079071044921875e+02,6.190000000000000000e+02
4.618504333496093750e+01,1.418079071044921875e+02,6.190000000000000000e+02
4.693364715576171875e+01,1.420370025634765625e+02,6.200000000000000000e+02
4.760764312744140625e+01,1.420370025634765625e+02,6.200000000000000000e+02
4.828163528442382812e+01,1.420370025634765625e+02,6.200000000000000000e+02
4.903458786010742188e+01,1.422660827636718750e+02,6.210000000000000000e+02
4.970966720581054688e+01,1.422660827636718750e+02,6.210000000000000000e+02
5.046588134765625000e+01,1.424951782226562500e+02,6.220000000000000000e+02
5.114204788208007812e+01,1.424951782226562500e+02,6.220000000000000000e+02
5.190152359008789062e+01,1.427242736816406250e+02,6.230000000000000000e+02
5.266317367553710938e+01,1.429533691406250000e+02,6.240000000000000000e+02
5.334151458740234375e+01,1.429533691406250000e+02,6.240000000000000000e+02
5.393328857421875000e+01,1.427242736816406250e+02,6.230000000000000000e+02
5.461054229736328125e+01,1.427242736816406250e+02,6.230000000000000000e+02
5.537654113769531250e+01,1.429533691406250000e+02,6.240000000000000000e+02
5.605487823486328125e+01,1.429533691406250000e+02,6.240000000000000000e+02
5.673321914672851562e+01,1.429533691406250000e+02,6.240000000000000000e+02
5.741156005859375000e+01,1.429533691406250000e+02,6.240000000000000000e+02
5.808990097045898438e+01,1.429533691406250000e+02,6.240000000000000000e+02
5.876824188232421875e+01,1.429533691406250000e+02,6.240000000000000000e+02
5.944658279418945312e+01,1.429533691406250000e+02,6.240000000000000000e+02
6.002856826782226562e+01,1.427242736816406250e+02,6.230000000000000000e+02
6.070582199096679688e+01,1.427242736816406250e+02,6.230000000000000000e+02
6.138307571411132812e+01,1.427242736816406250e+02,6.230000000000000000e+02
6.206032943725585938e+01,1.427242736816406250e+02,6.230000000000000000e+02
6.273758316040039062e+01,1.427242736816406250e+02,6.230000000000000000e+02
6.341483688354492188e+01,1.427242736816406250e+02,6.230000000000000000e+02
6.398921585083007812e+01,1.424951782226562500e+02,6.220000000000000000e+02
6.476934814453125000e+01,1.427242736816406250e+02,6.230000000000000000e+02
6.544660186767578125e+01,1.427242736816406250e+02,6.230000000000000000e+02
6.612385559082031250e+01,1.427242736816406250e+02,6.230000000000000000e+02
6.680110931396484375e+01,1.427242736816406250e+02,6.230000000000000000e+02
6.758667755126953125e+01,1.429533691406250000e+02,6.240000000000000000e+02
6.826501464843750000e+01,1.429533691406250000e+02,6.240000000000000000e+02
6.905384063720703125e+01,1.431824493408203125e+02,6.250000000000000000e+02
6.973326873779296875e+01,1.431824493408203125e+02,6.250000000000000000e+02
7.041269683837890625e+01,1.431824493408203125e+02,6.250000000000000000e+02
7.120587158203125000e+01,1.434115447998046875e+02,6.260000000000000000e+02
7.188639068603515625e+01,1.434115447998046875e+02,6.260000000000000000e+02
7.256690216064453125e+01,1.434115447998046875e+02,6.260000000000000000e+02
7.324742126464843750e+01,1.434115447998046875e+02,6.260000000000000000e+02
7.392793273925781250e+01,1.434115447998046875e+02,6.260000000000000000e+02
7.448926544189453125e+01,1.431824493408203125e+02,6.250000000000000000e+02
7.516870117187500000e+01,1.431824493408203125e+02,6.250000000000000000e+02
7.572676849365234375e+01,1.429533691406250000e+02,6.240000000000000000e+02
7.640511322021484375e+01,1.429533691406250000e+02,6.240000000000000000e+02
7.695992279052734375e+01,1.427242736816406250e+02,6.230000000000000000e+02
7.763716888427734375e+01,1.427242736816406250e+02,6.230000000000000000e+02
7.831442260742187500e+01,1.427242736816406250e+02,6.230000000000000000e+02
7.886488342285156250e+01,1.424951782226562500e+02,6.220000000000000000e+02
7.954104614257812500e+01,1.424951782226562500e+02,6.220000000000000000e+02
8.021722412109375000e+01,1.424951782226562500e+02,6.220000000000000000e+02
8.089339447021484375e+01,1.424951782226562500e+02,6.220000000000000000e+02
8.156955718994140625e+01,1.424951782226562500e+02,6.220000000000000000e+02
8.211349487304687500e+01,1.422660827636718750e+02,6.210000000000000000e+02
8.278857421875000000e+01,1.422660827636718750e+02,6.210000000000000000e+02
8.346365356445312500e+01,1.422660827636718750e+02,6.210000000000000000e+02
8.413873291015625000e+01,1.422660827636718750e+02,6.210000000000000000e+02
8.481381225585937500e+01,1.422660827636718750e+02,6.210000000000000000e+02
8.548889160156250000e+01,1.422660827636718750e+02,6.210000000000000000e+02
8.616397094726562500e+01,1.422660827636718750e+02,6.210000000000000000e+02
8.683905029296875000e+01,1.422660827636718750e+02,6.210000000000000000e+02
8.737320709228515625e+01,1.420370025634765625e+02,6.200000000000000000e+02
8.804720306396484375e+01,1.420370025634765625e+02,6.200000000000000000e+02
8.872119140625000000e+01,1.420370025634765625e+02,6.200000000000000000e+02
8.925099945068359375e+01,1.418079071044921875e+02,6.190000000000000000e+02
8.992390441894531250e+01,1.418079071044921875e+02,6.190000000000000000e+02
9.059680938720703125e+01,1.418079071044921875e+02,6.190000000000000000e+02
9.126971435546875000e+01,1.418079071044921875e+02,6.190000000000000000e+02
9.179408264160156250e+01,1.415788116455078125e+02,6.180000000000000000e+02
9.246590423583984375e+01,1.415788116455078125e+02,6.180000000000000000e+02
9.313771820068359375e+01,1.415788116455078125e+02,6.180000000000000000e+02
9.380953979492187500e+01,1.415788116455078125e+02,6.180000000000000000e+02
9.448136138916015625e+01,1.415788116455078125e+02,6.180000000000000000e+02
9.515317535400390625e+01,1.415788116455078125e+02,6.180000000000000000e+02
9.582499694824218750e+01,1.415788116455078125e+02,6.180000000000000000e+02
9.649681091308593750e+01,1.415788116455078125e+02,6.180000000000000000e+02
9.732585906982421875e+01,1.418079071044921875e+02,6.190000000000000000e+02
9.799876403808593750e+01,1.418079071044921875e+02,6.190000000000000000e+02
9.867166900634765625e+01,1.418079071044921875e+02,6.190000000000000000e+02
9.950506591796875000e+01,1.420370025634765625e+02,6.200000000000000000e+02
1.001790618896484375e+02,1.420370025634765625e+02,6.200000000000000000e+02
1.008530654907226562e+02,1.420370025634765625e+02,6.200000000000000000e+02
1.016908111572265625e+02,1.422660827636718750e+02,6.210000000000000000e+02
1.023658905029296875e+02,1.422660827636718750e+02,6.210000000000000000e+02
1.032068939208984375e+02,1.424951782226562500e+02,6.220000000000000000e+02
1.038830642700195312e+02,1.424951782226562500e+02,6.220000000000000000e+02
1.045592269897460938e+02,1.424951782226562500e+02,6.220000000000000000e+02
1.054045867919921875e+02,1.427242736816406250e+02,6.230000000000000000e+02
1.062521133422851562e+02,1.429533691406250000e+02,6.240000000000000000e+02
1.069304504394531250e+02,1.429533691406250000e+02,6.240000000000000000e+02
1.077812423706054688e+02,1.431824493408203125e+02,6.250000000000000000e+02
1.086342086791992188e+02,1.434115447998046875e+02,6.260000000000000000e+02
1.093147277832031250e+02,1.434115447998046875e+02,6.260000000000000000e+02
1.101709518432617188e+02,1.436406402587890625e+02,6.270000000000000000e+02
1.110293502807617188e+02,1.438697357177734375e+02,6.280000000000000000e+02
1.117120361328125000e+02,1.438697357177734375e+02,6.280000000000000000e+02
1.125736999511718750e+02,1.440988159179687500e+02,6.290000000000000000e+02
1.134375381469726562e+02,1.443279113769531250e+02,6.300000000000000000e+02
1.141223983764648438e+02,1.443279113769531250e+02,6.300000000000000000e+02
1.148072662353515625e+02,1.443279113769531250e+02,6.300000000000000000e+02
1.154921264648437500e+02,1.443279113769531250e+02,6.300000000000000000e+02
1.161769866943359375e+02,1.443279113769531250e+02,6.300000000000000000e+02
1.168618545532226562e+02,1.443279113769531250e+02,6.300000000000000000e+02
1.175467147827148438e+02,1.443279113769531250e+02,6.300000000000000000e+02
1.182315826416015625e+02,1.443279113769531250e+02,6.300000000000000000e+02
1.187276840209960938e+02,1.440988159179687500e+02,6.290000000000000000e+02
1.194114608764648438e+02,1.440988159179687500e+02,6.290000000000000000e+02
1.200952377319335938e+02,1.440988159179687500e+02,6.290000000000000000e+02
1.205869979858398438e+02,1.438697357177734375e+02,6.280000000000000000e+02
1.212696838378906250e+02,1.438697357177734375e+02,6.280000000000000000e+02
1.219523773193359375e+02,1.438697357177734375e+02,6.280000000000000000e+02
1.226350631713867188e+02,1.438697357177734375e+02,6.280000000000000000e+02
1.235141296386718750e+02,1.440988159179687500e+02,6.290000000000000000e+02
1.241979064941406250e+02,1.440988159179687500e+02,6.290000000000000000e+02
1.250802230834960938e+02,1.443279113769531250e+02,6.300000000000000000e+02
1.259647140502929688e+02,1.445570068359375000e+02,6.310000000000000000e+02
1.266506576538085938e+02,1.445570068359375000e+02,6.310000000000000000e+02
1.275384140014648438e+02,1.447861022949218750e+02,6.320000000000000000e+02
-8.611981201171875000e+01,1.431716308593750000e+02,6.220000000000000000e+02
-8.544364166259765625e+01,1.431716308593750000e+02,6.220000000000000000e+02
-8.476747894287109375e+01,1.431716308593750000e+02,6.220000000000000000e+02
-8.422650146484375000e+01,1.434018096923828125e+02,6.230000000000000000e+02
-8.354924774169921875e+01,1.434018096923828125e+02,6.230000000000000000e+02
-8.300502014160156250e+01,1.436319885253906250e+02,6.240000000000000000e+02
-8.232667541503906250e+01,1.436319885253906250e+02,6.240000000000000000e+02
-8.151749420166015625e+01,1.434018096923828125e+02,6.230000000000000000e+02
-8.084024047851562500e+01,1.434018096923828125e+02,6.230000000000000000e+02
-8.016298675537109375e+01,1.434018096923828125e+02,6.230000000000000000e+02
-7.948573303222656250e+01,1.434018096923828125e+02,6.230000000000000000e+02
-7.880847930908203125e+01,1.434018096923828125e+02,6.230000000000000000e+02
-7.813122558593750000e+01,1.434018096923828125e+02,6.230000000000000000e+02
-7.757829284667968750e+01,1.436319885253906250e+02,6.240000000000000000e+02
-7.677671813964843750e+01,1.434018096923828125e+02,6.230000000000000000e+02
-7.622161102294921875e+01,1.436319885253906250e+02,6.240000000000000000e+02
-7.554327392578125000e+01,1.436319885253906250e+02,6.240000000000000000e+02
-7.486492919921875000e+01,1.436319885253906250e+02,6.240000000000000000e+02
-7.418659210205078125e+01,1.436319885253906250e+02,6.240000000000000000e+02
-7.350824737548828125e+01,1.436319885253906250e+02,6.240000000000000000e+02
-7.282991027832031250e+01,1.436319885253906250e+02,6.240000000000000000e+02
-7.215156555175781250e+01,1.436319885253906250e+02,6.240000000000000000e+02
-7.147322082519531250e+01,1.436319885253906250e+02,6.240000000000000000e+02
-7.079488372802734375e+01,1.436319885253906250e+02,6.240000000000000000e+02
-7.011653900146484375e+01,1.436319885253906250e+02,6.240000000000000000e+02
-6.954947662353515625e+01,1.438621673583984375e+02,6.250000000000000000e+02
-6.887004852294921875e+01,1.438621673583984375e+02,6.250000000000000000e+02
-6.819062042236328125e+01,1.438621673583984375e+02,6.250000000000000000e+02
-6.751119995117187500e+01,1.438621673583984375e+02,6.250000000000000000e+02
-6.683177185058593750e+01,1.438621673583984375e+02,6.250000000000000000e+02
-6.615234375000000000e+01,1.438621673583984375e+02,6.250000000000000000e+02
-6.547291564941406250e+01,1.438621673583984375e+02,6.250000000000000000e+02
-6.479348754882812500e+01,1.438621673583984375e+02,6.250000000000000000e+02
-6.411405944824218750e+01,1.438621673583984375e+02,6.250000000000000000e+02
-6.353612518310546875e+01,1.440923461914062500e+02,6.260000000000000000e+02
-6.285560989379882812e+01,1.440923461914062500e+02,6.260000000000000000e+02
-6.217509460449218750e+01,1.440923461914062500e+02,6.260000000000000000e+02
-6.149457550048828125e+01,1.440923461914062500e+02,6.260000000000000000e+02
-6.081406021118164062e+01,1.440923461914062500e+02,6.260000000000000000e+02
-6.013354492187500000e+01,1.440923461914062500e+02,6.260000000000000000e+02
-5.945302963256835938e+01,1.440923461914062500e+02,6.260000000000000000e+02
-5.877251815795898438e+01,1.440923461914062500e+02,6.260000000000000000e+02
-5.809200286865234375e+01,1.440923461914062500e+02,6.260000000000000000e+02
-5.741148757934570312e+01,1.440923461914062500e+02,6.260000000000000000e+02
-5.673097229003906250e+01,1.440923461914062500e+02,6.260000000000000000e+02
-5.605045700073242188e+01,1.440923461914062500e+02,6.260000000000000000e+02
-5.536994171142578125e+01,1.440923461914062500e+02,6.260000000000000000e+02
-5.468942642211914062e+01,1.440923461914062500e+02,6.260000000000000000e+02
-5.400891113281250000e+01,1.440923461914062500e+02,6.260000000000000000e+02
-5.324320983886718750e+01,1.438621673583984375e+02,6.250000000000000000e+02
-5.256378173828125000e+01,1.438621673583984375e+02,6.250000000000000000e+02
-5.180133819580078125e+01,1.436319885253906250e+02,6.240000000000000000e+02
-5.112299728393554688e+01,1.436319885253906250e+02,6.240000000000000000e+02
-5.036381149291992188e+01,1.434018096923828125e+02,6.230000000000000000e+02
-4.968655776977539062e+01,1.434018096923828125e+02,6.230000000000000000e+02
-4.900930404663085938e+01,1.434018096923828125e+02,6.230000000000000000e+02
-4.833205032348632812e+01,1.434018096923828125e+02,6.230000000000000000e+02
-4.757830429077148438e+01,1.431716308593750000e+02,6.220000000000000000e+02
-4.690213775634765625e+01,1.431716308593750000e+02,6.220000000000000000e+02
-4.622597122192382812e+01,1.431716308593750000e+02,6.220000000000000000e+02
-4.554980468750000000e+01,1.431716308593750000e+02,6.220000000000000000e+02
-4.487363815307617188e+01,1.431716308593750000e+02,6.220000000000000000e+02
-4.419747161865234375e+01,1.431716308593750000e+02,6.220000000000000000e+02
-4.352130508422851562e+01,1.431716308593750000e+02,6.220000000000000000e+02
-4.284513854980468750e+01,1.431716308593750000e+02,6.220000000000000000e+02
-4.216897201538085938e+01,1.431716308593750000e+02,6.220000000000000000e+02
-4.149280548095703125e+01,1.431716308593750000e+02,6.220000000000000000e+02
-4.081663894653320312e+01,1.431716308593750000e+02,6.220000000000000000e+02
-4.014046859741210938e+01,1.431716308593750000e+02,6.220000000000000000e+02
-3.946430206298828125e+01,1.431716308593750000e+02,6.220000000000000000e+02
-3.878813934326171875e+01,1.431716308593750000e+02,6.220000000000000000e+02
-3.811197280883789062e+01,1.431716308593750000e+02,6.220000000000000000e+02
-3.743580245971679688e+01,1.431716308593750000e+02,6.220000000000000000e+02
-3.675963592529296875e+01,1.431716308593750000e+02,6.220000000000000000e+02
-3.608346939086914062e+01,1.431716308593750000e+02,6.220000000000000000e+02
-3.540730285644531250e+01,1.431716308593750000e+02,6.220000000000000000e+02
-3.473113632202148438e+01,1.431716308593750000e+02,6.220000000000000000e+02
-3.405496978759765625e+01,1.431716308593750000e+02,6.220000000000000000e+02
-3.337880325317382812e+01,1.431716308593750000e+02,6.220000000000000000e+02
-3.270263671875000000e+01,1.431716308593750000e+02,6.220000000000000000e+02
-3.202646636962890625e+01,1.431716308593750000e+02,6.220000000000000000e+02
-3.135030174255371094e+01,1.431716308593750000e+02,6.220000000000000000e+02
-3.067413520812988281e+01,1.431716308593750000e+02,6.220000000000000000e+02
-3.004619598388671875e+01,1.434018096923828125e+02,6.230000000000000000e+02
-2.932180213928222656e+01,1.431716308593750000e+02,6.220000000000000000e+02
-2.864563560485839844e+01,1.431716308593750000e+02,6.220000000000000000e+02
-2.801443672180175781e+01,1.434018096923828125e+02,6.230000000000000000e+02
-2.733718299865722656e+01,1.434018096923828125e+02,6.230000000000000000e+02
-2.665992736816406250e+01,1.434018096923828125e+02,6.230000000000000000e+02
-2.598267364501953125e+01,1.434018096923828125e+02,6.230000000000000000e+02
-2.530541992187500000e+01,1.434018096923828125e+02,6.230000000000000000e+02
-2.462816619873046875e+01,1.434018096923828125e+02,6.230000000000000000e+02
-2.395091247558593750e+01,1.434018096923828125e+02,6.230000000000000000e+02
-2.327365875244140625e+01,1.434018096923828125e+02,6.230000000000000000e+02
-2.259640502929687500e+01,1.434018096923828125e+02,6.230000000000000000e+02
-2.191914939880371094e+01,1.434018096923828125e+02,6.230000000000000000e+02
-2.127599143981933594e+01,1.436319885253906250e+02,6.240000000000000000e+02
-2.059765052795410156e+01,1.436319885253906250e+02,6.240000000000000000e+02
-1.991930961608886719e+01,1.436319885253906250e+02,6.240000000000000000e+02
-1.927180480957031250e+01,1.438621673583984375e+02,6.250000000000000000e+02
-1.859237670898437500e+01,1.438621673583984375e+02,6.250000000000000000e+02
-1.791294860839843750e+01,1.438621673583984375e+02,6.250000000000000000e+02
-1.723352050781250000e+01,1.438621673583984375e+02,6.250000000000000000e+02
-1.655409240722656250e+01,1.438621673583984375e+02,6.250000000000000000e+02
-1.590006446838378906e+01,1.440923461914062500e+02,6.260000000000000000e+02
-1.521954822540283203e+01,1.440923461914062500e+02,6.260000000000000000e+02
-1.453903293609619141e+01,1.440923461914062500e+02,6.260000000000000000e+02
-1.385851860046386719e+01,1.440923461914062500e+02,6.260000000000000000e+02
-1.317800331115722656e+01,1.440923461914062500e+02,6.260000000000000000e+02
-1.249748706817626953e+01,1.440923461914062500e+02,6.260000000000000000e+02
-1.181697273254394531e+01,1.440923461914062500e+02,6.260000000000000000e+02
-1.111866760253906250e+01,1.438621673583984375e+02,6.250000000000000000e+02
-1.043924045562744141e+01,1.438621673583984375e+02,6.250000000000000000e+02
-9.759811401367187500e+00,1.438621673583984375e+02,6.250000000000000000e+02
-9.080383300781250000e+00,1.438621673583984375e+02,6.250000000000000000e+02
-8.387514114379882812e+00,1.436319885253906250e+02,6.240000000000000000e+02
-7.709172725677490234e+00,1.436319885253906250e+02,6.240000000000000000e+02
-7.030832290649414062e+00,1.436319885253906250e+02,6.240000000000000000e+02
-6.352490901947021484e+00,1.436319885253906250e+02,6.240000000000000000e+02
-5.674149513244628906e+00,1.436319885253906250e+02,6.240000000000000000e+02
-4.995809078216552734e+00,1.436319885253906250e+02,6.240000000000000000e+02
-4.317468166351318359e+00,1.436319885253906250e+02,6.240000000000000000e+02
-3.639127254486083984e+00,1.436319885253906250e+02,6.240000000000000000e+02
-2.965531110763549805e+00,1.438621673583984375e+02,6.250000000000000000e+02
-2.286103010177612305e+00,1.438621673583984375e+02,6.250000000000000000e+02
-1.606674790382385254e+00,1.438621673583984375e+02,6.250000000000000000e+02
-9.257631897926330566e-01,1.436319885253906250e+02,6.240000000000000000e+02
-2.474222183227539062e-01,1.436319885253906250e+02,6.240000000000000000e+02
4.309187531471252441e-01,1.436319885253906250e+02,6.240000000000000000e+02
1.109259724617004395e+00,1.436319885253906250e+02,6.240000000000000000e+02
1.784735918045043945e+00,1.434018096923828125e+02,6.230000000000000000e+02
2.461989641189575195e+00,1.434018096923828125e+02,6.230000000000000000e+02
3.139243841171264648e+00,1.434018096923828125e+02,6.230000000000000000e+02
3.816497802734375000e+00,1.434018096923828125e+02,6.230000000000000000e+02
4.486538410186767578e+00,1.431716308593750000e+02,6.220000000000000000e+02
5.162705421447753906e+00,1.431716308593750000e+02,6.220000000000000000e+02
5.838871955871582031e+00,1.431716308593750000e+02,6.220000000000000000e+02
6.515038967132568359e+00,1.431716308593750000e+02,6.220000000000000000e+02
7.191205501556396484e+00,1.431716308593750000e+02,6.220000000000000000e+02
7.867372512817382812e+00,1.431716308593750000e+02,6.220000000000000000e+02
8.543539047241210938e+00,1.431716308593750000e+02,6.220000000000000000e+02
9.234528541564941406e+00,1.434018096923828125e+02,6.230000000000000000e+02
9.911782264709472656e+00,1.434018096923828125e+02,6.230000000000000000e+02
1.057203865051269531e+01,1.431716308593750000e+02,6.220000000000000000e+02
1.124820709228515625e+01,1.431716308593750000e+02,6.220000000000000000e+02
1.192437362670898438e+01,1.431716308593750000e+02,6.220000000000000000e+02
1.260054016113281250e+01,1.431716308593750000e+02,6.220000000000000000e+02
1.327670764923095703e+01,1.431716308593750000e+02,6.220000000000000000e+02
1.395287418365478516e+01,1.431716308593750000e+02,6.220000000000000000e+02
1.462904071807861328e+01,1.431716308593750000e+02,6.220000000000000000e+02
1.530520725250244141e+01,1.431716308593750000e+02,6.220000000000000000e+02
1.598137474060058594e+01,1.431716308593750000e+02,6.220000000000000000e+02
1.665754127502441406e+01,1.431716308593750000e+02,6.220000000000000000e+02
1.733370780944824219e+01,1.431716308593750000e+02,6.220000000000000000e+02
1.800987434387207031e+01,1.431716308593750000e+02,6.220000000000000000e+02
1.868604087829589844e+01,1.431716308593750000e+02,6.220000000000000000e+02
1.936220741271972656e+01,1.431716308593750000e+02,6.220000000000000000e+02
2.003837585449218750e+01,1.431716308593750000e+02,6.220000000000000000e+02
2.071454238891601562e+01,1.431716308593750000e+02,6.220000000000000000e+02
2.139070892333984375e+01,1.431716308593750000e+02,6.220000000000000000e+02
2.206687545776367188e+01,1.431716308593750000e+02,6.220000000000000000e+02
2.274304199218750000e+01,1.431716308593750000e+02,6.220000000000000000e+02
2.345685958862304688e+01,1.434018096923828125e+02,6.230000000000000000e+02
2.413411331176757812e+01,1.434018096923828125e+02,6.230000000000000000e+02
2.481136703491210938e+01,1.434018096923828125e+02,6.230000000000000000e+02
0.000000000000000000e+00,0.000000000000000000e+00,0.000000000000000000e+00
2.612387657165527344e+01,1.431716308593750000e+02,6.220000000000000000e+02
2.680004310607910156e+01,1.431716308593750000e+02,6.220000000000000000e+02
2.747620964050292969e+01,1.431716308593750000e+02,6.220000000000000000e+02
2.810711479187011719e+01,1.429414367675781250e+02,6.210000000000000000e+02
2.878219413757324219e+01,1.429414367675781250e+02,6.210000000000000000e+02
2.940983963012695312e+01,1.427112579345703125e+02,6.200000000000000000e+02
3.008383178710937500e+01,1.427112579345703125e+02,6.200000000000000000e+02
3.070821571350097656e+01,1.424810791015625000e+02,6.190000000000000000e+02
3.138112258911132812e+01,1.424810791015625000e+02,6.190000000000000000e+02
3.205402755737304688e+01,1.424810791015625000e+02,6.190000000000000000e+02
3.267406082153320312e+01,1.422509002685546875e+02,6.180000000000000000e+02
3.334587860107421875e+01,1.422509002685546875e+02,6.180000000000000000e+02
3.401769638061523438e+01,1.422509002685546875e+02,6.180000000000000000e+02
3.468951797485351562e+01,1.422509002685546875e+02,6.180000000000000000e+02
3.536133575439453125e+01,1.422509002685546875e+02,6.180000000000000000e+02
3.597484970092773438e+01,1.420207214355468750e+02,6.170000000000000000e+02
3.664558029174804688e+01,1.420207214355468750e+02,6.170000000000000000e+02
3.731631088256835938e+01,1.420207214355468750e+02,6.170000000000000000e+02
3.798704147338867188e+01,1.420207214355468750e+02,6.170000000000000000e+02
3.865777206420898438e+01,1.420207214355468750e+02,6.170000000000000000e+02
3.932850265502929688e+01,1.420207214355468750e+02,6.170000000000000000e+02
4.006406402587890625e+01,1.422509002685546875e+02,6.180000000000000000e+02
4.073588180541992188e+01,1.422509002685546875e+02,6.180000000000000000e+02
4.140769958496093750e+01,1.422509002685546875e+02,6.180000000000000000e+02
4.207951736450195312e+01,1.422509002685546875e+02,6.180000000000000000e+02
4.275133514404296875e+01,1.422509002685546875e+02,6.180000000000000000e+02
4.342316055297851562e+01,1.422509002685546875e+02,6.180000000000000000e+02
4.409497833251953125e+01,1.422509002685546875e+02,6.180000000000000000e+02
4.476679611206054688e+01,1.422509002685546875e+02,6.180000000000000000e+02
4.543861389160156250e+01,1.422509002685546875e+02,6.180000000000000000e+02
4.611043167114257812e+01,1.422509002685546875e+02,6.180000000000000000e+02
4.685794830322265625e+01,1.424810791015625000e+02,6.190000000000000000e+02
4.753085327148437500e+01,1.424810791015625000e+02,6.190000000000000000e+02
4.820375823974609375e+01,1.424810791015625000e+02,6.190000000000000000e+02
4.887666702270507812e+01,1.424810791015625000e+02,6.190000000000000000e+02
4.954957199096679688e+01,1.424810791015625000e+02,6.190000000000000000e+02
5.022247695922851562e+01,1.424810791015625000e+02,6.190000000000000000e+02
5.097760391235351562e+01,1.427112579345703125e+02,6.200000000000000000e+02
5.165159606933593750e+01,1.427112579345703125e+02,6.200000000000000000e+02
5.240998458862304688e+01,1.429414367675781250e+02,6.210000000000000000e+02
5.308506393432617188e+01,1.429414367675781250e+02,6.210000000000000000e+02
5.384671783447265625e+01,1.431716308593750000e+02,6.220000000000000000e+02
5.452288436889648438e+01,1.431716308593750000e+02,6.220000000000000000e+02
5.519905090332031250e+01,1.431716308593750000e+02,6.220000000000000000e+02
5.587521743774414062e+01,1.431716308593750000e+02,6.220000000000000000e+02
5.655138397216796875e+01,1.431716308593750000e+02,6.220000000000000000e+02
5.722755050659179688e+01,1.431716308593750000e+02,6.220000000000000000e+02
5.790371704101562500e+01,1.431716308593750000e+02,6.220000000000000000e+02
5.857988357543945312e+01,1.431716308593750000e+02,6.220000000000000000e+02
5.925605010986328125e+01,1.431716308593750000e+02,6.220000000000000000e+02
5.993221664428710938e+01,1.431716308593750000e+02,6.220000000000000000e+02
6.060838317871093750e+01,1.431716308593750000e+02,6.220000000000000000e+02
6.118601989746093750e+01,1.429414367675781250e+02,6.210000000000000000e+02
6.186109924316406250e+01,1.429414367675781250e+02,6.210000000000000000e+02
6.253617858886718750e+01,1.429414367675781250e+02,6.210000000000000000e+02
6.321125793457031250e+01,1.429414367675781250e+02,6.210000000000000000e+02
6.388633728027343750e+01,1.429414367675781250e+02,6.210000000000000000e+02
6.456142425537109375e+01,1.429414367675781250e+02,6.210000000000000000e+02
6.523650360107421875e+01,1.429414367675781250e+02,6.210000000000000000e+02
6.591158294677734375e+01,1.429414367675781250e+02,6.210000000000000000e+02
6.669388580322265625e+01,1.431716308593750000e+02,6.220000000000000000e+02
6.737004852294921875e+01,1.431716308593750000e+02,6.220000000000000000e+02
6.804621887207031250e+01,1.431716308593750000e+02,6.220000000000000000e+02
6.883287048339843750e+01,1.434018096923828125e+02,6.230000000000000000e+02
6.951012420654296875e+01,1.434018096923828125e+02,6.230000000000000000e+02
7.030004119873046875e+01,1.436319885253906250e+02,6.240000000000000000e+02
7.097837829589843750e+01,1.436319885253906250e+02,6.240000000000000000e+02
7.165672302246093750e+01,1.436319885253906250e+02,6.240000000000000000e+02
7.233506011962890625e+01,1.436319885253906250e+02,6.240000000000000000e+02
7.301340484619140625e+01,1.436319885253906250e+02,6.240000000000000000e+02
7.369174194335937500e+01,1.436319885253906250e+02,6.240000000000000000e+02
7.425090026855468750e+01,1.434018096923828125e+02,6.230000000000000000e+02
7.492816162109375000e+01,1.434018096923828125e+02,6.230000000000000000e+02
7.560541534423828125e+01,1.434018096923828125e+02,6.230000000000000000e+02
7.616022491455078125e+01,1.431716308593750000e+02,6.220000000000000000e+02
7.683638763427734375e+01,1.431716308593750000e+02,6.220000000000000000e+02
7.751255798339843750e+01,1.431716308593750000e+02,6.220000000000000000e+02
7.806301116943359375e+01,1.429414367675781250e+02,6.210000000000000000e+02
7.873809051513671875e+01,1.429414367675781250e+02,6.210000000000000000e+02
7.928529357910156250e+01,1.427112579345703125e+02,6.200000000000000000e+02
7.995928955078125000e+01,1.427112579345703125e+02,6.200000000000000000e+02
8.063328552246093750e+01,1.427112579345703125e+02,6.200000000000000000e+02
8.130727386474609375e+01,1.427112579345703125e+02,6.200000000000000000e+02
8.184903717041015625e+01,1.424810791015625000e+02,6.190000000000000000e+02
8.252194976806640625e+01,1.424810791015625000e+02,6.190000000000000000e+02
8.319485473632812500e+01,1.424810791015625000e+02,6.190000000000000000e+02
8.386775970458984375e+01,1.424810791015625000e+02,6.190000000000000000e+02
8.454066467285156250e+01,1.424810791015625000e+02,6.190000000000000000e+02
8.521356964111328125e+01,1.424810791015625000e+02,6.190000000000000000e+02
8.588647460937500000e+01,1.424810791015625000e+02,6.190000000000000000e+02
8.655937957763671875e+01,1.424810791015625000e+02,6.190000000000000000e+02
8.723228454589843750e+01,1.424810791015625000e+02,6.190000000000000000e+02
8.776317596435546875e+01,1.422509002685546875e+02,6.180000000000000000e+02
8.843499755859375000e+01,1.422509002685546875e+02,6.180000000000000000e+02
8.910681152343750000e+01,1.422509002685546875e+02,6.180000000000000000e+02
8.977863311767578125e+01,1.422509002685546875e+02,6.180000000000000000e+02
9.030409240722656250e+01,1.420207214355468750e+02,6.170000000000000000e+02
9.097482299804687500e+01,1.420207214355468750e+02,6.170000000000000000e+02
9.164555358886718750e+01,1.420207214355468750e+02,6.170000000000000000e+02
9.231628417968750000e+01,1.420207214355468750e+02,6.170000000000000000e+02
9.298701477050781250e+01,1.420207214355468750e+02,6.170000000000000000e+02
9.365774536132812500e+01,1.420207214355468750e+02,6.170000000000000000e+02
9.448136138916015625e+01,1.422509002685546875e+02,6.180000000000000000e+02
9.515317535400390625e+01,1.422509002685546875e+02,6.180000000000000000e+02
9.582499694824218750e+01,1.422509002685546875e+02,6.180000000000000000e+02
9.649681091308593750e+01,1.422509002685546875e+02,6.180000000000000000e+02
9.732585906982421875e+01,1.424810791015625000e+02,6.190000000000000000e+02
9.799876403808593750e+01,1.424810791015625000e+02,6.190000000000000000e+02
9.867166900634765625e+01,1.424810791015625000e+02,6.190000000000000000e+02
9.934457397460937500e+01,1.424810791015625000e+02,6.190000000000000000e+02
1.000174865722656250e+02,1.424810791015625000e+02,6.190000000000000000e+02
1.008530654907226562e+02,1.427112579345703125e+02,6.200000000000000000e+02
1.016908111572265625e+02,1.429414367675781250e+02,6.210000000000000000e+02
1.023658905029296875e+02,1.429414367675781250e+02,6.210000000000000000e+02
1.030409698486328125e+02,1.429414367675781250e+02,6.210000000000000000e+02
1.038830642700195312e+02,1.431716308593750000e+02,6.220000000000000000e+02
1.045592269897460938e+02,1.431716308593750000e+02,6.220000000000000000e+02
1.054045867919921875e+02,1.434018096923828125e+02,6.230000000000000000e+02
1.062521133422851562e+02,1.436319885253906250e+02,6.240000000000000000e+02
1.069304504394531250e+02,1.436319885253906250e+02,6.240000000000000000e+02
1.077812423706054688e+02,1.438621673583984375e+02,6.250000000000000000e+02
1.086342086791992188e+02,1.440923461914062500e+02,6.260000000000000000e+02
1.094893493652343750e+02,1.443225250244140625e+02,6.270000000000000000e+02
1.101709518432617188e+02,1.443225250244140625e+02,6.270000000000000000e+02
1.110293502807617188e+02,1.445527038574218750e+02,6.280000000000000000e+02
1.117120361328125000e+02,1.445527038574218750e+02,6.280000000000000000e+02
1.125736999511718750e+02,1.447828826904296875e+02,6.290000000000000000e+02
1.134375381469726562e+02,1.450130615234375000e+02,6.300000000000000000e+02
1.141223983764648438e+02,1.450130615234375000e+02,6.300000000000000000e+02
1.148072662353515625e+02,1.450130615234375000e+02,6.300000000000000000e+02
1.154921264648437500e+02,1.450130615234375000e+02,6.300000000000000000e+02
1.161769866943359375e+02,1.450130615234375000e+02,6.300000000000000000e+02
1.168618545532226562e+02,1.450130615234375000e+02,6.300000000000000000e+02
1.175467147827148438e+02,1.450130615234375000e+02,6.300000000000000000e+02
1.182315826416015625e+02,1.450130615234375000e+02,6.300000000000000000e+02
1.187276840209960938e+02,1.447828826904296875e+02,6.290000000000000000e+02
1.194114608764648438e+02,1.447828826904296875e+02,6.290000000000000000e+02
1.199043045043945312e+02,1.445527038574218750e+02,6.280000000000000000e+02
1.205869979858398438e+02,1.445527038574218750e+02,6.280000000000000000e+02
1.212696838378906250e+02,1.445527038574218750e+02,6.280000000000000000e+02
1.219523773193359375e+02,1.445527038574218750e+02,6.280000000000000000e+02
1.224397811889648438e+02,1.443225250244140625e+02,6.270000000000000000e+02
1.233177642822265625e+02,1.445527038574218750e+02,6.280000000000000000e+02
1.240004501342773438e+02,1.445527038574218750e+02,6.280000000000000000e+02
1.246831436157226562e+02,1.445527038574218750e+02,6.280000000000000000e+02
1.255654525756835938e+02,1.447828826904296875e+02,6.290000000000000000e+02
1.264499435424804688e+02,1.450130615234375000e+02,6.300000000000000000e+02
1.273366088867187500e+02,1.452432403564453125e+02,6.310000000000000000e+02
1.282254486083984375e+02,1.454734191894531250e+02,6.320000000000000000e+02
-8.611981201171875000e+01,1.438480682373046875e+02,6.220000000000000000e+02
-8.544364166259765625e+01,1.438480682373046875e+02,6.220000000000000000e+02
-8.476747894287109375e+01,1.438480682373046875e+02,6.220000000000000000e+02
-8.422650146484375000e+01,1.440793304443359375e+02,6.230000000000000000e+02
-8.354924774169921875e+01,1.440793304443359375e+02,6.230000000000000000e+02
-8.300502014160156250e+01,1.443106079101562500e+02,6.240000000000000000e+02
-8.232667541503906250e+01,1.443106079101562500e+02,6.240000000000000000e+02
-8.164833831787109375e+01,1.443106079101562500e+02,6.240000000000000000e+02
-8.084024047851562500e+01,1.440793304443359375e+02,6.230000000000000000e+02
-8.016298675537109375e+01,1.440793304443359375e+02,6.230000000000000000e+02
-7.948573303222656250e+01,1.440793304443359375e+02,6.230000000000000000e+02
-7.880847930908203125e+01,1.440793304443359375e+02,6.230000000000000000e+02
-7.813122558593750000e+01,1.440793304443359375e+02,6.230000000000000000e+02
-7.757829284667968750e+01,1.443106079101562500e+02,6.240000000000000000e+02
-7.677671813964843750e+01,1.440793304443359375e+02,6.230000000000000000e+02
-7.622161102294921875e+01,1.443106079101562500e+02,6.240000000000000000e+02
-7.554327392578125000e+01,1.443106079101562500e+02,6.240000000000000000e+02
-7.486492919921875000e+01,1.443106079101562500e+02,6.240000000000000000e+02
-7.418659210205078125e+01,1.443106079101562500e+02,6.240000000000000000e+02
-7.350824737548828125e+01,1.443106079101562500e+02,6.240000000000000000e+02
-7.282991027832031250e+01,1.443106079101562500e+02,6.240000000000000000e+02
-7.215156555175781250e+01,1.443106079101562500e+02,6.240000000000000000e+02
-7.147322082519531250e+01,1.443106079101562500e+02,6.240000000000000000e+02
-7.079488372802734375e+01,1.443106079101562500e+02,6.240000000000000000e+02
-7.011653900146484375e+01,1.443106079101562500e+02,6.240000000000000000e+02
-6.943820190429687500e+01,1.443106079101562500e+02,6.240000000000000000e+02
-6.875985717773437500e+01,1.443106079101562500e+02,6.240000000000000000e+02
-6.808152008056640625e+01,1.443106079101562500e+02,6.240000000000000000e+02
-6.751119995117187500e+01,1.445418701171875000e+02,6.250000000000000000e+02
-6.683177185058593750e+01,1.445418701171875000e+02,6.250000000000000000e+02
-6.615234375000000000e+01,1.445418701171875000e+02,6.250000000000000000e+02
-6.547291564941406250e+01,1.445418701171875000e+02,6.250000000000000000e+02
-6.479348754882812500e+01,1.445418701171875000e+02,6.250000000000000000e+02
-6.411405944824218750e+01,1.445418701171875000e+02,6.250000000000000000e+02
-6.353612518310546875e+01,1.447731323242187500e+02,6.260000000000000000e+02
-6.285560989379882812e+01,1.447731323242187500e+02,6.260000000000000000e+02
-6.217509460449218750e+01,1.447731323242187500e+02,6.260000000000000000e+02
-6.149457550048828125e+01,1.447731323242187500e+02,6.260000000000000000e+02
-6.081406021118164062e+01,1.447731323242187500e+02,6.260000000000000000e+02
-6.013354492187500000e+01,1.447731323242187500e+02,6.260000000000000000e+02
-5.945302963256835938e+01,1.447731323242187500e+02,6.260000000000000000e+02
-5.877251815795898438e+01,1.447731323242187500e+02,6.260000000000000000e+02
-5.809200286865234375e+01,1.447731323242187500e+02,6.260000000000000000e+02
-5.741148757934570312e+01,1.447731323242187500e+02,6.260000000000000000e+02
-5.673097229003906250e+01,1.447731323242187500e+02,6.260000000000000000e+02
-5.605045700073242188e+01,1.447731323242187500e+02,6.260000000000000000e+02
-5.528149032592773438e+01,1.445418701171875000e+02,6.250000000000000000e+02
-5.460206604003906250e+01,1.445418701171875000e+02,6.250000000000000000e+02
-5.392263793945312500e+01,1.445418701171875000e+02,6.250000000000000000e+02
-5.324320983886718750e+01,1.445418701171875000e+02,6.250000000000000000e+02
-5.247967910766601562e+01,1.443106079101562500e+02,6.240000000000000000e+02
-5.180133819580078125e+01,1.443106079101562500e+02,6.240000000000000000e+02
-5.104106903076171875e+01,1.440793304443359375e+02,6.230000000000000000e+02
-5.036381149291992188e+01,1.440793304443359375e+02,6.230000000000000000e+02
-4.968655776977539062e+01,1.440793304443359375e+02,6.230000000000000000e+02
-4.893063735961914062e+01,1.438480682373046875e+02,6.220000000000000000e+02
-4.825447082519531250e+01,1.438480682373046875e+02,6.220000000000000000e+02
-4.757830429077148438e+01,1.438480682373046875e+02,6.220000000000000000e+02
-4.690213775634765625e+01,1.438480682373046875e+02,6.220000000000000000e+02
-4.615165328979492188e+01,1.436168060302734375e+02,6.210000000000000000e+02
-4.547657394409179688e+01,1.436168060302734375e+02,6.210000000000000000e+02
-4.480149459838867188e+01,1.436168060302734375e+02,6.210000000000000000e+02
-4.412641525268554688e+01,1.436168060302734375e+02,6.210000000000000000e+02
-4.345133590698242188e+01,1.436168060302734375e+02,6.210000000000000000e+02
-4.277625656127929688e+01,1.436168060302734375e+02,6.210000000000000000e+02
-4.210117721557617188e+01,1.436168060302734375e+02,6.210000000000000000e+02
-4.142609786987304688e+01,1.436168060302734375e+02,6.210000000000000000e+02
-4.075101852416992188e+01,1.436168060302734375e+02,6.210000000000000000e+02
-4.007593536376953125e+01,1.436168060302734375e+02,6.210000000000000000e+02
-3.940085601806640625e+01,1.436168060302734375e+02,6.210000000000000000e+02
-3.872577667236328125e+01,1.436168060302734375e+02,6.210000000000000000e+02
-3.805069732666015625e+01,1.436168060302734375e+02,6.210000000000000000e+02
-3.737561798095703125e+01,1.436168060302734375e+02,6.210000000000000000e+02
-3.670053863525390625e+01,1.436168060302734375e+02,6.210000000000000000e+02
-3.602545928955078125e+01,1.436168060302734375e+02,6.210000000000000000e+02
-3.535037612915039062e+01,1.436168060302734375e+02,6.210000000000000000e+02
-3.467529678344726562e+01,1.436168060302734375e+02,6.210000000000000000e+02
-3.400021743774414062e+01,1.436168060302734375e+02,6.210000000000000000e+02
-3.332513809204101562e+01,1.436168060302734375e+02,6.210000000000000000e+02
-3.265005874633789062e+01,1.436168060302734375e+02,6.210000000000000000e+02
-3.197497940063476562e+01,1.436168060302734375e+02,6.210000000000000000e+02
-3.129990005493164062e+01,1.436168060302734375e+02,6.210000000000000000e+02
-3.062481880187988281e+01,1.436168060302734375e+02,6.210000000000000000e+02
-2.999796867370605469e+01,1.438480682373046875e+02,6.220000000000000000e+02
-2.927466011047363281e+01,1.436168060302734375e+02,6.210000000000000000e+02
-2.859958076477050781e+01,1.436168060302734375e+02,6.210000000000000000e+02
-2.796946907043457031e+01,1.438480682373046875e+02,6.220000000000000000e+02
-2.729330253601074219e+01,1.438480682373046875e+02,6.220000000000000000e+02
-2.661713409423828125e+01,1.438480682373046875e+02,6.220000000000000000e+02
-2.594096755981445312e+01,1.438480682373046875e+02,6.220000000000000000e+02
-2.526480102539062500e+01,1.438480682373046875e+02,6.220000000000000000e+02
-2.458863449096679688e+01,1.438480682373046875e+02,6.220000000000000000e+02
-2.391246795654296875e+01,1.438480682373046875e+02,6.220000000000000000e+02
-2.323630142211914062e+01,1.438480682373046875e+02,6.220000000000000000e+02
-2.256013488769531250e+01,1.438480682373046875e+02,6.220000000000000000e+02
-2.188396644592285156e+01,1.438480682373046875e+02,6.220000000000000000e+02
-2.124189567565917969e+01,1.440793304443359375e+02,6.230000000000000000e+02
-2.056464195251464844e+01,1.440793304443359375e+02,6.230000000000000000e+02
-1.988738822937011719e+01,1.440793304443359375e+02,6.230000000000000000e+02
-1.924096870422363281e+01,1.443106079101562500e+02,6.240000000000000000e+02
-1.856262969970703125e+01,1.443106079101562500e+02,6.240000000000000000e+02
-1.788428688049316406e+01,1.443106079101562500e+02,6.240000000000000000e+02
-1.720594596862792969e+01,1.443106079101562500e+02,6.240000000000000000e+02
-1.655409240722656250e+01,1.445418701171875000e+02,6.250000000000000000e+02
-1.587466430664062500e+01,1.445418701171875000e+02,6.250000000000000000e+02
-1.519523525238037109e+01,1.445418701171875000e+02,6.250000000000000000e+02
-1.451580810546875000e+01,1.445418701171875000e+02,6.250000000000000000e+02
-1.383638000488281250e+01,1.445418701171875000e+02,6.250000000000000000e+02
-1.315695190429687500e+01,1.445418701171875000e+02,6.250000000000000000e+02
-1.247752380371093750e+01,1.445418701171875000e+02,6.250000000000000000e+02
-1.179809570312500000e+01,1.445418701171875000e+02,6.250000000000000000e+02
-1.110087776184082031e+01,1.443106079101562500e+02,6.240000000000000000e+02
-1.042253780364990234e+01,1.443106079101562500e+02,6.240000000000000000e+02
-9.744195938110351562e+00,1.443106079101562500e+02,6.240000000000000000e+02
-9.051325798034667969e+00,1.440793304443359375e+02,6.230000000000000000e+02
-8.374073028564453125e+00,1.440793304443359375e+02,6.230000000000000000e+02
-7.696818351745605469e+00,1.440793304443359375e+02,6.230000000000000000e+02
-7.008297443389892578e+00,1.438480682373046875e+02,6.220000000000000000e+02
-6.332130432128906250e+00,1.438480682373046875e+02,6.220000000000000000e+02
-5.655963420867919922e+00,1.438480682373046875e+02,6.220000000000000000e+02
-4.987802982330322266e+00,1.440793304443359375e+02,6.230000000000000000e+02
-4.303629875183105469e+00,1.438480682373046875e+02,6.220000000000000000e+02
-3.627463340759277344e+00,1.438480682373046875e+02,6.220000000000000000e+02
-2.951296567916870117e+00,1.438480682373046875e+02,6.220000000000000000e+02
-2.278787374496459961e+00,1.440793304443359375e+02,6.230000000000000000e+02
-1.601533412933349609e+00,1.440793304443359375e+02,6.230000000000000000e+02
-9.242796301841735840e-01,1.440793304443359375e+02,6.230000000000000000e+02
-2.466292083263397217e-01,1.438480682373046875e+02,6.220000000000000000e+02
4.295375943183898926e-01,1.438480682373046875e+02,6.220000000000000000e+02
1.105704426765441895e+00,1.438480682373046875e+02,6.220000000000000000e+02
1.781871199607849121e+00,1.438480682373046875e+02,6.220000000000000000e+02
2.458037853240966797e+00,1.438480682373046875e+02,6.220000000000000000e+02
3.129166126251220703e+00,1.436168060302734375e+02,6.210000000000000000e+02
3.804245710372924805e+00,1.436168060302734375e+02,6.210000000000000000e+02
4.479325294494628906e+00,1.436168060302734375e+02,6.210000000000000000e+02
5.154405117034912109e+00,1.436168060302734375e+02,6.210000000000000000e+02
5.829484462738037109e+00,1.436168060302734375e+02,6.210000000000000000e+02
6.504564762115478516e+00,1.436168060302734375e+02,6.210000000000000000e+02
7.179644107818603516e+00,1.436168060302734375e+02,6.210000000000000000e+02
7.854723930358886719e+00,1.436168060302734375e+02,6.210000000000000000e+02
8.529803276062011719e+00,1.436168060302734375e+02,6.210000000000000000e+02
9.204883575439453125e+00,1.436168060302734375e+02,6.210000000000000000e+02
9.879962921142578125e+00,1.436168060302734375e+02,6.210000000000000000e+02
1.053804588317871094e+01,1.433855285644531250e+02,6.200000000000000000e+02
1.121203899383544922e+01,1.433855285644531250e+02,6.200000000000000000e+02
1.188603115081787109e+01,1.433855285644531250e+02,6.200000000000000000e+02
1.256002330780029297e+01,1.433855285644531250e+02,6.200000000000000000e+02
1.323401737213134766e+01,1.433855285644531250e+02,6.200000000000000000e+02
1.390800952911376953e+01,1.433855285644531250e+02,6.200000000000000000e+02
1.458200168609619141e+01,1.433855285644531250e+02,6.200000000000000000e+02
1.525599384307861328e+01,1.433855285644531250e+02,6.200000000000000000e+02
1.592998790740966797e+01,1.433855285644531250e+02,6.200000000000000000e+02
1.660397911071777344e+01,1.433855285644531250e+02,6.200000000000000000e+02
1.727797317504882812e+01,1.433855285644531250e+02,6.200000000000000000e+02
1.795196533203125000e+01,1.433855285644531250e+02,6.200000000000000000e+02
1.862595748901367188e+01,1.433855285644531250e+02,6.200000000000000000e+02
1.929994964599609375e+01,1.433855285644531250e+02,6.200000000000000000e+02
1.997394371032714844e+01,1.433855285644531250e+02,6.200000000000000000e+02
2.068124008178710938e+01,1.436168060302734375e+02,6.210000000000000000e+02
2.135631942749023438e+01,1.436168060302734375e+02,6.210000000000000000e+02
2.203139877319335938e+01,1.436168060302734375e+02,6.210000000000000000e+02
2.270647811889648438e+01,1.436168060302734375e+02,6.210000000000000000e+02
2.338155746459960938e+01,1.436168060302734375e+02,6.210000000000000000e+02
2.405663681030273438e+01,1.436168060302734375e+02,6.210000000000000000e+02
2.473171615600585938e+01,1.436168060302734375e+02,6.210000000000000000e+02
2.540679740905761719e+01,1.436168060302734375e+02,6.210000000000000000e+02
2.608187675476074219e+01,1.436168060302734375e+02,6.210000000000000000e+02
2.675695610046386719e+01,1.436168060302734375e+02,6.210000000000000000e+02
0.000000000000000000e+00,0.000000000000000000e+00,0.000000000000000000e+00
2.806185340881347656e+01,1.433855285644531250e+02,6.200000000000000000e+02
2.868949890136718750e+01,1.431542663574218750e+02,6.190000000000000000e+02
2.936240386962890625e+01,1.431542663574218750e+02,6.190000000000000000e+02
3.003530883789062500e+01,1.431542663574218750e+02,6.190000000000000000e+02
3.070821571350097656e+01,1.431542663574218750e+02,6.190000000000000000e+02
3.133042526245117188e+01,1.429230041503906250e+02,6.180000000000000000e+02
3.200224304199218750e+01,1.429230041503906250e+02,6.180000000000000000e+02
3.262118911743164062e+01,1.426917266845703125e+02,6.170000000000000000e+02
3.329192352294921875e+01,1.426917266845703125e+02,6.170000000000000000e+02
3.396265411376953125e+01,1.426917266845703125e+02,6.170000000000000000e+02
3.463338470458984375e+01,1.426917266845703125e+02,6.170000000000000000e+02
3.530411911010742188e+01,1.426917266845703125e+02,6.170000000000000000e+02
3.597484970092773438e+01,1.426917266845703125e+02,6.170000000000000000e+02
3.658618545532226562e+01,1.424604644775390625e+02,6.160000000000000000e+02
3.725582885742187500e+01,1.424604644775390625e+02,6.160000000000000000e+02
3.792547607421875000e+01,1.424604644775390625e+02,6.160000000000000000e+02
3.859511947631835938e+01,1.424604644775390625e+02,6.160000000000000000e+02
3.932850265502929688e+01,1.426917266845703125e+02,6.170000000000000000e+02
3.999923706054687500e+01,1.426917266845703125e+02,6.170000000000000000e+02
4.066996765136718750e+01,1.426917266845703125e+02,6.170000000000000000e+02
4.134069824218750000e+01,1.426917266845703125e+02,6.170000000000000000e+02
4.201142883300781250e+01,1.426917266845703125e+02,6.170000000000000000e+02
4.261298370361328125e+01,1.424604644775390625e+02,6.160000000000000000e+02
4.328263092041015625e+01,1.424604644775390625e+02,6.160000000000000000e+02
4.395227432250976562e+01,1.424604644775390625e+02,6.160000000000000000e+02
4.469435882568359375e+01,1.426917266845703125e+02,6.170000000000000000e+02
4.529156494140625000e+01,1.424604644775390625e+02,6.160000000000000000e+02
4.603582000732421875e+01,1.426917266845703125e+02,6.170000000000000000e+02
4.670655059814453125e+01,1.426917266845703125e+02,6.170000000000000000e+02
4.737728118896484375e+01,1.426917266845703125e+02,6.170000000000000000e+02
4.804801177978515625e+01,1.426917266845703125e+02,6.170000000000000000e+02
4.879770278930664062e+01,1.429230041503906250e+02,6.180000000000000000e+02
4.946952438354492188e+01,1.429230041503906250e+02,6.180000000000000000e+02
5.014134216308593750e+01,1.429230041503906250e+02,6.180000000000000000e+02
5.089538192749023438e+01,1.431542663574218750e+02,6.190000000000000000e+02
5.156828689575195312e+01,1.431542663574218750e+02,6.190000000000000000e+02
5.224119186401367188e+01,1.431542663574218750e+02,6.190000000000000000e+02
5.291409683227539062e+01,1.431542663574218750e+02,6.190000000000000000e+02
5.367357635498046875e+01,1.433855285644531250e+02,6.200000000000000000e+02
5.434756851196289062e+01,1.433855285644531250e+02,6.200000000000000000e+02
5.502156066894531250e+01,1.433855285644531250e+02,6.200000000000000000e+02
5.578538513183593750e+01,1.436168060302734375e+02,6.210000000000000000e+02
5.636954498291015625e+01,1.433855285644531250e+02,6.200000000000000000e+02
5.704353713989257812e+01,1.433855285644531250e+02,6.200000000000000000e+02
5.771752929687500000e+01,1.433855285644531250e+02,6.200000000000000000e+02
5.839152145385742188e+01,1.433855285644531250e+02,6.200000000000000000e+02
5.906551742553710938e+01,1.433855285644531250e+02,6.200000000000000000e+02
5.973950958251953125e+01,1.433855285644531250e+02,6.200000000000000000e+02
6.041350173950195312e+01,1.433855285644531250e+02,6.200000000000000000e+02
6.108749389648437500e+01,1.433855285644531250e+02,6.200000000000000000e+02
6.166186904907226562e+01,1.431542663574218750e+02,6.190000000000000000e+02
6.233477401733398438e+01,1.431542663574218750e+02,6.190000000000000000e+02
6.300767898559570312e+01,1.431542663574218750e+02,6.190000000000000000e+02
6.368058395385742188e+01,1.431542663574218750e+02,6.190000000000000000e+02
6.435349273681640625e+01,1.431542663574218750e+02,6.190000000000000000e+02
6.502639770507812500e+01,1.431542663574218750e+02,6.190000000000000000e+02
6.580544281005859375e+01,1.433855285644531250e+02,6.200000000000000000e+02
6.647943878173828125e+01,1.433855285644531250e+02,6.200000000000000000e+02
6.726174163818359375e+01,1.436168060302734375e+02,6.210000000000000000e+02
6.793682098388671875e+01,1.436168060302734375e+02,6.210000000000000000e+02
6.872238159179687500e+01,1.438480682373046875e+02,6.220000000000000000e+02
6.939855194091796875e+01,1.438480682373046875e+02,6.220000000000000000e+02
7.007471466064453125e+01,1.438480682373046875e+02,6.220000000000000000e+02
7.086463165283203125e+01,1.440793304443359375e+02,6.230000000000000000e+02
7.154188537597656250e+01,1.440793304443359375e+02,6.230000000000000000e+02
7.221913909912109375e+01,1.440793304443359375e+02,6.230000000000000000e+02
7.289639282226562500e+01,1.440793304443359375e+02,6.230000000000000000e+02
7.345555114746093750e+01,1.438480682373046875e+02,6.220000000000000000e+02
7.413171386718750000e+01,1.438480682373046875e+02,6.220000000000000000e+02
7.468762207031250000e+01,1.436168060302734375e+02,6.210000000000000000e+02
7.536270141601562500e+01,1.436168060302734375e+02,6.210000000000000000e+02
7.603778076171875000e+01,1.436168060302734375e+02,6.210000000000000000e+02
7.671286010742187500e+01,1.436168060302734375e+02,6.210000000000000000e+02
7.726332092285156250e+01,1.433855285644531250e+02,6.200000000000000000e+02
7.793730926513671875e+01,1.433855285644531250e+02,6.200000000000000000e+02
7.848450469970703125e+01,1.431542663574218750e+02,6.190000000000000000e+02
7.915740966796875000e+01,1.431542663574218750e+02,6.190000000000000000e+02
7.983032226562500000e+01,1.431542663574218750e+02,6.190000000000000000e+02
8.050322723388671875e+01,1.431542663574218750e+02,6.190000000000000000e+02
8.104499816894531250e+01,1.429230041503906250e+02,6.180000000000000000e+02
8.171681213378906250e+01,1.429230041503906250e+02,6.180000000000000000e+02
8.238863372802734375e+01,1.429230041503906250e+02,6.180000000000000000e+02
8.306044769287109375e+01,1.429230041503906250e+02,6.180000000000000000e+02
8.373226928710937500e+01,1.429230041503906250e+02,6.180000000000000000e+02
8.440408325195312500e+01,1.429230041503906250e+02,6.180000000000000000e+02
8.493824005126953125e+01,1.426917266845703125e+02,6.170000000000000000e+02
8.560897064208984375e+01,1.426917266845703125e+02,6.170000000000000000e+02
8.627970123291015625e+01,1.426917266845703125e+02,6.170000000000000000e+02
8.695043182373046875e+01,1.426917266845703125e+02,6.170000000000000000e+02
8.762116241455078125e+01,1.426917266845703125e+02,6.170000000000000000e+02
8.829189300537109375e+01,1.426917266845703125e+02,6.170000000000000000e+02
8.896262359619140625e+01,1.426917266845703125e+02,6.170000000000000000e+02
8.963336181640625000e+01,1.426917266845703125e+02,6.170000000000000000e+02
9.015773010253906250e+01,1.424604644775390625e+02,6.160000000000000000e+02
9.097482299804687500e+01,1.426917266845703125e+02,6.170000000000000000e+02
9.164555358886718750e+01,1.426917266845703125e+02,6.170000000000000000e+02
9.231628417968750000e+01,1.426917266845703125e+02,6.170000000000000000e+02
9.298701477050781250e+01,1.426917266845703125e+02,6.170000000000000000e+02
9.365774536132812500e+01,1.426917266845703125e+02,6.170000000000000000e+02
9.432847595214843750e+01,1.426917266845703125e+02,6.170000000000000000e+02
9.515317535400390625e+01,1.429230041503906250e+02,6.180000000000000000e+02
9.582499694824218750e+01,1.429230041503906250e+02,6.180000000000000000e+02
9.649681091308593750e+01,1.429230041503906250e+02,6.180000000000000000e+02
9.732585906982421875e+01,1.431542663574218750e+02,6.190000000000000000e+02
9.799876403808593750e+01,1.431542663574218750e+02,6.190000000000000000e+02
9.883107757568359375e+01,1.433855285644531250e+02,6.200000000000000000e+02
9.950506591796875000e+01,1.433855285644531250e+02,6.200000000000000000e+02
1.001790618896484375e+02,1.433855285644531250e+02,6.200000000000000000e+02
1.010157318115234375e+02,1.436168060302734375e+02,6.210000000000000000e+02
1.016908111572265625e+02,1.436168060302734375e+02,6.210000000000000000e+02
1.025307312011718750e+02,1.438480682373046875e+02,6.220000000000000000e+02
1.032068939208984375e+02,1.438480682373046875e+02,6.220000000000000000e+02
1.038830642700195312e+02,1.438480682373046875e+02,6.220000000000000000e+02
1.047273330688476562e+02,1.440793304443359375e+02,6.230000000000000000e+02
1.055737762451171875e+02,1.443106079101562500e+02,6.240000000000000000e+02
1.062521133422851562e+02,1.443106079101562500e+02,6.240000000000000000e+02
1.071018142700195312e+02,1.445418701171875000e+02,6.250000000000000000e+02
1.079536972045898438e+02,1.447731323242187500e+02,6.260000000000000000e+02
1.086342086791992188e+02,1.447731323242187500e+02,6.260000000000000000e+02
1.094893493652343750e+02,1.450044097900390625e+02,6.270000000000000000e+02
1.103466644287109375e+02,1.452356719970703125e+02,6.280000000000000000e+02
1.110293502807617188e+02,1.452356719970703125e+02,6.280000000000000000e+02
1.118899230957031250e+02,1.454669342041015625e+02,6.290000000000000000e+02
1.127526702880859375e+02,1.456981964111328125e+02,6.300000000000000000e+02
1.134375381469726562e+02,1.456981964111328125e+02,6.300000000000000000e+02
1.143035430908203125e+02,1.459294738769531250e+02,6.310000000000000000e+02
1.149894943237304688e+02,1.459294738769531250e+02,6.310000000000000000e+02
1.156754455566406250e+02,1.459294738769531250e+02,6.310000000000000000e+02
1.163613967895507812e+02,1.459294738769531250e+02,6.310000000000000000e+02
1.168618545532226562e+02,1.456981964111328125e+02,6.300000000000000000e+02
1.175467147827148438e+02,1.456981964111328125e+02,6.300000000000000000e+02
1.182315826416015625e+02,1.456981964111328125e+02,6.300000000000000000e+02
1.187276840209960938e+02,1.454669342041015625e+02,6.290000000000000000e+02
1.194114608764648438e+02,1.454669342041015625e+02,6.290000000000000000e+02
1.199043045043945312e+02,1.452356719970703125e+02,6.280000000000000000e+02
1.205869979858398438e+02,1.452356719970703125e+02,6.280000000000000000e+02
1.210765838623046875e+02,1.450044097900390625e+02,6.270000000000000000e+02
1.217581863403320312e+02,1.450044097900390625e+02,6.270000000000000000e+02
1.224397811889648438e+02,1.450044097900390625e+02,6.270000000000000000e+02
1.231213989257812500e+02,1.450044097900390625e+02,6.270000000000000000e+02
1.238030014038085938e+02,1.450044097900390625e+02,6.270000000000000000e+02
1.246831436157226562e+02,1.452356719970703125e+02,6.280000000000000000e+02
1.253658294677734375e+02,1.452356719970703125e+02,6.280000000000000000e+02
1.262492294311523438e+02,1.454669342041015625e+02,6.290000000000000000e+02
1.271348114013671875e+02,1.456981964111328125e+02,6.300000000000000000e+02
1.280225677490234375e+02,1.459294738769531250e+02,6.310000000000000000e+02
-8.665643310546875000e+01,1.442921600341796875e+02,6.210000000000000000e+02
-8.611981201171875000e+01,1.445245056152343750e+02,6.220000000000000000e+02
-8.544364166259765625e+01,1.445245056152343750e+02,6.220000000000000000e+02
-8.476747894287109375e+01,1.445245056152343750e+02,6.220000000000000000e+02
-8.422650146484375000e+01,1.447568664550781250e+02,6.230000000000000000e+02
-8.354924774169921875e+01,1.447568664550781250e+02,6.230000000000000000e+02
-8.300502014160156250e+01,1.449892272949218750e+02,6.240000000000000000e+02
-0.000000000000000000e+00,0.000000000000000000e+00,0.000000000000000000e+00
-0.000000000000000000e+00,0.000000000000000000e+00,0.000000000000000000e+00
-0.000000000000000000e+00,0.000000000000000000e+00,0.000000000000000000e+00
-8.016298675537109375e+01,1.447568664550781250e+02,6.230000000000000000e+02
-7.948573303222656250e+01,1.447568664550781250e+02,6.230000000000000000e+02
-7.880847930908203125e+01,1.447568664550781250e+02,6.230000000000000000e+02
-7.813122558593750000e+01,1.447568664550781250e+02,6.230000000000000000e+02
-7.757829284667968750e+01,1.449892272949218750e+02,6.240000000000000000e+02
-7.677671813964843750e+01,1.447568664550781250e+02,6.230000000000000000e+02
-7.622161102294921875e+01,1.449892272949218750e+02,6.240000000000000000e+02
-7.554327392578125000e+01,1.449892272949218750e+02,6.240000000000000000e+02
-7.486492919921875000e+01,1.449892272949218750e+02,6.240000000000000000e+02
-7.418659210205078125e+01,1.449892272949218750e+02,6.240000000000000000e+02
-7.350824737548828125e+01,1.449892272949218750e+02,6.240000000000000000e+02
-7.282991027832031250e+01,1.449892272949218750e+02,6.240000000000000000e+02
-7.215156555175781250e+01,1.449892272949218750e+02,6.240000000000000000e+02
-7.147322082519531250e+01,1.449892272949218750e+02,6.240000000000000000e+02
-7.079488372802734375e+01,1.449892272949218750e+02,6.240000000000000000e+02
-7.011653900146484375e+01,1.449892272949218750e+02,6.240000000000000000e+02
-6.943820190429687500e+01,1.449892272949218750e+02,6.240000000000000000e+02
-6.875985717773437500e+01,1.449892272949218750e+02,6.240000000000000000e+02
-6.808152008056640625e+01,1.449892272949218750e+02,6.240000000000000000e+02
-6.740317535400390625e+01,1.449892272949218750e+02,6.240000000000000000e+02
-6.683177185058593750e+01,1.452215728759765625e+02,6.250000000000000000e+02
-6.615234375000000000e+01,1.452215728759765625e+02,6.250000000000000000e+02
-6.547291564941406250e+01,1.452215728759765625e+02,6.250000000000000000e+02
-6.479348754882812500e+01,1.452215728759765625e+02,6.250000000000000000e+02
-6.411405944824218750e+01,1.452215728759765625e+02,6.250000000000000000e+02
-6.343463134765625000e+01,1.452215728759765625e+02,6.250000000000000000e+02
-6.275520324707031250e+01,1.452215728759765625e+02,6.250000000000000000e+02
-6.207577514648437500e+01,1.452215728759765625e+02,6.250000000000000000e+02
-6.139634323120117188e+01,1.452215728759765625e+02,6.250000000000000000e+02
-6.071691513061523438e+01,1.452215728759765625e+02,6.250000000000000000e+02
-6.003748703002929688e+01,1.452215728759765625e+02,6.250000000000000000e+02
-5.935805892944335938e+01,1.452215728759765625e+02,6.250000000000000000e+02
-5.867863082885742188e+01,1.452215728759765625e+02,6.250000000000000000e+02
-5.799920272827148438e+01,1.452215728759765625e+02,6.250000000000000000e+02
-5.731977462768554688e+01,1.452215728759765625e+02,6.250000000000000000e+02
-5.664034652709960938e+01,1.452215728759765625e+02,6.250000000000000000e+02
-5.596091842651367188e+01,1.452215728759765625e+02,6.250000000000000000e+02
-5.519304275512695312e+01,1.449892272949218750e+02,6.240000000000000000e+02
-5.451470184326171875e+01,1.449892272949218750e+02,6.240000000000000000e+02
-5.383636093139648438e+01,1.449892272949218750e+02,6.240000000000000000e+02
-5.315802001953125000e+01,1.449892272949218750e+02,6.240000000000000000e+02
-5.247967910766601562e+01,1.449892272949218750e+02,6.240000000000000000e+02
-5.171832275390625000e+01,1.447568664550781250e+02,6.230000000000000000e+02
-5.104106903076171875e+01,1.447568664550781250e+02,6.230000000000000000e+02
-5.028297042846679688e+01,1.445245056152343750e+02,6.220000000000000000e+02
-4.960680389404296875e+01,1.445245056152343750e+02,6.220000000000000000e+02
-4.893063735961914062e+01,1.445245056152343750e+02,6.220000000000000000e+02
-4.817689132690429688e+01,1.442921600341796875e+02,6.210000000000000000e+02
-4.750181198120117188e+01,1.442921600341796875e+02,6.210000000000000000e+02
-4.682673263549804688e+01,1.442921600341796875e+02,6.210000000000000000e+02
-4.607733535766601562e+01,1.440597991943359375e+02,6.200000000000000000e+02
-4.540334320068359375e+01,1.440597991943359375e+02,6.200000000000000000e+02
-4.472935104370117188e+01,1.440597991943359375e+02,6.200000000000000000e+02
-4.405535888671875000e+01,1.440597991943359375e+02,6.200000000000000000e+02
-4.338136672973632812e+01,1.440597991943359375e+02,6.200000000000000000e+02
-4.270737457275390625e+01,1.440597991943359375e+02,6.200000000000000000e+02
-4.203338241577148438e+01,1.440597991943359375e+02,6.200000000000000000e+02
-4.135939025878906250e+01,1.440597991943359375e+02,6.200000000000000000e+02
-4.068539810180664062e+01,1.440597991943359375e+02,6.200000000000000000e+02
-4.001139831542968750e+01,1.440597991943359375e+02,6.200000000000000000e+02
-3.933740615844726562e+01,1.440597991943359375e+02,6.200000000000000000e+02
-3.866341781616210938e+01,1.440597991943359375e+02,6.200000000000000000e+02
-3.798942565917968750e+01,1.440597991943359375e+02,6.200000000000000000e+02
-3.731542968750000000e+01,1.440597991943359375e+02,6.200000000000000000e+02
-3.664143753051757812e+01,1.440597991943359375e+02,6.200000000000000000e+02
-3.596744537353515625e+01,1.440597991943359375e+02,6.200000000000000000e+02
-3.529345321655273438e+01,1.440597991943359375e+02,6.200000000000000000e+02
-3.461946105957031250e+01,1.440597991943359375e+02,6.200000000000000000e+02
-3.394546890258789062e+01,1.440597991943359375e+02,6.200000000000000000e+02
-3.327147674560546875e+01,1.440597991943359375e+02,6.200000000000000000e+02
-3.259748458862304688e+01,1.440597991943359375e+02,6.200000000000000000e+02
-3.192348861694335938e+01,1.440597991943359375e+02,6.200000000000000000e+02
-3.124949645996093750e+01,1.440597991943359375e+02,6.200000000000000000e+02
-3.057550430297851562e+01,1.440597991943359375e+02,6.200000000000000000e+02
-2.990151214599609375e+01,1.440597991943359375e+02,6.200000000000000000e+02
-2.922751998901367188e+01,1.440597991943359375e+02,6.200000000000000000e+02
-2.855352783203125000e+01,1.440597991943359375e+02,6.200000000000000000e+02
-2.792450141906738281e+01,1.442921600341796875e+02,6.210000000000000000e+02
-2.724942207336425781e+01,1.442921600341796875e+02,6.210000000000000000e+02
-2.657434082031250000e+01,1.442921600341796875e+02,6.210000000000000000e+02
-2.589926147460937500e+01,1.442921600341796875e+02,6.210000000000000000e+02
-2.522418212890625000e+01,1.442921600341796875e+02,6.210000000000000000e+02
-2.454910278320312500e+01,1.442921600341796875e+02,6.210000000000000000e+02
-2.387402343750000000e+01,1.442921600341796875e+02,6.210000000000000000e+02
-2.319894409179687500e+01,1.442921600341796875e+02,6.210000000000000000e+02
-2.256013488769531250e+01,1.445245056152343750e+02,6.220000000000000000e+02
-2.188396644592285156e+01,1.445245056152343750e+02,6.220000000000000000e+02
-2.120779991149902344e+01,1.445245056152343750e+02,6.220000000000000000e+02
-2.053163337707519531e+01,1.445245056152343750e+02,6.220000000000000000e+02
-1.985546684265136719e+01,1.445245056152343750e+02,6.220000000000000000e+02
-1.921013450622558594e+01,1.447568664550781250e+02,6.230000000000000000e+02
-1.853288078308105469e+01,1.447568664550781250e+02,6.230000000000000000e+02
-1.785562705993652344e+01,1.447568664550781250e+02,6.230000000000000000e+02
-1.720594596862792969e+01,1.449892272949218750e+02,6.240000000000000000e+02
-1.652760505676269531e+01,1.449892272949218750e+02,6.240000000000000000e+02
-1.584926509857177734e+01,1.449892272949218750e+02,6.240000000000000000e+02
-1.517092323303222656e+01,1.449892272949218750e+02,6.240000000000000000e+02
-1.449258232116699219e+01,1.449892272949218750e+02,6.240000000000000000e+02
-1.381424140930175781e+01,1.449892272949218750e+02,6.240000000000000000e+02
-1.313590145111083984e+01,1.449892272949218750e+02,6.240000000000000000e+02
-1.245755958557128906e+01,1.449892272949218750e+02,6.240000000000000000e+02
-1.177921867370605469e+01,1.449892272949218750e+02,6.240000000000000000e+02
-1.108308792114257812e+01,1.447568664550781250e+02,6.230000000000000000e+02
-1.040583419799804688e+01,1.447568664550781250e+02,6.230000000000000000e+02
-9.712965011596679688e+00,1.445245056152343750e+02,6.220000000000000000e+02
-9.036797523498535156e+00,1.445245056152343750e+02,6.220000000000000000e+02
-8.360630989074707031e+00,1.445245056152343750e+02,6.220000000000000000e+02
-7.672109603881835938e+00,1.442921600341796875e+02,6.210000000000000000e+02
-6.997030258178710938e+00,1.442921600341796875e+02,6.210000000000000000e+02
-6.321949958801269531e+00,1.442921600341796875e+02,6.210000000000000000e+02
-5.646870136260986328e+00,1.442921600341796875e+02,6.210000000000000000e+02
-4.971790790557861328e+00,1.442921600341796875e+02,6.210000000000000000e+02
-4.296710968017578125e+00,1.442921600341796875e+02,6.210000000000000000e+02
-3.621631383895874023e+00,1.442921600341796875e+02,6.210000000000000000e+02
-2.946551561355590820e+00,1.442921600341796875e+02,6.210000000000000000e+02
-2.271471977233886719e+00,1.442921600341796875e+02,6.210000000000000000e+02
-1.596392035484313965e+00,1.442921600341796875e+02,6.210000000000000000e+02
-9.213124513626098633e-01,1.442921600341796875e+02,6.210000000000000000e+02
-2.462326884269714355e-01,1.442921600341796875e+02,6.210000000000000000e+02
4.281564652919769287e-01,1.440597991943359375e+02,6.200000000000000000e+02
1.102149128913879395e+00,1.440597991943359375e+02,6.200000000000000000e+02
1.776141762733459473e+00,1.440597991943359375e+02,6.200000000000000000e+02
2.450134277343750000e+00,1.440597991943359375e+02,6.200000000000000000e+02
0.000000000000000000e+00,0.000000000000000000e+00,0.000000000000000000e+00
3.791993856430053711e+00,1.438274536132812500e+02,6.190000000000000000e+02
4.464899063110351562e+00,1.438274536132812500e+02,6.190000000000000000e+02
5.137804985046386719e+00,1.438274536132812500e+02,6.190000000000000000e+02
5.810709953308105469e+00,1.438274536132812500e+02,6.190000000000000000e+02
6.483615875244140625e+00,1.438274536132812500e+02,6.190000000000000000e+02
7.156521320343017578e+00,1.438274536132812500e+02,6.190000000000000000e+02
7.829426765441894531e+00,1.438274536132812500e+02,6.190000000000000000e+02
8.502332687377929688e+00,1.438274536132812500e+02,6.190000000000000000e+02
9.175237655639648438e+00,1.438274536132812500e+02,6.190000000000000000e+02
9.848143577575683594e+00,1.438274536132812500e+02,6.190000000000000000e+02
1.052104854583740234e+01,1.438274536132812500e+02,6.190000000000000000e+02
1.119395542144775391e+01,1.438274536132812500e+02,6.190000000000000000e+02
1.184768962860107422e+01,1.435950927734375000e+02,6.180000000000000000e+02
1.251950740814208984e+01,1.435950927734375000e+02,6.180000000000000000e+02
1.321267223358154297e+01,1.438274536132812500e+02,6.190000000000000000e+02
1.388557720184326172e+01,1.438274536132812500e+02,6.190000000000000000e+02
1.455848217010498047e+01,1.438274536132812500e+02,6.190000000000000000e+02
1.523138809204101562e+01,1.438274536132812500e+02,6.190000000000000000e+02
1.590429401397705078e+01,1.438274536132812500e+02,6.190000000000000000e+02
1.657719993591308594e+01,1.438274536132812500e+02,6.190000000000000000e+02
1.725010490417480469e+01,1.438274536132812500e+02,6.190000000000000000e+02
1.792300987243652344e+01,1.438274536132812500e+02,6.190000000000000000e+02
1.859591674804687500e+01,1.438274536132812500e+02,6.190000000000000000e+02
1.926882171630859375e+01,1.438274536132812500e+02,6.190000000000000000e+02
1.994172859191894531e+01,1.438274536132812500e+02,6.190000000000000000e+02
2.061463356018066406e+01,1.438274536132812500e+02,6.190000000000000000e+02
2.128753852844238281e+01,1.438274536132812500e+02,6.190000000000000000e+02
2.199592018127441406e+01,1.440597991943359375e+02,6.200000000000000000e+02
2.266991233825683594e+01,1.440597991943359375e+02,6.200000000000000000e+02
2.334390640258789062e+01,1.440597991943359375e+02,6.200000000000000000e+02
2.401789855957031250e+01,1.440597991943359375e+02,6.200000000000000000e+02
2.469189071655273438e+01,1.440597991943359375e+02,6.200000000000000000e+02
2.536588478088378906e+01,1.440597991943359375e+02,6.200000000000000000e+02
2.603987693786621094e+01,1.440597991943359375e+02,6.200000000000000000e+02
2.671386909484863281e+01,1.440597991943359375e+02,6.200000000000000000e+02
2.734368705749511719e+01,1.438274536132812500e+02,6.190000000000000000e+02
2.801659393310546875e+01,1.438274536132812500e+02,6.190000000000000000e+02
2.868949890136718750e+01,1.438274536132812500e+02,6.190000000000000000e+02
0.000000000000000000e+00,0.000000000000000000e+00,0.000000000000000000e+00
2.998678588867187500e+01,1.435950927734375000e+02,6.180000000000000000e+02
3.065860748291015625e+01,1.435950927734375000e+02,6.180000000000000000e+02
3.127972793579101562e+01,1.433627471923828125e+02,6.170000000000000000e+02
3.195046043395996094e+01,1.433627471923828125e+02,6.170000000000000000e+02
3.262118911743164062e+01,1.433627471923828125e+02,6.170000000000000000e+02
3.323796463012695312e+01,1.431303863525390625e+02,6.160000000000000000e+02
3.390760803222656250e+01,1.431303863525390625e+02,6.160000000000000000e+02
3.457725143432617188e+01,1.431303863525390625e+02,6.160000000000000000e+02
3.524689865112304688e+01,1.431303863525390625e+02,6.160000000000000000e+02
3.591654205322265625e+01,1.431303863525390625e+02,6.160000000000000000e+02
3.652679443359375000e+01,1.428980255126953125e+02,6.150000000000000000e+02
3.719535064697265625e+01,1.428980255126953125e+02,6.150000000000000000e+02
3.786390686035156250e+01,1.428980255126953125e+02,6.150000000000000000e+02
3.853246307373046875e+01,1.428980255126953125e+02,6.150000000000000000e+02
3.920101928710937500e+01,1.428980255126953125e+02,6.150000000000000000e+02
3.986957931518554688e+01,1.428980255126953125e+02,6.150000000000000000e+02
4.053813552856445312e+01,1.428980255126953125e+02,6.150000000000000000e+02
4.127369308471679688e+01,1.431303863525390625e+02,6.160000000000000000e+02
4.194334030151367188e+01,1.431303863525390625e+02,6.160000000000000000e+02
4.261298370361328125e+01,1.431303863525390625e+02,6.160000000000000000e+02
4.328263092041015625e+01,1.431303863525390625e+02,6.160000000000000000e+02
4.395227432250976562e+01,1.431303863525390625e+02,6.160000000000000000e+02
4.462191772460937500e+01,1.431303863525390625e+02,6.160000000000000000e+02
4.529156494140625000e+01,1.431303863525390625e+02,6.160000000000000000e+02
4.596120834350585938e+01,1.431303863525390625e+02,6.160000000000000000e+02
4.663085174560546875e+01,1.431303863525390625e+02,6.160000000000000000e+02
4.730049514770507812e+01,1.431303863525390625e+02,6.160000000000000000e+02
4.804801177978515625e+01,1.433627471923828125e+02,6.170000000000000000e+02
4.871874237060546875e+01,1.433627471923828125e+02,6.170000000000000000e+02
4.938947677612304688e+01,1.433627471923828125e+02,6.170000000000000000e+02
5.006020736694335938e+01,1.433627471923828125e+02,6.170000000000000000e+02
5.081315994262695312e+01,1.435950927734375000e+02,6.180000000000000000e+02
5.148497772216796875e+01,1.435950927734375000e+02,6.180000000000000000e+02
5.215679550170898438e+01,1.435950927734375000e+02,6.180000000000000000e+02
5.282861328125000000e+01,1.435950927734375000e+02,6.180000000000000000e+02
5.358700561523437500e+01,1.438274536132812500e+02,6.190000000000000000e+02
5.425991058349609375e+01,1.438274536132812500e+02,6.190000000000000000e+02
5.493281555175781250e+01,1.438274536132812500e+02,6.190000000000000000e+02
5.560572052001953125e+01,1.438274536132812500e+02,6.190000000000000000e+02
5.627862930297851562e+01,1.438274536132812500e+02,6.190000000000000000e+02
5.695153427124023438e+01,1.438274536132812500e+02,6.190000000000000000e+02
5.762443923950195312e+01,1.438274536132812500e+02,6.190000000000000000e+02
5.829734420776367188e+01,1.438274536132812500e+02,6.190000000000000000e+02
5.897024917602539062e+01,1.438274536132812500e+02,6.190000000000000000e+02
5.964315414428710938e+01,1.438274536132812500e+02,6.190000000000000000e+02
6.021861648559570312e+01,1.435950927734375000e+02,6.180000000000000000e+02
6.089043426513671875e+01,1.435950927734375000e+02,6.180000000000000000e+02
6.156225585937500000e+01,1.435950927734375000e+02,6.180000000000000000e+02
6.223407363891601562e+01,1.435950927734375000e+02,6.180000000000000000e+02
6.290589141845703125e+01,1.435950927734375000e+02,6.180000000000000000e+02
6.357770919799804688e+01,1.435950927734375000e+02,6.180000000000000000e+02
6.424953460693359375e+01,1.435950927734375000e+02,6.180000000000000000e+02
6.492134857177734375e+01,1.435950927734375000e+02,6.180000000000000000e+02
6.569930267333984375e+01,1.438274536132812500e+02,6.190000000000000000e+02
6.637220764160156250e+01,1.438274536132812500e+02,6.190000000000000000e+02
6.715342712402343750e+01,1.440597991943359375e+02,6.200000000000000000e+02
6.782742309570312500e+01,1.440597991943359375e+02,6.200000000000000000e+02
6.861190032958984375e+01,1.442921600341796875e+02,6.210000000000000000e+02
6.928697967529296875e+01,1.442921600341796875e+02,6.210000000000000000e+02
7.007471466064453125e+01,1.445245056152343750e+02,6.220000000000000000e+02
7.075088500976562500e+01,1.445245056152343750e+02,6.220000000000000000e+02
7.142704772949218750e+01,1.445245056152343750e+02,6.220000000000000000e+02
7.210321807861328125e+01,1.445245056152343750e+02,6.220000000000000000e+02
7.266237640380859375e+01,1.442921600341796875e+02,6.210000000000000000e+02
7.333745574951171875e+01,1.442921600341796875e+02,6.210000000000000000e+02
7.401253509521484375e+01,1.442921600341796875e+02,6.210000000000000000e+02
7.456735229492187500e+01,1.440597991943359375e+02,6.200000000000000000e+02
7.524134063720703125e+01,1.440597991943359375e+02,6.200000000000000000e+02
7.579289245605468750e+01,1.438274536132812500e+02,6.190000000000000000e+02
7.646579742431640625e+01,1.438274536132812500e+02,6.190000000000000000e+02
7.713870239257812500e+01,1.438274536132812500e+02,6.190000000000000000e+02
7.781159973144531250e+01,1.438274536132812500e+02,6.190000000000000000e+02
7.835771179199218750e+01,1.435950927734375000e+02,6.180000000000000000e+02
7.902953338623046875e+01,1.435950927734375000e+02,6.180000000000000000e+02
7.970135498046875000e+01,1.435950927734375000e+02,6.180000000000000000e+02
8.037317657470703125e+01,1.435950927734375000e+02,6.180000000000000000e+02
8.091385650634765625e+01,1.433627471923828125e+02,6.170000000000000000e+02
8.158458709716796875e+01,1.433627471923828125e+02,6.170000000000000000e+02
8.225531768798828125e+01,1.433627471923828125e+02,6.170000000000000000e+02
8.292604827880859375e+01,1.433627471923828125e+02,6.170000000000000000e+02
8.359677886962890625e+01,1.433627471923828125e+02,6.170000000000000000e+02
8.426750946044921875e+01,1.433627471923828125e+02,6.170000000000000000e+02
8.480057525634765625e+01,1.431303863525390625e+02,6.160000000000000000e+02
8.547022247314453125e+01,1.431303863525390625e+02,6.160000000000000000e+02
8.613986206054687500e+01,1.431303863525390625e+02,6.160000000000000000e+02
8.680950927734375000e+01,1.431303863525390625e+02,6.160000000000000000e+02
8.747915649414062500e+01,1.431303863525390625e+02,6.160000000000000000e+02
8.814879608154296875e+01,1.431303863525390625e+02,6.160000000000000000e+02
8.881844329833984375e+01,1.431303863525390625e+02,6.160000000000000000e+02
8.948808288574218750e+01,1.431303863525390625e+02,6.160000000000000000e+02
9.015773010253906250e+01,1.431303863525390625e+02,6.160000000000000000e+02
9.082736968994140625e+01,1.431303863525390625e+02,6.160000000000000000e+02
9.149701690673828125e+01,1.431303863525390625e+02,6.160000000000000000e+02
9.231628417968750000e+01,1.433627471923828125e+02,6.170000000000000000e+02
9.298701477050781250e+01,1.433627471923828125e+02,6.170000000000000000e+02
9.380953979492187500e+01,1.435950927734375000e+02,6.180000000000000000e+02
9.448136138916015625e+01,1.435950927734375000e+02,6.180000000000000000e+02
9.515317535400390625e+01,1.435950927734375000e+02,6.180000000000000000e+02
9.598004913330078125e+01,1.438274536132812500e+02,6.190000000000000000e+02
9.665295410156250000e+01,1.438274536132812500e+02,6.190000000000000000e+02
9.748309326171875000e+01,1.440597991943359375e+02,6.200000000000000000e+02
9.815708160400390625e+01,1.440597991943359375e+02,6.200000000000000000e+02
9.899047851562500000e+01,1.442921600341796875e+02,6.210000000000000000e+02
9.966555786132812500e+01,1.442921600341796875e+02,6.210000000000000000e+02
1.005022201538085938e+02,1.445245056152343750e+02,6.220000000000000000e+02
1.011783981323242188e+02,1.445245056152343750e+02,6.220000000000000000e+02
1.018545608520507812e+02,1.445245056152343750e+02,6.220000000000000000e+02
1.025307312011718750e+02,1.445245056152343750e+02,6.220000000000000000e+02
1.033728256225585938e+02,1.447568664550781250e+02,6.230000000000000000e+02
1.040500793457031250e+02,1.447568664550781250e+02,6.230000000000000000e+02
1.048954315185546875e+02,1.449892272949218750e+02,6.240000000000000000e+02
1.055737762451171875e+02,1.449892272949218750e+02,6.240000000000000000e+02
1.064223861694335938e+02,1.452215728759765625e+02,6.250000000000000000e+02
1.072731781005859375e+02,1.454539337158203125e+02,6.260000000000000000e+02
1.079536972045898438e+02,1.454539337158203125e+02,6.260000000000000000e+02
1.088077468872070312e+02,1.456862792968750000e+02,6.270000000000000000e+02
1.096639709472656250e+02,1.459186401367187500e+02,6.280000000000000000e+02
1.103466644287109375e+02,1.459186401367187500e+02,6.280000000000000000e+02
1.112061462402343750e+02,1.461510009765625000e+02,6.290000000000000000e+02
1.120678100585937500e+02,1.463833465576171875e+02,6.300000000000000000e+02
1.127526702880859375e+02,1.463833465576171875e+02,6.300000000000000000e+02
1.136175994873046875e+02,1.466157073974609375e+02,6.310000000000000000e+02
1.143035430908203125e+02,1.466157073974609375e+02,6.310000000000000000e+02
1.149894943237304688e+02,1.466157073974609375e+02,6.310000000000000000e+02
1.156754455566406250e+02,1.466157073974609375e+02,6.310000000000000000e+02
1.163613967895507812e+02,1.466157073974609375e+02,6.310000000000000000e+02
1.170473480224609375e+02,1.466157073974609375e+02,6.310000000000000000e+02
1.175467147827148438e+02,1.463833465576171875e+02,6.300000000000000000e+02
1.182315826416015625e+02,1.463833465576171875e+02,6.300000000000000000e+02
1.187276840209960938e+02,1.461510009765625000e+02,6.290000000000000000e+02
1.194114608764648438e+02,1.461510009765625000e+02,6.290000000000000000e+02
1.199043045043945312e+02,1.459186401367187500e+02,6.280000000000000000e+02
1.203949813842773438e+02,1.456862792968750000e+02,6.270000000000000000e+02
1.210765838623046875e+02,1.456862792968750000e+02,6.270000000000000000e+02
1.215639877319335938e+02,1.454539337158203125e+02,6.260000000000000000e+02
1.222445068359375000e+02,1.454539337158203125e+02,6.260000000000000000e+02
1.229250335693359375e+02,1.454539337158203125e+02,6.260000000000000000e+02
1.236055450439453125e+02,1.454539337158203125e+02,6.260000000000000000e+02
1.242860565185546875e+02,1.454539337158203125e+02,6.260000000000000000e+02
1.251661987304687500e+02,1.456862792968750000e+02,6.270000000000000000e+02
1.260485153198242188e+02,1.459186401367187500e+02,6.280000000000000000e+02
1.267312088012695312e+02,1.459186401367187500e+02,6.280000000000000000e+02
1.278196716308593750e+02,1.463833465576171875e+02,6.300000000000000000e+02
1.287085113525390625e+02,1.466157073974609375e+02,6.310000000000000000e+02
-8.665643310546875000e+01,1.449675140380859375e+02,6.210000000000000000e+02
-8.611981201171875000e+01,1.452009582519531250e+02,6.220000000000000000e+02
-8.544364166259765625e+01,1.452009582519531250e+02,6.220000000000000000e+02
-8.476747894287109375e+01,1.452009582519531250e+02,6.220000000000000000e+02
-8.422650146484375000e+01,1.454344024658203125e+02,6.230000000000000000e+02
-8.354924774169921875e+01,1.454344024658203125e+02,6.230000000000000000e+02
-8.287199401855468750e+01,1.454344024658203125e+02,6.230000000000000000e+02
-0.000000000000000000e+00,0.000000000000000000e+00,0.000000000000000000e+00
-0.000000000000000000e+00,0.000000000000000000e+00,0.000000000000000000e+00
-0.000000000000000000e+00,0.000000000000000000e+00,0.000000000000000000e+00
-0.000000000000000000e+00,0.000000000000000000e+00,0.000000000000000000e+00
-0.000000000000000000e+00,0.000000000000000000e+00,0.000000000000000000e+00
-0.000000000000000000e+00,0.000000000000000000e+00,0.000000000000000000e+00
-7.813122558593750000e+01,1.454344024658203125e+02,6.230000000000000000e+02
-7.745397186279296875e+01,1.454344024658203125e+02,6.230000000000000000e+02
-7.677671813964843750e+01,1.454344024658203125e+02,6.230000000000000000e+02
-7.622161102294921875e+01,1.456678466796875000e+02,6.240000000000000000e+02
-7.554327392578125000e+01,1.456678466796875000e+02,6.240000000000000000e+02
-0.000000000000000000e+00,0.000000000000000000e+00,0.000000000000000000e+00
-7.406770324707031250e+01,1.454344024658203125e+02,6.230000000000000000e+02
-7.339044952392578125e+01,1.454344024658203125e+02,6.230000000000000000e+02
-7.271319580078125000e+01,1.454344024658203125e+02,6.230000000000000000e+02
-7.203594207763671875e+01,1.454344024658203125e+02,6.230000000000000000e+02
-7.135868072509765625e+01,1.454344024658203125e+02,6.230000000000000000e+02
-7.068142700195312500e+01,1.454344024658203125e+02,6.230000000000000000e+02
-7.000417327880859375e+01,1.454344024658203125e+02,6.230000000000000000e+02
-6.943820190429687500e+01,1.456678466796875000e+02,6.240000000000000000e+02
-6.875985717773437500e+01,1.456678466796875000e+02,6.240000000000000000e+02
-6.808152008056640625e+01,1.456678466796875000e+02,6.240000000000000000e+02
-6.740317535400390625e+01,1.456678466796875000e+02,6.240000000000000000e+02
-6.672483825683593750e+01,1.456678466796875000e+02,6.240000000000000000e+02
-6.604649353027343750e+01,1.456678466796875000e+02,6.240000000000000000e+02
-6.547291564941406250e+01,1.459012756347656250e+02,6.250000000000000000e+02
-6.479348754882812500e+01,1.459012756347656250e+02,6.250000000000000000e+02
-6.411405944824218750e+01,1.459012756347656250e+02,6.250000000000000000e+02
-6.343463134765625000e+01,1.459012756347656250e+02,6.250000000000000000e+02
-6.275520324707031250e+01,1.459012756347656250e+02,6.250000000000000000e+02
-6.207577514648437500e+01,1.459012756347656250e+02,6.250000000000000000e+02
-6.139634323120117188e+01,1.459012756347656250e+02,6.250000000000000000e+02
-6.071691513061523438e+01,1.459012756347656250e+02,6.250000000000000000e+02
-6.003748703002929688e+01,1.459012756347656250e+02,6.250000000000000000e+02
-5.935805892944335938e+01,1.459012756347656250e+02,6.250000000000000000e+02
-5.867863082885742188e+01,1.459012756347656250e+02,6.250000000000000000e+02
-5.790640258789062500e+01,1.456678466796875000e+02,6.240000000000000000e+02
-5.722806549072265625e+01,1.456678466796875000e+02,6.240000000000000000e+02
-5.654972457885742188e+01,1.456678466796875000e+02,6.240000000000000000e+02
-5.587138366699218750e+01,1.456678466796875000e+02,6.240000000000000000e+02
-5.519304275512695312e+01,1.456678466796875000e+02,6.240000000000000000e+02
-5.451470184326171875e+01,1.456678466796875000e+02,6.240000000000000000e+02
-5.375008392333984375e+01,1.454344024658203125e+02,6.230000000000000000e+02
-5.307283020019531250e+01,1.454344024658203125e+02,6.230000000000000000e+02
-5.239557647705078125e+01,1.454344024658203125e+02,6.230000000000000000e+02
-5.163530731201171875e+01,1.452009582519531250e+02,6.220000000000000000e+02
-5.095914077758789062e+01,1.452009582519531250e+02,6.220000000000000000e+02
-5.020212936401367188e+01,1.449675140380859375e+02,6.210000000000000000e+02
-4.952705001831054688e+01,1.449675140380859375e+02,6.210000000000000000e+02
-4.885197067260742188e+01,1.449675140380859375e+02,6.210000000000000000e+02
-4.809931182861328125e+01,1.447340698242187500e+02,6.200000000000000000e+02
-4.742531967163085938e+01,1.447340698242187500e+02,6.200000000000000000e+02
-4.675132751464843750e+01,1.447340698242187500e+02,6.200000000000000000e+02
-4.600301742553710938e+01,1.445006256103515625e+02,6.190000000000000000e+02
-4.533011245727539062e+01,1.445006256103515625e+02,6.190000000000000000e+02
-4.465720748901367188e+01,1.445006256103515625e+02,6.190000000000000000e+02
-4.398430252075195312e+01,1.445006256103515625e+02,6.190000000000000000e+02
-4.331139755249023438e+01,1.445006256103515625e+02,6.190000000000000000e+02
-4.263848876953125000e+01,1.445006256103515625e+02,6.190000000000000000e+02
-4.196558380126953125e+01,1.445006256103515625e+02,6.190000000000000000e+02
-4.129267883300781250e+01,1.445006256103515625e+02,6.190000000000000000e+02
-4.061977386474609375e+01,1.445006256103515625e+02,6.190000000000000000e+02
-3.994686508178710938e+01,1.445006256103515625e+02,6.190000000000000000e+02
-3.927396011352539062e+01,1.445006256103515625e+02,6.190000000000000000e+02
-3.860105514526367188e+01,1.445006256103515625e+02,6.190000000000000000e+02
-3.792815017700195312e+01,1.445006256103515625e+02,6.190000000000000000e+02
-3.725524520874023438e+01,1.445006256103515625e+02,6.190000000000000000e+02
-3.658234024047851562e+01,1.445006256103515625e+02,6.190000000000000000e+02
-3.590943145751953125e+01,1.445006256103515625e+02,6.190000000000000000e+02
-3.523652648925781250e+01,1.445006256103515625e+02,6.190000000000000000e+02
-3.456362152099609375e+01,1.445006256103515625e+02,6.190000000000000000e+02
-3.389071655273437500e+01,1.445006256103515625e+02,6.190000000000000000e+02
-3.321781158447265625e+01,1.445006256103515625e+02,6.190000000000000000e+02
-3.254490661621093750e+01,1.445006256103515625e+02,6.190000000000000000e+02
-3.187199974060058594e+01,1.445006256103515625e+02,6.190000000000000000e+02
-3.119909477233886719e+01,1.445006256103515625e+02,6.190000000000000000e+02
-3.057550430297851562e+01,1.447340698242187500e+02,6.200000000000000000e+02
-2.985328292846679688e+01,1.445006256103515625e+02,6.190000000000000000e+02
-2.922751998901367188e+01,1.447340698242187500e+02,6.200000000000000000e+02
-2.855352783203125000e+01,1.447340698242187500e+02,6.200000000000000000e+02
-2.787953567504882812e+01,1.447340698242187500e+02,6.200000000000000000e+02
-2.720554351806640625e+01,1.447340698242187500e+02,6.200000000000000000e+02
-2.653154754638671875e+01,1.447340698242187500e+02,6.200000000000000000e+02
-2.585755538940429688e+01,1.447340698242187500e+02,6.200000000000000000e+02
-2.518356323242187500e+01,1.447340698242187500e+02,6.200000000000000000e+02
-2.450957107543945312e+01,1.447340698242187500e+02,6.200000000000000000e+02
-2.383557891845703125e+01,1.447340698242187500e+02,6.200000000000000000e+02
-2.319894409179687500e+01,1.449675140380859375e+02,6.210000000000000000e+02
-2.252386474609375000e+01,1.449675140380859375e+02,6.210000000000000000e+02
-2.184878349304199219e+01,1.449675140380859375e+02,6.210000000000000000e+02
-2.117370414733886719e+01,1.449675140380859375e+02,6.210000000000000000e+02
-2.053163337707519531e+01,1.452009582519531250e+02,6.220000000000000000e+02
-1.985546684265136719e+01,1.452009582519531250e+02,6.220000000000000000e+02
-1.917930030822753906e+01,1.452009582519531250e+02,6.220000000000000000e+02
-1.850313377380371094e+01,1.452009582519531250e+02,6.220000000000000000e+02
-1.785562705993652344e+01,1.454344024658203125e+02,6.230000000000000000e+02
-1.717837333679199219e+01,1.454344024658203125e+02,6.230000000000000000e+02
-1.650111961364746094e+01,1.454344024658203125e+02,6.230000000000000000e+02
-1.582386589050292969e+01,1.454344024658203125e+02,6.230000000000000000e+02
-1.514661121368408203e+01,1.454344024658203125e+02,6.230000000000000000e+02
-1.446935749053955078e+01,1.454344024658203125e+02,6.230000000000000000e+02
-1.379210376739501953e+01,1.454344024658203125e+02,6.230000000000000000e+02
-1.311485004425048828e+01,1.454344024658203125e+02,6.230000000000000000e+02
-1.243759536743164062e+01,1.454344024658203125e+02,6.230000000000000000e+02
-1.176034164428710938e+01,1.454344024658203125e+02,6.230000000000000000e+02
-1.106529808044433594e+01,1.452009582519531250e+02,6.220000000000000000e+02
-1.038913154602050781e+01,1.452009582519531250e+02,6.220000000000000000e+02
-9.712965011596679688e+00,1.452009582519531250e+02,6.220000000000000000e+02
-9.022269248962402344e+00,1.449675140380859375e+02,6.210000000000000000e+02
-8.333747863769531250e+00,1.447340698242187500e+02,6.200000000000000000e+02
-7.659755229949951172e+00,1.447340698242187500e+02,6.200000000000000000e+02
-6.985762596130371094e+00,1.447340698242187500e+02,6.200000000000000000e+02
-6.311769962310791016e+00,1.447340698242187500e+02,6.200000000000000000e+02
-5.637776851654052734e+00,1.447340698242187500e+02,6.200000000000000000e+02
-4.963784694671630859e+00,1.447340698242187500e+02,6.200000000000000000e+02
-4.289792060852050781e+00,1.447340698242187500e+02,6.200000000000000000e+02
-3.609967470169067383e+00,1.445006256103515625e+02,6.190000000000000000e+02
-2.937062025070190430e+00,1.445006256103515625e+02,6.190000000000000000e+02
-2.264156341552734375e+00,1.445006256103515625e+02,6.190000000000000000e+02
-1.591250658035278320e+00,1.445006256103515625e+02,6.190000000000000000e+02
-9.183452129364013672e-01,1.445006256103515625e+02,6.190000000000000000e+02
-2.454396784305572510e-01,1.445006256103515625e+02,6.190000000000000000e+02
4.267753064632415771e-01,1.442671813964843750e+02,6.180000000000000000e+02
1.098593831062316895e+00,1.442671813964843750e+02,6.180000000000000000e+02
1.770412206649780273e+00,1.442671813964843750e+02,6.180000000000000000e+02
2.442230463027954102e+00,1.442671813964843750e+02,6.180000000000000000e+02
3.114049196243286133e+00,1.442671813964843750e+02,6.180000000000000000e+02
3.785867691040039062e+00,1.442671813964843750e+02,6.180000000000000000e+02
4.450473308563232422e+00,1.440337524414062500e+02,6.170000000000000000e+02
5.129504680633544922e+00,1.442671813964843750e+02,6.180000000000000000e+02
5.801322937011718750e+00,1.442671813964843750e+02,6.180000000000000000e+02
6.462667465209960938e+00,1.440337524414062500e+02,6.170000000000000000e+02
7.133398532867431641e+00,1.440337524414062500e+02,6.170000000000000000e+02
7.804130077362060547e+00,1.440337524414062500e+02,6.170000000000000000e+02
8.474861145019531250e+00,1.440337524414062500e+02,6.170000000000000000e+02
9.145592689514160156e+00,1.440337524414062500e+02,6.170000000000000000e+02
9.816324234008789062e+00,1.440337524414062500e+02,6.170000000000000000e+02
1.048705482482910156e+01,1.440337524414062500e+02,6.170000000000000000e+02
1.115778732299804688e+01,1.440337524414062500e+02,6.170000000000000000e+02
1.182851791381835938e+01,1.440337524414062500e+02,6.170000000000000000e+02
1.249924945831298828e+01,1.440337524414062500e+02,6.170000000000000000e+02
1.316998195648193359e+01,1.440337524414062500e+02,6.170000000000000000e+02
1.384071254730224609e+01,1.440337524414062500e+02,6.170000000000000000e+02
1.451144409179687500e+01,1.440337524414062500e+02,6.170000000000000000e+02
1.518217468261718750e+01,1.440337524414062500e+02,6.170000000000000000e+02
1.585290718078613281e+01,1.440337524414062500e+02,6.170000000000000000e+02
1.652363777160644531e+01,1.440337524414062500e+02,6.170000000000000000e+02
1.719436836242675781e+01,1.440337524414062500e+02,6.170000000000000000e+02
1.789405441284179688e+01,1.442671813964843750e+02,6.180000000000000000e+02
1.856587409973144531e+01,1.442671813964843750e+02,6.180000000000000000e+02
1.923769187927246094e+01,1.442671813964843750e+02,6.180000000000000000e+02
1.990951156616210938e+01,1.442671813964843750e+02,6.180000000000000000e+02
2.058132934570312500e+01,1.442671813964843750e+02,6.180000000000000000e+02
2.128753852844238281e+01,1.445006256103515625e+02,6.190000000000000000e+02
2.196044349670410156e+01,1.445006256103515625e+02,6.190000000000000000e+02
2.263334846496582031e+01,1.445006256103515625e+02,6.190000000000000000e+02
2.330625343322753906e+01,1.445006256103515625e+02,6.190000000000000000e+02
2.397916030883789062e+01,1.445006256103515625e+02,6.190000000000000000e+02
2.465206527709960938e+01,1.445006256103515625e+02,6.190000000000000000e+02
2.532497215270996094e+01,1.445006256103515625e+02,6.190000000000000000e+02
2.599787712097167969e+01,1.445006256103515625e+02,6.190000000000000000e+02
2.667078208923339844e+01,1.445006256103515625e+02,6.190000000000000000e+02
2.734368705749511719e+01,1.445006256103515625e+02,6.190000000000000000e+02
2.797133255004882812e+01,1.442671813964843750e+02,6.180000000000000000e+02
2.864315032958984375e+01,1.442671813964843750e+02,6.180000000000000000e+02
2.931496810913085938e+01,1.442671813964843750e+02,6.180000000000000000e+02
2.993826484680175781e+01,1.440337524414062500e+02,6.170000000000000000e+02
3.060899734497070312e+01,1.440337524414062500e+02,6.170000000000000000e+02
0.000000000000000000e+00,0.000000000000000000e+00,0.000000000000000000e+00
3.189867591857910156e+01,1.438003082275390625e+02,6.160000000000000000e+02
3.256832122802734375e+01,1.438003082275390625e+02,6.160000000000000000e+02
3.318400573730468750e+01,1.435668640136718750e+02,6.150000000000000000e+02
3.385256195068359375e+01,1.435668640136718750e+02,6.150000000000000000e+02
3.452112197875976562e+01,1.435668640136718750e+02,6.150000000000000000e+02
3.518967819213867188e+01,1.435668640136718750e+02,6.150000000000000000e+02
3.585823822021484375e+01,1.435668640136718750e+02,6.150000000000000000e+02
3.652679443359375000e+01,1.435668640136718750e+02,6.150000000000000000e+02
3.719535064697265625e+01,1.435668640136718750e+02,6.150000000000000000e+02
3.786390686035156250e+01,1.435668640136718750e+02,6.150000000000000000e+02
3.853246307373046875e+01,1.435668640136718750e+02,6.150000000000000000e+02
3.920101928710937500e+01,1.435668640136718750e+02,6.150000000000000000e+02
3.986957931518554688e+01,1.435668640136718750e+02,6.150000000000000000e+02
4.053813552856445312e+01,1.435668640136718750e+02,6.150000000000000000e+02
4.120669174194335938e+01,1.435668640136718750e+02,6.150000000000000000e+02
4.187524795532226562e+01,1.435668640136718750e+02,6.150000000000000000e+02
4.254380416870117188e+01,1.435668640136718750e+02,6.150000000000000000e+02
4.321236801147460938e+01,1.435668640136718750e+02,6.150000000000000000e+02
4.388092422485351562e+01,1.435668640136718750e+02,6.150000000000000000e+02
4.454948043823242188e+01,1.435668640136718750e+02,6.150000000000000000e+02
4.529156494140625000e+01,1.438003082275390625e+02,6.160000000000000000e+02
4.596120834350585938e+01,1.438003082275390625e+02,6.160000000000000000e+02
4.663085174560546875e+01,1.438003082275390625e+02,6.160000000000000000e+02
4.730049514770507812e+01,1.438003082275390625e+02,6.160000000000000000e+02
4.797013854980468750e+01,1.438003082275390625e+02,6.160000000000000000e+02
4.863978195190429688e+01,1.438003082275390625e+02,6.160000000000000000e+02
4.930942535400390625e+01,1.438003082275390625e+02,6.160000000000000000e+02
5.006020736694335938e+01,1.440337524414062500e+02,6.170000000000000000e+02
5.073093795776367188e+01,1.440337524414062500e+02,6.170000000000000000e+02
5.140166854858398438e+01,1.440337524414062500e+02,6.170000000000000000e+02
5.207239913940429688e+01,1.440337524414062500e+02,6.170000000000000000e+02
5.274312973022460938e+01,1.440337524414062500e+02,6.170000000000000000e+02
5.350043487548828125e+01,1.442671813964843750e+02,6.180000000000000000e+02
5.417225265502929688e+01,1.442671813964843750e+02,6.180000000000000000e+02
5.484407424926757812e+01,1.442671813964843750e+02,6.180000000000000000e+02
5.551589202880859375e+01,1.442671813964843750e+02,6.180000000000000000e+02
5.618770980834960938e+01,1.442671813964843750e+02,6.180000000000000000e+02
5.685952758789062500e+01,1.442671813964843750e+02,6.180000000000000000e+02
5.753134536743164062e+01,1.442671813964843750e+02,6.180000000000000000e+02
5.810898208618164062e+01,1.440337524414062500e+02,6.170000000000000000e+02
5.877971649169921875e+01,1.440337524414062500e+02,6.170000000000000000e+02
5.945044708251953125e+01,1.440337524414062500e+02,6.170000000000000000e+02
6.012117767333984375e+01,1.440337524414062500e+02,6.170000000000000000e+02
6.079190826416015625e+01,1.440337524414062500e+02,6.170000000000000000e+02
6.146263885498046875e+01,1.440337524414062500e+02,6.170000000000000000e+02
6.213336944580078125e+01,1.440337524414062500e+02,6.170000000000000000e+02
6.280410003662109375e+01,1.440337524414062500e+02,6.170000000000000000e+02
6.347483062744140625e+01,1.440337524414062500e+02,6.170000000000000000e+02
6.414556884765625000e+01,1.440337524414062500e+02,6.170000000000000000e+02
6.481629943847656250e+01,1.440337524414062500e+02,6.170000000000000000e+02
6.559317016601562500e+01,1.442671813964843750e+02,6.180000000000000000e+02
6.626498413085937500e+01,1.442671813964843750e+02,6.180000000000000000e+02
6.704511260986328125e+01,1.445006256103515625e+02,6.190000000000000000e+02
6.782742309570312500e+01,1.447340698242187500e+02,6.200000000000000000e+02
6.850141143798828125e+01,1.447340698242187500e+02,6.200000000000000000e+02
6.917540740966796875e+01,1.447340698242187500e+02,6.200000000000000000e+02
6.996205902099609375e+01,1.449675140380859375e+02,6.210000000000000000e+02
7.063713836669921875e+01,1.449675140380859375e+02,6.210000000000000000e+02
7.131221771240234375e+01,1.449675140380859375e+02,6.210000000000000000e+02
7.198729705810546875e+01,1.449675140380859375e+02,6.210000000000000000e+02
7.266237640380859375e+01,1.449675140380859375e+02,6.210000000000000000e+02
7.321936035156250000e+01,1.447340698242187500e+02,6.200000000000000000e+02
7.389334869384765625e+01,1.447340698242187500e+02,6.200000000000000000e+02
7.456735229492187500e+01,1.447340698242187500e+02,6.200000000000000000e+02
7.511998748779296875e+01,1.445006256103515625e+02,6.190000000000000000e+02
7.579289245605468750e+01,1.445006256103515625e+02,6.190000000000000000e+02
7.646579742431640625e+01,1.445006256103515625e+02,6.190000000000000000e+02
7.713870239257812500e+01,1.445006256103515625e+02,6.190000000000000000e+02
7.768589782714843750e+01,1.442671813964843750e+02,6.180000000000000000e+02
7.835771179199218750e+01,1.442671813964843750e+02,6.180000000000000000e+02
7.902953338623046875e+01,1.442671813964843750e+02,6.180000000000000000e+02
7.957239532470703125e+01,1.440337524414062500e+02,6.170000000000000000e+02
8.024312591552734375e+01,1.440337524414062500e+02,6.170000000000000000e+02
8.091385650634765625e+01,1.440337524414062500e+02,6.170000000000000000e+02
8.158458709716796875e+01,1.440337524414062500e+02,6.170000000000000000e+02
8.225531768798828125e+01,1.440337524414062500e+02,6.170000000000000000e+02
8.292604827880859375e+01,1.440337524414062500e+02,6.170000000000000000e+02
8.359677886962890625e+01,1.440337524414062500e+02,6.170000000000000000e+02
8.426750946044921875e+01,1.440337524414062500e+02,6.170000000000000000e+02
8.480057525634765625e+01,1.438003082275390625e+02,6.160000000000000000e+02
8.547022247314453125e+01,1.438003082275390625e+02,6.160000000000000000e+02
8.613986206054687500e+01,1.438003082275390625e+02,6.160000000000000000e+02
8.680950927734375000e+01,1.438003082275390625e+02,6.160000000000000000e+02
8.747915649414062500e+01,1.438003082275390625e+02,6.160000000000000000e+02
8.814879608154296875e+01,1.438003082275390625e+02,6.160000000000000000e+02
8.881844329833984375e+01,1.438003082275390625e+02,6.160000000000000000e+02
8.948808288574218750e+01,1.438003082275390625e+02,6.160000000000000000e+02
9.015773010253906250e+01,1.438003082275390625e+02,6.160000000000000000e+02
9.097482299804687500e+01,1.440337524414062500e+02,6.170000000000000000e+02
9.164555358886718750e+01,1.440337524414062500e+02,6.170000000000000000e+02
9.231628417968750000e+01,1.440337524414062500e+02,6.170000000000000000e+02
9.313771820068359375e+01,1.442671813964843750e+02,6.180000000000000000e+02
9.396133422851562500e+01,1.445006256103515625e+02,6.190000000000000000e+02
9.463423919677734375e+01,1.445006256103515625e+02,6.190000000000000000e+02
9.546111297607421875e+01,1.447340698242187500e+02,6.200000000000000000e+02
9.613510894775390625e+01,1.447340698242187500e+02,6.200000000000000000e+02
9.696524047851562500e+01,1.449675140380859375e+02,6.210000000000000000e+02
9.764031982421875000e+01,1.449675140380859375e+02,6.210000000000000000e+02
9.847372436523437500e+01,1.452009582519531250e+02,6.220000000000000000e+02
9.914988708496093750e+01,1.452009582519531250e+02,6.220000000000000000e+02
9.982605743408203125e+01,1.452009582519531250e+02,6.220000000000000000e+02
1.006638031005859375e+02,1.454344024658203125e+02,6.230000000000000000e+02
1.013410644531250000e+02,1.454344024658203125e+02,6.230000000000000000e+02
1.020183181762695312e+02,1.454344024658203125e+02,6.230000000000000000e+02
1.028604125976562500e+02,1.456678466796875000e+02,6.240000000000000000e+02
1.035387496948242188e+02,1.456678466796875000e+02,6.240000000000000000e+02
1.042170944213867188e+02,1.456678466796875000e+02,6.240000000000000000e+02
1.050635299682617188e+02,1.459012756347656250e+02,6.250000000000000000e+02
1.057429580688476562e+02,1.459012756347656250e+02,6.250000000000000000e+02
1.065926666259765625e+02,1.461347198486328125e+02,6.260000000000000000e+02
1.072731781005859375e+02,1.461347198486328125e+02,6.260000000000000000e+02
1.081261444091796875e+02,1.463681640625000000e+02,6.270000000000000000e+02
1.089812850952148438e+02,1.466016082763671875e+02,6.280000000000000000e+02
1.096639709472656250e+02,1.466016082763671875e+02,6.280000000000000000e+02
1.105223693847656250e+02,1.468350524902343750e+02,6.290000000000000000e+02
1.113829498291015625e+02,1.470684967041015625e+02,6.300000000000000000e+02
1.120678100585937500e+02,1.470684967041015625e+02,6.300000000000000000e+02
1.129316482543945312e+02,1.473019409179687500e+02,6.310000000000000000e+02
1.136175994873046875e+02,1.473019409179687500e+02,6.310000000000000000e+02
1.143035430908203125e+02,1.473019409179687500e+02,6.310000000000000000e+02
1.149894943237304688e+02,1.473019409179687500e+02,6.310000000000000000e+02
1.156754455566406250e+02,1.473019409179687500e+02,6.310000000000000000e+02
1.163613967895507812e+02,1.473019409179687500e+02,6.310000000000000000e+02
1.170473480224609375e+02,1.473019409179687500e+02,6.310000000000000000e+02
1.175467147827148438e+02,1.470684967041015625e+02,6.300000000000000000e+02
1.182315826416015625e+02,1.470684967041015625e+02,6.300000000000000000e+02
1.187276840209960938e+02,1.468350524902343750e+02,6.290000000000000000e+02
1.194114608764648438e+02,1.468350524902343750e+02,6.290000000000000000e+02
1.199043045043945312e+02,1.466016082763671875e+02,6.280000000000000000e+02
1.203949813842773438e+02,1.463681640625000000e+02,6.270000000000000000e+02
1.210765838623046875e+02,1.463681640625000000e+02,6.270000000000000000e+02
1.215639877319335938e+02,1.461347198486328125e+02,6.260000000000000000e+02
1.222445068359375000e+02,1.461347198486328125e+02,6.260000000000000000e+02
1.227286682128906250e+02,1.459012756347656250e+02,6.250000000000000000e+02
1.234080886840820312e+02,1.459012756347656250e+02,6.250000000000000000e+02
1.242860565185546875e+02,1.461347198486328125e+02,6.260000000000000000e+02
1.249665756225585938e+02,1.461347198486328125e+02,6.260000000000000000e+02
1.256470870971679688e+02,1.461347198486328125e+02,6.260000000000000000e+02
1.265294036865234375e+02,1.463681640625000000e+02,6.270000000000000000e+02
1.276167831420898438e+02,1.468350524902343750e+02,6.290000000000000000e+02
1.285045318603515625e+02,1.470684967041015625e+02,6.300000000000000000e+02
-8.665643310546875000e+01,1.456428833007812500e+02,6.210000000000000000e+02
-8.598135375976562500e+01,1.456428833007812500e+02,6.210000000000000000e+02
-8.544364166259765625e+01,1.458774108886718750e+02,6.220000000000000000e+02
-8.476747894287109375e+01,1.458774108886718750e+02,6.220000000000000000e+02
-8.409130859375000000e+01,1.458774108886718750e+02,6.220000000000000000e+02
-8.341514587402343750e+01,1.458774108886718750e+02,6.220000000000000000e+02
-8.273897552490234375e+01,1.458774108886718750e+02,6.220000000000000000e+02
-8.206281280517578125e+01,1.458774108886718750e+02,6.220000000000000000e+02
-0.000000000000000000e+00,0.000000000000000000e+00,0.000000000000000000e+00
-0.000000000000000000e+00,0.000000000000000000e+00,0.000000000000000000e+00
-0.000000000000000000e+00,0.000000000000000000e+00,0.000000000000000000e+00
-7.935814666748046875e+01,1.458774108886718750e+02,6.220000000000000000e+02
-7.868197631835937500e+01,1.458774108886718750e+02,6.220000000000000000e+02
-7.800581359863281250e+01,1.458774108886718750e+02,6.220000000000000000e+02
-7.745397186279296875e+01,1.461119384765625000e+02,6.230000000000000000e+02
-7.665348052978515625e+01,1.458774108886718750e+02,6.220000000000000000e+02
-7.609946441650390625e+01,1.461119384765625000e+02,6.230000000000000000e+02
-7.542221069335937500e+01,1.461119384765625000e+02,6.230000000000000000e+02
-7.474495697021484375e+01,1.461119384765625000e+02,6.230000000000000000e+02
-7.406770324707031250e+01,1.461119384765625000e+02,6.230000000000000000e+02
-7.327264404296875000e+01,1.458774108886718750e+02,6.220000000000000000e+02
-7.259648132324218750e+01,1.458774108886718750e+02,6.220000000000000000e+02
-7.192031097412109375e+01,1.458774108886718750e+02,6.220000000000000000e+02
-7.124414062500000000e+01,1.458774108886718750e+02,6.220000000000000000e+02
-7.068142700195312500e+01,1.461119384765625000e+02,6.230000000000000000e+02
-7.000417327880859375e+01,1.461119384765625000e+02,6.230000000000000000e+02
-6.932691955566406250e+01,1.461119384765625000e+02,6.230000000000000000e+02
-6.864966583251953125e+01,1.461119384765625000e+02,6.230000000000000000e+02
-6.797241210937500000e+01,1.461119384765625000e+02,6.230000000000000000e+02
-6.729515838623046875e+01,1.461119384765625000e+02,6.230000000000000000e+02
-6.672483825683593750e+01,1.463464660644531250e+02,6.240000000000000000e+02
-6.604649353027343750e+01,1.463464660644531250e+02,6.240000000000000000e+02
-6.536815643310546875e+01,1.463464660644531250e+02,6.240000000000000000e+02
-6.479348754882812500e+01,1.465809936523437500e+02,6.250000000000000000e+02
-6.411405944824218750e+01,1.465809936523437500e+02,6.250000000000000000e+02
-6.343463134765625000e+01,1.465809936523437500e+02,6.250000000000000000e+02
-6.275520324707031250e+01,1.465809936523437500e+02,6.250000000000000000e+02
-6.207577514648437500e+01,1.465809936523437500e+02,6.250000000000000000e+02
-6.139634323120117188e+01,1.465809936523437500e+02,6.250000000000000000e+02
-6.071691513061523438e+01,1.465809936523437500e+02,6.250000000000000000e+02
-6.003748703002929688e+01,1.465809936523437500e+02,6.250000000000000000e+02
-5.926308441162109375e+01,1.463464660644531250e+02,6.240000000000000000e+02
-5.858474349975585938e+01,1.463464660644531250e+02,6.240000000000000000e+02
-5.790640258789062500e+01,1.463464660644531250e+02,6.240000000000000000e+02
-5.722806549072265625e+01,1.463464660644531250e+02,6.240000000000000000e+02
-5.645909881591796875e+01,1.461119384765625000e+02,6.230000000000000000e+02
-5.578184509277343750e+01,1.461119384765625000e+02,6.230000000000000000e+02
-5.510459136962890625e+01,1.461119384765625000e+02,6.230000000000000000e+02
-5.442733764648437500e+01,1.461119384765625000e+02,6.230000000000000000e+02
-5.375008392333984375e+01,1.461119384765625000e+02,6.230000000000000000e+02
-5.298764038085937500e+01,1.458774108886718750e+02,6.220000000000000000e+02
-5.231147384643554688e+01,1.458774108886718750e+02,6.220000000000000000e+02
-5.163530731201171875e+01,1.458774108886718750e+02,6.220000000000000000e+02
-5.087721252441406250e+01,1.456428833007812500e+02,6.210000000000000000e+02
-5.020212936401367188e+01,1.456428833007812500e+02,6.210000000000000000e+02
-4.944729614257812500e+01,1.454083557128906250e+02,6.200000000000000000e+02
-4.877330398559570312e+01,1.454083557128906250e+02,6.200000000000000000e+02
-4.809931182861328125e+01,1.454083557128906250e+02,6.200000000000000000e+02
-4.734882736206054688e+01,1.451738281250000000e+02,6.190000000000000000e+02
-4.667592239379882812e+01,1.451738281250000000e+02,6.190000000000000000e+02
-4.600301742553710938e+01,1.451738281250000000e+02,6.190000000000000000e+02
-4.533011245727539062e+01,1.451738281250000000e+02,6.190000000000000000e+02
-4.458506393432617188e+01,1.449392852783203125e+02,6.180000000000000000e+02
-4.391324234008789062e+01,1.449392852783203125e+02,6.180000000000000000e+02
-4.324142456054687500e+01,1.449392852783203125e+02,6.180000000000000000e+02
-4.256960678100585938e+01,1.449392852783203125e+02,6.180000000000000000e+02
-4.189778900146484375e+01,1.449392852783203125e+02,6.180000000000000000e+02
-4.122597122192382812e+01,1.449392852783203125e+02,6.180000000000000000e+02
-4.055415344238281250e+01,1.449392852783203125e+02,6.180000000000000000e+02
-3.988233184814453125e+01,1.449392852783203125e+02,6.180000000000000000e+02
-3.921051406860351562e+01,1.449392852783203125e+02,6.180000000000000000e+02
-3.853869628906250000e+01,1.449392852783203125e+02,6.180000000000000000e+02
-3.792815017700195312e+01,1.451738281250000000e+02,6.190000000000000000e+02
-3.725524520874023438e+01,1.451738281250000000e+02,6.190000000000000000e+02
-3.652323913574218750e+01,1.449392852783203125e+02,6.180000000000000000e+02
-3.585142135620117188e+01,1.449392852783203125e+02,6.180000000000000000e+02
-3.517960357666015625e+01,1.449392852783203125e+02,6.180000000000000000e+02
-3.450778579711914062e+01,1.449392852783203125e+02,6.180000000000000000e+02
-3.389071655273437500e+01,1.451738281250000000e+02,6.190000000000000000e+02
-3.321781158447265625e+01,1.451738281250000000e+02,6.190000000000000000e+02
-3.254490661621093750e+01,1.451738281250000000e+02,6.190000000000000000e+02
-3.187199974060058594e+01,1.451738281250000000e+02,6.190000000000000000e+02
-3.119909477233886719e+01,1.451738281250000000e+02,6.190000000000000000e+02
-3.052618980407714844e+01,1.451738281250000000e+02,6.190000000000000000e+02
-2.985328292846679688e+01,1.451738281250000000e+02,6.190000000000000000e+02
-2.918037796020507812e+01,1.451738281250000000e+02,6.190000000000000000e+02
-2.850747299194335938e+01,1.451738281250000000e+02,6.190000000000000000e+02
-2.783456802368164062e+01,1.451738281250000000e+02,6.190000000000000000e+02
-2.720554351806640625e+01,1.454083557128906250e+02,6.200000000000000000e+02
-2.653154754638671875e+01,1.454083557128906250e+02,6.200000000000000000e+02
-2.585755538940429688e+01,1.454083557128906250e+02,6.200000000000000000e+02
-2.518356323242187500e+01,1.454083557128906250e+02,6.200000000000000000e+02
-2.450957107543945312e+01,1.454083557128906250e+02,6.200000000000000000e+02
-2.383557891845703125e+01,1.454083557128906250e+02,6.200000000000000000e+02
-2.316158676147460938e+01,1.454083557128906250e+02,6.200000000000000000e+02
-2.248759460449218750e+01,1.454083557128906250e+02,6.200000000000000000e+02
-2.181359863281250000e+01,1.454083557128906250e+02,6.200000000000000000e+02
-2.117370414733886719e+01,1.456428833007812500e+02,6.210000000000000000e+02
-2.049862289428710938e+01,1.456428833007812500e+02,6.210000000000000000e+02
-1.982354354858398438e+01,1.456428833007812500e+02,6.210000000000000000e+02
-1.917930030822753906e+01,1.458774108886718750e+02,6.220000000000000000e+02
-1.850313377380371094e+01,1.458774108886718750e+02,6.220000000000000000e+02
-1.782696533203125000e+01,1.458774108886718750e+02,6.220000000000000000e+02
-1.717837333679199219e+01,1.461119384765625000e+02,6.230000000000000000e+02
-1.650111961364746094e+01,1.461119384765625000e+02,6.230000000000000000e+02
-1.582386589050292969e+01,1.461119384765625000e+02,6.230000000000000000e+02
-1.514661121368408203e+01,1.461119384765625000e+02,6.230000000000000000e+02
-1.446935749053955078e+01,1.461119384765625000e+02,6.230000000000000000e+02
-1.376996517181396484e+01,1.458774108886718750e+02,6.220000000000000000e+02
-1.309379863739013672e+01,1.458774108886718750e+02,6.220000000000000000e+02
-1.241763114929199219e+01,1.458774108886718750e+02,6.220000000000000000e+02
-1.174146461486816406e+01,1.458774108886718750e+02,6.220000000000000000e+02
-1.106529808044433594e+01,1.458774108886718750e+02,6.220000000000000000e+02
-1.037242889404296875e+01,1.456428833007812500e+02,6.210000000000000000e+02
-9.681733131408691406e+00,1.454083557128906250e+02,6.200000000000000000e+02
-9.007740020751953125e+00,1.454083557128906250e+02,6.200000000000000000e+02
-8.320306777954101562e+00,1.451738281250000000e+02,6.190000000000000000e+02
-7.647400856018066406e+00,1.451738281250000000e+02,6.190000000000000000e+02
-6.974495410919189453e+00,1.451738281250000000e+02,6.190000000000000000e+02
-6.301589488983154297e+00,1.451738281250000000e+02,6.190000000000000000e+02
-5.628683567047119141e+00,1.451738281250000000e+02,6.190000000000000000e+02
-4.955778598785400391e+00,1.451738281250000000e+02,6.190000000000000000e+02
-4.275953769683837891e+00,1.449392852783203125e+02,6.180000000000000000e+02
-3.604135513305664062e+00,1.449392852783203125e+02,6.180000000000000000e+02
-2.932317018508911133e+00,1.449392852783203125e+02,6.180000000000000000e+02
-2.256840944290161133e+00,1.447047576904296875e+02,6.170000000000000000e+02
-1.586109399795532227e+00,1.447047576904296875e+02,6.170000000000000000e+02
-9.153780341148376465e-01,1.447047576904296875e+02,6.170000000000000000e+02
-2.446466535329818726e-01,1.447047576904296875e+02,6.170000000000000000e+02
4.260847270488739014e-01,1.447047576904296875e+02,6.170000000000000000e+02
1.096816182136535645e+00,1.447047576904296875e+02,6.170000000000000000e+02
1.767547488212585449e+00,1.447047576904296875e+02,6.170000000000000000e+02
2.438278675079345703e+00,1.447047576904296875e+02,6.170000000000000000e+02
3.109010457992553711e+00,1.447047576904296875e+02,6.170000000000000000e+02
3.779741764068603516e+00,1.447047576904296875e+02,6.170000000000000000e+02
4.443260192871093750e+00,1.444702301025390625e+02,6.160000000000000000e+02
5.112904548645019531e+00,1.444702301025390625e+02,6.160000000000000000e+02
5.782548427581787109e+00,1.444702301025390625e+02,6.160000000000000000e+02
6.452192783355712891e+00,1.444702301025390625e+02,6.160000000000000000e+02
7.121836662292480469e+00,1.444702301025390625e+02,6.160000000000000000e+02
7.791481494903564453e+00,1.444702301025390625e+02,6.160000000000000000e+02
8.461125373840332031e+00,1.444702301025390625e+02,6.160000000000000000e+02
9.130769729614257812e+00,1.444702301025390625e+02,6.160000000000000000e+02
9.800414085388183594e+00,1.444702301025390625e+02,6.160000000000000000e+02
1.047005844116210938e+01,1.444702301025390625e+02,6.160000000000000000e+02
1.113970279693603516e+01,1.444702301025390625e+02,6.160000000000000000e+02
1.180934715270996094e+01,1.444702301025390625e+02,6.160000000000000000e+02
1.247899150848388672e+01,1.444702301025390625e+02,6.160000000000000000e+02
1.314863586425781250e+01,1.444702301025390625e+02,6.160000000000000000e+02
1.381828022003173828e+01,1.444702301025390625e+02,6.160000000000000000e+02
1.448792457580566406e+01,1.444702301025390625e+02,6.160000000000000000e+02
1.515756797790527344e+01,1.444702301025390625e+02,6.160000000000000000e+02
1.582721328735351562e+01,1.444702301025390625e+02,6.160000000000000000e+02
1.649685668945312500e+01,1.444702301025390625e+02,6.160000000000000000e+02
1.716650199890136719e+01,1.444702301025390625e+02,6.160000000000000000e+02
1.783614540100097656e+01,1.444702301025390625e+02,6.160000000000000000e+02
1.853583335876464844e+01,1.447047576904296875e+02,6.170000000000000000e+02
1.920656394958496094e+01,1.447047576904296875e+02,6.170000000000000000e+02
1.987729644775390625e+01,1.447047576904296875e+02,6.170000000000000000e+02
2.054802703857421875e+01,1.447047576904296875e+02,6.170000000000000000e+02
2.125314903259277344e+01,1.449392852783203125e+02,6.180000000000000000e+02
2.192496681213378906e+01,1.449392852783203125e+02,6.180000000000000000e+02
2.259678459167480469e+01,1.449392852783203125e+02,6.180000000000000000e+02
2.326860237121582031e+01,1.449392852783203125e+02,6.180000000000000000e+02
2.394042015075683594e+01,1.449392852783203125e+02,6.180000000000000000e+02
2.461223983764648438e+01,1.449392852783203125e+02,6.180000000000000000e+02
2.528405952453613281e+01,1.449392852783203125e+02,6.180000000000000000e+02
2.591387748718261719e+01,1.447047576904296875e+02,6.170000000000000000e+02
2.658460807800292969e+01,1.447047576904296875e+02,6.170000000000000000e+02
2.725534057617187500e+01,1.447047576904296875e+02,6.170000000000000000e+02
2.788080978393554688e+01,1.444702301025390625e+02,6.160000000000000000e+02
2.855045318603515625e+01,1.444702301025390625e+02,6.160000000000000000e+02
2.922009849548339844e+01,1.444702301025390625e+02,6.160000000000000000e+02
2.988974189758300781e+01,1.444702301025390625e+02,6.160000000000000000e+02
3.055938911437988281e+01,1.444702301025390625e+02,6.160000000000000000e+02
3.122903251647949219e+01,1.444702301025390625e+02,6.160000000000000000e+02
3.184689331054687500e+01,1.442357025146484375e+02,6.150000000000000000e+02
3.251544952392578125e+01,1.442357025146484375e+02,6.150000000000000000e+02
3.318400573730468750e+01,1.442357025146484375e+02,6.150000000000000000e+02
3.385256195068359375e+01,1.442357025146484375e+02,6.150000000000000000e+02
3.452112197875976562e+01,1.442357025146484375e+02,6.150000000000000000e+02
3.518967819213867188e+01,1.442357025146484375e+02,6.150000000000000000e+02
3.585823822021484375e+01,1.442357025146484375e+02,6.150000000000000000e+02
3.652679443359375000e+01,1.442357025146484375e+02,6.150000000000000000e+02
3.719535064697265625e+01,1.442357025146484375e+02,6.150000000000000000e+02
3.786390686035156250e+01,1.442357025146484375e+02,6.150000000000000000e+02
3.853246307373046875e+01,1.442357025146484375e+02,6.150000000000000000e+02
3.920101928710937500e+01,1.442357025146484375e+02,6.150000000000000000e+02
3.986957931518554688e+01,1.442357025146484375e+02,6.150000000000000000e+02
4.053813552856445312e+01,1.442357025146484375e+02,6.150000000000000000e+02
4.120669174194335938e+01,1.442357025146484375e+02,6.150000000000000000e+02
4.187524795532226562e+01,1.442357025146484375e+02,6.150000000000000000e+02
4.254380416870117188e+01,1.442357025146484375e+02,6.150000000000000000e+02
4.321236801147460938e+01,1.442357025146484375e+02,6.150000000000000000e+02
4.388092422485351562e+01,1.442357025146484375e+02,6.150000000000000000e+02
4.454948043823242188e+01,1.442357025146484375e+02,6.150000000000000000e+02
4.521803665161132812e+01,1.442357025146484375e+02,6.150000000000000000e+02
4.588659667968750000e+01,1.442357025146484375e+02,6.150000000000000000e+02
4.663085174560546875e+01,1.444702301025390625e+02,6.160000000000000000e+02
4.730049514770507812e+01,1.444702301025390625e+02,6.160000000000000000e+02
4.797013854980468750e+01,1.444702301025390625e+02,6.160000000000000000e+02
4.863978195190429688e+01,1.444702301025390625e+02,6.160000000000000000e+02
4.930942535400390625e+01,1.444702301025390625e+02,6.160000000000000000e+02
4.997907257080078125e+01,1.444702301025390625e+02,6.160000000000000000e+02
5.064871597290039062e+01,1.444702301025390625e+02,6.160000000000000000e+02
5.131835937500000000e+01,1.444702301025390625e+02,6.160000000000000000e+02
5.198800277709960938e+01,1.444702301025390625e+02,6.160000000000000000e+02
5.274312973022460938e+01,1.447047576904296875e+02,6.170000000000000000e+02
5.341386413574218750e+01,1.447047576904296875e+02,6.170000000000000000e+02
5.408459854125976562e+01,1.447047576904296875e+02,6.170000000000000000e+02
5.475532913208007812e+01,1.447047576904296875e+02,6.170000000000000000e+02
5.542605972290039062e+01,1.447047576904296875e+02,6.170000000000000000e+02
5.609679031372070312e+01,1.447047576904296875e+02,6.170000000000000000e+02
5.676752090454101562e+01,1.447047576904296875e+02,6.170000000000000000e+02
5.734516143798828125e+01,1.444702301025390625e+02,6.160000000000000000e+02
5.801480484008789062e+01,1.444702301025390625e+02,6.160000000000000000e+02
5.868444824218750000e+01,1.444702301025390625e+02,6.160000000000000000e+02
5.935409164428710938e+01,1.444702301025390625e+02,6.160000000000000000e+02
6.002373504638671875e+01,1.444702301025390625e+02,6.160000000000000000e+02
6.069337844848632812e+01,1.444702301025390625e+02,6.160000000000000000e+02
6.136302185058593750e+01,1.444702301025390625e+02,6.160000000000000000e+02
6.203266906738281250e+01,1.444702301025390625e+02,6.160000000000000000e+02
6.270231246948242188e+01,1.444702301025390625e+02,6.160000000000000000e+02
6.347483062744140625e+01,1.447047576904296875e+02,6.170000000000000000e+02
6.414556884765625000e+01,1.447047576904296875e+02,6.170000000000000000e+02
6.481629943847656250e+01,1.447047576904296875e+02,6.170000000000000000e+02
6.559317016601562500e+01,1.449392852783203125e+02,6.180000000000000000e+02
6.626498413085937500e+01,1.449392852783203125e+02,6.180000000000000000e+02
6.704511260986328125e+01,1.451738281250000000e+02,6.190000000000000000e+02
6.771802520751953125e+01,1.451738281250000000e+02,6.190000000000000000e+02
6.850141143798828125e+01,1.454083557128906250e+02,6.200000000000000000e+02
6.917540740966796875e+01,1.454083557128906250e+02,6.200000000000000000e+02
6.984939575195312500e+01,1.454083557128906250e+02,6.200000000000000000e+02
7.063713836669921875e+01,1.456428833007812500e+02,6.210000000000000000e+02
7.131221771240234375e+01,1.456428833007812500e+02,6.210000000000000000e+02
7.198729705810546875e+01,1.456428833007812500e+02,6.210000000000000000e+02
7.266237640380859375e+01,1.456428833007812500e+02,6.210000000000000000e+02
7.321936035156250000e+01,1.454083557128906250e+02,6.200000000000000000e+02
7.389334869384765625e+01,1.454083557128906250e+02,6.200000000000000000e+02
7.456735229492187500e+01,1.454083557128906250e+02,6.200000000000000000e+02
7.511998748779296875e+01,1.451738281250000000e+02,6.190000000000000000e+02
7.579289245605468750e+01,1.451738281250000000e+02,6.190000000000000000e+02
7.646579742431640625e+01,1.451738281250000000e+02,6.190000000000000000e+02
7.713870239257812500e+01,1.451738281250000000e+02,6.190000000000000000e+02
7.781159973144531250e+01,1.451738281250000000e+02,6.190000000000000000e+02
7.835771179199218750e+01,1.449392852783203125e+02,6.180000000000000000e+02
7.902953338623046875e+01,1.449392852783203125e+02,6.180000000000000000e+02
7.970135498046875000e+01,1.449392852783203125e+02,6.180000000000000000e+02
8.037317657470703125e+01,1.449392852783203125e+02,6.180000000000000000e+02
8.104499816894531250e+01,1.449392852783203125e+02,6.180000000000000000e+02
8.158458709716796875e+01,1.447047576904296875e+02,6.170000000000000000e+02
8.225531768798828125e+01,1.447047576904296875e+02,6.170000000000000000e+02
8.292604827880859375e+01,1.447047576904296875e+02,6.170000000000000000e+02
8.359677886962890625e+01,1.447047576904296875e+02,6.170000000000000000e+02
8.426750946044921875e+01,1.447047576904296875e+02,6.170000000000000000e+02
8.493824005126953125e+01,1.447047576904296875e+02,6.170000000000000000e+02
8.560897064208984375e+01,1.447047576904296875e+02,6.170000000000000000e+02
8.627970123291015625e+01,1.447047576904296875e+02,6.170000000000000000e+02
8.695043182373046875e+01,1.447047576904296875e+02,6.170000000000000000e+02
8.762116241455078125e+01,1.447047576904296875e+02,6.170000000000000000e+02
8.829189300537109375e+01,1.447047576904296875e+02,6.170000000000000000e+02
8.896262359619140625e+01,1.447047576904296875e+02,6.170000000000000000e+02
8.963336181640625000e+01,1.447047576904296875e+02,6.170000000000000000e+02
9.045044708251953125e+01,1.449392852783203125e+02,6.180000000000000000e+02
9.112226867675781250e+01,1.449392852783203125e+02,6.180000000000000000e+02
9.179408264160156250e+01,1.449392852783203125e+02,6.180000000000000000e+02
9.261552429199218750e+01,1.451738281250000000e+02,6.190000000000000000e+02
9.328842926025390625e+01,1.451738281250000000e+02,6.190000000000000000e+02
9.411312866210937500e+01,1.454083557128906250e+02,6.200000000000000000e+02
9.494000244140625000e+01,1.456428833007812500e+02,6.210000000000000000e+02
9.561508178710937500e+01,1.456428833007812500e+02,6.210000000000000000e+02
9.644522094726562500e+01,1.458774108886718750e+02,6.220000000000000000e+02
9.712139129638671875e+01,1.458774108886718750e+02,6.220000000000000000e+02
9.795478820800781250e+01,1.461119384765625000e+02,6.230000000000000000e+02
9.863204193115234375e+01,1.461119384765625000e+02,6.230000000000000000e+02
9.946869659423828125e+01,1.463464660644531250e+02,6.240000000000000000e+02
1.001470413208007812e+02,1.463464660644531250e+02,6.240000000000000000e+02
1.008253784179687500e+02,1.463464660644531250e+02,6.240000000000000000e+02
1.015037307739257812e+02,1.463464660644531250e+02,6.240000000000000000e+02
1.021820678710937500e+02,1.463464660644531250e+02,6.240000000000000000e+02
1.030252532958984375e+02,1.465809936523437500e+02,6.250000000000000000e+02
1.037046813964843750e+02,1.465809936523437500e+02,6.250000000000000000e+02
1.043841018676757812e+02,1.465809936523437500e+02,6.250000000000000000e+02
1.052316360473632812e+02,1.468155364990234375e+02,6.260000000000000000e+02
1.059121475219726562e+02,1.468155364990234375e+02,6.260000000000000000e+02
1.065926666259765625e+02,1.468155364990234375e+02,6.260000000000000000e+02
1.074445419311523438e+02,1.470500640869140625e+02,6.270000000000000000e+02
1.081261444091796875e+02,1.470500640869140625e+02,6.270000000000000000e+02
1.089812850952148438e+02,1.472845916748046875e+02,6.280000000000000000e+02
1.098386001586914062e+02,1.475191192626953125e+02,6.290000000000000000e+02
1.105223693847656250e+02,1.475191192626953125e+02,6.290000000000000000e+02
1.113829498291015625e+02,1.477536468505859375e+02,6.300000000000000000e+02
1.120678100585937500e+02,1.477536468505859375e+02,6.300000000000000000e+02
1.129316482543945312e+02,1.479881744384765625e+02,6.310000000000000000e+02
1.136175994873046875e+02,1.479881744384765625e+02,6.310000000000000000e+02
1.144846954345703125e+02,1.482227020263671875e+02,6.320000000000000000e+02
1.151717300415039062e+02,1.482227020263671875e+02,6.320000000000000000e+02
1.158587646484375000e+02,1.482227020263671875e+02,6.320000000000000000e+02
1.163613967895507812e+02,1.479881744384765625e+02,6.310000000000000000e+02
1.170473480224609375e+02,1.479881744384765625e+02,6.310000000000000000e+02
1.175467147827148438e+02,1.477536468505859375e+02,6.300000000000000000e+02
1.182315826416015625e+02,1.477536468505859375e+02,6.300000000000000000e+02
1.187276840209960938e+02,1.475191192626953125e+02,6.290000000000000000e+02
1.194114608764648438e+02,1.475191192626953125e+02,6.290000000000000000e+02
1.199043045043945312e+02,1.472845916748046875e+02,6.280000000000000000e+02
1.203949813842773438e+02,1.470500640869140625e+02,6.270000000000000000e+02
1.208834762573242188e+02,1.468155364990234375e+02,6.260000000000000000e+02
1.215639877319335938e+02,1.468155364990234375e+02,6.260000000000000000e+02
1.220492248535156250e+02,1.465809936523437500e+02,6.250000000000000000e+02
1.227286682128906250e+02,1.465809936523437500e+02,6.250000000000000000e+02
1.234080886840820312e+02,1.465809936523437500e+02,6.250000000000000000e+02
1.240875167846679688e+02,1.465809936523437500e+02,6.250000000000000000e+02
1.247669448852539062e+02,1.465809936523437500e+02,6.250000000000000000e+02
1.254463729858398438e+02,1.465809936523437500e+02,6.250000000000000000e+02
1.263276062011718750e+02,1.468155364990234375e+02,6.260000000000000000e+02
1.272110061645507812e+02,1.470500640869140625e+02,6.270000000000000000e+02
1.283005676269531250e+02,1.475191192626953125e+02,6.290000000000000000e+02
-8.665643310546875000e+01,1.463182373046875000e+02,6.210000000000000000e+02
-8.598135375976562500e+01,1.463182373046875000e+02,6.210000000000000000e+02
-8.544364166259765625e+01,1.465538482666015625e+02,6.220000000000000000e+02
-8.476747894287109375e+01,1.465538482666015625e+02,6.220000000000000000e+02
-8.409130859375000000e+01,1.465538482666015625e+02,6.220000000000000000e+02
-8.341514587402343750e+01,1.465538482666015625e+02,6.220000000000000000e+02
-8.273897552490234375e+01,1.465538482666015625e+02,6.220000000000000000e+02
-8.206281280517578125e+01,1.465538482666015625e+02,6.220000000000000000e+02
-8.138664245605468750e+01,1.465538482666015625e+02,6.220000000000000000e+02
-8.071047973632812500e+01,1.465538482666015625e+02,6.220000000000000000e+02
-8.003430938720703125e+01,1.465538482666015625e+02,6.220000000000000000e+02
-7.923056030273437500e+01,1.463182373046875000e+02,6.210000000000000000e+02
-7.868197631835937500e+01,1.465538482666015625e+02,6.220000000000000000e+02
-7.800581359863281250e+01,1.465538482666015625e+02,6.220000000000000000e+02
-7.732964324951171875e+01,1.465538482666015625e+02,6.220000000000000000e+02
-7.653024291992187500e+01,1.463182373046875000e+02,6.210000000000000000e+02
-7.597731018066406250e+01,1.465538482666015625e+02,6.220000000000000000e+02
-7.530114746093750000e+01,1.465538482666015625e+02,6.220000000000000000e+02
-7.462497711181640625e+01,1.465538482666015625e+02,6.220000000000000000e+02
-7.394881439208984375e+01,1.465538482666015625e+02,6.220000000000000000e+02
-7.315484619140625000e+01,1.463182373046875000e+02,6.210000000000000000e+02
-7.247976684570312500e+01,1.463182373046875000e+02,6.210000000000000000e+02
-7.180468750000000000e+01,1.463182373046875000e+02,6.210000000000000000e+02
-7.112960052490234375e+01,1.463182373046875000e+02,6.210000000000000000e+02
-7.045452117919921875e+01,1.463182373046875000e+02,6.210000000000000000e+02
-6.989180755615234375e+01,1.465538482666015625e+02,6.220000000000000000e+02
-6.921564483642578125e+01,1.465538482666015625e+02,6.220000000000000000e+02
-6.853947448730468750e+01,1.465538482666015625e+02,6.220000000000000000e+02
-6.786331176757812500e+01,1.465538482666015625e+02,6.220000000000000000e+02
-6.718714141845703125e+01,1.465538482666015625e+02,6.220000000000000000e+02
-6.661790466308593750e+01,1.467894744873046875e+02,6.230000000000000000e+02
-6.604649353027343750e+01,1.470250854492187500e+02,6.240000000000000000e+02
-6.536815643310546875e+01,1.470250854492187500e+02,6.240000000000000000e+02
-6.468981933593750000e+01,1.470250854492187500e+02,6.240000000000000000e+02
-6.411405944824218750e+01,1.472607116699218750e+02,6.250000000000000000e+02
-6.343463134765625000e+01,1.472607116699218750e+02,6.250000000000000000e+02
-6.275520324707031250e+01,1.472607116699218750e+02,6.250000000000000000e+02
-6.207577514648437500e+01,1.472607116699218750e+02,6.250000000000000000e+02
-6.139634323120117188e+01,1.472607116699218750e+02,6.250000000000000000e+02
-6.071691513061523438e+01,1.472607116699218750e+02,6.250000000000000000e+02
-6.003748703002929688e+01,1.472607116699218750e+02,6.250000000000000000e+02
-5.926308441162109375e+01,1.470250854492187500e+02,6.240000000000000000e+02
-5.858474349975585938e+01,1.470250854492187500e+02,6.240000000000000000e+02
-5.790640258789062500e+01,1.470250854492187500e+02,6.240000000000000000e+02
-5.713635253906250000e+01,1.467894744873046875e+02,6.230000000000000000e+02
-5.645909881591796875e+01,1.467894744873046875e+02,6.230000000000000000e+02
-5.578184509277343750e+01,1.467894744873046875e+02,6.230000000000000000e+02
-5.501613998413085938e+01,1.465538482666015625e+02,6.220000000000000000e+02
-5.433997344970703125e+01,1.465538482666015625e+02,6.220000000000000000e+02
-5.366380691528320312e+01,1.465538482666015625e+02,6.220000000000000000e+02
-5.298764038085937500e+01,1.465538482666015625e+02,6.220000000000000000e+02
-5.222737121582031250e+01,1.463182373046875000e+02,6.210000000000000000e+02
-5.155229187011718750e+01,1.463182373046875000e+02,6.210000000000000000e+02
-5.079528427124023438e+01,1.460826263427734375e+02,6.200000000000000000e+02
-5.012128829956054688e+01,1.460826263427734375e+02,6.200000000000000000e+02
-4.944729614257812500e+01,1.460826263427734375e+02,6.200000000000000000e+02
-4.869463729858398438e+01,1.458470001220703125e+02,6.190000000000000000e+02
-4.802173233032226562e+01,1.458470001220703125e+02,6.190000000000000000e+02
-4.734882736206054688e+01,1.458470001220703125e+02,6.190000000000000000e+02
-4.660051727294921875e+01,1.456113891601562500e+02,6.180000000000000000e+02
-4.592869949340820312e+01,1.456113891601562500e+02,6.180000000000000000e+02
-4.525688171386718750e+01,1.456113891601562500e+02,6.180000000000000000e+02
-4.458506393432617188e+01,1.456113891601562500e+02,6.180000000000000000e+02
-4.391324234008789062e+01,1.456113891601562500e+02,6.180000000000000000e+02
-4.324142456054687500e+01,1.456113891601562500e+02,6.180000000000000000e+02
-4.256960678100585938e+01,1.456113891601562500e+02,6.180000000000000000e+02
-4.189778900146484375e+01,1.456113891601562500e+02,6.180000000000000000e+02
-4.122597122192382812e+01,1.456113891601562500e+02,6.180000000000000000e+02
-4.055415344238281250e+01,1.456113891601562500e+02,6.180000000000000000e+02
-3.988233184814453125e+01,1.456113891601562500e+02,6.180000000000000000e+02
-3.921051406860351562e+01,1.456113891601562500e+02,6.180000000000000000e+02
-3.853869628906250000e+01,1.456113891601562500e+02,6.180000000000000000e+02
-3.786687850952148438e+01,1.456113891601562500e+02,6.180000000000000000e+02
-3.719505691528320312e+01,1.456113891601562500e+02,6.180000000000000000e+02
-3.652323913574218750e+01,1.456113891601562500e+02,6.180000000000000000e+02
-3.585142135620117188e+01,1.456113891601562500e+02,6.180000000000000000e+02
-3.517960357666015625e+01,1.456113891601562500e+02,6.180000000000000000e+02
-3.450778579711914062e+01,1.456113891601562500e+02,6.180000000000000000e+02
-3.383596801757812500e+01,1.456113891601562500e+02,6.180000000000000000e+02
-3.316415023803710938e+01,1.456113891601562500e+02,6.180000000000000000e+02
-3.249232864379882812e+01,1.456113891601562500e+02,6.180000000000000000e+02
-3.182051086425781250e+01,1.456113891601562500e+02,6.180000000000000000e+02
-3.114869117736816406e+01,1.456113891601562500e+02,6.180000000000000000e+02
-3.052618980407714844e+01,1.458470001220703125e+02,6.190000000000000000e+02
-2.980505561828613281e+01,1.456113891601562500e+02,6.180000000000000000e+02
-2.913323783874511719e+01,1.456113891601562500e+02,6.180000000000000000e+02
-2.850747299194335938e+01,1.458470001220703125e+02,6.190000000000000000e+02
-2.783456802368164062e+01,1.458470001220703125e+02,6.190000000000000000e+02
-2.716166305541992188e+01,1.458470001220703125e+02,6.190000000000000000e+02
-2.648875617980957031e+01,1.458470001220703125e+02,6.190000000000000000e+02
-2.581584930419921875e+01,1.458470001220703125e+02,6.190000000000000000e+02
-2.514294433593750000e+01,1.458470001220703125e+02,6.190000000000000000e+02
-2.447003936767578125e+01,1.458470001220703125e+02,6.190000000000000000e+02
-2.379713439941406250e+01,1.458470001220703125e+02,6.190000000000000000e+02
-2.316158676147460938e+01,1.460826263427734375e+02,6.200000000000000000e+02
-2.248759460449218750e+01,1.460826263427734375e+02,6.200000000000000000e+02
-2.181359863281250000e+01,1.460826263427734375e+02,6.200000000000000000e+02
-2.117370414733886719e+01,1.463182373046875000e+02,6.210000000000000000e+02
-2.049862289428710938e+01,1.463182373046875000e+02,6.210000000000000000e+02
-1.982354354858398438e+01,1.463182373046875000e+02,6.210000000000000000e+02
-1.914846420288085938e+01,1.463182373046875000e+02,6.210000000000000000e+02
-1.850313377380371094e+01,1.465538482666015625e+02,6.220000000000000000e+02
-1.782696533203125000e+01,1.465538482666015625e+02,6.220000000000000000e+02
-1.715079879760742188e+01,1.465538482666015625e+02,6.220000000000000000e+02
-1.650111961364746094e+01,1.467894744873046875e+02,6.230000000000000000e+02
-1.582386589050292969e+01,1.467894744873046875e+02,6.230000000000000000e+02
-1.512229824066162109e+01,1.465538482666015625e+02,6.220000000000000000e+02
-1.444613170623779297e+01,1.465538482666015625e+02,6.220000000000000000e+02
-1.376996517181396484e+01,1.465538482666015625e+02,6.220000000000000000e+02
-1.309379863739013672e+01,1.465538482666015625e+02,6.220000000000000000e+02
-1.241763114929199219e+01,1.465538482666015625e+02,6.220000000000000000e+02
-1.172258758544921875e+01,1.463182373046875000e+02,6.210000000000000000e+02
-1.104750823974609375e+01,1.463182373046875000e+02,6.210000000000000000e+02
-1.035572624206542969e+01,1.460826263427734375e+02,6.200000000000000000e+02
-9.666117668151855469e+00,1.458470001220703125e+02,6.190000000000000000e+02
-8.993211746215820312e+00,1.458470001220703125e+02,6.190000000000000000e+02
-8.320306777954101562e+00,1.458470001220703125e+02,6.190000000000000000e+02
-7.635046482086181641e+00,1.456113891601562500e+02,6.180000000000000000e+02
-6.963228225708007812e+00,1.456113891601562500e+02,6.180000000000000000e+02
-6.291409492492675781e+00,1.456113891601562500e+02,6.180000000000000000e+02
-5.610497474670410156e+00,1.453757629394531250e+02,6.170000000000000000e+02
-4.939766407012939453e+00,1.453757629394531250e+02,6.170000000000000000e+02
-4.269034862518310547e+00,1.453757629394531250e+02,6.170000000000000000e+02
-3.592471599578857422e+00,1.451401519775390625e+02,6.160000000000000000e+02
-2.922827482223510742e+00,1.451401519775390625e+02,6.160000000000000000e+02
-2.253183126449584961e+00,1.451401519775390625e+02,6.160000000000000000e+02
-1.583538651466369629e+00,1.451401519775390625e+02,6.160000000000000000e+02
-9.124108552932739258e-01,1.449045410156250000e+02,6.150000000000000000e+02
-2.438536286354064941e-01,1.449045410156250000e+02,6.150000000000000000e+02
4.247035980224609375e-01,1.449045410156250000e+02,6.150000000000000000e+02
1.093260765075683594e+00,1.449045410156250000e+02,6.150000000000000000e+02
1.761818051338195801e+00,1.449045410156250000e+02,6.150000000000000000e+02
2.430375099182128906e+00,1.449045410156250000e+02,6.150000000000000000e+02
3.098932504653930664e+00,1.449045410156250000e+02,6.150000000000000000e+02
3.767489671707153320e+00,1.449045410156250000e+02,6.150000000000000000e+02
4.436047077178955078e+00,1.449045410156250000e+02,6.150000000000000000e+02
5.104604244232177734e+00,1.449045410156250000e+02,6.150000000000000000e+02
5.773160934448242188e+00,1.449045410156250000e+02,6.150000000000000000e+02
6.441718578338623047e+00,1.449045410156250000e+02,6.150000000000000000e+02
7.110275268554687500e+00,1.449045410156250000e+02,6.150000000000000000e+02
7.778832912445068359e+00,1.449045410156250000e+02,6.150000000000000000e+02
8.447389602661132812e+00,1.449045410156250000e+02,6.150000000000000000e+02
9.115947723388671875e+00,1.449045410156250000e+02,6.150000000000000000e+02
9.784503936767578125e+00,1.449045410156250000e+02,6.150000000000000000e+02
1.045306110382080078e+01,1.449045410156250000e+02,6.150000000000000000e+02
1.112161922454833984e+01,1.449045410156250000e+02,6.150000000000000000e+02
1.179017639160156250e+01,1.449045410156250000e+02,6.150000000000000000e+02
1.245873260498046875e+01,1.449045410156250000e+02,6.150000000000000000e+02
1.312729072570800781e+01,1.449045410156250000e+02,6.150000000000000000e+02
1.379584789276123047e+01,1.449045410156250000e+02,6.150000000000000000e+02
1.446440505981445312e+01,1.449045410156250000e+02,6.150000000000000000e+02
1.513296222686767578e+01,1.449045410156250000e+02,6.150000000000000000e+02
1.580152034759521484e+01,1.449045410156250000e+02,6.150000000000000000e+02
1.647007751464843750e+01,1.449045410156250000e+02,6.150000000000000000e+02
1.716650199890136719e+01,1.451401519775390625e+02,6.160000000000000000e+02
1.783614540100097656e+01,1.451401519775390625e+02,6.160000000000000000e+02
1.850579071044921875e+01,1.451401519775390625e+02,6.160000000000000000e+02
1.917543411254882812e+01,1.451401519775390625e+02,6.160000000000000000e+02
1.984507942199707031e+01,1.451401519775390625e+02,6.160000000000000000e+02
2.051472282409667969e+01,1.451401519775390625e+02,6.160000000000000000e+02
2.118436813354492188e+01,1.451401519775390625e+02,6.160000000000000000e+02
2.185401153564453125e+01,1.451401519775390625e+02,6.160000000000000000e+02
2.252365493774414062e+01,1.451401519775390625e+02,6.160000000000000000e+02
2.319330024719238281e+01,1.451401519775390625e+02,6.160000000000000000e+02
2.386294364929199219e+01,1.451401519775390625e+02,6.160000000000000000e+02
2.453258705139160156e+01,1.451401519775390625e+02,6.160000000000000000e+02
2.520223426818847656e+01,1.451401519775390625e+02,6.160000000000000000e+02
2.587187767028808594e+01,1.451401519775390625e+02,6.160000000000000000e+02
2.654152297973632812e+01,1.451401519775390625e+02,6.160000000000000000e+02
2.721116638183593750e+01,1.451401519775390625e+02,6.160000000000000000e+02
2.788080978393554688e+01,1.451401519775390625e+02,6.160000000000000000e+02
2.855045318603515625e+01,1.451401519775390625e+02,6.160000000000000000e+02
2.922009849548339844e+01,1.451401519775390625e+02,6.160000000000000000e+02
2.984121894836425781e+01,1.449045410156250000e+02,6.150000000000000000e+02
3.050977897644042969e+01,1.449045410156250000e+02,6.150000000000000000e+02
3.117833518981933594e+01,1.449045410156250000e+02,6.150000000000000000e+02
3.184689331054687500e+01,1.449045410156250000e+02,6.150000000000000000e+02
3.251544952392578125e+01,1.449045410156250000e+02,6.150000000000000000e+02
3.318400573730468750e+01,1.449045410156250000e+02,6.150000000000000000e+02
3.379751968383789062e+01,1.446689147949218750e+02,6.140000000000000000e+02
3.446498870849609375e+01,1.446689147949218750e+02,6.140000000000000000e+02
3.513246154785156250e+01,1.446689147949218750e+02,6.140000000000000000e+02
3.579993057250976562e+01,1.446689147949218750e+02,6.140000000000000000e+02
3.646739959716796875e+01,1.446689147949218750e+02,6.140000000000000000e+02
3.713486862182617188e+01,1.446689147949218750e+02,6.140000000000000000e+02
3.780234146118164062e+01,1.446689147949218750e+02,6.140000000000000000e+02
3.846981048583984375e+01,1.446689147949218750e+02,6.140000000000000000e+02
3.913727951049804688e+01,1.446689147949218750e+02,6.140000000000000000e+02
3.980474853515625000e+01,1.446689147949218750e+02,6.140000000000000000e+02
4.047221755981445312e+01,1.446689147949218750e+02,6.140000000000000000e+02
4.120669174194335938e+01,1.449045410156250000e+02,6.150000000000000000e+02
4.187524795532226562e+01,1.449045410156250000e+02,6.150000000000000000e+02
4.254380416870117188e+01,1.449045410156250000e+02,6.150000000000000000e+02
4.321236801147460938e+01,1.449045410156250000e+02,6.150000000000000000e+02
4.388092422485351562e+01,1.449045410156250000e+02,6.150000000000000000e+02
4.454948043823242188e+01,1.449045410156250000e+02,6.150000000000000000e+02
4.521803665161132812e+01,1.449045410156250000e+02,6.150000000000000000e+02
4.588659667968750000e+01,1.449045410156250000e+02,6.150000000000000000e+02
4.655515289306640625e+01,1.449045410156250000e+02,6.150000000000000000e+02
4.722370910644531250e+01,1.449045410156250000e+02,6.150000000000000000e+02
4.789226531982421875e+01,1.449045410156250000e+02,6.150000000000000000e+02
4.856082153320312500e+01,1.449045410156250000e+02,6.150000000000000000e+02
4.930942535400390625e+01,1.451401519775390625e+02,6.160000000000000000e+02
4.997907257080078125e+01,1.451401519775390625e+02,6.160000000000000000e+02
5.064871597290039062e+01,1.451401519775390625e+02,6.160000000000000000e+02
5.131835937500000000e+01,1.451401519775390625e+02,6.160000000000000000e+02
5.198800277709960938e+01,1.451401519775390625e+02,6.160000000000000000e+02
5.265764617919921875e+01,1.451401519775390625e+02,6.160000000000000000e+02
5.332729721069335938e+01,1.451401519775390625e+02,6.160000000000000000e+02
5.399694061279296875e+01,1.451401519775390625e+02,6.160000000000000000e+02
5.466658401489257812e+01,1.451401519775390625e+02,6.160000000000000000e+02
5.533622741699218750e+01,1.451401519775390625e+02,6.160000000000000000e+02
5.600587081909179688e+01,1.451401519775390625e+02,6.160000000000000000e+02
5.667551422119140625e+01,1.451401519775390625e+02,6.160000000000000000e+02
5.734516143798828125e+01,1.451401519775390625e+02,6.160000000000000000e+02
5.801480484008789062e+01,1.451401519775390625e+02,6.160000000000000000e+02
5.868444824218750000e+01,1.451401519775390625e+02,6.160000000000000000e+02
5.925773620605468750e+01,1.449045410156250000e+02,6.150000000000000000e+02
6.002373504638671875e+01,1.451401519775390625e+02,6.160000000000000000e+02
6.069337844848632812e+01,1.451401519775390625e+02,6.160000000000000000e+02
6.136302185058593750e+01,1.451401519775390625e+02,6.160000000000000000e+02
6.203266906738281250e+01,1.451401519775390625e+02,6.160000000000000000e+02
6.270231246948242188e+01,1.451401519775390625e+02,6.160000000000000000e+02
6.337195587158203125e+01,1.451401519775390625e+02,6.160000000000000000e+02
6.414556884765625000e+01,1.453757629394531250e+02,6.170000000000000000e+02
6.481629943847656250e+01,1.453757629394531250e+02,6.170000000000000000e+02
6.559317016601562500e+01,1.456113891601562500e+02,6.180000000000000000e+02
6.626498413085937500e+01,1.456113891601562500e+02,6.180000000000000000e+02
6.704511260986328125e+01,1.458470001220703125e+02,6.190000000000000000e+02
6.771802520751953125e+01,1.458470001220703125e+02,6.190000000000000000e+02
6.850141143798828125e+01,1.460826263427734375e+02,6.200000000000000000e+02
6.917540740966796875e+01,1.460826263427734375e+02,6.200000000000000000e+02
6.996205902099609375e+01,1.463182373046875000e+02,6.210000000000000000e+02
7.063713836669921875e+01,1.463182373046875000e+02,6.210000000000000000e+02
7.131221771240234375e+01,1.463182373046875000e+02,6.210000000000000000e+02
7.198729705810546875e+01,1.463182373046875000e+02,6.210000000000000000e+02
7.266237640380859375e+01,1.463182373046875000e+02,6.210000000000000000e+02
7.321936035156250000e+01,1.460826263427734375e+02,6.200000000000000000e+02
7.389334869384765625e+01,1.460826263427734375e+02,6.200000000000000000e+02
7.456735229492187500e+01,1.460826263427734375e+02,6.200000000000000000e+02
7.524134063720703125e+01,1.460826263427734375e+02,6.200000000000000000e+02
7.591533660888671875e+01,1.460826263427734375e+02,6.200000000000000000e+02
7.646579742431640625e+01,1.458470001220703125e+02,6.190000000000000000e+02
7.713870239257812500e+01,1.458470001220703125e+02,6.190000000000000000e+02
7.781159973144531250e+01,1.458470001220703125e+02,6.190000000000000000e+02
7.848450469970703125e+01,1.458470001220703125e+02,6.190000000000000000e+02
7.915740966796875000e+01,1.458470001220703125e+02,6.190000000000000000e+02
7.983032226562500000e+01,1.458470001220703125e+02,6.190000000000000000e+02
8.050322723388671875e+01,1.458470001220703125e+02,6.190000000000000000e+02
8.104499816894531250e+01,1.456113891601562500e+02,6.180000000000000000e+02
8.171681213378906250e+01,1.456113891601562500e+02,6.180000000000000000e+02
8.252194976806640625e+01,1.458470001220703125e+02,6.190000000000000000e+02
8.319485473632812500e+01,1.458470001220703125e+02,6.190000000000000000e+02
8.386775970458984375e+01,1.458470001220703125e+02,6.190000000000000000e+02
8.454066467285156250e+01,1.458470001220703125e+02,6.190000000000000000e+02
8.521356964111328125e+01,1.458470001220703125e+02,6.190000000000000000e+02
8.588647460937500000e+01,1.458470001220703125e+02,6.190000000000000000e+02
8.655937957763671875e+01,1.458470001220703125e+02,6.190000000000000000e+02
8.723228454589843750e+01,1.458470001220703125e+02,6.190000000000000000e+02
8.790518951416015625e+01,1.458470001220703125e+02,6.190000000000000000e+02
8.857809448242187500e+01,1.458470001220703125e+02,6.190000000000000000e+02
8.925099945068359375e+01,1.458470001220703125e+02,6.190000000000000000e+02
8.992390441894531250e+01,1.458470001220703125e+02,6.190000000000000000e+02
9.059680938720703125e+01,1.458470001220703125e+02,6.190000000000000000e+02
9.126971435546875000e+01,1.458470001220703125e+02,6.190000000000000000e+02
9.209115600585937500e+01,1.460826263427734375e+02,6.200000000000000000e+02
9.276514434814453125e+01,1.460826263427734375e+02,6.200000000000000000e+02
9.343914031982421875e+01,1.460826263427734375e+02,6.200000000000000000e+02
9.426492309570312500e+01,1.463182373046875000e+02,6.210000000000000000e+02
9.509288787841796875e+01,1.465538482666015625e+02,6.220000000000000000e+02
9.576905822753906250e+01,1.465538482666015625e+02,6.220000000000000000e+02
9.660028076171875000e+01,1.467894744873046875e+02,6.230000000000000000e+02
9.727753448486328125e+01,1.467894744873046875e+02,6.230000000000000000e+02
9.811201477050781250e+01,1.470250854492187500e+02,6.240000000000000000e+02
9.879035949707031250e+01,1.470250854492187500e+02,6.240000000000000000e+02
9.962810516357421875e+01,1.472607116699218750e+02,6.250000000000000000e+02
1.003075332641601562e+02,1.472607116699218750e+02,6.250000000000000000e+02
1.009869537353515625e+02,1.472607116699218750e+02,6.250000000000000000e+02
1.016663970947265625e+02,1.472607116699218750e+02,6.250000000000000000e+02
1.023458251953125000e+02,1.472607116699218750e+02,6.250000000000000000e+02
1.031900939941406250e+02,1.474963226318359375e+02,6.260000000000000000e+02
1.038706054687500000e+02,1.474963226318359375e+02,6.260000000000000000e+02
1.045511169433593750e+02,1.474963226318359375e+02,6.260000000000000000e+02
1.052316360473632812e+02,1.474963226318359375e+02,6.260000000000000000e+02
1.060813369750976562e+02,1.477319335937500000e+02,6.270000000000000000e+02
1.067629394531250000e+02,1.477319335937500000e+02,6.270000000000000000e+02
1.074445419311523438e+02,1.477319335937500000e+02,6.270000000000000000e+02
1.082985916137695312e+02,1.479675598144531250e+02,6.280000000000000000e+02
1.091548233032226562e+02,1.482031707763671875e+02,6.290000000000000000e+02
1.098386001586914062e+02,1.482031707763671875e+02,6.290000000000000000e+02
1.106980819702148438e+02,1.484387969970703125e+02,6.300000000000000000e+02
1.113829498291015625e+02,1.484387969970703125e+02,6.300000000000000000e+02
1.122456970214843750e+02,1.486744079589843750e+02,6.310000000000000000e+02
1.129316482543945312e+02,1.486744079589843750e+02,6.310000000000000000e+02
1.136175994873046875e+02,1.486744079589843750e+02,6.310000000000000000e+02
1.144846954345703125e+02,1.489100341796875000e+02,6.320000000000000000e+02
1.151717300415039062e+02,1.489100341796875000e+02,6.320000000000000000e+02
1.156754455566406250e+02,1.486744079589843750e+02,6.310000000000000000e+02
1.163613967895507812e+02,1.486744079589843750e+02,6.310000000000000000e+02
1.170473480224609375e+02,1.486744079589843750e+02,6.310000000000000000e+02
1.175467147827148438e+02,1.484387969970703125e+02,6.300000000000000000e+02
1.182315826416015625e+02,1.484387969970703125e+02,6.300000000000000000e+02
1.187276840209960938e+02,1.482031707763671875e+02,6.290000000000000000e+02
1.194114608764648438e+02,1.482031707763671875e+02,6.290000000000000000e+02
1.199043045043945312e+02,1.479675598144531250e+02,6.280000000000000000e+02
1.203949813842773438e+02,1.477319335937500000e+02,6.270000000000000000e+02
1.208834762573242188e+02,1.474963226318359375e+02,6.260000000000000000e+02
1.215639877319335938e+02,1.474963226318359375e+02,6.260000000000000000e+02
1.220492248535156250e+02,1.472607116699218750e+02,6.250000000000000000e+02
1.225322952270507812e+02,1.470250854492187500e+02,6.240000000000000000e+02
1.232106399536132812e+02,1.470250854492187500e+02,6.240000000000000000e+02
1.238889770507812500e+02,1.470250854492187500e+02,6.240000000000000000e+02
1.245673217773437500e+02,1.470250854492187500e+02,6.240000000000000000e+02
1.252456588745117188e+02,1.470250854492187500e+02,6.240000000000000000e+02
1.261258010864257812e+02,1.472607116699218750e+02,6.250000000000000000e+02
1.268052291870117188e+02,1.472607116699218750e+02,6.250000000000000000e+02
1.276886367797851562e+02,1.474963226318359375e+02,6.260000000000000000e+02
-8.598135375976562500e+01,1.469935913085937500e+02,6.210000000000000000e+02
-8.530627441406250000e+01,1.469935913085937500e+02,6.210000000000000000e+02
-8.463119506835937500e+01,1.469935913085937500e+02,6.210000000000000000e+02
-8.395611572265625000e+01,1.469935913085937500e+02,6.210000000000000000e+02
-8.328103637695312500e+01,1.469935913085937500e+02,6.210000000000000000e+02
-8.260595703125000000e+01,1.469935913085937500e+02,6.210000000000000000e+02
-8.193087768554687500e+01,1.469935913085937500e+02,6.210000000000000000e+02
-8.125579833984375000e+01,1.469935913085937500e+02,6.210000000000000000e+02
-8.058071899414062500e+01,1.469935913085937500e+02,6.210000000000000000e+02
-7.990563964843750000e+01,1.469935913085937500e+02,6.210000000000000000e+02
-7.923056030273437500e+01,1.469935913085937500e+02,6.210000000000000000e+02
-7.855548095703125000e+01,1.469935913085937500e+02,6.210000000000000000e+02
-7.788040161132812500e+01,1.469935913085937500e+02,6.210000000000000000e+02
-7.720532226562500000e+01,1.469935913085937500e+02,6.210000000000000000e+02
-7.653024291992187500e+01,1.469935913085937500e+02,6.210000000000000000e+02
-7.585516357421875000e+01,1.469935913085937500e+02,6.210000000000000000e+02
-7.518008422851562500e+01,1.469935913085937500e+02,6.210000000000000000e+02
-7.438502502441406250e+01,1.467568969726562500e+02,6.200000000000000000e+02
-7.371103668212890625e+01,1.467568969726562500e+02,6.200000000000000000e+02
-7.303704071044921875e+01,1.467568969726562500e+02,6.200000000000000000e+02
-7.236305236816406250e+01,1.467568969726562500e+02,6.200000000000000000e+02
-7.168905639648437500e+01,1.467568969726562500e+02,6.200000000000000000e+02
-7.101506042480468750e+01,1.467568969726562500e+02,6.200000000000000000e+02
-7.034107208251953125e+01,1.467568969726562500e+02,6.200000000000000000e+02
-6.966707611083984375e+01,1.467568969726562500e+02,6.200000000000000000e+02
-6.899308013916015625e+01,1.467568969726562500e+02,6.200000000000000000e+02
-6.831909179687500000e+01,1.467568969726562500e+02,6.200000000000000000e+02
-6.775420379638671875e+01,1.469935913085937500e+02,6.210000000000000000e+02
-6.707912445068359375e+01,1.469935913085937500e+02,6.210000000000000000e+02
-6.651097869873046875e+01,1.472303009033203125e+02,6.220000000000000000e+02
-6.583480834960937500e+01,1.472303009033203125e+02,6.220000000000000000e+02
-6.526339721679687500e+01,1.474670104980468750e+02,6.230000000000000000e+02
-6.458614349365234375e+01,1.474670104980468750e+02,6.230000000000000000e+02
-6.401147460937500000e+01,1.477037048339843750e+02,6.240000000000000000e+02
-6.333313369750976562e+01,1.477037048339843750e+02,6.240000000000000000e+02
-6.265479278564453125e+01,1.477037048339843750e+02,6.240000000000000000e+02
-6.197645187377929688e+01,1.477037048339843750e+02,6.240000000000000000e+02
-6.129810714721679688e+01,1.477037048339843750e+02,6.240000000000000000e+02
-6.061976623535156250e+01,1.477037048339843750e+02,6.240000000000000000e+02
-5.994142532348632812e+01,1.477037048339843750e+02,6.240000000000000000e+02
-5.926308441162109375e+01,1.477037048339843750e+02,6.240000000000000000e+02
-5.849085998535156250e+01,1.474670104980468750e+02,6.230000000000000000e+02
-5.781360626220703125e+01,1.474670104980468750e+02,6.230000000000000000e+02
-5.704463958740234375e+01,1.472303009033203125e+02,6.220000000000000000e+02
-5.636847305297851562e+01,1.472303009033203125e+02,6.220000000000000000e+02
-5.569230651855468750e+01,1.472303009033203125e+02,6.220000000000000000e+02
-5.501613998413085938e+01,1.472303009033203125e+02,6.220000000000000000e+02
-5.433997344970703125e+01,1.472303009033203125e+02,6.220000000000000000e+02
-5.357752990722656250e+01,1.469935913085937500e+02,6.210000000000000000e+02
-5.290245056152343750e+01,1.469935913085937500e+02,6.210000000000000000e+02
-5.222737121582031250e+01,1.469935913085937500e+02,6.210000000000000000e+02
-5.146927642822265625e+01,1.467568969726562500e+02,6.200000000000000000e+02
-5.079528427124023438e+01,1.467568969726562500e+02,6.200000000000000000e+02
-5.004044723510742188e+01,1.465201873779296875e+02,6.190000000000000000e+02
-4.936754226684570312e+01,1.465201873779296875e+02,6.190000000000000000e+02
-4.869463729858398438e+01,1.465201873779296875e+02,6.190000000000000000e+02
-4.802173233032226562e+01,1.465201873779296875e+02,6.190000000000000000e+02
-4.727233505249023438e+01,1.462834777832031250e+02,6.180000000000000000e+02
-4.660051727294921875e+01,1.462834777832031250e+02,6.180000000000000000e+02
-4.592869949340820312e+01,1.462834777832031250e+02,6.180000000000000000e+02
-4.525688171386718750e+01,1.462834777832031250e+02,6.180000000000000000e+02
-4.451291656494140625e+01,1.460467834472656250e+02,6.170000000000000000e+02
-4.384218597412109375e+01,1.460467834472656250e+02,6.170000000000000000e+02
-4.317145538330078125e+01,1.460467834472656250e+02,6.170000000000000000e+02
-4.250072479248046875e+01,1.460467834472656250e+02,6.170000000000000000e+02
-4.182999420166015625e+01,1.460467834472656250e+02,6.170000000000000000e+02
-4.115926361083984375e+01,1.460467834472656250e+02,6.170000000000000000e+02
-4.048853302001953125e+01,1.460467834472656250e+02,6.170000000000000000e+02
-3.981779479980468750e+01,1.460467834472656250e+02,6.170000000000000000e+02
-3.914706420898437500e+01,1.460467834472656250e+02,6.170000000000000000e+02
-3.847633743286132812e+01,1.460467834472656250e+02,6.170000000000000000e+02
-3.780560302734375000e+01,1.460467834472656250e+02,6.170000000000000000e+02
-3.713487243652343750e+01,1.460467834472656250e+02,6.170000000000000000e+02
-3.646414184570312500e+01,1.460467834472656250e+02,6.170000000000000000e+02
-3.579341125488281250e+01,1.460467834472656250e+02,6.170000000000000000e+02
-3.512267684936523438e+01,1.460467834472656250e+02,6.170000000000000000e+02
-3.445194625854492188e+01,1.460467834472656250e+02,6.170000000000000000e+02
-3.378121566772460938e+01,1.460467834472656250e+02,6.170000000000000000e+02
-3.311048507690429688e+01,1.460467834472656250e+02,6.170000000000000000e+02
-3.243975448608398438e+01,1.460467834472656250e+02,6.170000000000000000e+02
-3.176902008056640625e+01,1.460467834472656250e+02,6.170000000000000000e+02
-3.109828948974609375e+01,1.460467834472656250e+02,6.170000000000000000e+02
-3.042755889892578125e+01,1.460467834472656250e+02,6.170000000000000000e+02
-2.980505561828613281e+01,1.462834777832031250e+02,6.180000000000000000e+02
-2.913323783874511719e+01,1.462834777832031250e+02,6.180000000000000000e+02
-2.846142005920410156e+01,1.462834777832031250e+02,6.180000000000000000e+02
-2.778960037231445312e+01,1.462834777832031250e+02,6.180000000000000000e+02
-2.711778259277343750e+01,1.462834777832031250e+02,6.180000000000000000e+02
-2.648875617980957031e+01,1.465201873779296875e+02,6.190000000000000000e+02
-2.581584930419921875e+01,1.465201873779296875e+02,6.190000000000000000e+02
-2.514294433593750000e+01,1.465201873779296875e+02,6.190000000000000000e+02
-2.447003936767578125e+01,1.465201873779296875e+02,6.190000000000000000e+02
-2.379713439941406250e+01,1.465201873779296875e+02,6.190000000000000000e+02
-2.312422943115234375e+01,1.465201873779296875e+02,6.190000000000000000e+02
-2.245132446289062500e+01,1.465201873779296875e+02,6.190000000000000000e+02
-2.177841567993164062e+01,1.465201873779296875e+02,6.190000000000000000e+02
-2.110551071166992188e+01,1.465201873779296875e+02,6.190000000000000000e+02
-2.046561431884765625e+01,1.467568969726562500e+02,6.200000000000000000e+02
-1.982354354858398438e+01,1.469935913085937500e+02,6.210000000000000000e+02
-1.914846420288085938e+01,1.469935913085937500e+02,6.210000000000000000e+02
-1.847338485717773438e+01,1.469935913085937500e+02,6.210000000000000000e+02
-1.782696533203125000e+01,1.472303009033203125e+02,6.220000000000000000e+02
-1.715079879760742188e+01,1.472303009033203125e+02,6.220000000000000000e+02
-1.647463226318359375e+01,1.472303009033203125e+02,6.220000000000000000e+02
-1.579846572875976562e+01,1.472303009033203125e+02,6.220000000000000000e+02
-1.512229824066162109e+01,1.472303009033203125e+02,6.220000000000000000e+02
-1.444613170623779297e+01,1.472303009033203125e+02,6.220000000000000000e+02
-1.376996517181396484e+01,1.472303009033203125e+02,6.220000000000000000e+02
-1.309379863739013672e+01,1.472303009033203125e+02,6.220000000000000000e+02
-1.239766693115234375e+01,1.469935913085937500e+02,6.210000000000000000e+02
-1.172258758544921875e+01,1.469935913085937500e+02,6.210000000000000000e+02
-1.102971839904785156e+01,1.467568969726562500e+02,6.200000000000000000e+02
-1.035572624206542969e+01,1.467568969726562500e+02,6.200000000000000000e+02
-9.666117668151855469e+00,1.465201873779296875e+02,6.190000000000000000e+02
-8.978683471679687500e+00,1.462834777832031250e+02,6.180000000000000000e+02
-8.306864738464355469e+00,1.462834777832031250e+02,6.180000000000000000e+02
-7.635046482086181641e+00,1.462834777832031250e+02,6.180000000000000000e+02
-6.951960563659667969e+00,1.460467834472656250e+02,6.170000000000000000e+02
-6.281229019165039062e+00,1.460467834472656250e+02,6.170000000000000000e+02
-5.601404190063476562e+00,1.458100738525390625e+02,6.160000000000000000e+02
-4.931760311126708984e+00,1.458100738525390625e+02,6.160000000000000000e+02
-4.262115955352783203e+00,1.458100738525390625e+02,6.160000000000000000e+02
-3.592471599578857422e+00,1.458100738525390625e+02,6.160000000000000000e+02
-2.918082475662231445e+00,1.455733642578125000e+02,6.150000000000000000e+02
-2.249525308609008789e+00,1.455733642578125000e+02,6.150000000000000000e+02
-1.580968022346496582e+00,1.455733642578125000e+02,6.150000000000000000e+02
-9.109272360801696777e-01,1.453366699218750000e+02,6.140000000000000000e+02
-2.434571236371994019e-01,1.453366699218750000e+02,6.140000000000000000e+02
4.240130186080932617e-01,1.453366699218750000e+02,6.140000000000000000e+02
1.091483116149902344e+00,1.453366699218750000e+02,6.140000000000000000e+02
1.758953332901000977e+00,1.453366699218750000e+02,6.140000000000000000e+02
2.426423311233520508e+00,1.453366699218750000e+02,6.140000000000000000e+02
3.093893766403198242e+00,1.453366699218750000e+02,6.140000000000000000e+02
3.761363744735717773e+00,1.453366699218750000e+02,6.140000000000000000e+02
4.428833961486816406e+00,1.453366699218750000e+02,6.140000000000000000e+02
5.096303939819335938e+00,1.453366699218750000e+02,6.140000000000000000e+02
5.773160934448242188e+00,1.455733642578125000e+02,6.150000000000000000e+02
6.431244373321533203e+00,1.453366699218750000e+02,6.140000000000000000e+02
7.098713874816894531e+00,1.453366699218750000e+02,6.140000000000000000e+02
7.766184329986572266e+00,1.453366699218750000e+02,6.140000000000000000e+02
8.433653831481933594e+00,1.453366699218750000e+02,6.140000000000000000e+02
9.101124763488769531e+00,1.453366699218750000e+02,6.140000000000000000e+02
9.768594741821289062e+00,1.453366699218750000e+02,6.140000000000000000e+02
1.043606472015380859e+01,1.453366699218750000e+02,6.140000000000000000e+02
1.110353565216064453e+01,1.453366699218750000e+02,6.140000000000000000e+02
1.177100467681884766e+01,1.453366699218750000e+02,6.140000000000000000e+02
1.243847465515136719e+01,1.453366699218750000e+02,6.140000000000000000e+02
1.310594558715820312e+01,1.453366699218750000e+02,6.140000000000000000e+02
1.377341556549072266e+01,1.453366699218750000e+02,6.140000000000000000e+02
1.444088554382324219e+01,1.453366699218750000e+02,6.140000000000000000e+02
1.510835552215576172e+01,1.453366699218750000e+02,6.140000000000000000e+02
1.577582645416259766e+01,1.453366699218750000e+02,6.140000000000000000e+02
1.644329643249511719e+01,1.453366699218750000e+02,6.140000000000000000e+02
1.711076545715332031e+01,1.453366699218750000e+02,6.140000000000000000e+02
1.777823638916015625e+01,1.453366699218750000e+02,6.140000000000000000e+02
1.844570732116699219e+01,1.453366699218750000e+02,6.140000000000000000e+02
1.911317634582519531e+01,1.453366699218750000e+02,6.140000000000000000e+02
1.981286430358886719e+01,1.455733642578125000e+02,6.150000000000000000e+02
2.048142051696777344e+01,1.455733642578125000e+02,6.150000000000000000e+02
2.114997673034667969e+01,1.455733642578125000e+02,6.150000000000000000e+02
2.181853485107421875e+01,1.455733642578125000e+02,6.150000000000000000e+02
2.252365493774414062e+01,1.458100738525390625e+02,6.160000000000000000e+02
2.319330024719238281e+01,1.458100738525390625e+02,6.160000000000000000e+02
2.386294364929199219e+01,1.458100738525390625e+02,6.160000000000000000e+02
2.453258705139160156e+01,1.458100738525390625e+02,6.160000000000000000e+02
2.520223426818847656e+01,1.458100738525390625e+02,6.160000000000000000e+02
2.587187767028808594e+01,1.458100738525390625e+02,6.160000000000000000e+02
2.654152297973632812e+01,1.458100738525390625e+02,6.160000000000000000e+02
2.721116638183593750e+01,1.458100738525390625e+02,6.160000000000000000e+02
2.788080978393554688e+01,1.458100738525390625e+02,6.160000000000000000e+02
2.850410652160644531e+01,1.455733642578125000e+02,6.150000000000000000e+02
2.917266273498535156e+01,1.455733642578125000e+02,6.150000000000000000e+02
2.984121894836425781e+01,1.455733642578125000e+02,6.150000000000000000e+02
3.050977897644042969e+01,1.455733642578125000e+02,6.150000000000000000e+02
3.117833518981933594e+01,1.455733642578125000e+02,6.150000000000000000e+02
3.179510879516601562e+01,1.453366699218750000e+02,6.140000000000000000e+02
3.246257781982421875e+01,1.453366699218750000e+02,6.140000000000000000e+02
3.313005065917968750e+01,1.453366699218750000e+02,6.140000000000000000e+02
3.379751968383789062e+01,1.453366699218750000e+02,6.140000000000000000e+02
3.446498870849609375e+01,1.453366699218750000e+02,6.140000000000000000e+02
3.513246154785156250e+01,1.453366699218750000e+02,6.140000000000000000e+02
3.579993057250976562e+01,1.453366699218750000e+02,6.140000000000000000e+02
3.646739959716796875e+01,1.453366699218750000e+02,6.140000000000000000e+02
3.713486862182617188e+01,1.453366699218750000e+02,6.140000000000000000e+02
3.780234146118164062e+01,1.453366699218750000e+02,6.140000000000000000e+02
3.846981048583984375e+01,1.453366699218750000e+02,6.140000000000000000e+02
3.913727951049804688e+01,1.453366699218750000e+02,6.140000000000000000e+02
3.980474853515625000e+01,1.453366699218750000e+02,6.140000000000000000e+02
4.047221755981445312e+01,1.453366699218750000e+02,6.140000000000000000e+02
4.113969039916992188e+01,1.453366699218750000e+02,6.140000000000000000e+02
4.180715942382812500e+01,1.453366699218750000e+02,6.140000000000000000e+02
4.247462844848632812e+01,1.453366699218750000e+02,6.140000000000000000e+02
4.314210128784179688e+01,1.453366699218750000e+02,6.140000000000000000e+02
4.380957412719726562e+01,1.453366699218750000e+02,6.140000000000000000e+02
4.447704315185546875e+01,1.453366699218750000e+02,6.140000000000000000e+02
4.514451217651367188e+01,1.453366699218750000e+02,6.140000000000000000e+02
4.588659667968750000e+01,1.455733642578125000e+02,6.150000000000000000e+02
4.655515289306640625e+01,1.455733642578125000e+02,6.150000000000000000e+02
4.722370910644531250e+01,1.455733642578125000e+02,6.150000000000000000e+02
4.789226531982421875e+01,1.455733642578125000e+02,6.150000000000000000e+02
4.856082153320312500e+01,1.455733642578125000e+02,6.150000000000000000e+02
4.922937774658203125e+01,1.455733642578125000e+02,6.150000000000000000e+02
4.989793777465820312e+01,1.455733642578125000e+02,6.150000000000000000e+02
5.056649398803710938e+01,1.455733642578125000e+02,6.150000000000000000e+02
5.123505020141601562e+01,1.455733642578125000e+02,6.150000000000000000e+02
5.190360641479492188e+01,1.455733642578125000e+02,6.150000000000000000e+02
5.257216262817382812e+01,1.455733642578125000e+02,6.150000000000000000e+02
5.324072647094726562e+01,1.455733642578125000e+02,6.150000000000000000e+02
5.390928268432617188e+01,1.455733642578125000e+02,6.150000000000000000e+02
5.457783889770507812e+01,1.455733642578125000e+02,6.150000000000000000e+02
5.524639511108398438e+01,1.455733642578125000e+02,6.150000000000000000e+02
5.591495132446289062e+01,1.455733642578125000e+02,6.150000000000000000e+02
5.658351135253906250e+01,1.455733642578125000e+02,6.150000000000000000e+02
5.725206756591796875e+01,1.455733642578125000e+02,6.150000000000000000e+02
5.792062377929687500e+01,1.455733642578125000e+02,6.150000000000000000e+02
5.858917999267578125e+01,1.455733642578125000e+02,6.150000000000000000e+02
5.925773620605468750e+01,1.455733642578125000e+02,6.150000000000000000e+02
5.992629623413085938e+01,1.455733642578125000e+02,6.150000000000000000e+02
6.059485244750976562e+01,1.455733642578125000e+02,6.150000000000000000e+02
6.126340866088867188e+01,1.455733642578125000e+02,6.150000000000000000e+02
6.203266906738281250e+01,1.458100738525390625e+02,6.160000000000000000e+02
6.270231246948242188e+01,1.458100738525390625e+02,6.160000000000000000e+02
6.337195587158203125e+01,1.458100738525390625e+02,6.160000000000000000e+02
6.414556884765625000e+01,1.460467834472656250e+02,6.170000000000000000e+02
6.481629943847656250e+01,1.460467834472656250e+02,6.170000000000000000e+02
6.559317016601562500e+01,1.462834777832031250e+02,6.180000000000000000e+02
6.637220764160156250e+01,1.465201873779296875e+02,6.190000000000000000e+02
6.704511260986328125e+01,1.465201873779296875e+02,6.190000000000000000e+02
6.782742309570312500e+01,1.467568969726562500e+02,6.200000000000000000e+02
6.850141143798828125e+01,1.467568969726562500e+02,6.200000000000000000e+02
6.928697967529296875e+01,1.469935913085937500e+02,6.210000000000000000e+02
6.996205902099609375e+01,1.469935913085937500e+02,6.210000000000000000e+02
7.063713836669921875e+01,1.469935913085937500e+02,6.210000000000000000e+02
7.131221771240234375e+01,1.469935913085937500e+02,6.210000000000000000e+02
7.198729705810546875e+01,1.469935913085937500e+02,6.210000000000000000e+02
7.266237640380859375e+01,1.469935913085937500e+02,6.210000000000000000e+02
7.333745574951171875e+01,1.469935913085937500e+02,6.210000000000000000e+02
7.401253509521484375e+01,1.469935913085937500e+02,6.210000000000000000e+02
7.468762207031250000e+01,1.469935913085937500e+02,6.210000000000000000e+02
7.536270141601562500e+01,1.469935913085937500e+02,6.210000000000000000e+02
7.591533660888671875e+01,1.467568969726562500e+02,6.200000000000000000e+02
7.658932495117187500e+01,1.467568969726562500e+02,6.200000000000000000e+02
7.726332092285156250e+01,1.467568969726562500e+02,6.200000000000000000e+02
7.793730926513671875e+01,1.467568969726562500e+02,6.200000000000000000e+02
7.861129760742187500e+01,1.467568969726562500e+02,6.200000000000000000e+02
7.928529357910156250e+01,1.467568969726562500e+02,6.200000000000000000e+02
7.983032226562500000e+01,1.465201873779296875e+02,6.190000000000000000e+02
8.050322723388671875e+01,1.465201873779296875e+02,6.190000000000000000e+02
8.117613220214843750e+01,1.465201873779296875e+02,6.190000000000000000e+02
8.184903717041015625e+01,1.465201873779296875e+02,6.190000000000000000e+02
8.265525817871093750e+01,1.467568969726562500e+02,6.200000000000000000e+02
8.332925415039062500e+01,1.467568969726562500e+02,6.200000000000000000e+02
8.400324249267578125e+01,1.467568969726562500e+02,6.200000000000000000e+02
8.467723846435546875e+01,1.467568969726562500e+02,6.200000000000000000e+02
8.535122680664062500e+01,1.467568969726562500e+02,6.200000000000000000e+02
8.602522277832031250e+01,1.467568969726562500e+02,6.200000000000000000e+02
8.669921875000000000e+01,1.467568969726562500e+02,6.200000000000000000e+02
8.737320709228515625e+01,1.467568969726562500e+02,6.200000000000000000e+02
8.804720306396484375e+01,1.467568969726562500e+02,6.200000000000000000e+02
8.872119140625000000e+01,1.467568969726562500e+02,6.200000000000000000e+02
8.939518737792968750e+01,1.467568969726562500e+02,6.200000000000000000e+02
9.006917572021484375e+01,1.467568969726562500e+02,6.200000000000000000e+02
9.074317169189453125e+01,1.467568969726562500e+02,6.200000000000000000e+02
9.141716003417968750e+01,1.467568969726562500e+02,6.200000000000000000e+02
9.223968505859375000e+01,1.469935913085937500e+02,6.210000000000000000e+02
9.291476440429687500e+01,1.469935913085937500e+02,6.210000000000000000e+02
9.374055480957031250e+01,1.472303009033203125e+02,6.220000000000000000e+02
9.441672515869140625e+01,1.472303009033203125e+02,6.220000000000000000e+02
9.524577331542968750e+01,1.474670104980468750e+02,6.230000000000000000e+02
9.607699584960937500e+01,1.477037048339843750e+02,6.240000000000000000e+02
9.675533294677734375e+01,1.477037048339843750e+02,6.240000000000000000e+02
9.758982086181640625e+01,1.479404144287109375e+02,6.250000000000000000e+02
9.826924896240234375e+01,1.479404144287109375e+02,6.250000000000000000e+02
9.910699462890625000e+01,1.481771240234375000e+02,6.260000000000000000e+02
9.978750610351562500e+01,1.481771240234375000e+02,6.260000000000000000e+02
1.004680252075195312e+02,1.481771240234375000e+02,6.260000000000000000e+02
1.011485366821289062e+02,1.481771240234375000e+02,6.260000000000000000e+02
1.018290634155273438e+02,1.481771240234375000e+02,6.260000000000000000e+02
1.025095748901367188e+02,1.481771240234375000e+02,6.260000000000000000e+02
1.033549346923828125e+02,1.484138183593750000e+02,6.270000000000000000e+02
1.040365295410156250e+02,1.484138183593750000e+02,6.270000000000000000e+02
1.047181320190429688e+02,1.484138183593750000e+02,6.270000000000000000e+02
1.053997344970703125e+02,1.484138183593750000e+02,6.270000000000000000e+02
1.060813369750976562e+02,1.484138183593750000e+02,6.270000000000000000e+02
1.069332199096679688e+02,1.486505279541015625e+02,6.280000000000000000e+02
1.076159057617187500e+02,1.486505279541015625e+02,6.280000000000000000e+02
1.084710464477539062e+02,1.488872375488281250e+02,6.290000000000000000e+02
1.091548233032226562e+02,1.488872375488281250e+02,6.290000000000000000e+02
1.100132217407226562e+02,1.491239318847656250e+02,6.300000000000000000e+02
1.106980819702148438e+02,1.491239318847656250e+02,6.300000000000000000e+02
1.113829498291015625e+02,1.491239318847656250e+02,6.300000000000000000e+02
1.122456970214843750e+02,1.493606414794921875e+02,6.310000000000000000e+02
1.129316482543945312e+02,1.493606414794921875e+02,6.310000000000000000e+02
1.136175994873046875e+02,1.493606414794921875e+02,6.310000000000000000e+02
1.143035430908203125e+02,1.493606414794921875e+02,6.310000000000000000e+02
1.149894943237304688e+02,1.493606414794921875e+02,6.310000000000000000e+02
1.156754455566406250e+02,1.493606414794921875e+02,6.310000000000000000e+02
1.163613967895507812e+02,1.493606414794921875e+02,6.310000000000000000e+02
1.170473480224609375e+02,1.493606414794921875e+02,6.310000000000000000e+02
1.175467147827148438e+02,1.491239318847656250e+02,6.300000000000000000e+02
1.182315826416015625e+02,1.491239318847656250e+02,6.300000000000000000e+02
1.187276840209960938e+02,1.488872375488281250e+02,6.290000000000000000e+02
1.194114608764648438e+02,1.488872375488281250e+02,6.290000000000000000e+02
1.199043045043945312e+02,1.486505279541015625e+02,6.280000000000000000e+02
1.203949813842773438e+02,1.484138183593750000e+02,6.270000000000000000e+02
1.208834762573242188e+02,1.481771240234375000e+02,6.260000000000000000e+02
1.213697967529296875e+02,1.479404144287109375e+02,6.250000000000000000e+02
1.218539505004882812e+02,1.477037048339843750e+02,6.240000000000000000e+02
1.225322952270507812e+02,1.477037048339843750e+02,6.240000000000000000e+02
1.230131835937500000e+02,1.474670104980468750e+02,6.230000000000000000e+02
1.236904373168945312e+02,1.474670104980468750e+02,6.230000000000000000e+02
1.241680679321289062e+02,1.472303009033203125e+02,6.220000000000000000e+02
1.250449447631835938e+02,1.474670104980468750e+02,6.230000000000000000e+02
1.257221984863281250e+02,1.474670104980468750e+02,6.230000000000000000e+02
1.266023406982421875e+02,1.477037048339843750e+02,6.240000000000000000e+02
1.274846572875976562e+02,1.479404144287109375e+02,6.250000000000000000e+02
1.283691558837890625e+02,1.481771240234375000e+02,6.260000000000000000e+02
-8.530627441406250000e+01,1.476689453125000000e+02,6.210000000000000000e+02
-8.463119506835937500e+01,1.476689453125000000e+02,6.210000000000000000e+02
-8.395611572265625000e+01,1.476689453125000000e+02,6.210000000000000000e+02
-8.328103637695312500e+01,1.476689453125000000e+02,6.210000000000000000e+02
-8.247293853759765625e+01,1.474311676025390625e+02,6.200000000000000000e+02
-8.179894256591796875e+01,1.474311676025390625e+02,6.200000000000000000e+02
-8.112494659423828125e+01,1.474311676025390625e+02,6.200000000000000000e+02
-8.045095825195312500e+01,1.474311676025390625e+02,6.200000000000000000e+02
-7.977696228027343750e+01,1.474311676025390625e+02,6.200000000000000000e+02
-7.910297393798828125e+01,1.474311676025390625e+02,6.200000000000000000e+02
-7.842897796630859375e+01,1.474311676025390625e+02,6.200000000000000000e+02
-7.775498962402343750e+01,1.474311676025390625e+02,6.200000000000000000e+02
-7.708099365234375000e+01,1.474311676025390625e+02,6.200000000000000000e+02
-7.640700531005859375e+01,1.474311676025390625e+02,6.200000000000000000e+02
-7.573300933837890625e+01,1.474311676025390625e+02,6.200000000000000000e+02
-7.505902099609375000e+01,1.474311676025390625e+02,6.200000000000000000e+02
-7.438502502441406250e+01,1.474311676025390625e+02,6.200000000000000000e+02
-7.359214782714843750e+01,1.471933746337890625e+02,6.190000000000000000e+02
-7.291924285888671875e+01,1.471933746337890625e+02,6.190000000000000000e+02
-7.224633789062500000e+01,1.471933746337890625e+02,6.190000000000000000e+02
-7.157343292236328125e+01,1.471933746337890625e+02,6.190000000000000000e+02
-7.090052032470703125e+01,1.471933746337890625e+02,6.190000000000000000e+02
-7.022761535644531250e+01,1.471933746337890625e+02,6.190000000000000000e+02
-6.955471038818359375e+01,1.471933746337890625e+02,6.190000000000000000e+02
-6.888180541992187500e+01,1.471933746337890625e+02,6.190000000000000000e+02
-6.820890045166015625e+01,1.471933746337890625e+02,6.190000000000000000e+02
-6.753599548339843750e+01,1.471933746337890625e+02,6.190000000000000000e+02
-6.697110748291015625e+01,1.474311676025390625e+02,6.200000000000000000e+02
-6.640404510498046875e+01,1.476689453125000000e+02,6.210000000000000000e+02
-6.572896575927734375e+01,1.476689453125000000e+02,6.210000000000000000e+02
-6.515864562988281250e+01,1.479067382812500000e+02,6.220000000000000000e+02
-6.448247528076171875e+01,1.479067382812500000e+02,6.220000000000000000e+02
-6.390889358520507812e+01,1.481445312500000000e+02,6.230000000000000000e+02
-6.333313369750976562e+01,1.483823242187500000e+02,6.240000000000000000e+02
-6.265479278564453125e+01,1.483823242187500000e+02,6.240000000000000000e+02
-6.197645187377929688e+01,1.483823242187500000e+02,6.240000000000000000e+02
-6.129810714721679688e+01,1.483823242187500000e+02,6.240000000000000000e+02
-6.052262115478515625e+01,1.481445312500000000e+02,6.230000000000000000e+02
-5.984536743164062500e+01,1.481445312500000000e+02,6.230000000000000000e+02
-5.916811370849609375e+01,1.481445312500000000e+02,6.230000000000000000e+02
-5.839697265625000000e+01,1.479067382812500000e+02,6.220000000000000000e+02
-5.772080612182617188e+01,1.479067382812500000e+02,6.220000000000000000e+02
-5.704463958740234375e+01,1.479067382812500000e+02,6.220000000000000000e+02
-5.636847305297851562e+01,1.479067382812500000e+02,6.220000000000000000e+02
-5.560276794433593750e+01,1.476689453125000000e+02,6.210000000000000000e+02
-5.492768859863281250e+01,1.476689453125000000e+02,6.210000000000000000e+02
-5.425260925292968750e+01,1.476689453125000000e+02,6.210000000000000000e+02
-5.349125671386718750e+01,1.474311676025390625e+02,6.200000000000000000e+02
-5.281726455688476562e+01,1.474311676025390625e+02,6.200000000000000000e+02
-5.214327239990234375e+01,1.474311676025390625e+02,6.200000000000000000e+02
-5.146927642822265625e+01,1.474311676025390625e+02,6.200000000000000000e+02
-5.071335983276367188e+01,1.471933746337890625e+02,6.190000000000000000e+02
-5.004044723510742188e+01,1.471933746337890625e+02,6.190000000000000000e+02
-4.936754226684570312e+01,1.471933746337890625e+02,6.190000000000000000e+02
-4.861597061157226562e+01,1.469555816650390625e+02,6.180000000000000000e+02
-4.794415283203125000e+01,1.469555816650390625e+02,6.180000000000000000e+02
-4.727233505249023438e+01,1.469555816650390625e+02,6.180000000000000000e+02
-4.660051727294921875e+01,1.469555816650390625e+02,6.180000000000000000e+02
-4.585438156127929688e+01,1.467177886962890625e+02,6.170000000000000000e+02
-4.518365097045898438e+01,1.467177886962890625e+02,6.170000000000000000e+02
-4.451291656494140625e+01,1.467177886962890625e+02,6.170000000000000000e+02
-4.384218597412109375e+01,1.467177886962890625e+02,6.170000000000000000e+02
-4.317145538330078125e+01,1.467177886962890625e+02,6.170000000000000000e+02
-4.250072479248046875e+01,1.467177886962890625e+02,6.170000000000000000e+02
-4.182999420166015625e+01,1.467177886962890625e+02,6.170000000000000000e+02
-4.115926361083984375e+01,1.467177886962890625e+02,6.170000000000000000e+02
-4.048853302001953125e+01,1.467177886962890625e+02,6.170000000000000000e+02
-3.981779479980468750e+01,1.467177886962890625e+02,6.170000000000000000e+02
-3.914706420898437500e+01,1.467177886962890625e+02,6.170000000000000000e+02
-3.847633743286132812e+01,1.467177886962890625e+02,6.170000000000000000e+02
-3.780560302734375000e+01,1.467177886962890625e+02,6.170000000000000000e+02
-3.713487243652343750e+01,1.467177886962890625e+02,6.170000000000000000e+02
-3.646414184570312500e+01,1.467177886962890625e+02,6.170000000000000000e+02
-3.573539733886718750e+01,1.464799957275390625e+02,6.160000000000000000e+02
-3.506575393676757812e+01,1.464799957275390625e+02,6.160000000000000000e+02
-3.445194625854492188e+01,1.467177886962890625e+02,6.170000000000000000e+02
-3.378121566772460938e+01,1.467177886962890625e+02,6.170000000000000000e+02
-3.311048507690429688e+01,1.467177886962890625e+02,6.170000000000000000e+02
-3.238717651367187500e+01,1.464799957275390625e+02,6.160000000000000000e+02
-3.171753120422363281e+01,1.464799957275390625e+02,6.160000000000000000e+02
-3.109828948974609375e+01,1.467177886962890625e+02,6.170000000000000000e+02
-3.042755889892578125e+01,1.467177886962890625e+02,6.170000000000000000e+02
-2.975682640075683594e+01,1.467177886962890625e+02,6.170000000000000000e+02
-2.908609580993652344e+01,1.467177886962890625e+02,6.170000000000000000e+02
-2.841536521911621094e+01,1.467177886962890625e+02,6.170000000000000000e+02
-2.778960037231445312e+01,1.469555816650390625e+02,6.180000000000000000e+02
-2.711778259277343750e+01,1.469555816650390625e+02,6.180000000000000000e+02
-2.644596290588378906e+01,1.469555816650390625e+02,6.180000000000000000e+02
-2.577414512634277344e+01,1.469555816650390625e+02,6.180000000000000000e+02
-2.510232543945312500e+01,1.469555816650390625e+02,6.180000000000000000e+02
-2.447003936767578125e+01,1.471933746337890625e+02,6.190000000000000000e+02
-2.375868988037109375e+01,1.469555816650390625e+02,6.180000000000000000e+02
-2.312422943115234375e+01,1.471933746337890625e+02,6.190000000000000000e+02
-2.245132446289062500e+01,1.471933746337890625e+02,6.190000000000000000e+02
-2.177841567993164062e+01,1.471933746337890625e+02,6.190000000000000000e+02
-2.110551071166992188e+01,1.471933746337890625e+02,6.190000000000000000e+02
-2.046561431884765625e+01,1.474311676025390625e+02,6.200000000000000000e+02
-1.979162216186523438e+01,1.474311676025390625e+02,6.200000000000000000e+02
-1.914846420288085938e+01,1.476689453125000000e+02,6.210000000000000000e+02
-1.847338485717773438e+01,1.476689453125000000e+02,6.210000000000000000e+02
-1.779830551147460938e+01,1.476689453125000000e+02,6.210000000000000000e+02
-1.715079879760742188e+01,1.479067382812500000e+02,6.220000000000000000e+02
-1.647463226318359375e+01,1.479067382812500000e+02,6.220000000000000000e+02
-1.579846572875976562e+01,1.479067382812500000e+02,6.220000000000000000e+02
-1.512229824066162109e+01,1.479067382812500000e+02,6.220000000000000000e+02
-1.444613170623779297e+01,1.479067382812500000e+02,6.220000000000000000e+02
-1.376996517181396484e+01,1.479067382812500000e+02,6.220000000000000000e+02
-1.307274818420410156e+01,1.476689453125000000e+02,6.210000000000000000e+02
-1.239766693115234375e+01,1.476689453125000000e+02,6.210000000000000000e+02
-1.170371055603027344e+01,1.474311676025390625e+02,6.200000000000000000e+02
-1.102971839904785156e+01,1.474311676025390625e+02,6.200000000000000000e+02
-1.033902359008789062e+01,1.471933746337890625e+02,6.190000000000000000e+02
-9.650502204895019531e+00,1.469555816650390625e+02,6.180000000000000000e+02
-8.978683471679687500e+00,1.469555816650390625e+02,6.180000000000000000e+02
-8.293423652648925781e+00,1.467177886962890625e+02,6.170000000000000000e+02
-7.622691631317138672e+00,1.467177886962890625e+02,6.170000000000000000e+02
-6.940693378448486328e+00,1.464799957275390625e+02,6.160000000000000000e+02
-6.271049022674560547e+00,1.464799957275390625e+02,6.160000000000000000e+02
-5.601404190063476562e+00,1.464799957275390625e+02,6.160000000000000000e+02
-4.931760311126708984e+00,1.464799957275390625e+02,6.160000000000000000e+02
-4.255197048187255859e+00,1.462422027587890625e+02,6.150000000000000000e+02
-3.586639642715454102e+00,1.462422027587890625e+02,6.150000000000000000e+02
-2.913337707519531250e+00,1.460044097900390625e+02,6.140000000000000000e+02
-2.245867490768432617e+00,1.460044097900390625e+02,6.140000000000000000e+02
-1.578397274017333984e+00,1.460044097900390625e+02,6.140000000000000000e+02
-9.109272360801696777e-01,1.460044097900390625e+02,6.140000000000000000e+02
-2.434571236371994019e-01,1.460044097900390625e+02,6.140000000000000000e+02
4.240130186080932617e-01,1.460044097900390625e+02,6.140000000000000000e+02
1.089705467224121094e+00,1.457666168212890625e+02,6.130000000000000000e+02
1.756088495254516602e+00,1.457666168212890625e+02,6.130000000000000000e+02
2.422471523284912109e+00,1.457666168212890625e+02,6.130000000000000000e+02
3.088854789733886719e+00,1.457666168212890625e+02,6.130000000000000000e+02
3.761363744735717773e+00,1.460044097900390625e+02,6.140000000000000000e+02
4.428833961486816406e+00,1.460044097900390625e+02,6.140000000000000000e+02
5.096303939819335938e+00,1.460044097900390625e+02,6.140000000000000000e+02
5.763773918151855469e+00,1.460044097900390625e+02,6.140000000000000000e+02
6.431244373321533203e+00,1.460044097900390625e+02,6.140000000000000000e+02
7.098713874816894531e+00,1.460044097900390625e+02,6.140000000000000000e+02
7.766184329986572266e+00,1.460044097900390625e+02,6.140000000000000000e+02
8.433653831481933594e+00,1.460044097900390625e+02,6.140000000000000000e+02
9.101124763488769531e+00,1.460044097900390625e+02,6.140000000000000000e+02
9.768594741821289062e+00,1.460044097900390625e+02,6.140000000000000000e+02
1.043606472015380859e+01,1.460044097900390625e+02,6.140000000000000000e+02
1.110353565216064453e+01,1.460044097900390625e+02,6.140000000000000000e+02
1.175183391571044922e+01,1.457666168212890625e+02,6.130000000000000000e+02
1.241821670532226562e+01,1.457666168212890625e+02,6.130000000000000000e+02
1.310594558715820312e+01,1.460044097900390625e+02,6.140000000000000000e+02
1.377341556549072266e+01,1.460044097900390625e+02,6.140000000000000000e+02
1.444088554382324219e+01,1.460044097900390625e+02,6.140000000000000000e+02
1.510835552215576172e+01,1.460044097900390625e+02,6.140000000000000000e+02
1.577582645416259766e+01,1.460044097900390625e+02,6.140000000000000000e+02
1.644329643249511719e+01,1.460044097900390625e+02,6.140000000000000000e+02
1.711076545715332031e+01,1.460044097900390625e+02,6.140000000000000000e+02
1.777823638916015625e+01,1.460044097900390625e+02,6.140000000000000000e+02
1.844570732116699219e+01,1.460044097900390625e+02,6.140000000000000000e+02
1.911317634582519531e+01,1.460044097900390625e+02,6.140000000000000000e+02
1.978064727783203125e+01,1.460044097900390625e+02,6.140000000000000000e+02
2.044811820983886719e+01,1.460044097900390625e+02,6.140000000000000000e+02
2.111558723449707031e+01,1.460044097900390625e+02,6.140000000000000000e+02
2.181853485107421875e+01,1.462422027587890625e+02,6.150000000000000000e+02
2.248709106445312500e+01,1.462422027587890625e+02,6.150000000000000000e+02
2.315564918518066406e+01,1.462422027587890625e+02,6.150000000000000000e+02
2.382420539855957031e+01,1.462422027587890625e+02,6.150000000000000000e+02
2.449276161193847656e+01,1.462422027587890625e+02,6.150000000000000000e+02
2.516132164001464844e+01,1.462422027587890625e+02,6.150000000000000000e+02
2.582987785339355469e+01,1.462422027587890625e+02,6.150000000000000000e+02
2.649843597412109375e+01,1.462422027587890625e+02,6.150000000000000000e+02
2.716699218750000000e+01,1.462422027587890625e+02,6.150000000000000000e+02
2.783554840087890625e+01,1.462422027587890625e+02,6.150000000000000000e+02
2.850410652160644531e+01,1.462422027587890625e+02,6.150000000000000000e+02
2.917266273498535156e+01,1.462422027587890625e+02,6.150000000000000000e+02
2.984121894836425781e+01,1.462422027587890625e+02,6.150000000000000000e+02
3.046016883850097656e+01,1.460044097900390625e+02,6.140000000000000000e+02
3.112763977050781250e+01,1.460044097900390625e+02,6.140000000000000000e+02
3.179510879516601562e+01,1.460044097900390625e+02,6.140000000000000000e+02
3.246257781982421875e+01,1.460044097900390625e+02,6.140000000000000000e+02
3.313005065917968750e+01,1.460044097900390625e+02,6.140000000000000000e+02
3.379751968383789062e+01,1.460044097900390625e+02,6.140000000000000000e+02
0.000000000000000000e+00,0.000000000000000000e+00,0.000000000000000000e+00
3.507524108886718750e+01,1.457666168212890625e+02,6.130000000000000000e+02
3.574162292480468750e+01,1.457666168212890625e+02,6.130000000000000000e+02
3.640800857543945312e+01,1.457666168212890625e+02,6.130000000000000000e+02
3.707439041137695312e+01,1.457666168212890625e+02,6.130000000000000000e+02
3.780234146118164062e+01,1.460044097900390625e+02,6.140000000000000000e+02
3.846981048583984375e+01,1.460044097900390625e+02,6.140000000000000000e+02
3.913727951049804688e+01,1.460044097900390625e+02,6.140000000000000000e+02
3.980474853515625000e+01,1.460044097900390625e+02,6.140000000000000000e+02
4.047221755981445312e+01,1.460044097900390625e+02,6.140000000000000000e+02
4.113969039916992188e+01,1.460044097900390625e+02,6.140000000000000000e+02
4.180715942382812500e+01,1.460044097900390625e+02,6.140000000000000000e+02
4.247462844848632812e+01,1.460044097900390625e+02,6.140000000000000000e+02
4.314210128784179688e+01,1.460044097900390625e+02,6.140000000000000000e+02
4.380957412719726562e+01,1.460044097900390625e+02,6.140000000000000000e+02
4.447704315185546875e+01,1.460044097900390625e+02,6.140000000000000000e+02
4.514451217651367188e+01,1.460044097900390625e+02,6.140000000000000000e+02
4.581198120117187500e+01,1.460044097900390625e+02,6.140000000000000000e+02
4.647945404052734375e+01,1.460044097900390625e+02,6.140000000000000000e+02
4.714692306518554688e+01,1.460044097900390625e+02,6.140000000000000000e+02
4.781439208984375000e+01,1.460044097900390625e+02,6.140000000000000000e+02
4.848186111450195312e+01,1.460044097900390625e+02,6.140000000000000000e+02
4.914933013916015625e+01,1.460044097900390625e+02,6.140000000000000000e+02
4.981680297851562500e+01,1.460044097900390625e+02,6.140000000000000000e+02
5.048427200317382812e+01,1.460044097900390625e+02,6.140000000000000000e+02
5.123505020141601562e+01,1.462422027587890625e+02,6.150000000000000000e+02
5.190360641479492188e+01,1.462422027587890625e+02,6.150000000000000000e+02
5.257216262817382812e+01,1.462422027587890625e+02,6.150000000000000000e+02
5.324072647094726562e+01,1.462422027587890625e+02,6.150000000000000000e+02
5.390928268432617188e+01,1.462422027587890625e+02,6.150000000000000000e+02
5.457783889770507812e+01,1.462422027587890625e+02,6.150000000000000000e+02
5.524639511108398438e+01,1.462422027587890625e+02,6.150000000000000000e+02
5.591495132446289062e+01,1.462422027587890625e+02,6.150000000000000000e+02
5.658351135253906250e+01,1.462422027587890625e+02,6.150000000000000000e+02
5.715897369384765625e+01,1.460044097900390625e+02,6.140000000000000000e+02
5.782644271850585938e+01,1.460044097900390625e+02,6.140000000000000000e+02
5.849391555786132812e+01,1.460044097900390625e+02,6.140000000000000000e+02
5.916138458251953125e+01,1.460044097900390625e+02,6.140000000000000000e+02
5.992629623413085938e+01,1.462422027587890625e+02,6.150000000000000000e+02
6.059485244750976562e+01,1.462422027587890625e+02,6.150000000000000000e+02
6.126340866088867188e+01,1.462422027587890625e+02,6.150000000000000000e+02
6.203266906738281250e+01,1.464799957275390625e+02,6.160000000000000000e+02
6.270231246948242188e+01,1.464799957275390625e+02,6.160000000000000000e+02
6.337195587158203125e+01,1.464799957275390625e+02,6.160000000000000000e+02
6.414556884765625000e+01,1.467177886962890625e+02,6.170000000000000000e+02
6.492134857177734375e+01,1.469555816650390625e+02,6.180000000000000000e+02
6.559317016601562500e+01,1.469555816650390625e+02,6.180000000000000000e+02
6.637220764160156250e+01,1.471933746337890625e+02,6.190000000000000000e+02
6.715342712402343750e+01,1.474311676025390625e+02,6.200000000000000000e+02
6.782742309570312500e+01,1.474311676025390625e+02,6.200000000000000000e+02
6.861190032958984375e+01,1.476689453125000000e+02,6.210000000000000000e+02
6.928697967529296875e+01,1.476689453125000000e+02,6.210000000000000000e+02
7.007471466064453125e+01,1.479067382812500000e+02,6.220000000000000000e+02
7.075088500976562500e+01,1.479067382812500000e+02,6.220000000000000000e+02
7.142704772949218750e+01,1.479067382812500000e+02,6.220000000000000000e+02
7.210321807861328125e+01,1.479067382812500000e+02,6.220000000000000000e+02
7.277938079833984375e+01,1.479067382812500000e+02,6.220000000000000000e+02
7.345555114746093750e+01,1.479067382812500000e+02,6.220000000000000000e+02
7.413171386718750000e+01,1.479067382812500000e+02,6.220000000000000000e+02
7.480789184570312500e+01,1.479067382812500000e+02,6.220000000000000000e+02
7.548405456542968750e+01,1.479067382812500000e+02,6.220000000000000000e+02
7.616022491455078125e+01,1.479067382812500000e+02,6.220000000000000000e+02
7.671286010742187500e+01,1.476689453125000000e+02,6.210000000000000000e+02
7.738793945312500000e+01,1.476689453125000000e+02,6.210000000000000000e+02
7.806301116943359375e+01,1.476689453125000000e+02,6.210000000000000000e+02
7.873809051513671875e+01,1.476689453125000000e+02,6.210000000000000000e+02
7.941316986083984375e+01,1.476689453125000000e+02,6.210000000000000000e+02
8.008825683593750000e+01,1.476689453125000000e+02,6.210000000000000000e+02
8.076333618164062500e+01,1.476689453125000000e+02,6.210000000000000000e+02
8.143841552734375000e+01,1.476689453125000000e+02,6.210000000000000000e+02
8.211349487304687500e+01,1.476689453125000000e+02,6.210000000000000000e+02
8.278857421875000000e+01,1.476689453125000000e+02,6.210000000000000000e+02
8.346365356445312500e+01,1.476689453125000000e+02,6.210000000000000000e+02
8.413873291015625000e+01,1.476689453125000000e+02,6.210000000000000000e+02
8.481381225585937500e+01,1.476689453125000000e+02,6.210000000000000000e+02
8.548889160156250000e+01,1.476689453125000000e+02,6.210000000000000000e+02
8.616397094726562500e+01,1.476689453125000000e+02,6.210000000000000000e+02
8.683905029296875000e+01,1.476689453125000000e+02,6.210000000000000000e+02
8.751412963867187500e+01,1.476689453125000000e+02,6.210000000000000000e+02
8.818920898437500000e+01,1.476689453125000000e+02,6.210000000000000000e+02
8.886428833007812500e+01,1.476689453125000000e+02,6.210000000000000000e+02
8.953936767578125000e+01,1.476689453125000000e+02,6.210000000000000000e+02
9.021444702148437500e+01,1.476689453125000000e+02,6.210000000000000000e+02
9.088952636718750000e+01,1.476689453125000000e+02,6.210000000000000000e+02
9.171205902099609375e+01,1.479067382812500000e+02,6.220000000000000000e+02
9.238822174072265625e+01,1.479067382812500000e+02,6.220000000000000000e+02
9.306439208984375000e+01,1.479067382812500000e+02,6.220000000000000000e+02
9.389126586914062500e+01,1.481445312500000000e+02,6.230000000000000000e+02
9.456851959228515625e+01,1.481445312500000000e+02,6.230000000000000000e+02
9.539865112304687500e+01,1.483823242187500000e+02,6.240000000000000000e+02
9.623096466064453125e+01,1.486201171875000000e+02,6.250000000000000000e+02
9.691039276123046875e+01,1.486201171875000000e+02,6.250000000000000000e+02
9.774596405029296875e+01,1.488579101562500000e+02,6.260000000000000000e+02
9.842647552490234375e+01,1.488579101562500000e+02,6.260000000000000000e+02
9.910699462890625000e+01,1.488579101562500000e+02,6.260000000000000000e+02
9.994691467285156250e+01,1.490957031250000000e+02,6.270000000000000000e+02
1.006285171508789062e+02,1.490957031250000000e+02,6.270000000000000000e+02
1.013101196289062500e+02,1.490957031250000000e+02,6.270000000000000000e+02
1.019917297363281250e+02,1.490957031250000000e+02,6.270000000000000000e+02
1.026733322143554688e+02,1.490957031250000000e+02,6.270000000000000000e+02
1.033549346923828125e+02,1.490957031250000000e+02,6.270000000000000000e+02
1.076159057617187500e+02,1.493334960937500000e+02,6.280000000000000000e+02
1.084710464477539062e+02,1.495712890625000000e+02,6.290000000000000000e+02
1.091548233032226562e+02,1.495712890625000000e+02,6.290000000000000000e+02
1.100132217407226562e+02,1.498090820312500000e+02,6.300000000000000000e+02
1.106980819702148438e+02,1.498090820312500000e+02,6.300000000000000000e+02
1.113829498291015625e+02,1.498090820312500000e+02,6.300000000000000000e+02
1.120678100585937500e+02,1.498090820312500000e+02,6.300000000000000000e+02
1.129316482543945312e+02,1.500468750000000000e+02,6.310000000000000000e+02
1.136175994873046875e+02,1.500468750000000000e+02,6.310000000000000000e+02
1.143035430908203125e+02,1.500468750000000000e+02,6.310000000000000000e+02
1.149894943237304688e+02,1.500468750000000000e+02,6.310000000000000000e+02
1.156754455566406250e+02,1.500468750000000000e+02,6.310000000000000000e+02
1.163613967895507812e+02,1.500468750000000000e+02,6.310000000000000000e+02
1.168618545532226562e+02,1.498090820312500000e+02,6.300000000000000000e+02
1.175467147827148438e+02,1.498090820312500000e+02,6.300000000000000000e+02
1.182315826416015625e+02,1.498090820312500000e+02,6.300000000000000000e+02
1.187276840209960938e+02,1.495712890625000000e+02,6.290000000000000000e+02
1.192216186523437500e+02,1.493334960937500000e+02,6.280000000000000000e+02
1.199043045043945312e+02,1.493334960937500000e+02,6.280000000000000000e+02
1.203949813842773438e+02,1.490957031250000000e+02,6.270000000000000000e+02
1.208834762573242188e+02,1.488579101562500000e+02,6.260000000000000000e+02
1.213697967529296875e+02,1.486201171875000000e+02,6.250000000000000000e+02
1.218539505004882812e+02,1.483823242187500000e+02,6.240000000000000000e+02
1.223359298706054688e+02,1.481445312500000000e+02,6.230000000000000000e+02
1.230131835937500000e+02,1.481445312500000000e+02,6.230000000000000000e+02
1.234918975830078125e+02,1.479067382812500000e+02,6.220000000000000000e+02
1.241680679321289062e+02,1.479067382812500000e+02,6.220000000000000000e+02
1.248442306518554688e+02,1.479067382812500000e+02,6.220000000000000000e+02
1.255204010009765625e+02,1.479067382812500000e+02,6.220000000000000000e+02
1.261965637207031250e+02,1.479067382812500000e+02,6.220000000000000000e+02
1.270767059326171875e+02,1.481445312500000000e+02,6.230000000000000000e+02
1.281640930175781250e+02,1.486201171875000000e+02,6.250000000000000000e+02
-8.314692687988281250e+01,1.481054229736328125e+02,6.200000000000000000e+02
-8.247293853759765625e+01,1.481054229736328125e+02,6.200000000000000000e+02
-8.179894256591796875e+01,1.481054229736328125e+02,6.200000000000000000e+02
-8.112494659423828125e+01,1.481054229736328125e+02,6.200000000000000000e+02
-8.045095825195312500e+01,1.481054229736328125e+02,6.200000000000000000e+02
-7.964829254150390625e+01,1.478665466308593750e+02,6.190000000000000000e+02
-7.910297393798828125e+01,1.481054229736328125e+02,6.200000000000000000e+02
-7.830248260498046875e+01,1.478665466308593750e+02,6.190000000000000000e+02
-7.762957763671875000e+01,1.478665466308593750e+02,6.190000000000000000e+02
-7.695667266845703125e+01,1.478665466308593750e+02,6.190000000000000000e+02
-7.628376770019531250e+01,1.478665466308593750e+02,6.190000000000000000e+02
-7.561086273193359375e+01,1.478665466308593750e+02,6.190000000000000000e+02
-7.493795776367187500e+01,1.478665466308593750e+02,6.190000000000000000e+02
-7.426505279541015625e+01,1.478665466308593750e+02,6.190000000000000000e+02
-7.347325897216796875e+01,1.476276702880859375e+02,6.180000000000000000e+02
-7.280143737792968750e+01,1.476276702880859375e+02,6.180000000000000000e+02
-7.212962341308593750e+01,1.476276702880859375e+02,6.180000000000000000e+02
-7.145780181884765625e+01,1.476276702880859375e+02,6.180000000000000000e+02
-7.078598022460937500e+01,1.476276702880859375e+02,6.180000000000000000e+02
-7.011415863037109375e+01,1.476276702880859375e+02,6.180000000000000000e+02
-6.944234466552734375e+01,1.476276702880859375e+02,6.180000000000000000e+02
-6.877052307128906250e+01,1.476276702880859375e+02,6.180000000000000000e+02
-6.809870910644531250e+01,1.476276702880859375e+02,6.180000000000000000e+02
-6.742688751220703125e+01,1.476276702880859375e+02,6.180000000000000000e+02
-6.686309051513671875e+01,1.478665466308593750e+02,6.190000000000000000e+02
-6.619018554687500000e+01,1.478665466308593750e+02,6.190000000000000000e+02
-6.562312316894531250e+01,1.481054229736328125e+02,6.200000000000000000e+02
-6.494912719726562500e+01,1.481054229736328125e+02,6.200000000000000000e+02
-6.437880706787109375e+01,1.483443145751953125e+02,6.210000000000000000e+02
-6.380630874633789062e+01,1.485831909179687500e+02,6.220000000000000000e+02
-6.313014221191406250e+01,1.485831909179687500e+02,6.220000000000000000e+02
-6.245397567749023438e+01,1.485831909179687500e+02,6.220000000000000000e+02
-6.177780914306640625e+01,1.485831909179687500e+02,6.220000000000000000e+02
-6.110163879394531250e+01,1.485831909179687500e+02,6.220000000000000000e+02
-6.042547225952148438e+01,1.485831909179687500e+02,6.220000000000000000e+02
-5.974930572509765625e+01,1.485831909179687500e+02,6.220000000000000000e+02
-5.897816848754882812e+01,1.483443145751953125e+02,6.210000000000000000e+02
-5.830308914184570312e+01,1.483443145751953125e+02,6.210000000000000000e+02
-5.762800979614257812e+01,1.483443145751953125e+02,6.210000000000000000e+02
-5.695293045043945312e+01,1.483443145751953125e+02,6.210000000000000000e+02
-5.627785110473632812e+01,1.483443145751953125e+02,6.210000000000000000e+02
-5.551323318481445312e+01,1.481054229736328125e+02,6.200000000000000000e+02
-5.483924102783203125e+01,1.481054229736328125e+02,6.200000000000000000e+02
-5.416524887084960938e+01,1.481054229736328125e+02,6.200000000000000000e+02
-5.349125671386718750e+01,1.481054229736328125e+02,6.200000000000000000e+02
-5.273207473754882812e+01,1.478665466308593750e+02,6.190000000000000000e+02
-5.205916976928710938e+01,1.478665466308593750e+02,6.190000000000000000e+02
-5.138626480102539062e+01,1.478665466308593750e+02,6.190000000000000000e+02
-5.071335983276367188e+01,1.478665466308593750e+02,6.190000000000000000e+02
-4.995960617065429688e+01,1.476276702880859375e+02,6.180000000000000000e+02
-4.928778839111328125e+01,1.476276702880859375e+02,6.180000000000000000e+02
-4.861597061157226562e+01,1.476276702880859375e+02,6.180000000000000000e+02
-4.794415283203125000e+01,1.476276702880859375e+02,6.180000000000000000e+02
-4.719584274291992188e+01,1.473887939453125000e+02,6.170000000000000000e+02
-4.652511215209960938e+01,1.473887939453125000e+02,6.170000000000000000e+02
-4.585438156127929688e+01,1.473887939453125000e+02,6.170000000000000000e+02
-4.518365097045898438e+01,1.473887939453125000e+02,6.170000000000000000e+02
-4.451291656494140625e+01,1.473887939453125000e+02,6.170000000000000000e+02
-4.384218597412109375e+01,1.473887939453125000e+02,6.170000000000000000e+02
-4.317145538330078125e+01,1.473887939453125000e+02,6.170000000000000000e+02
-4.250072479248046875e+01,1.473887939453125000e+02,6.170000000000000000e+02
-4.182999420166015625e+01,1.473887939453125000e+02,6.170000000000000000e+02
-4.115926361083984375e+01,1.473887939453125000e+02,6.170000000000000000e+02
-4.048853302001953125e+01,1.473887939453125000e+02,6.170000000000000000e+02
-3.981779479980468750e+01,1.473887939453125000e+02,6.170000000000000000e+02
-3.908361816406250000e+01,1.471499176025390625e+02,6.160000000000000000e+02
-3.847633743286132812e+01,1.473887939453125000e+02,6.170000000000000000e+02
-3.780560302734375000e+01,1.473887939453125000e+02,6.170000000000000000e+02
-3.713487243652343750e+01,1.473887939453125000e+02,6.170000000000000000e+02
-3.640504074096679688e+01,1.471499176025390625e+02,6.160000000000000000e+02
-3.573539733886718750e+01,1.471499176025390625e+02,6.160000000000000000e+02
-3.506575393676757812e+01,1.471499176025390625e+02,6.160000000000000000e+02
-3.439611053466796875e+01,1.471499176025390625e+02,6.160000000000000000e+02
-3.372646713256835938e+01,1.471499176025390625e+02,6.160000000000000000e+02
-3.305681991577148438e+01,1.471499176025390625e+02,6.160000000000000000e+02
-3.238717651367187500e+01,1.471499176025390625e+02,6.160000000000000000e+02
-3.171753120422363281e+01,1.471499176025390625e+02,6.160000000000000000e+02
-3.104788780212402344e+01,1.471499176025390625e+02,6.160000000000000000e+02
-3.037824249267578125e+01,1.471499176025390625e+02,6.160000000000000000e+02
-2.970859909057617188e+01,1.471499176025390625e+02,6.160000000000000000e+02
-2.903895568847656250e+01,1.471499176025390625e+02,6.160000000000000000e+02
-2.836931037902832031e+01,1.471499176025390625e+02,6.160000000000000000e+02
-2.774463462829589844e+01,1.473887939453125000e+02,6.170000000000000000e+02
-2.707390213012695312e+01,1.473887939453125000e+02,6.170000000000000000e+02
-2.640316963195800781e+01,1.473887939453125000e+02,6.170000000000000000e+02
-2.573243904113769531e+01,1.473887939453125000e+02,6.170000000000000000e+02
-2.510232543945312500e+01,1.476276702880859375e+02,6.180000000000000000e+02
-2.443050765991210938e+01,1.476276702880859375e+02,6.180000000000000000e+02
-2.375868988037109375e+01,1.476276702880859375e+02,6.180000000000000000e+02
-2.308687210083007812e+01,1.476276702880859375e+02,6.180000000000000000e+02
-2.241505432128906250e+01,1.476276702880859375e+02,6.180000000000000000e+02
-2.174323272705078125e+01,1.476276702880859375e+02,6.180000000000000000e+02
-2.110551071166992188e+01,1.478665466308593750e+02,6.190000000000000000e+02
-2.043260574340820312e+01,1.478665466308593750e+02,6.190000000000000000e+02
-1.975970077514648438e+01,1.478665466308593750e+02,6.190000000000000000e+02
-1.911763000488281250e+01,1.481054229736328125e+02,6.200000000000000000e+02
-1.844363784790039062e+01,1.481054229736328125e+02,6.200000000000000000e+02
-1.779830551147460938e+01,1.483443145751953125e+02,6.210000000000000000e+02
-1.712322616577148438e+01,1.483443145751953125e+02,6.210000000000000000e+02
-1.644814682006835938e+01,1.483443145751953125e+02,6.210000000000000000e+02
-1.577306652069091797e+01,1.483443145751953125e+02,6.210000000000000000e+02
-1.512229824066162109e+01,1.485831909179687500e+02,6.220000000000000000e+02
-1.442290687561035156e+01,1.483443145751953125e+02,6.210000000000000000e+02
-1.374782752990722656e+01,1.483443145751953125e+02,6.210000000000000000e+02
-1.307274818420410156e+01,1.483443145751953125e+02,6.210000000000000000e+02
-1.237770366668701172e+01,1.481054229736328125e+02,6.200000000000000000e+02
-1.170371055603027344e+01,1.481054229736328125e+02,6.200000000000000000e+02
-1.101192855834960938e+01,1.478665466308593750e+02,6.190000000000000000e+02
-1.032232093811035156e+01,1.476276702880859375e+02,6.180000000000000000e+02
-9.650502204895019531e+00,1.476276702880859375e+02,6.180000000000000000e+02
-8.964154243469238281e+00,1.473887939453125000e+02,6.170000000000000000e+02
-8.279981613159179688e+00,1.471499176025390625e+02,6.160000000000000000e+02
-7.610337257385253906e+00,1.471499176025390625e+02,6.160000000000000000e+02
-6.940693378448486328e+00,1.471499176025390625e+02,6.160000000000000000e+02
-6.271049022674560547e+00,1.471499176025390625e+02,6.160000000000000000e+02
-5.601404190063476562e+00,1.471499176025390625e+02,6.160000000000000000e+02
-4.931760311126708984e+00,1.471499176025390625e+02,6.160000000000000000e+02
-4.255197048187255859e+00,1.469110260009765625e+02,6.150000000000000000e+02
-3.586639642715454102e+00,1.469110260009765625e+02,6.150000000000000000e+02
-2.913337707519531250e+00,1.466721496582031250e+02,6.140000000000000000e+02
-2.245867490768432617e+00,1.466721496582031250e+02,6.140000000000000000e+02
-1.578397274017333984e+00,1.466721496582031250e+02,6.140000000000000000e+02
-9.094436764717102051e-01,1.464332733154296875e+02,6.130000000000000000e+02
-2.430606186389923096e-01,1.464332733154296875e+02,6.130000000000000000e+02
4.233224391937255859e-01,1.464332733154296875e+02,6.130000000000000000e+02
1.089705467224121094e+00,1.464332733154296875e+02,6.130000000000000000e+02
1.756088495254516602e+00,1.464332733154296875e+02,6.130000000000000000e+02
2.422471523284912109e+00,1.464332733154296875e+02,6.130000000000000000e+02
3.088854789733886719e+00,1.464332733154296875e+02,6.130000000000000000e+02
3.755237817764282227e+00,1.464332733154296875e+02,6.130000000000000000e+02
4.421620845794677734e+00,1.464332733154296875e+02,6.130000000000000000e+02
5.088003635406494141e+00,1.464332733154296875e+02,6.130000000000000000e+02
5.754386425018310547e+00,1.464332733154296875e+02,6.130000000000000000e+02
6.420769691467285156e+00,1.464332733154296875e+02,6.130000000000000000e+02
7.087152481079101562e+00,1.464332733154296875e+02,6.130000000000000000e+02
7.753535747528076172e+00,1.464332733154296875e+02,6.130000000000000000e+02
8.419919013977050781e+00,1.464332733154296875e+02,6.130000000000000000e+02
9.086301803588867188e+00,1.464332733154296875e+02,6.130000000000000000e+02
9.752684593200683594e+00,1.464332733154296875e+02,6.130000000000000000e+02
1.041906738281250000e+01,1.464332733154296875e+02,6.130000000000000000e+02
1.108545112609863281e+01,1.464332733154296875e+02,6.130000000000000000e+02
1.175183391571044922e+01,1.464332733154296875e+02,6.130000000000000000e+02
1.241821670532226562e+01,1.464332733154296875e+02,6.130000000000000000e+02
1.308460044860839844e+01,1.464332733154296875e+02,6.130000000000000000e+02
1.375098323822021484e+01,1.464332733154296875e+02,6.130000000000000000e+02
1.441736602783203125e+01,1.464332733154296875e+02,6.130000000000000000e+02
1.508374881744384766e+01,1.464332733154296875e+02,6.130000000000000000e+02
1.575013256072998047e+01,1.464332733154296875e+02,6.130000000000000000e+02
1.641651535034179688e+01,1.464332733154296875e+02,6.130000000000000000e+02
1.708289909362792969e+01,1.464332733154296875e+02,6.130000000000000000e+02
1.774928092956542969e+01,1.464332733154296875e+02,6.130000000000000000e+02
1.841566467285156250e+01,1.464332733154296875e+02,6.130000000000000000e+02
1.908204841613769531e+01,1.464332733154296875e+02,6.130000000000000000e+02
1.978064727783203125e+01,1.466721496582031250e+02,6.140000000000000000e+02
2.044811820983886719e+01,1.466721496582031250e+02,6.140000000000000000e+02
2.111558723449707031e+01,1.466721496582031250e+02,6.140000000000000000e+02
2.178305625915527344e+01,1.466721496582031250e+02,6.140000000000000000e+02
2.245052719116210938e+01,1.466721496582031250e+02,6.140000000000000000e+02
2.311799621582031250e+01,1.466721496582031250e+02,6.140000000000000000e+02
2.382420539855957031e+01,1.469110260009765625e+02,6.150000000000000000e+02
2.449276161193847656e+01,1.469110260009765625e+02,6.150000000000000000e+02
2.516132164001464844e+01,1.469110260009765625e+02,6.150000000000000000e+02
2.582987785339355469e+01,1.469110260009765625e+02,6.150000000000000000e+02
2.649843597412109375e+01,1.469110260009765625e+02,6.150000000000000000e+02
2.716699218750000000e+01,1.469110260009765625e+02,6.150000000000000000e+02
2.783554840087890625e+01,1.469110260009765625e+02,6.150000000000000000e+02
2.845775794982910156e+01,1.466721496582031250e+02,6.140000000000000000e+02
2.912522697448730469e+01,1.466721496582031250e+02,6.140000000000000000e+02
2.979269790649414062e+01,1.466721496582031250e+02,6.140000000000000000e+02
3.046016883850097656e+01,1.466721496582031250e+02,6.140000000000000000e+02
3.112763977050781250e+01,1.466721496582031250e+02,6.140000000000000000e+02
3.179510879516601562e+01,1.466721496582031250e+02,6.140000000000000000e+02
3.240970993041992188e+01,1.464332733154296875e+02,6.130000000000000000e+02
3.307609176635742188e+01,1.464332733154296875e+02,6.130000000000000000e+02
3.374247360229492188e+01,1.464332733154296875e+02,6.130000000000000000e+02
3.440885543823242188e+01,1.464332733154296875e+02,6.130000000000000000e+02
3.507524108886718750e+01,1.464332733154296875e+02,6.130000000000000000e+02
3.574162292480468750e+01,1.464332733154296875e+02,6.130000000000000000e+02
3.640800857543945312e+01,1.464332733154296875e+02,6.130000000000000000e+02
3.707439041137695312e+01,1.464332733154296875e+02,6.130000000000000000e+02
3.774077224731445312e+01,1.464332733154296875e+02,6.130000000000000000e+02
3.840715408325195312e+01,1.464332733154296875e+02,6.130000000000000000e+02
3.907353973388671875e+01,1.464332733154296875e+02,6.130000000000000000e+02
3.973992156982421875e+01,1.464332733154296875e+02,6.130000000000000000e+02
4.040630340576171875e+01,1.464332733154296875e+02,6.130000000000000000e+02
4.113969039916992188e+01,1.466721496582031250e+02,6.140000000000000000e+02
4.180715942382812500e+01,1.466721496582031250e+02,6.140000000000000000e+02
4.247462844848632812e+01,1.466721496582031250e+02,6.140000000000000000e+02
4.314210128784179688e+01,1.466721496582031250e+02,6.140000000000000000e+02
4.380957412719726562e+01,1.466721496582031250e+02,6.140000000000000000e+02
4.447704315185546875e+01,1.466721496582031250e+02,6.140000000000000000e+02
4.514451217651367188e+01,1.466721496582031250e+02,6.140000000000000000e+02
4.581198120117187500e+01,1.466721496582031250e+02,6.140000000000000000e+02
4.647945404052734375e+01,1.466721496582031250e+02,6.140000000000000000e+02
4.714692306518554688e+01,1.466721496582031250e+02,6.140000000000000000e+02
4.781439208984375000e+01,1.466721496582031250e+02,6.140000000000000000e+02
4.848186111450195312e+01,1.466721496582031250e+02,6.140000000000000000e+02
4.914933013916015625e+01,1.466721496582031250e+02,6.140000000000000000e+02
4.981680297851562500e+01,1.466721496582031250e+02,6.140000000000000000e+02
5.048427200317382812e+01,1.466721496582031250e+02,6.140000000000000000e+02
5.115174102783203125e+01,1.466721496582031250e+02,6.140000000000000000e+02
5.181921005249023438e+01,1.466721496582031250e+02,6.140000000000000000e+02
5.248667907714843750e+01,1.466721496582031250e+02,6.140000000000000000e+02
5.315415573120117188e+01,1.466721496582031250e+02,6.140000000000000000e+02
5.382162475585937500e+01,1.466721496582031250e+02,6.140000000000000000e+02
5.448909378051757812e+01,1.466721496582031250e+02,6.140000000000000000e+02
5.515656280517578125e+01,1.466721496582031250e+02,6.140000000000000000e+02
5.582403564453125000e+01,1.466721496582031250e+02,6.140000000000000000e+02
5.649150466918945312e+01,1.466721496582031250e+02,6.140000000000000000e+02
5.715897369384765625e+01,1.466721496582031250e+02,6.140000000000000000e+02
5.782644271850585938e+01,1.466721496582031250e+02,6.140000000000000000e+02
5.849391555786132812e+01,1.466721496582031250e+02,6.140000000000000000e+02
5.916138458251953125e+01,1.466721496582031250e+02,6.140000000000000000e+02
5.982885360717773438e+01,1.466721496582031250e+02,6.140000000000000000e+02
6.059485244750976562e+01,1.469110260009765625e+02,6.150000000000000000e+02
6.126340866088867188e+01,1.469110260009765625e+02,6.150000000000000000e+02
6.203266906738281250e+01,1.471499176025390625e+02,6.160000000000000000e+02
6.270231246948242188e+01,1.471499176025390625e+02,6.160000000000000000e+02
6.337195587158203125e+01,1.471499176025390625e+02,6.160000000000000000e+02
6.414556884765625000e+01,1.473887939453125000e+02,6.170000000000000000e+02
6.492134857177734375e+01,1.476276702880859375e+02,6.180000000000000000e+02
6.569930267333984375e+01,1.478665466308593750e+02,6.190000000000000000e+02
6.637220764160156250e+01,1.478665466308593750e+02,6.190000000000000000e+02
6.715342712402343750e+01,1.481054229736328125e+02,6.200000000000000000e+02
6.793682098388671875e+01,1.483443145751953125e+02,6.210000000000000000e+02
6.872238159179687500e+01,1.485831909179687500e+02,6.220000000000000000e+02
6.939855194091796875e+01,1.485831909179687500e+02,6.220000000000000000e+02
7.018737792968750000e+01,1.488220672607421875e+02,6.230000000000000000e+02
7.086463165283203125e+01,1.488220672607421875e+02,6.230000000000000000e+02
7.154188537597656250e+01,1.488220672607421875e+02,6.230000000000000000e+02
7.221913909912109375e+01,1.488220672607421875e+02,6.230000000000000000e+02
7.289639282226562500e+01,1.488220672607421875e+02,6.230000000000000000e+02
7.357364654541015625e+01,1.488220672607421875e+02,6.230000000000000000e+02
7.425090026855468750e+01,1.488220672607421875e+02,6.230000000000000000e+02
7.492816162109375000e+01,1.488220672607421875e+02,6.230000000000000000e+02
7.560541534423828125e+01,1.488220672607421875e+02,6.230000000000000000e+02
7.628266906738281250e+01,1.488220672607421875e+02,6.230000000000000000e+02
7.683638763427734375e+01,1.485831909179687500e+02,6.220000000000000000e+02
7.751255798339843750e+01,1.485831909179687500e+02,6.220000000000000000e+02
7.818871307373046875e+01,1.485831909179687500e+02,6.220000000000000000e+02
7.886488342285156250e+01,1.485831909179687500e+02,6.220000000000000000e+02
7.954104614257812500e+01,1.485831909179687500e+02,6.220000000000000000e+02
8.021722412109375000e+01,1.485831909179687500e+02,6.220000000000000000e+02
8.089339447021484375e+01,1.485831909179687500e+02,6.220000000000000000e+02
8.156955718994140625e+01,1.485831909179687500e+02,6.220000000000000000e+02
8.224572753906250000e+01,1.485831909179687500e+02,6.220000000000000000e+02
8.292189025878906250e+01,1.485831909179687500e+02,6.220000000000000000e+02
8.359806060791015625e+01,1.485831909179687500e+02,6.220000000000000000e+02
8.427422332763671875e+01,1.485831909179687500e+02,6.220000000000000000e+02
8.495039367675781250e+01,1.485831909179687500e+02,6.220000000000000000e+02
8.576422119140625000e+01,1.488220672607421875e+02,6.230000000000000000e+02
8.644147491455078125e+01,1.488220672607421875e+02,6.230000000000000000e+02
8.711872863769531250e+01,1.488220672607421875e+02,6.230000000000000000e+02
8.779598236083984375e+01,1.488220672607421875e+02,6.230000000000000000e+02
8.847323608398437500e+01,1.488220672607421875e+02,6.230000000000000000e+02
8.915048980712890625e+01,1.488220672607421875e+02,6.230000000000000000e+02
8.968355560302734375e+01,1.485831909179687500e+02,6.220000000000000000e+02
9.035972595214843750e+01,1.485831909179687500e+02,6.220000000000000000e+02
9.118225097656250000e+01,1.488220672607421875e+02,6.230000000000000000e+02
9.185950469970703125e+01,1.488220672607421875e+02,6.230000000000000000e+02
9.253675842285156250e+01,1.488220672607421875e+02,6.230000000000000000e+02
9.321401214599609375e+01,1.488220672607421875e+02,6.230000000000000000e+02
9.404196929931640625e+01,1.490609436035156250e+02,6.240000000000000000e+02
9.472031402587890625e+01,1.490609436035156250e+02,6.240000000000000000e+02
9.555153656005859375e+01,1.492998352050781250e+02,6.250000000000000000e+02
9.638493347167968750e+01,1.495387115478515625e+02,6.260000000000000000e+02
9.706544494628906250e+01,1.495387115478515625e+02,6.260000000000000000e+02
9.774596405029296875e+01,1.495387115478515625e+02,6.260000000000000000e+02
9.858370971679687500e+01,1.497775878906250000e+02,6.270000000000000000e+02
9.926531219482421875e+01,1.497775878906250000e+02,6.270000000000000000e+02
9.994691467285156250e+01,1.497775878906250000e+02,6.270000000000000000e+02
1.007890090942382812e+02,1.500164642333984375e+02,6.280000000000000000e+02
1.013101196289062500e+02,1.497775878906250000e+02,6.270000000000000000e+02
1.106980819702148438e+02,1.504942321777343750e+02,6.300000000000000000e+02
1.113829498291015625e+02,1.504942321777343750e+02,6.300000000000000000e+02
1.120678100585937500e+02,1.504942321777343750e+02,6.300000000000000000e+02
1.127526702880859375e+02,1.504942321777343750e+02,6.300000000000000000e+02
1.136175994873046875e+02,1.507331085205078125e+02,6.310000000000000000e+02
1.143035430908203125e+02,1.507331085205078125e+02,6.310000000000000000e+02
1.149894943237304688e+02,1.507331085205078125e+02,6.310000000000000000e+02
1.156754455566406250e+02,1.507331085205078125e+02,6.310000000000000000e+02
1.161769866943359375e+02,1.504942321777343750e+02,6.300000000000000000e+02
1.168618545532226562e+02,1.504942321777343750e+02,6.300000000000000000e+02
1.175467147827148438e+02,1.504942321777343750e+02,6.300000000000000000e+02
1.180439071655273438e+02,1.502553405761718750e+02,6.290000000000000000e+02
1.187276840209960938e+02,1.502553405761718750e+02,6.290000000000000000e+02
1.192216186523437500e+02,1.500164642333984375e+02,6.280000000000000000e+02
1.197133789062500000e+02,1.497775878906250000e+02,6.270000000000000000e+02
1.203949813842773438e+02,1.497775878906250000e+02,6.270000000000000000e+02
1.208834762573242188e+02,1.495387115478515625e+02,6.260000000000000000e+02
1.213697967529296875e+02,1.492998352050781250e+02,6.250000000000000000e+02
1.218539505004882812e+02,1.490609436035156250e+02,6.240000000000000000e+02
1.223359298706054688e+02,1.488220672607421875e+02,6.230000000000000000e+02
1.228157348632812500e+02,1.485831909179687500e+02,6.220000000000000000e+02
1.232933578491210938e+02,1.483443145751953125e+02,6.210000000000000000e+02
1.239684371948242188e+02,1.483443145751953125e+02,6.210000000000000000e+02
1.246435165405273438e+02,1.483443145751953125e+02,6.210000000000000000e+02
1.253185958862304688e+02,1.483443145751953125e+02,6.210000000000000000e+02
1.259936752319335938e+02,1.483443145751953125e+02,6.210000000000000000e+02
1.268727340698242188e+02,1.485831909179687500e+02,6.220000000000000000e+02
1.277539596557617188e+02,1.488220672607421875e+02,6.230000000000000000e+02
-8.166700744628906250e+01,1.485397338867187500e+02,6.190000000000000000e+02
-8.099410247802734375e+01,1.485397338867187500e+02,6.190000000000000000e+02
-8.032119750976562500e+01,1.485397338867187500e+02,6.190000000000000000e+02
-7.964829254150390625e+01,1.485397338867187500e+02,6.190000000000000000e+02
-7.897538757324218750e+01,1.485397338867187500e+02,6.190000000000000000e+02
-7.830248260498046875e+01,1.485397338867187500e+02,6.190000000000000000e+02
-7.762957763671875000e+01,1.485397338867187500e+02,6.190000000000000000e+02
-7.695667266845703125e+01,1.485397338867187500e+02,6.190000000000000000e+02
-7.628376770019531250e+01,1.485397338867187500e+02,6.190000000000000000e+02
-7.548870849609375000e+01,1.482997589111328125e+02,6.180000000000000000e+02
-7.481689453125000000e+01,1.482997589111328125e+02,6.180000000000000000e+02
-7.414507293701171875e+01,1.482997589111328125e+02,6.180000000000000000e+02
-7.347325897216796875e+01,1.482997589111328125e+02,6.180000000000000000e+02
-7.280143737792968750e+01,1.482997589111328125e+02,6.180000000000000000e+02
-7.201290893554687500e+01,1.480597991943359375e+02,6.170000000000000000e+02
-7.134217834472656250e+01,1.480597991943359375e+02,6.170000000000000000e+02
-7.067144012451171875e+01,1.480597991943359375e+02,6.170000000000000000e+02
-7.000070953369140625e+01,1.480597991943359375e+02,6.170000000000000000e+02
-6.932997894287109375e+01,1.480597991943359375e+02,6.170000000000000000e+02
-6.854796600341796875e+01,1.478198242187500000e+02,6.160000000000000000e+02
-6.787832641601562500e+01,1.478198242187500000e+02,6.160000000000000000e+02
-6.720867919921875000e+01,1.478198242187500000e+02,6.160000000000000000e+02
-6.664705657958984375e+01,1.480597991943359375e+02,6.170000000000000000e+02
-6.608325195312500000e+01,1.482997589111328125e+02,6.180000000000000000e+02
-6.541143798828125000e+01,1.482997589111328125e+02,6.180000000000000000e+02
-6.484437561035156250e+01,1.485397338867187500e+02,6.190000000000000000e+02
-6.417147064208984375e+01,1.485397338867187500e+02,6.190000000000000000e+02
-6.360114669799804688e+01,1.487796936035156250e+02,6.200000000000000000e+02
-6.292715454101562500e+01,1.487796936035156250e+02,6.200000000000000000e+02
-6.225315856933593750e+01,1.487796936035156250e+02,6.200000000000000000e+02
-6.157916641235351562e+01,1.487796936035156250e+02,6.200000000000000000e+02
-6.100340652465820312e+01,1.490196685791015625e+02,6.210000000000000000e+02
-6.023117828369140625e+01,1.487796936035156250e+02,6.200000000000000000e+02
-5.955718612670898438e+01,1.487796936035156250e+02,6.200000000000000000e+02
-5.888319396972656250e+01,1.487796936035156250e+02,6.200000000000000000e+02
-5.811531448364257812e+01,1.485397338867187500e+02,6.190000000000000000e+02
-5.744240951538085938e+01,1.485397338867187500e+02,6.190000000000000000e+02
-5.676950454711914062e+01,1.485397338867187500e+02,6.190000000000000000e+02
-5.609659957885742188e+01,1.485397338867187500e+02,6.190000000000000000e+02
-5.542369461059570312e+01,1.485397338867187500e+02,6.190000000000000000e+02
-5.475078964233398438e+01,1.485397338867187500e+02,6.190000000000000000e+02
-5.407788467407226562e+01,1.485397338867187500e+02,6.190000000000000000e+02
-5.340497970581054688e+01,1.485397338867187500e+02,6.190000000000000000e+02
-5.273207473754882812e+01,1.485397338867187500e+02,6.190000000000000000e+02
-5.205916976928710938e+01,1.485397338867187500e+02,6.190000000000000000e+02
-5.130324935913085938e+01,1.482997589111328125e+02,6.180000000000000000e+02
-5.063143157958984375e+01,1.482997589111328125e+02,6.180000000000000000e+02
-4.995960617065429688e+01,1.482997589111328125e+02,6.180000000000000000e+02
-4.928778839111328125e+01,1.482997589111328125e+02,6.180000000000000000e+02
-4.861597061157226562e+01,1.482997589111328125e+02,6.180000000000000000e+02
-4.786657333374023438e+01,1.480597991943359375e+02,6.170000000000000000e+02
-4.719584274291992188e+01,1.480597991943359375e+02,6.170000000000000000e+02
-4.652511215209960938e+01,1.480597991943359375e+02,6.170000000000000000e+02
-4.578006362915039062e+01,1.478198242187500000e+02,6.160000000000000000e+02
-4.511041641235351562e+01,1.478198242187500000e+02,6.160000000000000000e+02
-4.444077301025390625e+01,1.478198242187500000e+02,6.160000000000000000e+02
-4.377112960815429688e+01,1.478198242187500000e+02,6.160000000000000000e+02
-4.310148620605468750e+01,1.478198242187500000e+02,6.160000000000000000e+02
-4.243184280395507812e+01,1.478198242187500000e+02,6.160000000000000000e+02
-4.176219940185546875e+01,1.478198242187500000e+02,6.160000000000000000e+02
-4.109255218505859375e+01,1.478198242187500000e+02,6.160000000000000000e+02
-4.042290878295898438e+01,1.478198242187500000e+02,6.160000000000000000e+02
-3.975326156616210938e+01,1.478198242187500000e+02,6.160000000000000000e+02
-3.908361816406250000e+01,1.478198242187500000e+02,6.160000000000000000e+02
-3.841397476196289062e+01,1.478198242187500000e+02,6.160000000000000000e+02
-3.774433135986328125e+01,1.478198242187500000e+02,6.160000000000000000e+02
-3.707468414306640625e+01,1.478198242187500000e+02,6.160000000000000000e+02
-3.640504074096679688e+01,1.478198242187500000e+02,6.160000000000000000e+02
-3.573539733886718750e+01,1.478198242187500000e+02,6.160000000000000000e+02
-3.506575393676757812e+01,1.478198242187500000e+02,6.160000000000000000e+02
-3.439611053466796875e+01,1.478198242187500000e+02,6.160000000000000000e+02
-3.372646713256835938e+01,1.478198242187500000e+02,6.160000000000000000e+02
-3.305681991577148438e+01,1.478198242187500000e+02,6.160000000000000000e+02
-3.233460235595703125e+01,1.475798645019531250e+02,6.150000000000000000e+02
-3.166604232788085938e+01,1.475798645019531250e+02,6.150000000000000000e+02
-3.099748420715332031e+01,1.475798645019531250e+02,6.150000000000000000e+02
-3.037824249267578125e+01,1.478198242187500000e+02,6.160000000000000000e+02
-2.970859909057617188e+01,1.478198242187500000e+02,6.160000000000000000e+02
-2.903895568847656250e+01,1.478198242187500000e+02,6.160000000000000000e+02
-2.836931037902832031e+01,1.478198242187500000e+02,6.160000000000000000e+02
-2.769966697692871094e+01,1.478198242187500000e+02,6.160000000000000000e+02
-2.703002357482910156e+01,1.478198242187500000e+02,6.160000000000000000e+02
-2.636037635803222656e+01,1.478198242187500000e+02,6.160000000000000000e+02
-2.573243904113769531e+01,1.480597991943359375e+02,6.170000000000000000e+02
-2.506170654296875000e+01,1.480597991943359375e+02,6.170000000000000000e+02
-2.439097595214843750e+01,1.480597991943359375e+02,6.170000000000000000e+02
-2.372024536132812500e+01,1.480597991943359375e+02,6.170000000000000000e+02
-2.304951477050781250e+01,1.480597991943359375e+02,6.170000000000000000e+02
-2.237878227233886719e+01,1.480597991943359375e+02,6.170000000000000000e+02
-2.174323272705078125e+01,1.482997589111328125e+02,6.180000000000000000e+02
-2.107141494750976562e+01,1.482997589111328125e+02,6.180000000000000000e+02
-2.039959716796875000e+01,1.482997589111328125e+02,6.180000000000000000e+02
-1.975970077514648438e+01,1.485397338867187500e+02,6.190000000000000000e+02
-1.908679580688476562e+01,1.485397338867187500e+02,6.190000000000000000e+02
-1.844363784790039062e+01,1.487796936035156250e+02,6.200000000000000000e+02
-1.776964378356933594e+01,1.487796936035156250e+02,6.200000000000000000e+02
-1.712322616577148438e+01,1.490196685791015625e+02,6.210000000000000000e+02
-1.644814682006835938e+01,1.490196685791015625e+02,6.210000000000000000e+02
-1.577306652069091797e+01,1.490196685791015625e+02,6.210000000000000000e+02
-1.509798622131347656e+01,1.490196685791015625e+02,6.210000000000000000e+02
-1.442290687561035156e+01,1.490196685791015625e+02,6.210000000000000000e+02
-1.372568893432617188e+01,1.487796936035156250e+02,6.200000000000000000e+02
-1.305169677734375000e+01,1.487796936035156250e+02,6.200000000000000000e+02
-1.235773944854736328e+01,1.485397338867187500e+02,6.190000000000000000e+02
-1.168483352661132812e+01,1.485397338867187500e+02,6.190000000000000000e+02
-1.099413871765136719e+01,1.482997589111328125e+02,6.180000000000000000e+02
-1.032232093811035156e+01,1.482997589111328125e+02,6.180000000000000000e+02
-9.634885787963867188e+00,1.480597991943359375e+02,6.170000000000000000e+02
-8.949625968933105469e+00,1.478198242187500000e+02,6.160000000000000000e+02
-8.279981613159179688e+00,1.478198242187500000e+02,6.160000000000000000e+02
-7.610337257385253906e+00,1.478198242187500000e+02,6.160000000000000000e+02
-6.929426193237304688e+00,1.475798645019531250e+02,6.150000000000000000e+02
-6.260868549346923828e+00,1.475798645019531250e+02,6.150000000000000000e+02
-5.592310905456542969e+00,1.475798645019531250e+02,6.150000000000000000e+02
-4.923754215240478516e+00,1.475798645019531250e+02,6.150000000000000000e+02
-4.255197048187255859e+00,1.475798645019531250e+02,6.150000000000000000e+02
-3.586639642715454102e+00,1.475798645019531250e+02,6.150000000000000000e+02
-2.913337707519531250e+00,1.473398895263671875e+02,6.140000000000000000e+02
-2.245867490768432617e+00,1.473398895263671875e+02,6.140000000000000000e+02
-1.578397274017333984e+00,1.473398895263671875e+02,6.140000000000000000e+02
-9.094436764717102051e-01,1.470999298095703125e+02,6.130000000000000000e+02
-2.430606186389923096e-01,1.470999298095703125e+02,6.130000000000000000e+02
4.233224391937255859e-01,1.470999298095703125e+02,6.130000000000000000e+02
1.089705467224121094e+00,1.470999298095703125e+02,6.130000000000000000e+02
1.756088495254516602e+00,1.470999298095703125e+02,6.130000000000000000e+02
2.422471523284912109e+00,1.470999298095703125e+02,6.130000000000000000e+02
3.083815813064575195e+00,1.468599548339843750e+02,6.120000000000000000e+02
3.749111652374267578e+00,1.468599548339843750e+02,6.120000000000000000e+02
4.421620845794677734e+00,1.470999298095703125e+02,6.130000000000000000e+02
5.088003635406494141e+00,1.470999298095703125e+02,6.130000000000000000e+02
5.754386425018310547e+00,1.470999298095703125e+02,6.130000000000000000e+02
6.420769691467285156e+00,1.470999298095703125e+02,6.130000000000000000e+02
7.087152481079101562e+00,1.470999298095703125e+02,6.130000000000000000e+02
7.753535747528076172e+00,1.470999298095703125e+02,6.130000000000000000e+02
8.419919013977050781e+00,1.470999298095703125e+02,6.130000000000000000e+02
9.086301803588867188e+00,1.470999298095703125e+02,6.130000000000000000e+02
9.752684593200683594e+00,1.470999298095703125e+02,6.130000000000000000e+02
1.041906738281250000e+01,1.470999298095703125e+02,6.130000000000000000e+02
1.108545112609863281e+01,1.470999298095703125e+02,6.130000000000000000e+02
1.175183391571044922e+01,1.470999298095703125e+02,6.130000000000000000e+02
1.241821670532226562e+01,1.470999298095703125e+02,6.130000000000000000e+02
1.308460044860839844e+01,1.470999298095703125e+02,6.130000000000000000e+02
1.375098323822021484e+01,1.470999298095703125e+02,6.130000000000000000e+02
1.441736602783203125e+01,1.470999298095703125e+02,6.130000000000000000e+02
1.508374881744384766e+01,1.470999298095703125e+02,6.130000000000000000e+02
1.575013256072998047e+01,1.470999298095703125e+02,6.130000000000000000e+02
1.641651535034179688e+01,1.470999298095703125e+02,6.130000000000000000e+02
1.708289909362792969e+01,1.470999298095703125e+02,6.130000000000000000e+02
1.774928092956542969e+01,1.470999298095703125e+02,6.130000000000000000e+02
1.841566467285156250e+01,1.470999298095703125e+02,6.130000000000000000e+02
1.908204841613769531e+01,1.470999298095703125e+02,6.130000000000000000e+02
1.974843215942382812e+01,1.470999298095703125e+02,6.130000000000000000e+02
2.041481399536132812e+01,1.470999298095703125e+02,6.130000000000000000e+02
2.108119773864746094e+01,1.470999298095703125e+02,6.130000000000000000e+02
2.178305625915527344e+01,1.473398895263671875e+02,6.140000000000000000e+02
2.245052719116210938e+01,1.473398895263671875e+02,6.140000000000000000e+02
2.311799621582031250e+01,1.473398895263671875e+02,6.140000000000000000e+02
2.378546714782714844e+01,1.473398895263671875e+02,6.140000000000000000e+02
2.445293617248535156e+01,1.473398895263671875e+02,6.140000000000000000e+02
2.512040901184082031e+01,1.473398895263671875e+02,6.140000000000000000e+02
2.578787803649902344e+01,1.473398895263671875e+02,6.140000000000000000e+02
2.645534896850585938e+01,1.473398895263671875e+02,6.140000000000000000e+02
2.712281799316406250e+01,1.473398895263671875e+02,6.140000000000000000e+02
2.779028701782226562e+01,1.473398895263671875e+02,6.140000000000000000e+02
2.845775794982910156e+01,1.473398895263671875e+02,6.140000000000000000e+02
2.912522697448730469e+01,1.473398895263671875e+02,6.140000000000000000e+02
2.979269790649414062e+01,1.473398895263671875e+02,6.140000000000000000e+02
3.046016883850097656e+01,1.473398895263671875e+02,6.140000000000000000e+02
3.107694244384765625e+01,1.470999298095703125e+02,6.130000000000000000e+02
3.174332618713378906e+01,1.470999298095703125e+02,6.130000000000000000e+02
3.240970993041992188e+01,1.470999298095703125e+02,6.130000000000000000e+02
3.307609176635742188e+01,1.470999298095703125e+02,6.130000000000000000e+02
3.374247360229492188e+01,1.470999298095703125e+02,6.130000000000000000e+02
3.440885543823242188e+01,1.470999298095703125e+02,6.130000000000000000e+02
3.501802444458007812e+01,1.468599548339843750e+02,6.120000000000000000e+02
3.568331909179687500e+01,1.468599548339843750e+02,6.120000000000000000e+02
3.634861373901367188e+01,1.468599548339843750e+02,6.120000000000000000e+02
3.707439041137695312e+01,1.470999298095703125e+02,6.130000000000000000e+02
3.774077224731445312e+01,1.470999298095703125e+02,6.130000000000000000e+02
3.840715408325195312e+01,1.470999298095703125e+02,6.130000000000000000e+02
3.907353973388671875e+01,1.470999298095703125e+02,6.130000000000000000e+02
3.973992156982421875e+01,1.470999298095703125e+02,6.130000000000000000e+02
4.040630340576171875e+01,1.470999298095703125e+02,6.130000000000000000e+02
4.107268524169921875e+01,1.470999298095703125e+02,6.130000000000000000e+02
4.173907089233398438e+01,1.470999298095703125e+02,6.130000000000000000e+02
4.240545272827148438e+01,1.470999298095703125e+02,6.130000000000000000e+02
4.307183837890625000e+01,1.470999298095703125e+02,6.130000000000000000e+02
4.373822021484375000e+01,1.470999298095703125e+02,6.130000000000000000e+02
4.440460586547851562e+01,1.470999298095703125e+02,6.130000000000000000e+02
4.507098770141601562e+01,1.470999298095703125e+02,6.130000000000000000e+02
4.573736953735351562e+01,1.470999298095703125e+02,6.130000000000000000e+02
4.640375137329101562e+01,1.470999298095703125e+02,6.130000000000000000e+02
4.714692306518554688e+01,1.473398895263671875e+02,6.140000000000000000e+02
4.781439208984375000e+01,1.473398895263671875e+02,6.140000000000000000e+02
4.848186111450195312e+01,1.473398895263671875e+02,6.140000000000000000e+02
4.914933013916015625e+01,1.473398895263671875e+02,6.140000000000000000e+02
4.981680297851562500e+01,1.473398895263671875e+02,6.140000000000000000e+02
5.048427200317382812e+01,1.473398895263671875e+02,6.140000000000000000e+02
5.115174102783203125e+01,1.473398895263671875e+02,6.140000000000000000e+02
5.181921005249023438e+01,1.473398895263671875e+02,6.140000000000000000e+02
5.248667907714843750e+01,1.473398895263671875e+02,6.140000000000000000e+02
5.315415573120117188e+01,1.473398895263671875e+02,6.140000000000000000e+02
5.382162475585937500e+01,1.473398895263671875e+02,6.140000000000000000e+02
5.448909378051757812e+01,1.473398895263671875e+02,6.140000000000000000e+02
5.515656280517578125e+01,1.473398895263671875e+02,6.140000000000000000e+02
5.582403564453125000e+01,1.473398895263671875e+02,6.140000000000000000e+02
5.649150466918945312e+01,1.473398895263671875e+02,6.140000000000000000e+02
5.715897369384765625e+01,1.473398895263671875e+02,6.140000000000000000e+02
5.782644271850585938e+01,1.473398895263671875e+02,6.140000000000000000e+02
5.849391555786132812e+01,1.473398895263671875e+02,6.140000000000000000e+02
5.916138458251953125e+01,1.473398895263671875e+02,6.140000000000000000e+02
5.982885360717773438e+01,1.473398895263671875e+02,6.140000000000000000e+02
6.059485244750976562e+01,1.475798645019531250e+02,6.150000000000000000e+02
6.126340866088867188e+01,1.475798645019531250e+02,6.150000000000000000e+02
6.203266906738281250e+01,1.478198242187500000e+02,6.160000000000000000e+02
6.270231246948242188e+01,1.478198242187500000e+02,6.160000000000000000e+02
6.347483062744140625e+01,1.480597991943359375e+02,6.170000000000000000e+02
6.414556884765625000e+01,1.480597991943359375e+02,6.170000000000000000e+02
6.492134857177734375e+01,1.482997589111328125e+02,6.180000000000000000e+02
6.569930267333984375e+01,1.485397338867187500e+02,6.190000000000000000e+02
6.647943878173828125e+01,1.487796936035156250e+02,6.200000000000000000e+02
6.726174163818359375e+01,1.490196685791015625e+02,6.210000000000000000e+02
6.804621887207031250e+01,1.492596282958984375e+02,6.220000000000000000e+02
6.872238159179687500e+01,1.492596282958984375e+02,6.220000000000000000e+02
6.951012420654296875e+01,1.494996032714843750e+02,6.230000000000000000e+02
7.018737792968750000e+01,1.494996032714843750e+02,6.230000000000000000e+02
7.097837829589843750e+01,1.497395629882812500e+02,6.240000000000000000e+02
7.165672302246093750e+01,1.497395629882812500e+02,6.240000000000000000e+02
7.233506011962890625e+01,1.497395629882812500e+02,6.240000000000000000e+02
7.301340484619140625e+01,1.497395629882812500e+02,6.240000000000000000e+02
7.369174194335937500e+01,1.497395629882812500e+02,6.240000000000000000e+02
7.437008666992187500e+01,1.497395629882812500e+02,6.240000000000000000e+02
7.504843139648437500e+01,1.497395629882812500e+02,6.240000000000000000e+02
7.572676849365234375e+01,1.497395629882812500e+02,6.240000000000000000e+02
7.628266906738281250e+01,1.494996032714843750e+02,6.230000000000000000e+02
7.695992279052734375e+01,1.494996032714843750e+02,6.230000000000000000e+02
7.763716888427734375e+01,1.494996032714843750e+02,6.230000000000000000e+02
7.831442260742187500e+01,1.494996032714843750e+02,6.230000000000000000e+02
7.899167633056640625e+01,1.494996032714843750e+02,6.230000000000000000e+02
7.966893005371093750e+01,1.494996032714843750e+02,6.230000000000000000e+02
8.034619140625000000e+01,1.494996032714843750e+02,6.230000000000000000e+02
8.102344512939453125e+01,1.494996032714843750e+02,6.230000000000000000e+02
8.170069885253906250e+01,1.494996032714843750e+02,6.230000000000000000e+02
8.237795257568359375e+01,1.494996032714843750e+02,6.230000000000000000e+02
8.305520629882812500e+01,1.494996032714843750e+02,6.230000000000000000e+02
8.373246002197265625e+01,1.494996032714843750e+02,6.230000000000000000e+02
8.454520416259765625e+01,1.497395629882812500e+02,6.240000000000000000e+02
8.522354125976562500e+01,1.497395629882812500e+02,6.240000000000000000e+02
8.590188598632812500e+01,1.497395629882812500e+02,6.240000000000000000e+02
8.658022308349609375e+01,1.497395629882812500e+02,6.240000000000000000e+02
8.725856781005859375e+01,1.497395629882812500e+02,6.240000000000000000e+02
8.793690490722656250e+01,1.497395629882812500e+02,6.240000000000000000e+02
8.861524963378906250e+01,1.497395629882812500e+02,6.240000000000000000e+02
8.929358673095703125e+01,1.497395629882812500e+02,6.240000000000000000e+02
8.997192382812500000e+01,1.497395629882812500e+02,6.240000000000000000e+02
9.065026855468750000e+01,1.497395629882812500e+02,6.240000000000000000e+02
9.132860565185546875e+01,1.497395629882812500e+02,6.240000000000000000e+02
9.200695037841796875e+01,1.497395629882812500e+02,6.240000000000000000e+02
9.268528747558593750e+01,1.497395629882812500e+02,6.240000000000000000e+02
9.336363220214843750e+01,1.497395629882812500e+02,6.240000000000000000e+02
9.419268035888671875e+01,1.499795379638671875e+02,6.250000000000000000e+02
9.722050476074218750e+01,1.504594726562500000e+02,6.270000000000000000e+02
1.113829498291015625e+02,1.511793670654296875e+02,6.300000000000000000e+02
1.120678100585937500e+02,1.511793670654296875e+02,6.300000000000000000e+02
1.127526702880859375e+02,1.511793670654296875e+02,6.300000000000000000e+02
1.134375381469726562e+02,1.511793670654296875e+02,6.300000000000000000e+02
1.141223983764648438e+02,1.511793670654296875e+02,6.300000000000000000e+02
1.148072662353515625e+02,1.511793670654296875e+02,6.300000000000000000e+02
1.154921264648437500e+02,1.511793670654296875e+02,6.300000000000000000e+02
1.161769866943359375e+02,1.511793670654296875e+02,6.300000000000000000e+02
1.168618545532226562e+02,1.511793670654296875e+02,6.300000000000000000e+02
1.175467147827148438e+02,1.511793670654296875e+02,6.300000000000000000e+02
1.180439071655273438e+02,1.509394073486328125e+02,6.290000000000000000e+02
1.187276840209960938e+02,1.509394073486328125e+02,6.290000000000000000e+02
1.192216186523437500e+02,1.506994323730468750e+02,6.280000000000000000e+02
1.197133789062500000e+02,1.504594726562500000e+02,6.270000000000000000e+02
1.202029647827148438e+02,1.502194976806640625e+02,6.260000000000000000e+02
1.208834762573242188e+02,1.502194976806640625e+02,6.260000000000000000e+02
1.211756057739257812e+02,1.497395629882812500e+02,6.240000000000000000e+02
1.216586685180664062e+02,1.494996032714843750e+02,6.230000000000000000e+02
1.221395645141601562e+02,1.492596282958984375e+02,6.220000000000000000e+02
1.228157348632812500e+02,1.492596282958984375e+02,6.220000000000000000e+02
1.232933578491210938e+02,1.490196685791015625e+02,6.210000000000000000e+02
1.237688140869140625e+02,1.487796936035156250e+02,6.200000000000000000e+02
1.244428024291992188e+02,1.487796936035156250e+02,6.200000000000000000e+02
1.251167984008789062e+02,1.487796936035156250e+02,6.200000000000000000e+02
1.257907867431640625e+02,1.487796936035156250e+02,6.200000000000000000e+02
1.266687545776367188e+02,1.490196685791015625e+02,6.210000000000000000e+02
1.275488967895507812e+02,1.492596282958984375e+02,6.220000000000000000e+02
1.284312133789062500e+02,1.494996032714843750e+02,6.230000000000000000e+02
-7.750416564941406250e+01,1.489718627929687500e+02,6.180000000000000000e+02
-7.683235168457031250e+01,1.489718627929687500e+02,6.180000000000000000e+02
-7.616053009033203125e+01,1.489718627929687500e+02,6.180000000000000000e+02
-7.548870849609375000e+01,1.489718627929687500e+02,6.180000000000000000e+02
-7.481689453125000000e+01,1.489718627929687500e+02,6.180000000000000000e+02
-7.402510070800781250e+01,1.487308044433593750e+02,6.170000000000000000e+02
-7.335437011718750000e+01,1.487308044433593750e+02,6.170000000000000000e+02
-7.268363952636718750e+01,1.487308044433593750e+02,6.170000000000000000e+02
-7.201290893554687500e+01,1.487308044433593750e+02,6.170000000000000000e+02
-7.134217834472656250e+01,1.487308044433593750e+02,6.170000000000000000e+02
-7.055690002441406250e+01,1.484897460937500000e+02,6.160000000000000000e+02
-6.988725280761718750e+01,1.484897460937500000e+02,6.160000000000000000e+02
-6.921761322021484375e+01,1.484897460937500000e+02,6.160000000000000000e+02
-6.854796600341796875e+01,1.484897460937500000e+02,6.160000000000000000e+02
-6.787832641601562500e+01,1.484897460937500000e+02,6.160000000000000000e+02
-6.720867919921875000e+01,1.484897460937500000e+02,6.160000000000000000e+02
-6.653903198242187500e+01,1.484897460937500000e+02,6.160000000000000000e+02
-6.597631835937500000e+01,1.487308044433593750e+02,6.170000000000000000e+02
-6.530558776855468750e+01,1.487308044433593750e+02,6.170000000000000000e+02
-6.463485717773437500e+01,1.487308044433593750e+02,6.170000000000000000e+02
-6.406779479980468750e+01,1.489718627929687500e+02,6.180000000000000000e+02
-6.339598083496093750e+01,1.489718627929687500e+02,6.180000000000000000e+02
-6.272416305541992188e+01,1.489718627929687500e+02,6.180000000000000000e+02
-6.215275192260742188e+01,1.492129211425781250e+02,6.190000000000000000e+02
-6.147984695434570312e+01,1.492129211425781250e+02,6.190000000000000000e+02
-6.080693817138671875e+01,1.492129211425781250e+02,6.190000000000000000e+02
-6.013403320312500000e+01,1.492129211425781250e+02,6.190000000000000000e+02
-5.936506652832031250e+01,1.489718627929687500e+02,6.180000000000000000e+02
-5.878821945190429688e+01,1.492129211425781250e+02,6.190000000000000000e+02
-5.802143096923828125e+01,1.489718627929687500e+02,6.180000000000000000e+02
-5.734961318969726562e+01,1.489718627929687500e+02,6.180000000000000000e+02
-5.667779541015625000e+01,1.489718627929687500e+02,6.180000000000000000e+02
-5.600597381591796875e+01,1.489718627929687500e+02,6.180000000000000000e+02
-5.533415603637695312e+01,1.489718627929687500e+02,6.180000000000000000e+02
-5.466233825683593750e+01,1.489718627929687500e+02,6.180000000000000000e+02
-5.399052047729492188e+01,1.489718627929687500e+02,6.180000000000000000e+02
-5.331870269775390625e+01,1.489718627929687500e+02,6.180000000000000000e+02
-5.264688491821289062e+01,1.489718627929687500e+02,6.180000000000000000e+02
-5.197506713867187500e+01,1.489718627929687500e+02,6.180000000000000000e+02
-5.122023391723632812e+01,1.487308044433593750e+02,6.170000000000000000e+02
-5.054950332641601562e+01,1.487308044433593750e+02,6.170000000000000000e+02
-4.987876510620117188e+01,1.487308044433593750e+02,6.170000000000000000e+02
-4.920803451538085938e+01,1.487308044433593750e+02,6.170000000000000000e+02
-4.853730392456054688e+01,1.487308044433593750e+02,6.170000000000000000e+02
-4.778899383544921875e+01,1.484897460937500000e+02,6.160000000000000000e+02
-4.711935043334960938e+01,1.484897460937500000e+02,6.160000000000000000e+02
-4.644970703125000000e+01,1.484897460937500000e+02,6.160000000000000000e+02
-4.578006362915039062e+01,1.484897460937500000e+02,6.160000000000000000e+02
-4.511041641235351562e+01,1.484897460937500000e+02,6.160000000000000000e+02
-4.444077301025390625e+01,1.484897460937500000e+02,6.160000000000000000e+02
-4.377112960815429688e+01,1.484897460937500000e+02,6.160000000000000000e+02
-4.310148620605468750e+01,1.484897460937500000e+02,6.160000000000000000e+02
-4.243184280395507812e+01,1.484897460937500000e+02,6.160000000000000000e+02
-4.176219940185546875e+01,1.484897460937500000e+02,6.160000000000000000e+02
-4.109255218505859375e+01,1.484897460937500000e+02,6.160000000000000000e+02
-4.042290878295898438e+01,1.484897460937500000e+02,6.160000000000000000e+02
-3.975326156616210938e+01,1.484897460937500000e+02,6.160000000000000000e+02
-3.908361816406250000e+01,1.484897460937500000e+02,6.160000000000000000e+02
-3.841397476196289062e+01,1.484897460937500000e+02,6.160000000000000000e+02
-3.774433135986328125e+01,1.484897460937500000e+02,6.160000000000000000e+02
-3.707468414306640625e+01,1.484897460937500000e+02,6.160000000000000000e+02
-3.640504074096679688e+01,1.484897460937500000e+02,6.160000000000000000e+02
-3.573539733886718750e+01,1.484897460937500000e+02,6.160000000000000000e+02
-3.506575393676757812e+01,1.484897460937500000e+02,6.160000000000000000e+02
-3.439611053466796875e+01,1.484897460937500000e+02,6.160000000000000000e+02
-3.367171478271484375e+01,1.482486877441406250e+02,6.150000000000000000e+02
-3.300315856933593750e+01,1.482486877441406250e+02,6.150000000000000000e+02
-3.233460235595703125e+01,1.482486877441406250e+02,6.150000000000000000e+02
-3.166604232788085938e+01,1.482486877441406250e+02,6.150000000000000000e+02
-3.099748420715332031e+01,1.482486877441406250e+02,6.150000000000000000e+02
-3.032892799377441406e+01,1.482486877441406250e+02,6.150000000000000000e+02
-2.966036987304687500e+01,1.482486877441406250e+02,6.150000000000000000e+02
-2.899181365966796875e+01,1.482486877441406250e+02,6.150000000000000000e+02
-2.832325744628906250e+01,1.482486877441406250e+02,6.150000000000000000e+02
-2.769966697692871094e+01,1.484897460937500000e+02,6.160000000000000000e+02
-2.703002357482910156e+01,1.484897460937500000e+02,6.160000000000000000e+02
-2.636037635803222656e+01,1.484897460937500000e+02,6.160000000000000000e+02
-2.569073295593261719e+01,1.484897460937500000e+02,6.160000000000000000e+02
-2.502108955383300781e+01,1.484897460937500000e+02,6.160000000000000000e+02
-2.439097595214843750e+01,1.487308044433593750e+02,6.170000000000000000e+02
-2.372024536132812500e+01,1.487308044433593750e+02,6.170000000000000000e+02
-2.304951477050781250e+01,1.487308044433593750e+02,6.170000000000000000e+02
-2.237878227233886719e+01,1.487308044433593750e+02,6.170000000000000000e+02
-2.170804977416992188e+01,1.487308044433593750e+02,6.170000000000000000e+02
-2.103731918334960938e+01,1.487308044433593750e+02,6.170000000000000000e+02
-2.039959716796875000e+01,1.489718627929687500e+02,6.180000000000000000e+02
-1.972777938842773438e+01,1.489718627929687500e+02,6.180000000000000000e+02
-1.908679580688476562e+01,1.492129211425781250e+02,6.190000000000000000e+02
-1.841389083862304688e+01,1.492129211425781250e+02,6.190000000000000000e+02
-1.776964378356933594e+01,1.494539642333984375e+02,6.200000000000000000e+02
-1.709565162658691406e+01,1.494539642333984375e+02,6.200000000000000000e+02
-1.642165946960449219e+01,1.494539642333984375e+02,6.200000000000000000e+02
-1.574766731262207031e+01,1.494539642333984375e+02,6.200000000000000000e+02
-1.507367324829101562e+01,1.494539642333984375e+02,6.200000000000000000e+02
-1.439968109130859375e+01,1.494539642333984375e+02,6.200000000000000000e+02
-1.372568893432617188e+01,1.494539642333984375e+02,6.200000000000000000e+02
-1.303064537048339844e+01,1.492129211425781250e+02,6.190000000000000000e+02
-1.235773944854736328e+01,1.492129211425781250e+02,6.190000000000000000e+02
-1.166595745086669922e+01,1.489718627929687500e+02,6.180000000000000000e+02
-1.099413871765136719e+01,1.489718627929687500e+02,6.180000000000000000e+02
-1.030561828613281250e+01,1.487308044433593750e+02,6.170000000000000000e+02
-9.634885787963867188e+00,1.487308044433593750e+02,6.170000000000000000e+02
-8.949625968933105469e+00,1.484897460937500000e+02,6.160000000000000000e+02
-8.266540527343750000e+00,1.482486877441406250e+02,6.150000000000000000e+02
-7.597982883453369141e+00,1.482486877441406250e+02,6.150000000000000000e+02
-6.929426193237304688e+00,1.482486877441406250e+02,6.150000000000000000e+02
-6.260868549346923828e+00,1.482486877441406250e+02,6.150000000000000000e+02
-5.592310905456542969e+00,1.482486877441406250e+02,6.150000000000000000e+02
-4.923754215240478516e+00,1.482486877441406250e+02,6.150000000000000000e+02
-4.255197048187255859e+00,1.482486877441406250e+02,6.150000000000000000e+02
-3.586639642715454102e+00,1.482486877441406250e+02,6.150000000000000000e+02
-2.913337707519531250e+00,1.480076446533203125e+02,6.140000000000000000e+02
-2.245867490768432617e+00,1.480076446533203125e+02,6.140000000000000000e+02
-1.578397274017333984e+00,1.480076446533203125e+02,6.140000000000000000e+02
-9.094436764717102051e-01,1.477665863037109375e+02,6.130000000000000000e+02
-2.430606186389923096e-01,1.477665863037109375e+02,6.130000000000000000e+02
4.233224391937255859e-01,1.477665863037109375e+02,6.130000000000000000e+02
1.089705467224121094e+00,1.477665863037109375e+02,6.130000000000000000e+02
1.756088495254516602e+00,1.477665863037109375e+02,6.130000000000000000e+02
2.422471523284912109e+00,1.477665863037109375e+02,6.130000000000000000e+02
3.088854789733886719e+00,1.477665863037109375e+02,6.130000000000000000e+02
3.749111652374267578e+00,1.475255279541015625e+02,6.120000000000000000e+02
4.414407730102539062e+00,1.475255279541015625e+02,6.120000000000000000e+02
5.088003635406494141e+00,1.477665863037109375e+02,6.130000000000000000e+02
5.754386425018310547e+00,1.477665863037109375e+02,6.130000000000000000e+02
6.410295486450195312e+00,1.475255279541015625e+02,6.120000000000000000e+02
7.075591087341308594e+00,1.475255279541015625e+02,6.120000000000000000e+02
7.740887641906738281e+00,1.475255279541015625e+02,6.120000000000000000e+02
8.406183242797851562e+00,1.475255279541015625e+02,6.120000000000000000e+02
9.071479797363281250e+00,1.475255279541015625e+02,6.120000000000000000e+02
9.736775398254394531e+00,1.475255279541015625e+02,6.120000000000000000e+02
1.041906738281250000e+01,1.477665863037109375e+02,6.130000000000000000e+02
1.106736755371093750e+01,1.475255279541015625e+02,6.120000000000000000e+02
1.173266315460205078e+01,1.475255279541015625e+02,6.120000000000000000e+02
1.239795875549316406e+01,1.475255279541015625e+02,6.120000000000000000e+02
1.306325531005859375e+01,1.475255279541015625e+02,6.120000000000000000e+02
1.372855091094970703e+01,1.475255279541015625e+02,6.120000000000000000e+02
1.439384651184082031e+01,1.475255279541015625e+02,6.120000000000000000e+02
1.505914211273193359e+01,1.475255279541015625e+02,6.120000000000000000e+02
1.572443962097167969e+01,1.475255279541015625e+02,6.120000000000000000e+02
1.638973426818847656e+01,1.475255279541015625e+02,6.120000000000000000e+02
1.705503082275390625e+01,1.475255279541015625e+02,6.120000000000000000e+02
1.772032546997070312e+01,1.475255279541015625e+02,6.120000000000000000e+02
1.838562393188476562e+01,1.475255279541015625e+02,6.120000000000000000e+02
1.905091857910156250e+01,1.475255279541015625e+02,6.120000000000000000e+02
1.971621513366699219e+01,1.475255279541015625e+02,6.120000000000000000e+02
2.041481399536132812e+01,1.477665863037109375e+02,6.130000000000000000e+02
2.108119773864746094e+01,1.477665863037109375e+02,6.130000000000000000e+02
2.174757957458496094e+01,1.477665863037109375e+02,6.130000000000000000e+02
2.241396331787109375e+01,1.477665863037109375e+02,6.130000000000000000e+02
2.308034515380859375e+01,1.477665863037109375e+02,6.130000000000000000e+02
2.374672889709472656e+01,1.477665863037109375e+02,6.130000000000000000e+02
2.445293617248535156e+01,1.480076446533203125e+02,6.140000000000000000e+02
2.512040901184082031e+01,1.480076446533203125e+02,6.140000000000000000e+02
2.578787803649902344e+01,1.480076446533203125e+02,6.140000000000000000e+02
2.645534896850585938e+01,1.480076446533203125e+02,6.140000000000000000e+02
2.712281799316406250e+01,1.480076446533203125e+02,6.140000000000000000e+02
2.779028701782226562e+01,1.480076446533203125e+02,6.140000000000000000e+02
2.845775794982910156e+01,1.480076446533203125e+02,6.140000000000000000e+02
2.907779312133789062e+01,1.477665863037109375e+02,6.130000000000000000e+02
2.974417495727539062e+01,1.477665863037109375e+02,6.130000000000000000e+02
3.041056060791015625e+01,1.477665863037109375e+02,6.130000000000000000e+02
3.107694244384765625e+01,1.477665863037109375e+02,6.130000000000000000e+02
3.174332618713378906e+01,1.477665863037109375e+02,6.130000000000000000e+02
3.240970993041992188e+01,1.477665863037109375e+02,6.130000000000000000e+02
3.302213287353515625e+01,1.475255279541015625e+02,6.120000000000000000e+02
3.368742752075195312e+01,1.475255279541015625e+02,6.120000000000000000e+02
3.435272598266601562e+01,1.475255279541015625e+02,6.120000000000000000e+02
3.501802444458007812e+01,1.475255279541015625e+02,6.120000000000000000e+02
3.568331909179687500e+01,1.475255279541015625e+02,6.120000000000000000e+02
3.634861373901367188e+01,1.475255279541015625e+02,6.120000000000000000e+02
3.701390838623046875e+01,1.475255279541015625e+02,6.120000000000000000e+02
3.767920684814453125e+01,1.475255279541015625e+02,6.120000000000000000e+02
3.834450149536132812e+01,1.475255279541015625e+02,6.120000000000000000e+02
3.900979614257812500e+01,1.475255279541015625e+02,6.120000000000000000e+02
3.967509078979492188e+01,1.475255279541015625e+02,6.120000000000000000e+02
4.040630340576171875e+01,1.477665863037109375e+02,6.130000000000000000e+02
4.107268524169921875e+01,1.477665863037109375e+02,6.130000000000000000e+02
4.173907089233398438e+01,1.477665863037109375e+02,6.130000000000000000e+02
4.240545272827148438e+01,1.477665863037109375e+02,6.130000000000000000e+02
4.307183837890625000e+01,1.477665863037109375e+02,6.130000000000000000e+02
4.373822021484375000e+01,1.477665863037109375e+02,6.130000000000000000e+02
4.440460586547851562e+01,1.477665863037109375e+02,6.130000000000000000e+02
4.507098770141601562e+01,1.477665863037109375e+02,6.130000000000000000e+02
4.573736953735351562e+01,1.477665863037109375e+02,6.130000000000000000e+02
4.640375137329101562e+01,1.477665863037109375e+02,6.130000000000000000e+02
4.707013702392578125e+01,1.477665863037109375e+02,6.130000000000000000e+02
4.773651885986328125e+01,1.477665863037109375e+02,6.130000000000000000e+02
4.840290069580078125e+01,1.477665863037109375e+02,6.130000000000000000e+02
4.906928253173828125e+01,1.477665863037109375e+02,6.130000000000000000e+02
4.973566818237304688e+01,1.477665863037109375e+02,6.130000000000000000e+02
5.040205001831054688e+01,1.477665863037109375e+02,6.130000000000000000e+02
5.106843185424804688e+01,1.477665863037109375e+02,6.130000000000000000e+02
5.173481369018554688e+01,1.477665863037109375e+02,6.130000000000000000e+02
5.240119934082031250e+01,1.477665863037109375e+02,6.130000000000000000e+02
5.306758499145507812e+01,1.477665863037109375e+02,6.130000000000000000e+02
5.373396682739257812e+01,1.477665863037109375e+02,6.130000000000000000e+02
5.440034866333007812e+01,1.477665863037109375e+02,6.130000000000000000e+02
5.506673431396484375e+01,1.477665863037109375e+02,6.130000000000000000e+02
5.573311614990234375e+01,1.477665863037109375e+02,6.130000000000000000e+02
5.639949798583984375e+01,1.477665863037109375e+02,6.130000000000000000e+02
5.706587982177734375e+01,1.477665863037109375e+02,6.130000000000000000e+02
5.773226547241210938e+01,1.477665863037109375e+02,6.130000000000000000e+02
5.839864730834960938e+01,1.477665863037109375e+02,6.130000000000000000e+02
5.906502914428710938e+01,1.477665863037109375e+02,6.130000000000000000e+02
5.982885360717773438e+01,1.480076446533203125e+02,6.140000000000000000e+02
6.049632263183593750e+01,1.480076446533203125e+02,6.140000000000000000e+02
6.126340866088867188e+01,1.482486877441406250e+02,6.150000000000000000e+02
6.203266906738281250e+01,1.484897460937500000e+02,6.160000000000000000e+02
6.270231246948242188e+01,1.484897460937500000e+02,6.160000000000000000e+02
6.347483062744140625e+01,1.487308044433593750e+02,6.170000000000000000e+02
6.414556884765625000e+01,1.487308044433593750e+02,6.170000000000000000e+02
6.492134857177734375e+01,1.489718627929687500e+02,6.180000000000000000e+02
6.569930267333984375e+01,1.492129211425781250e+02,6.190000000000000000e+02
6.647943878173828125e+01,1.494539642333984375e+02,6.200000000000000000e+02
6.726174163818359375e+01,1.496950225830078125e+02,6.210000000000000000e+02
6.804621887207031250e+01,1.499360809326171875e+02,6.220000000000000000e+02
6.872238159179687500e+01,1.499360809326171875e+02,6.220000000000000000e+02
6.951012420654296875e+01,1.501771392822265625e+02,6.230000000000000000e+02
7.030004119873046875e+01,1.504181823730468750e+02,6.240000000000000000e+02
7.097837829589843750e+01,1.504181823730468750e+02,6.240000000000000000e+02
7.165672302246093750e+01,1.504181823730468750e+02,6.240000000000000000e+02
7.233506011962890625e+01,1.504181823730468750e+02,6.240000000000000000e+02
7.301340484619140625e+01,1.504181823730468750e+02,6.240000000000000000e+02
7.369174194335937500e+01,1.504181823730468750e+02,6.240000000000000000e+02
7.437008666992187500e+01,1.504181823730468750e+02,6.240000000000000000e+02
7.504843139648437500e+01,1.504181823730468750e+02,6.240000000000000000e+02
7.572676849365234375e+01,1.504181823730468750e+02,6.240000000000000000e+02
7.640511322021484375e+01,1.504181823730468750e+02,6.240000000000000000e+02
7.708345031738281250e+01,1.504181823730468750e+02,6.240000000000000000e+02
7.776178741455078125e+01,1.504181823730468750e+02,6.240000000000000000e+02
7.844012451171875000e+01,1.504181823730468750e+02,6.240000000000000000e+02
7.911846923828125000e+01,1.504181823730468750e+02,6.240000000000000000e+02
7.979680633544921875e+01,1.504181823730468750e+02,6.240000000000000000e+02
8.047515869140625000e+01,1.504181823730468750e+02,6.240000000000000000e+02
8.115349578857421875e+01,1.504181823730468750e+02,6.240000000000000000e+02
8.183184051513671875e+01,1.504181823730468750e+02,6.240000000000000000e+02
8.251017761230468750e+01,1.504181823730468750e+02,6.240000000000000000e+02
8.318852233886718750e+01,1.504181823730468750e+02,6.240000000000000000e+02
8.400126647949218750e+01,1.506592407226562500e+02,6.250000000000000000e+02
8.468069458007812500e+01,1.506592407226562500e+02,6.250000000000000000e+02
8.536012268066406250e+01,1.506592407226562500e+02,6.250000000000000000e+02
8.603954315185546875e+01,1.506592407226562500e+02,6.250000000000000000e+02
8.685772705078125000e+01,1.509002990722656250e+02,6.260000000000000000e+02
8.753823852539062500e+01,1.509002990722656250e+02,6.260000000000000000e+02
8.821875762939453125e+01,1.509002990722656250e+02,6.260000000000000000e+02
8.889926910400390625e+01,1.509002990722656250e+02,6.260000000000000000e+02
8.943668365478515625e+01,1.506592407226562500e+02,6.250000000000000000e+02
9.011611175537109375e+01,1.506592407226562500e+02,6.250000000000000000e+02
9.079553985595703125e+01,1.506592407226562500e+02,6.250000000000000000e+02
9.147496795654296875e+01,1.506592407226562500e+02,6.250000000000000000e+02
9.215439605712890625e+01,1.506592407226562500e+02,6.250000000000000000e+02
1.106980819702148438e+02,1.518645172119140625e+02,6.300000000000000000e+02
1.113829498291015625e+02,1.518645172119140625e+02,6.300000000000000000e+02
1.120678100585937500e+02,1.518645172119140625e+02,6.300000000000000000e+02
1.127526702880859375e+02,1.518645172119140625e+02,6.300000000000000000e+02
1.134375381469726562e+02,1.518645172119140625e+02,6.300000000000000000e+02
1.141223983764648438e+02,1.518645172119140625e+02,6.300000000000000000e+02
1.148072662353515625e+02,1.518645172119140625e+02,6.300000000000000000e+02
1.154921264648437500e+02,1.518645172119140625e+02,6.300000000000000000e+02
1.161769866943359375e+02,1.518645172119140625e+02,6.300000000000000000e+02
1.166763610839843750e+02,1.516234588623046875e+02,6.290000000000000000e+02
1.173601303100585938e+02,1.516234588623046875e+02,6.290000000000000000e+02
1.180439071655273438e+02,1.516234588623046875e+02,6.290000000000000000e+02
1.185389328002929688e+02,1.513824005126953125e+02,6.280000000000000000e+02
1.190317764282226562e+02,1.511413574218750000e+02,6.270000000000000000e+02
1.197133789062500000e+02,1.511413574218750000e+02,6.270000000000000000e+02
1.202029647827148438e+02,1.509002990722656250e+02,6.260000000000000000e+02
1.206903686523437500e+02,1.506592407226562500e+02,6.250000000000000000e+02
1.211756057739257812e+02,1.504181823730468750e+02,6.240000000000000000e+02
1.216586685180664062e+02,1.501771392822265625e+02,6.230000000000000000e+02
1.221395645141601562e+02,1.499360809326171875e+02,6.220000000000000000e+02
1.226182785034179688e+02,1.496950225830078125e+02,6.210000000000000000e+02
1.230948181152343750e+02,1.494539642333984375e+02,6.200000000000000000e+02
1.237688140869140625e+02,1.494539642333984375e+02,6.200000000000000000e+02
1.242420883178710938e+02,1.492129211425781250e+02,6.190000000000000000e+02
1.249149932861328125e+02,1.492129211425781250e+02,6.190000000000000000e+02
1.255878982543945312e+02,1.492129211425781250e+02,6.190000000000000000e+02
1.264647827148437500e+02,1.494539642333984375e+02,6.200000000000000000e+02
1.273438339233398438e+02,1.496950225830078125e+02,6.210000000000000000e+02
1.282250671386718750e+02,1.499360809326171875e+02,6.220000000000000000e+02
-7.256583404541015625e+01,1.491596679687500000e+02,6.160000000000000000e+02
-7.189619445800781250e+01,1.491596679687500000e+02,6.160000000000000000e+02
-7.122654724121093750e+01,1.491596679687500000e+02,6.160000000000000000e+02
-7.055690002441406250e+01,1.491596679687500000e+02,6.160000000000000000e+02
-6.988725280761718750e+01,1.491596679687500000e+02,6.160000000000000000e+02
-6.921761322021484375e+01,1.491596679687500000e+02,6.160000000000000000e+02
-6.843669128417968750e+01,1.489175262451171875e+02,6.150000000000000000e+02
-6.776812744140625000e+01,1.489175262451171875e+02,6.150000000000000000e+02
-6.709957122802734375e+01,1.489175262451171875e+02,6.150000000000000000e+02
-6.643101501464843750e+01,1.489175262451171875e+02,6.150000000000000000e+02
-6.576245880126953125e+01,1.489175262451171875e+02,6.150000000000000000e+02
-6.519974517822265625e+01,1.491596679687500000e+02,6.160000000000000000e+02
-6.453010559082031250e+01,1.491596679687500000e+02,6.160000000000000000e+02
-6.396413040161132812e+01,1.494018096923828125e+02,6.170000000000000000e+02
-6.329339599609375000e+01,1.494018096923828125e+02,6.170000000000000000e+02
-6.262266540527343750e+01,1.494018096923828125e+02,6.170000000000000000e+02
-6.195193481445312500e+01,1.494018096923828125e+02,6.170000000000000000e+02
-6.128120422363281250e+01,1.494018096923828125e+02,6.170000000000000000e+02
-6.061046981811523438e+01,1.494018096923828125e+02,6.170000000000000000e+02
-5.993973922729492188e+01,1.494018096923828125e+02,6.170000000000000000e+02
-5.926900482177734375e+01,1.494018096923828125e+02,6.170000000000000000e+02
-5.859827423095703125e+01,1.494018096923828125e+02,6.170000000000000000e+02
-5.792754364013671875e+01,1.494018096923828125e+02,6.170000000000000000e+02
-5.725681304931640625e+01,1.494018096923828125e+02,6.170000000000000000e+02
-5.658608245849609375e+01,1.494018096923828125e+02,6.170000000000000000e+02
-5.591535186767578125e+01,1.494018096923828125e+02,6.170000000000000000e+02
-5.524462127685546875e+01,1.494018096923828125e+02,6.170000000000000000e+02
-5.457389068603515625e+01,1.494018096923828125e+02,6.170000000000000000e+02
-5.390315628051757812e+01,1.494018096923828125e+02,6.170000000000000000e+02
-5.323242568969726562e+01,1.494018096923828125e+02,6.170000000000000000e+02
-5.256169509887695312e+01,1.494018096923828125e+02,6.170000000000000000e+02
-5.189096450805664062e+01,1.494018096923828125e+02,6.170000000000000000e+02
-5.113721847534179688e+01,1.491596679687500000e+02,6.160000000000000000e+02
-5.046757507324218750e+01,1.491596679687500000e+02,6.160000000000000000e+02
-4.979792404174804688e+01,1.491596679687500000e+02,6.160000000000000000e+02
-4.912828063964843750e+01,1.491596679687500000e+02,6.160000000000000000e+02
-4.845863723754882812e+01,1.491596679687500000e+02,6.160000000000000000e+02
-4.778899383544921875e+01,1.491596679687500000e+02,6.160000000000000000e+02
-4.711935043334960938e+01,1.491596679687500000e+02,6.160000000000000000e+02
-4.637430191040039062e+01,1.489175262451171875e+02,6.150000000000000000e+02
-4.570574188232421875e+01,1.489175262451171875e+02,6.150000000000000000e+02
-4.503718566894531250e+01,1.489175262451171875e+02,6.150000000000000000e+02
-4.436862945556640625e+01,1.489175262451171875e+02,6.150000000000000000e+02
-4.370007324218750000e+01,1.489175262451171875e+02,6.150000000000000000e+02
-4.303151702880859375e+01,1.489175262451171875e+02,6.150000000000000000e+02
-4.236296081542968750e+01,1.489175262451171875e+02,6.150000000000000000e+02
-4.169440078735351562e+01,1.489175262451171875e+02,6.150000000000000000e+02
-4.102584457397460938e+01,1.489175262451171875e+02,6.150000000000000000e+02
-4.042290878295898438e+01,1.491596679687500000e+02,6.160000000000000000e+02
-3.975326156616210938e+01,1.491596679687500000e+02,6.160000000000000000e+02
-3.908361816406250000e+01,1.491596679687500000e+02,6.160000000000000000e+02
-3.841397476196289062e+01,1.491596679687500000e+02,6.160000000000000000e+02
-3.774433135986328125e+01,1.491596679687500000e+02,6.160000000000000000e+02
-3.707468414306640625e+01,1.491596679687500000e+02,6.160000000000000000e+02
-3.640504074096679688e+01,1.491596679687500000e+02,6.160000000000000000e+02
-3.573539733886718750e+01,1.491596679687500000e+02,6.160000000000000000e+02
-3.500882720947265625e+01,1.489175262451171875e+02,6.150000000000000000e+02
-3.434027099609375000e+01,1.489175262451171875e+02,6.150000000000000000e+02
-3.367171478271484375e+01,1.489175262451171875e+02,6.150000000000000000e+02
-3.300315856933593750e+01,1.489175262451171875e+02,6.150000000000000000e+02
-3.233460235595703125e+01,1.489175262451171875e+02,6.150000000000000000e+02
-3.161455154418945312e+01,1.486753845214843750e+02,6.140000000000000000e+02
-3.094708251953125000e+01,1.486753845214843750e+02,6.140000000000000000e+02
-3.032892799377441406e+01,1.489175262451171875e+02,6.150000000000000000e+02
-2.961214256286621094e+01,1.486753845214843750e+02,6.140000000000000000e+02
-2.894467353820800781e+01,1.486753845214843750e+02,6.140000000000000000e+02
-2.832325744628906250e+01,1.489175262451171875e+02,6.150000000000000000e+02
-2.765469932556152344e+01,1.489175262451171875e+02,6.150000000000000000e+02
-2.698614311218261719e+01,1.489175262451171875e+02,6.150000000000000000e+02
-2.631758308410644531e+01,1.489175262451171875e+02,6.150000000000000000e+02
-2.564902687072753906e+01,1.489175262451171875e+02,6.150000000000000000e+02
-2.502108955383300781e+01,1.491596679687500000e+02,6.160000000000000000e+02
-2.435144424438476562e+01,1.491596679687500000e+02,6.160000000000000000e+02
-2.368180084228515625e+01,1.491596679687500000e+02,6.160000000000000000e+02
-2.301215744018554688e+01,1.491596679687500000e+02,6.160000000000000000e+02
-2.234251213073730469e+01,1.491596679687500000e+02,6.160000000000000000e+02
-2.167286682128906250e+01,1.491596679687500000e+02,6.160000000000000000e+02
-2.100322341918945312e+01,1.491596679687500000e+02,6.160000000000000000e+02
-2.036658668518066406e+01,1.494018096923828125e+02,6.170000000000000000e+02
-1.969585609436035156e+01,1.494018096923828125e+02,6.170000000000000000e+02
-1.902512550354003906e+01,1.494018096923828125e+02,6.170000000000000000e+02
-1.838414192199707031e+01,1.496439514160156250e+02,6.180000000000000000e+02
-1.774098396301269531e+01,1.498860931396484375e+02,6.190000000000000000e+02
-1.706807899475097656e+01,1.498860931396484375e+02,6.190000000000000000e+02
-1.639517211914062500e+01,1.498860931396484375e+02,6.190000000000000000e+02
-1.572226810455322266e+01,1.498860931396484375e+02,6.190000000000000000e+02
-1.504936122894287109e+01,1.498860931396484375e+02,6.190000000000000000e+02
-1.437645626068115234e+01,1.498860931396484375e+02,6.190000000000000000e+02
-1.368141269683837891e+01,1.496439514160156250e+02,6.180000000000000000e+02
-1.300959491729736328e+01,1.496439514160156250e+02,6.180000000000000000e+02
-1.231781101226806641e+01,1.494018096923828125e+02,6.170000000000000000e+02
-1.164708042144775391e+01,1.494018096923828125e+02,6.170000000000000000e+02
-1.095855903625488281e+01,1.491596679687500000e+02,6.160000000000000000e+02
-1.028891468048095703e+01,1.491596679687500000e+02,6.160000000000000000e+02
-9.603654861450195312e+00,1.489175262451171875e+02,6.150000000000000000e+02
-8.935097694396972656e+00,1.489175262451171875e+02,6.150000000000000000e+02
-8.266540527343750000e+00,1.489175262451171875e+02,6.150000000000000000e+02
-7.585628509521484375e+00,1.486753845214843750e+02,6.140000000000000000e+02
-6.918158531188964844e+00,1.486753845214843750e+02,6.140000000000000000e+02
-6.250688076019287109e+00,1.486753845214843750e+02,6.140000000000000000e+02
-5.592310905456542969e+00,1.489175262451171875e+02,6.150000000000000000e+02
-4.923754215240478516e+00,1.489175262451171875e+02,6.150000000000000000e+02
-4.248278141021728516e+00,1.486753845214843750e+02,6.140000000000000000e+02
-3.580807685852050781e+00,1.486753845214843750e+02,6.140000000000000000e+02
-2.913337707519531250e+00,1.486753845214843750e+02,6.140000000000000000e+02
-2.245867490768432617e+00,1.486753845214843750e+02,6.140000000000000000e+02
-1.578397274017333984e+00,1.486753845214843750e+02,6.140000000000000000e+02
-9.094436764717102051e-01,1.484332427978515625e+02,6.130000000000000000e+02
-2.430606186389923096e-01,1.484332427978515625e+02,6.130000000000000000e+02
4.233224391937255859e-01,1.484332427978515625e+02,6.130000000000000000e+02
1.089705467224121094e+00,1.484332427978515625e+02,6.130000000000000000e+02
1.756088495254516602e+00,1.484332427978515625e+02,6.130000000000000000e+02
2.422471523284912109e+00,1.484332427978515625e+02,6.130000000000000000e+02
3.088854789733886719e+00,1.484332427978515625e+02,6.130000000000000000e+02
3.749111652374267578e+00,1.481911010742187500e+02,6.120000000000000000e+02
4.414407730102539062e+00,1.481911010742187500e+02,6.120000000000000000e+02
5.088003635406494141e+00,1.484332427978515625e+02,6.130000000000000000e+02
5.744999408721923828e+00,1.481911010742187500e+02,6.120000000000000000e+02
6.410295486450195312e+00,1.481911010742187500e+02,6.120000000000000000e+02
7.075591087341308594e+00,1.481911010742187500e+02,6.120000000000000000e+02
7.740887641906738281e+00,1.481911010742187500e+02,6.120000000000000000e+02
8.406183242797851562e+00,1.481911010742187500e+02,6.120000000000000000e+02
9.071479797363281250e+00,1.481911010742187500e+02,6.120000000000000000e+02
9.736775398254394531e+00,1.481911010742187500e+02,6.120000000000000000e+02
1.040207099914550781e+01,1.481911010742187500e+02,6.120000000000000000e+02
1.106736755371093750e+01,1.481911010742187500e+02,6.120000000000000000e+02
1.173266315460205078e+01,1.481911010742187500e+02,6.120000000000000000e+02
1.239795875549316406e+01,1.481911010742187500e+02,6.120000000000000000e+02
1.306325531005859375e+01,1.481911010742187500e+02,6.120000000000000000e+02
1.372855091094970703e+01,1.481911010742187500e+02,6.120000000000000000e+02
1.439384651184082031e+01,1.481911010742187500e+02,6.120000000000000000e+02
1.505914211273193359e+01,1.481911010742187500e+02,6.120000000000000000e+02
1.572443962097167969e+01,1.481911010742187500e+02,6.120000000000000000e+02
1.638973426818847656e+01,1.481911010742187500e+02,6.120000000000000000e+02
1.705503082275390625e+01,1.481911010742187500e+02,6.120000000000000000e+02
1.772032546997070312e+01,1.481911010742187500e+02,6.120000000000000000e+02
1.838562393188476562e+01,1.481911010742187500e+02,6.120000000000000000e+02
1.905091857910156250e+01,1.481911010742187500e+02,6.120000000000000000e+02
1.971621513366699219e+01,1.481911010742187500e+02,6.120000000000000000e+02
2.038151168823242188e+01,1.481911010742187500e+02,6.120000000000000000e+02
2.104680633544921875e+01,1.481911010742187500e+02,6.120000000000000000e+02
2.171210289001464844e+01,1.481911010742187500e+02,6.120000000000000000e+02
2.237739753723144531e+01,1.481911010742187500e+02,6.120000000000000000e+02
2.308034515380859375e+01,1.484332427978515625e+02,6.130000000000000000e+02
2.374672889709472656e+01,1.484332427978515625e+02,6.130000000000000000e+02
2.441311073303222656e+01,1.484332427978515625e+02,6.130000000000000000e+02
2.507949638366699219e+01,1.484332427978515625e+02,6.130000000000000000e+02
2.574587821960449219e+01,1.484332427978515625e+02,6.130000000000000000e+02
2.641226196289062500e+01,1.484332427978515625e+02,6.130000000000000000e+02
2.707864379882812500e+01,1.484332427978515625e+02,6.130000000000000000e+02
2.774502754211425781e+01,1.484332427978515625e+02,6.130000000000000000e+02
2.841140937805175781e+01,1.484332427978515625e+02,6.130000000000000000e+02
2.907779312133789062e+01,1.484332427978515625e+02,6.130000000000000000e+02
2.974417495727539062e+01,1.484332427978515625e+02,6.130000000000000000e+02
3.041056060791015625e+01,1.484332427978515625e+02,6.130000000000000000e+02
3.102624702453613281e+01,1.481911010742187500e+02,6.120000000000000000e+02
3.169154167175292969e+01,1.481911010742187500e+02,6.120000000000000000e+02
3.235683822631835938e+01,1.481911010742187500e+02,6.120000000000000000e+02
3.302213287353515625e+01,1.481911010742187500e+02,6.120000000000000000e+02
3.368742752075195312e+01,1.481911010742187500e+02,6.120000000000000000e+02
3.435272598266601562e+01,1.481911010742187500e+02,6.120000000000000000e+02
3.501802444458007812e+01,1.481911010742187500e+02,6.120000000000000000e+02
3.568331909179687500e+01,1.481911010742187500e+02,6.120000000000000000e+02
3.634861373901367188e+01,1.481911010742187500e+02,6.120000000000000000e+02
3.701390838623046875e+01,1.481911010742187500e+02,6.120000000000000000e+02
3.767920684814453125e+01,1.481911010742187500e+02,6.120000000000000000e+02
3.834450149536132812e+01,1.481911010742187500e+02,6.120000000000000000e+02
3.900979614257812500e+01,1.481911010742187500e+02,6.120000000000000000e+02
3.967509078979492188e+01,1.481911010742187500e+02,6.120000000000000000e+02
4.034038925170898438e+01,1.481911010742187500e+02,6.120000000000000000e+02
4.100568389892578125e+01,1.481911010742187500e+02,6.120000000000000000e+02
4.167097854614257812e+01,1.481911010742187500e+02,6.120000000000000000e+02
4.233627319335937500e+01,1.481911010742187500e+02,6.120000000000000000e+02
4.300157546997070312e+01,1.481911010742187500e+02,6.120000000000000000e+02
4.366687011718750000e+01,1.481911010742187500e+02,6.120000000000000000e+02
4.433216476440429688e+01,1.481911010742187500e+02,6.120000000000000000e+02
4.499746322631835938e+01,1.481911010742187500e+02,6.120000000000000000e+02
4.566275787353515625e+01,1.481911010742187500e+02,6.120000000000000000e+02
4.632805252075195312e+01,1.481911010742187500e+02,6.120000000000000000e+02
4.699334716796875000e+01,1.481911010742187500e+02,6.120000000000000000e+02
4.765864562988281250e+01,1.481911010742187500e+02,6.120000000000000000e+02
4.832394027709960938e+01,1.481911010742187500e+02,6.120000000000000000e+02
4.898923492431640625e+01,1.481911010742187500e+02,6.120000000000000000e+02
4.965453338623046875e+01,1.481911010742187500e+02,6.120000000000000000e+02
5.031982803344726562e+01,1.481911010742187500e+02,6.120000000000000000e+02
5.098512268066406250e+01,1.481911010742187500e+02,6.120000000000000000e+02
5.165041732788085938e+01,1.481911010742187500e+02,6.120000000000000000e+02
5.231571578979492188e+01,1.481911010742187500e+02,6.120000000000000000e+02
5.306758499145507812e+01,1.484332427978515625e+02,6.130000000000000000e+02
5.373396682739257812e+01,1.484332427978515625e+02,6.130000000000000000e+02
5.431160736083984375e+01,1.481911010742187500e+02,6.120000000000000000e+02
5.497690200805664062e+01,1.481911010742187500e+02,6.120000000000000000e+02
5.564219665527343750e+01,1.481911010742187500e+02,6.120000000000000000e+02
5.630749130249023438e+01,1.481911010742187500e+02,6.120000000000000000e+02
5.706587982177734375e+01,1.484332427978515625e+02,6.130000000000000000e+02
5.773226547241210938e+01,1.484332427978515625e+02,6.130000000000000000e+02
5.839864730834960938e+01,1.484332427978515625e+02,6.130000000000000000e+02
5.906502914428710938e+01,1.484332427978515625e+02,6.130000000000000000e+02
5.982885360717773438e+01,1.486753845214843750e+02,6.140000000000000000e+02
6.049632263183593750e+01,1.486753845214843750e+02,6.140000000000000000e+02
6.126340866088867188e+01,1.489175262451171875e+02,6.150000000000000000e+02
6.203266906738281250e+01,1.491596679687500000e+02,6.160000000000000000e+02
6.270231246948242188e+01,1.491596679687500000e+02,6.160000000000000000e+02
6.347483062744140625e+01,1.494018096923828125e+02,6.170000000000000000e+02
6.414556884765625000e+01,1.494018096923828125e+02,6.170000000000000000e+02
6.492134857177734375e+01,1.496439514160156250e+02,6.180000000000000000e+02
6.569930267333984375e+01,1.498860931396484375e+02,6.190000000000000000e+02
6.647943878173828125e+01,1.501282348632812500e+02,6.200000000000000000e+02
6.726174163818359375e+01,1.503703765869140625e+02,6.210000000000000000e+02
6.804621887207031250e+01,1.506125183105468750e+02,6.220000000000000000e+02
6.883287048339843750e+01,1.508546600341796875e+02,6.230000000000000000e+02
6.951012420654296875e+01,1.508546600341796875e+02,6.230000000000000000e+02
7.030004119873046875e+01,1.510968017578125000e+02,6.240000000000000000e+02
7.109212493896484375e+01,1.513389434814453125e+02,6.250000000000000000e+02
7.177155303955078125e+01,1.513389434814453125e+02,6.250000000000000000e+02
7.245098114013671875e+01,1.513389434814453125e+02,6.250000000000000000e+02
7.313040924072265625e+01,1.513389434814453125e+02,6.250000000000000000e+02
7.380983734130859375e+01,1.513389434814453125e+02,6.250000000000000000e+02
7.448926544189453125e+01,1.513389434814453125e+02,6.250000000000000000e+02
7.516870117187500000e+01,1.513389434814453125e+02,6.250000000000000000e+02
7.584812927246093750e+01,1.513389434814453125e+02,6.250000000000000000e+02
7.652755737304687500e+01,1.513389434814453125e+02,6.250000000000000000e+02
7.720697784423828125e+01,1.513389434814453125e+02,6.250000000000000000e+02
7.788640594482421875e+01,1.513389434814453125e+02,6.250000000000000000e+02
7.856583404541015625e+01,1.513389434814453125e+02,6.250000000000000000e+02
7.924526214599609375e+01,1.513389434814453125e+02,6.250000000000000000e+02
7.979680633544921875e+01,1.510968017578125000e+02,6.240000000000000000e+02
8.060412597656250000e+01,1.513389434814453125e+02,6.250000000000000000e+02
8.128355407714843750e+01,1.513389434814453125e+02,6.250000000000000000e+02
8.196298217773437500e+01,1.513389434814453125e+02,6.250000000000000000e+02
8.264241027832031250e+01,1.513389434814453125e+02,6.250000000000000000e+02
8.332183837890625000e+01,1.513389434814453125e+02,6.250000000000000000e+02
8.413566589355468750e+01,1.515810852050781250e+02,6.260000000000000000e+02
8.481617736816406250e+01,1.515810852050781250e+02,6.260000000000000000e+02
8.549669647216796875e+01,1.515810852050781250e+02,6.260000000000000000e+02
8.617720794677734375e+01,1.515810852050781250e+02,6.260000000000000000e+02
8.685772705078125000e+01,1.515810852050781250e+02,6.260000000000000000e+02
8.767807769775390625e+01,1.518232269287109375e+02,6.270000000000000000e+02
8.835968017578125000e+01,1.518232269287109375e+02,6.270000000000000000e+02
8.889926910400390625e+01,1.515810852050781250e+02,6.260000000000000000e+02
8.957978057861328125e+01,1.515810852050781250e+02,6.260000000000000000e+02
9.026029968261718750e+01,1.515810852050781250e+02,6.260000000000000000e+02
9.094081115722656250e+01,1.515810852050781250e+02,6.260000000000000000e+02
9.162133026123046875e+01,1.515810852050781250e+02,6.260000000000000000e+02
9.230184173583984375e+01,1.515810852050781250e+02,6.260000000000000000e+02
9.298236083984375000e+01,1.515810852050781250e+02,6.260000000000000000e+02
9.366287231445312500e+01,1.515810852050781250e+02,6.260000000000000000e+02
9.434339141845703125e+01,1.515810852050781250e+02,6.260000000000000000e+02
9.502390289306640625e+01,1.515810852050781250e+02,6.260000000000000000e+02
9.585729980468750000e+01,1.518232269287109375e+02,6.270000000000000000e+02
9.653890228271484375e+01,1.518232269287109375e+02,6.270000000000000000e+02
9.722050476074218750e+01,1.518232269287109375e+02,6.270000000000000000e+02
9.805825042724609375e+01,1.520653839111328125e+02,6.280000000000000000e+02
9.874093627929687500e+01,1.520653839111328125e+02,6.280000000000000000e+02
9.942362976074218750e+01,1.520653839111328125e+02,6.280000000000000000e+02
1.001063156127929688e+02,1.520653839111328125e+02,6.280000000000000000e+02
1.084710464477539062e+02,1.523075256347656250e+02,6.290000000000000000e+02
1.091548233032226562e+02,1.523075256347656250e+02,6.290000000000000000e+02
1.098386001586914062e+02,1.523075256347656250e+02,6.290000000000000000e+02
1.105223693847656250e+02,1.523075256347656250e+02,6.290000000000000000e+02
1.112061462402343750e+02,1.523075256347656250e+02,6.290000000000000000e+02
1.118899230957031250e+02,1.523075256347656250e+02,6.290000000000000000e+02
1.125736999511718750e+02,1.523075256347656250e+02,6.290000000000000000e+02
1.132574768066406250e+02,1.523075256347656250e+02,6.290000000000000000e+02
1.139412536621093750e+02,1.523075256347656250e+02,6.290000000000000000e+02
1.148072662353515625e+02,1.525496673583984375e+02,6.300000000000000000e+02
1.153088073730468750e+02,1.523075256347656250e+02,6.290000000000000000e+02
1.159925842285156250e+02,1.523075256347656250e+02,6.290000000000000000e+02
1.166763610839843750e+02,1.523075256347656250e+02,6.290000000000000000e+02
1.173601303100585938e+02,1.523075256347656250e+02,6.290000000000000000e+02
1.178562393188476562e+02,1.520653839111328125e+02,6.280000000000000000e+02
1.185389328002929688e+02,1.520653839111328125e+02,6.280000000000000000e+02
1.190317764282226562e+02,1.518232269287109375e+02,6.270000000000000000e+02
1.195224456787109375e+02,1.515810852050781250e+02,6.260000000000000000e+02
1.200109405517578125e+02,1.513389434814453125e+02,6.250000000000000000e+02
1.204972686767578125e+02,1.510968017578125000e+02,6.240000000000000000e+02
1.209814147949218750e+02,1.508546600341796875e+02,6.230000000000000000e+02
1.214633941650390625e+02,1.506125183105468750e+02,6.220000000000000000e+02
1.219431991577148438e+02,1.503703765869140625e+02,6.210000000000000000e+02
1.224208297729492188e+02,1.501282348632812500e+02,6.200000000000000000e+02
1.230948181152343750e+02,1.501282348632812500e+02,6.200000000000000000e+02
1.235691833496093750e+02,1.498860931396484375e+02,6.190000000000000000e+02
1.242420883178710938e+02,1.498860931396484375e+02,6.190000000000000000e+02
1.249149932861328125e+02,1.498860931396484375e+02,6.190000000000000000e+02
1.255878982543945312e+02,1.498860931396484375e+02,6.190000000000000000e+02
1.262608032226562500e+02,1.498860931396484375e+02,6.190000000000000000e+02
1.271387710571289062e+02,1.501282348632812500e+02,6.200000000000000000e+02
1.282250671386718750e+02,1.506125183105468750e+02,6.220000000000000000e+02
-6.843669128417968750e+01,1.495863647460937500e+02,6.150000000000000000e+02
-6.776812744140625000e+01,1.495863647460937500e+02,6.150000000000000000e+02
-6.709957122802734375e+01,1.495863647460937500e+02,6.150000000000000000e+02
-6.643101501464843750e+01,1.495863647460937500e+02,6.150000000000000000e+02
-6.576245880126953125e+01,1.495863647460937500e+02,6.150000000000000000e+02
-6.509390258789062500e+01,1.495863647460937500e+02,6.150000000000000000e+02
-6.442534637451171875e+01,1.495863647460937500e+02,6.150000000000000000e+02
-6.386045837402343750e+01,1.498295898437500000e+02,6.160000000000000000e+02
-6.319081497192382812e+01,1.498295898437500000e+02,6.160000000000000000e+02
-6.252117156982421875e+01,1.498295898437500000e+02,6.160000000000000000e+02
-6.185152816772460938e+01,1.498295898437500000e+02,6.160000000000000000e+02
-6.118188476562500000e+01,1.498295898437500000e+02,6.160000000000000000e+02
-6.051223373413085938e+01,1.498295898437500000e+02,6.160000000000000000e+02
-5.984259033203125000e+01,1.498295898437500000e+02,6.160000000000000000e+02
-5.917294692993164062e+01,1.498295898437500000e+02,6.160000000000000000e+02
-5.850330352783203125e+01,1.498295898437500000e+02,6.160000000000000000e+02
-5.783366012573242188e+01,1.498295898437500000e+02,6.160000000000000000e+02
-5.716401290893554688e+01,1.498295898437500000e+02,6.160000000000000000e+02
-5.649436950683593750e+01,1.498295898437500000e+02,6.160000000000000000e+02
-5.582472610473632812e+01,1.498295898437500000e+02,6.160000000000000000e+02
-5.515508270263671875e+01,1.498295898437500000e+02,6.160000000000000000e+02
-5.448543930053710938e+01,1.498295898437500000e+02,6.160000000000000000e+02
-5.381579589843750000e+01,1.498295898437500000e+02,6.160000000000000000e+02
-5.314614868164062500e+01,1.498295898437500000e+02,6.160000000000000000e+02
-5.247650527954101562e+01,1.498295898437500000e+02,6.160000000000000000e+02
-5.180686187744140625e+01,1.498295898437500000e+02,6.160000000000000000e+02
-5.113721847534179688e+01,1.498295898437500000e+02,6.160000000000000000e+02
-5.046757507324218750e+01,1.498295898437500000e+02,6.160000000000000000e+02
-4.979792404174804688e+01,1.498295898437500000e+02,6.160000000000000000e+02
-4.912828063964843750e+01,1.498295898437500000e+02,6.160000000000000000e+02
-4.845863723754882812e+01,1.498295898437500000e+02,6.160000000000000000e+02
-4.771141433715820312e+01,1.495863647460937500e+02,6.150000000000000000e+02
-4.704285812377929688e+01,1.495863647460937500e+02,6.150000000000000000e+02
-4.637430191040039062e+01,1.495863647460937500e+02,6.150000000000000000e+02
-4.570574188232421875e+01,1.495863647460937500e+02,6.150000000000000000e+02
-4.503718566894531250e+01,1.495863647460937500e+02,6.150000000000000000e+02
-4.436862945556640625e+01,1.495863647460937500e+02,6.150000000000000000e+02
-4.370007324218750000e+01,1.495863647460937500e+02,6.150000000000000000e+02
-4.303151702880859375e+01,1.495863647460937500e+02,6.150000000000000000e+02
-4.236296081542968750e+01,1.495863647460937500e+02,6.150000000000000000e+02
-4.169440078735351562e+01,1.495863647460937500e+02,6.150000000000000000e+02
-4.102584457397460938e+01,1.495863647460937500e+02,6.150000000000000000e+02
-4.035728836059570312e+01,1.495863647460937500e+02,6.150000000000000000e+02
-3.968872833251953125e+01,1.495863647460937500e+02,6.150000000000000000e+02
-3.908361816406250000e+01,1.498295898437500000e+02,6.160000000000000000e+02
-3.841397476196289062e+01,1.498295898437500000e+02,6.160000000000000000e+02
-3.768305969238281250e+01,1.495863647460937500e+02,6.150000000000000000e+02
-3.707468414306640625e+01,1.498295898437500000e+02,6.160000000000000000e+02
-3.640504074096679688e+01,1.498295898437500000e+02,6.160000000000000000e+02
-3.567738342285156250e+01,1.495863647460937500e+02,6.150000000000000000e+02
-3.500882720947265625e+01,1.495863647460937500e+02,6.150000000000000000e+02
-3.434027099609375000e+01,1.495863647460937500e+02,6.150000000000000000e+02
-3.367171478271484375e+01,1.495863647460937500e+02,6.150000000000000000e+02
-3.300315856933593750e+01,1.495863647460937500e+02,6.150000000000000000e+02
-3.228202438354492188e+01,1.493431243896484375e+02,6.140000000000000000e+02
-3.161455154418945312e+01,1.493431243896484375e+02,6.140000000000000000e+02
-3.094708251953125000e+01,1.493431243896484375e+02,6.140000000000000000e+02
-3.027961158752441406e+01,1.493431243896484375e+02,6.140000000000000000e+02
-2.961214256286621094e+01,1.493431243896484375e+02,6.140000000000000000e+02
-2.894467353820800781e+01,1.493431243896484375e+02,6.140000000000000000e+02
-2.827720260620117188e+01,1.493431243896484375e+02,6.140000000000000000e+02
-2.760973358154296875e+01,1.493431243896484375e+02,6.140000000000000000e+02
-2.698614311218261719e+01,1.495863647460937500e+02,6.150000000000000000e+02
-2.631758308410644531e+01,1.495863647460937500e+02,6.150000000000000000e+02
-2.564902687072753906e+01,1.495863647460937500e+02,6.150000000000000000e+02
-2.498047065734863281e+01,1.495863647460937500e+02,6.150000000000000000e+02
-2.431191253662109375e+01,1.495863647460937500e+02,6.150000000000000000e+02
-2.368180084228515625e+01,1.498295898437500000e+02,6.160000000000000000e+02
-2.301215744018554688e+01,1.498295898437500000e+02,6.160000000000000000e+02
-2.230624198913574219e+01,1.495863647460937500e+02,6.150000000000000000e+02
-2.167286682128906250e+01,1.498295898437500000e+02,6.160000000000000000e+02
-2.100322341918945312e+01,1.498295898437500000e+02,6.160000000000000000e+02
-2.033357810974121094e+01,1.498295898437500000e+02,6.160000000000000000e+02
-1.966393470764160156e+01,1.498295898437500000e+02,6.160000000000000000e+02
-1.899429130554199219e+01,1.498295898437500000e+02,6.160000000000000000e+02
-1.832464599609375000e+01,1.498295898437500000e+02,6.160000000000000000e+02
-1.768366241455078125e+01,1.500728149414062500e+02,6.170000000000000000e+02
-1.701293182373046875e+01,1.500728149414062500e+02,6.170000000000000000e+02
-1.636868667602539062e+01,1.503160552978515625e+02,6.180000000000000000e+02
-1.569686794281005859e+01,1.503160552978515625e+02,6.180000000000000000e+02
-1.502504920959472656e+01,1.503160552978515625e+02,6.180000000000000000e+02
-1.435323047637939453e+01,1.503160552978515625e+02,6.180000000000000000e+02
-1.368141269683837891e+01,1.503160552978515625e+02,6.180000000000000000e+02
-1.298854351043701172e+01,1.500728149414062500e+02,6.170000000000000000e+02
-1.231781101226806641e+01,1.500728149414062500e+02,6.170000000000000000e+02
-1.162820339202880859e+01,1.498295898437500000e+02,6.160000000000000000e+02
-1.095855903625488281e+01,1.498295898437500000e+02,6.160000000000000000e+02
-1.028891468048095703e+01,1.498295898437500000e+02,6.160000000000000000e+02
-9.603654861450195312e+00,1.495863647460937500e+02,6.150000000000000000e+02
-8.935097694396972656e+00,1.495863647460937500e+02,6.150000000000000000e+02
-8.266540527343750000e+00,1.495863647460937500e+02,6.150000000000000000e+02
-7.597982883453369141e+00,1.495863647460937500e+02,6.150000000000000000e+02
-6.918158531188964844e+00,1.493431243896484375e+02,6.140000000000000000e+02
-6.250688076019287109e+00,1.493431243896484375e+02,6.140000000000000000e+02
-5.583217620849609375e+00,1.493431243896484375e+02,6.140000000000000000e+02
-4.915748119354248047e+00,1.493431243896484375e+02,6.140000000000000000e+02
-4.248278141021728516e+00,1.493431243896484375e+02,6.140000000000000000e+02
-3.580807685852050781e+00,1.493431243896484375e+02,6.140000000000000000e+02
-2.913337707519531250e+00,1.493431243896484375e+02,6.140000000000000000e+02
-2.245867490768432617e+00,1.493431243896484375e+02,6.140000000000000000e+02
-1.578397274017333984e+00,1.493431243896484375e+02,6.140000000000000000e+02
-9.094436764717102051e-01,1.490998992919921875e+02,6.130000000000000000e+02
-2.434571236371994019e-01,1.493431243896484375e+02,6.140000000000000000e+02
4.240130186080932617e-01,1.493431243896484375e+02,6.140000000000000000e+02
1.089705467224121094e+00,1.490998992919921875e+02,6.130000000000000000e+02
1.758953332901000977e+00,1.493431243896484375e+02,6.140000000000000000e+02
2.422471523284912109e+00,1.490998992919921875e+02,6.130000000000000000e+02
3.088854789733886719e+00,1.490998992919921875e+02,6.130000000000000000e+02
3.755237817764282227e+00,1.490998992919921875e+02,6.130000000000000000e+02
4.421620845794677734e+00,1.490998992919921875e+02,6.130000000000000000e+02
5.088003635406494141e+00,1.490998992919921875e+02,6.130000000000000000e+02
5.754386425018310547e+00,1.490998992919921875e+02,6.130000000000000000e+02
6.410295486450195312e+00,1.488566741943359375e+02,6.120000000000000000e+02
7.075591087341308594e+00,1.488566741943359375e+02,6.120000000000000000e+02
7.740887641906738281e+00,1.488566741943359375e+02,6.120000000000000000e+02
8.406183242797851562e+00,1.488566741943359375e+02,6.120000000000000000e+02
9.071479797363281250e+00,1.488566741943359375e+02,6.120000000000000000e+02
9.736775398254394531e+00,1.488566741943359375e+02,6.120000000000000000e+02
1.040207099914550781e+01,1.488566741943359375e+02,6.120000000000000000e+02
1.106736755371093750e+01,1.488566741943359375e+02,6.120000000000000000e+02
1.173266315460205078e+01,1.488566741943359375e+02,6.120000000000000000e+02
1.239795875549316406e+01,1.488566741943359375e+02,6.120000000000000000e+02
1.306325531005859375e+01,1.488566741943359375e+02,6.120000000000000000e+02
1.372855091094970703e+01,1.488566741943359375e+02,6.120000000000000000e+02
1.439384651184082031e+01,1.488566741943359375e+02,6.120000000000000000e+02
1.505914211273193359e+01,1.488566741943359375e+02,6.120000000000000000e+02
1.572443962097167969e+01,1.488566741943359375e+02,6.120000000000000000e+02
1.638973426818847656e+01,1.488566741943359375e+02,6.120000000000000000e+02
1.705503082275390625e+01,1.488566741943359375e+02,6.120000000000000000e+02
1.772032546997070312e+01,1.488566741943359375e+02,6.120000000000000000e+02
1.838562393188476562e+01,1.488566741943359375e+02,6.120000000000000000e+02
1.905091857910156250e+01,1.488566741943359375e+02,6.120000000000000000e+02
1.971621513366699219e+01,1.488566741943359375e+02,6.120000000000000000e+02
2.038151168823242188e+01,1.488566741943359375e+02,6.120000000000000000e+02
2.104680633544921875e+01,1.488566741943359375e+02,6.120000000000000000e+02
2.171210289001464844e+01,1.488566741943359375e+02,6.120000000000000000e+02
2.237739753723144531e+01,1.488566741943359375e+02,6.120000000000000000e+02
2.304269409179687500e+01,1.488566741943359375e+02,6.120000000000000000e+02
2.370798873901367188e+01,1.488566741943359375e+02,6.120000000000000000e+02
2.437328529357910156e+01,1.488566741943359375e+02,6.120000000000000000e+02
2.503858375549316406e+01,1.488566741943359375e+02,6.120000000000000000e+02
2.570387840270996094e+01,1.488566741943359375e+02,6.120000000000000000e+02
2.636917495727539062e+01,1.488566741943359375e+02,6.120000000000000000e+02
2.703446960449218750e+01,1.488566741943359375e+02,6.120000000000000000e+02
2.769976615905761719e+01,1.488566741943359375e+02,6.120000000000000000e+02
2.836506080627441406e+01,1.488566741943359375e+02,6.120000000000000000e+02
2.903035736083984375e+01,1.488566741943359375e+02,6.120000000000000000e+02
2.969565200805664062e+01,1.488566741943359375e+02,6.120000000000000000e+02
3.036095046997070312e+01,1.488566741943359375e+02,6.120000000000000000e+02
3.102624702453613281e+01,1.488566741943359375e+02,6.120000000000000000e+02
3.169154167175292969e+01,1.488566741943359375e+02,6.120000000000000000e+02
3.235683822631835938e+01,1.488566741943359375e+02,6.120000000000000000e+02
3.302213287353515625e+01,1.488566741943359375e+02,6.120000000000000000e+02
3.368742752075195312e+01,1.488566741943359375e+02,6.120000000000000000e+02
3.429659271240234375e+01,1.486134338378906250e+02,6.110000000000000000e+02
3.496080398559570312e+01,1.486134338378906250e+02,6.110000000000000000e+02
3.562501144409179688e+01,1.486134338378906250e+02,6.110000000000000000e+02
3.628921890258789062e+01,1.486134338378906250e+02,6.110000000000000000e+02
3.701390838623046875e+01,1.488566741943359375e+02,6.120000000000000000e+02
3.767920684814453125e+01,1.488566741943359375e+02,6.120000000000000000e+02
3.834450149536132812e+01,1.488566741943359375e+02,6.120000000000000000e+02
3.900979614257812500e+01,1.488566741943359375e+02,6.120000000000000000e+02
3.967509078979492188e+01,1.488566741943359375e+02,6.120000000000000000e+02
4.034038925170898438e+01,1.488566741943359375e+02,6.120000000000000000e+02
4.100568389892578125e+01,1.488566741943359375e+02,6.120000000000000000e+02
4.167097854614257812e+01,1.488566741943359375e+02,6.120000000000000000e+02
4.233627319335937500e+01,1.488566741943359375e+02,6.120000000000000000e+02
4.300157546997070312e+01,1.488566741943359375e+02,6.120000000000000000e+02
4.366687011718750000e+01,1.488566741943359375e+02,6.120000000000000000e+02
4.433216476440429688e+01,1.488566741943359375e+02,6.120000000000000000e+02
4.499746322631835938e+01,1.488566741943359375e+02,6.120000000000000000e+02
4.566275787353515625e+01,1.488566741943359375e+02,6.120000000000000000e+02
4.632805252075195312e+01,1.488566741943359375e+02,6.120000000000000000e+02
4.699334716796875000e+01,1.488566741943359375e+02,6.120000000000000000e+02
4.765864562988281250e+01,1.488566741943359375e+02,6.120000000000000000e+02
4.832394027709960938e+01,1.488566741943359375e+02,6.120000000000000000e+02
4.898923492431640625e+01,1.488566741943359375e+02,6.120000000000000000e+02
4.965453338623046875e+01,1.488566741943359375e+02,6.120000000000000000e+02
5.031982803344726562e+01,1.488566741943359375e+02,6.120000000000000000e+02
5.098512268066406250e+01,1.488566741943359375e+02,6.120000000000000000e+02
5.165041732788085938e+01,1.488566741943359375e+02,6.120000000000000000e+02
5.231571578979492188e+01,1.488566741943359375e+02,6.120000000000000000e+02
5.298101425170898438e+01,1.488566741943359375e+02,6.120000000000000000e+02
5.364630889892578125e+01,1.488566741943359375e+02,6.120000000000000000e+02
5.431160736083984375e+01,1.488566741943359375e+02,6.120000000000000000e+02
5.497690200805664062e+01,1.488566741943359375e+02,6.120000000000000000e+02
5.564219665527343750e+01,1.488566741943359375e+02,6.120000000000000000e+02
5.630749130249023438e+01,1.488566741943359375e+02,6.120000000000000000e+02
5.697278976440429688e+01,1.488566741943359375e+02,6.120000000000000000e+02
5.763808441162109375e+01,1.488566741943359375e+02,6.120000000000000000e+02
5.839864730834960938e+01,1.490998992919921875e+02,6.130000000000000000e+02
5.906502914428710938e+01,1.490998992919921875e+02,6.130000000000000000e+02
5.973141098022460938e+01,1.490998992919921875e+02,6.130000000000000000e+02
6.049632263183593750e+01,1.493431243896484375e+02,6.140000000000000000e+02
6.126340866088867188e+01,1.495863647460937500e+02,6.150000000000000000e+02
6.203266906738281250e+01,1.498295898437500000e+02,6.160000000000000000e+02
6.270231246948242188e+01,1.498295898437500000e+02,6.160000000000000000e+02
6.347483062744140625e+01,1.500728149414062500e+02,6.170000000000000000e+02
6.424953460693359375e+01,1.503160552978515625e+02,6.180000000000000000e+02
6.502639770507812500e+01,1.505592803955078125e+02,6.190000000000000000e+02
6.569930267333984375e+01,1.505592803955078125e+02,6.190000000000000000e+02
6.647943878173828125e+01,1.508025054931640625e+02,6.200000000000000000e+02
6.726174163818359375e+01,1.510457305908203125e+02,6.210000000000000000e+02
6.804621887207031250e+01,1.512889709472656250e+02,6.220000000000000000e+02
6.883287048339843750e+01,1.515321960449218750e+02,6.230000000000000000e+02
6.962169647216796875e+01,1.517754211425781250e+02,6.240000000000000000e+02
7.030004119873046875e+01,1.517754211425781250e+02,6.240000000000000000e+02
7.109212493896484375e+01,1.520186614990234375e+02,6.250000000000000000e+02
7.177155303955078125e+01,1.520186614990234375e+02,6.250000000000000000e+02
7.245098114013671875e+01,1.520186614990234375e+02,6.250000000000000000e+02
7.313040924072265625e+01,1.520186614990234375e+02,6.250000000000000000e+02
7.380983734130859375e+01,1.520186614990234375e+02,6.250000000000000000e+02
7.448926544189453125e+01,1.520186614990234375e+02,6.250000000000000000e+02
7.516870117187500000e+01,1.520186614990234375e+02,6.250000000000000000e+02
7.584812927246093750e+01,1.520186614990234375e+02,6.250000000000000000e+02
7.652755737304687500e+01,1.520186614990234375e+02,6.250000000000000000e+02
7.720697784423828125e+01,1.520186614990234375e+02,6.250000000000000000e+02
7.788640594482421875e+01,1.520186614990234375e+02,6.250000000000000000e+02
7.856583404541015625e+01,1.520186614990234375e+02,6.250000000000000000e+02
7.924526214599609375e+01,1.520186614990234375e+02,6.250000000000000000e+02
7.992469024658203125e+01,1.520186614990234375e+02,6.250000000000000000e+02
8.060412597656250000e+01,1.520186614990234375e+02,6.250000000000000000e+02
8.128355407714843750e+01,1.520186614990234375e+02,6.250000000000000000e+02
8.196298217773437500e+01,1.520186614990234375e+02,6.250000000000000000e+02
8.277463531494140625e+01,1.522618865966796875e+02,6.260000000000000000e+02
8.345515441894531250e+01,1.522618865966796875e+02,6.260000000000000000e+02
8.413566589355468750e+01,1.522618865966796875e+02,6.260000000000000000e+02
8.481617736816406250e+01,1.522618865966796875e+02,6.260000000000000000e+02
8.563327026367187500e+01,1.525051116943359375e+02,6.270000000000000000e+02
8.631487274169921875e+01,1.525051116943359375e+02,6.270000000000000000e+02
8.699647521972656250e+01,1.525051116943359375e+02,6.270000000000000000e+02
8.767807769775390625e+01,1.525051116943359375e+02,6.270000000000000000e+02
8.835968017578125000e+01,1.525051116943359375e+02,6.270000000000000000e+02
8.904128265380859375e+01,1.525051116943359375e+02,6.270000000000000000e+02
8.972288513183593750e+01,1.525051116943359375e+02,6.270000000000000000e+02
9.040448760986328125e+01,1.525051116943359375e+02,6.270000000000000000e+02
9.108609008789062500e+01,1.525051116943359375e+02,6.270000000000000000e+02
9.176769256591796875e+01,1.525051116943359375e+02,6.270000000000000000e+02
9.230184173583984375e+01,1.522618865966796875e+02,6.260000000000000000e+02
9.298236083984375000e+01,1.522618865966796875e+02,6.260000000000000000e+02
9.366287231445312500e+01,1.522618865966796875e+02,6.260000000000000000e+02
9.434339141845703125e+01,1.522618865966796875e+02,6.260000000000000000e+02
9.517569732666015625e+01,1.525051116943359375e+02,6.270000000000000000e+02
9.585729980468750000e+01,1.525051116943359375e+02,6.270000000000000000e+02
9.653890228271484375e+01,1.525051116943359375e+02,6.270000000000000000e+02
9.722050476074218750e+01,1.525051116943359375e+02,6.270000000000000000e+02
9.805825042724609375e+01,1.527483520507812500e+02,6.280000000000000000e+02
9.874093627929687500e+01,1.527483520507812500e+02,6.280000000000000000e+02
9.942362976074218750e+01,1.527483520507812500e+02,6.280000000000000000e+02
1.001063156127929688e+02,1.527483520507812500e+02,6.280000000000000000e+02
1.007890090942382812e+02,1.527483520507812500e+02,6.280000000000000000e+02
1.014716949462890625e+02,1.527483520507812500e+02,6.280000000000000000e+02
1.021543960571289062e+02,1.527483520507812500e+02,6.280000000000000000e+02
1.028370819091796875e+02,1.527483520507812500e+02,6.280000000000000000e+02
1.035197677612304688e+02,1.527483520507812500e+02,6.280000000000000000e+02
1.064197158813476562e+02,1.529915771484375000e+02,6.290000000000000000e+02
1.071034927368164062e+02,1.529915771484375000e+02,6.290000000000000000e+02
1.077872695922851562e+02,1.529915771484375000e+02,6.290000000000000000e+02
1.084710464477539062e+02,1.529915771484375000e+02,6.290000000000000000e+02
1.091548233032226562e+02,1.529915771484375000e+02,6.290000000000000000e+02
1.098386001586914062e+02,1.529915771484375000e+02,6.290000000000000000e+02
1.105223693847656250e+02,1.529915771484375000e+02,6.290000000000000000e+02
1.112061462402343750e+02,1.529915771484375000e+02,6.290000000000000000e+02
1.118899230957031250e+02,1.529915771484375000e+02,6.290000000000000000e+02
1.125736999511718750e+02,1.529915771484375000e+02,6.290000000000000000e+02
1.132574768066406250e+02,1.529915771484375000e+02,6.290000000000000000e+02
1.139412536621093750e+02,1.529915771484375000e+02,6.290000000000000000e+02
1.146250305175781250e+02,1.529915771484375000e+02,6.290000000000000000e+02
1.153088073730468750e+02,1.529915771484375000e+02,6.290000000000000000e+02
1.159925842285156250e+02,1.529915771484375000e+02,6.290000000000000000e+02
1.166763610839843750e+02,1.529915771484375000e+02,6.290000000000000000e+02
1.171735534667968750e+02,1.527483520507812500e+02,6.280000000000000000e+02
1.178562393188476562e+02,1.527483520507812500e+02,6.280000000000000000e+02
1.183501739501953125e+02,1.525051116943359375e+02,6.270000000000000000e+02
1.188419342041015625e+02,1.522618865966796875e+02,6.260000000000000000e+02
1.195224456787109375e+02,1.522618865966796875e+02,6.260000000000000000e+02
1.200109405517578125e+02,1.520186614990234375e+02,6.250000000000000000e+02
1.203041610717773438e+02,1.515321960449218750e+02,6.230000000000000000e+02
1.207872238159179688e+02,1.512889709472656250e+02,6.220000000000000000e+02
1.212681121826171875e+02,1.510457305908203125e+02,6.210000000000000000e+02
1.219431991577148438e+02,1.510457305908203125e+02,6.210000000000000000e+02
1.224208297729492188e+02,1.508025054931640625e+02,6.200000000000000000e+02
1.228962783813476562e+02,1.505592803955078125e+02,6.190000000000000000e+02
1.235691833496093750e+02,1.505592803955078125e+02,6.190000000000000000e+02
1.242420883178710938e+02,1.505592803955078125e+02,6.190000000000000000e+02
1.247131958007812500e+02,1.503160552978515625e+02,6.180000000000000000e+02
1.253850097656250000e+02,1.503160552978515625e+02,6.180000000000000000e+02
1.262608032226562500e+02,1.505592803955078125e+02,6.190000000000000000e+02
1.271387710571289062e+02,1.508025054931640625e+02,6.200000000000000000e+02
1.280189208984375000e+02,1.510457305908203125e+02,6.210000000000000000e+02
-6.365311813354492188e+01,1.500108795166015625e+02,6.140000000000000000e+02
-6.298564910888671875e+01,1.500108795166015625e+02,6.140000000000000000e+02
-6.231818008422851562e+01,1.500108795166015625e+02,6.140000000000000000e+02
-6.175111770629882812e+01,1.502551879882812500e+02,6.150000000000000000e+02
-6.108256149291992188e+01,1.502551879882812500e+02,6.150000000000000000e+02
-6.041400146484375000e+01,1.502551879882812500e+02,6.150000000000000000e+02
-5.974544525146484375e+01,1.502551879882812500e+02,6.150000000000000000e+02
-5.907688522338867188e+01,1.502551879882812500e+02,6.150000000000000000e+02
-5.840832901000976562e+01,1.502551879882812500e+02,6.150000000000000000e+02
-5.773977279663085938e+01,1.502551879882812500e+02,6.150000000000000000e+02
-5.707121658325195312e+01,1.502551879882812500e+02,6.150000000000000000e+02
-5.649436950683593750e+01,1.504995117187500000e+02,6.160000000000000000e+02
-5.582472610473632812e+01,1.504995117187500000e+02,6.160000000000000000e+02
-5.515508270263671875e+01,1.504995117187500000e+02,6.160000000000000000e+02
-5.448543930053710938e+01,1.504995117187500000e+02,6.160000000000000000e+02
-5.381579589843750000e+01,1.504995117187500000e+02,6.160000000000000000e+02
-5.314614868164062500e+01,1.504995117187500000e+02,6.160000000000000000e+02
-5.247650527954101562e+01,1.504995117187500000e+02,6.160000000000000000e+02
-5.180686187744140625e+01,1.504995117187500000e+02,6.160000000000000000e+02
-5.113721847534179688e+01,1.504995117187500000e+02,6.160000000000000000e+02
-5.038564682006835938e+01,1.502551879882812500e+02,6.150000000000000000e+02
-4.971708679199218750e+01,1.502551879882812500e+02,6.150000000000000000e+02
-4.904852676391601562e+01,1.502551879882812500e+02,6.150000000000000000e+02
-4.837997055053710938e+01,1.502551879882812500e+02,6.150000000000000000e+02
-4.771141433715820312e+01,1.502551879882812500e+02,6.150000000000000000e+02
-4.704285812377929688e+01,1.502551879882812500e+02,6.150000000000000000e+02
-4.629889678955078125e+01,1.500108795166015625e+02,6.140000000000000000e+02
-4.563142395019531250e+01,1.500108795166015625e+02,6.140000000000000000e+02
-4.496395492553710938e+01,1.500108795166015625e+02,6.140000000000000000e+02
-4.429648590087890625e+01,1.500108795166015625e+02,6.140000000000000000e+02
-4.370007324218750000e+01,1.502551879882812500e+02,6.150000000000000000e+02
-4.296154785156250000e+01,1.500108795166015625e+02,6.140000000000000000e+02
-4.229407501220703125e+01,1.500108795166015625e+02,6.140000000000000000e+02
-4.162660598754882812e+01,1.500108795166015625e+02,6.140000000000000000e+02
-4.102584457397460938e+01,1.502551879882812500e+02,6.150000000000000000e+02
-4.035728836059570312e+01,1.502551879882812500e+02,6.150000000000000000e+02
-3.968872833251953125e+01,1.502551879882812500e+02,6.150000000000000000e+02
-3.902016830444335938e+01,1.502551879882812500e+02,6.150000000000000000e+02
-3.841397476196289062e+01,1.504995117187500000e+02,6.160000000000000000e+02
-3.768305969238281250e+01,1.502551879882812500e+02,6.150000000000000000e+02
-3.701449966430664062e+01,1.502551879882812500e+02,6.150000000000000000e+02
-3.634594345092773438e+01,1.502551879882812500e+02,6.150000000000000000e+02
-3.567738342285156250e+01,1.502551879882812500e+02,6.150000000000000000e+02
-3.500882720947265625e+01,1.502551879882812500e+02,6.150000000000000000e+02
-3.434027099609375000e+01,1.502551879882812500e+02,6.150000000000000000e+02
-3.367171478271484375e+01,1.502551879882812500e+02,6.150000000000000000e+02
-3.300315856933593750e+01,1.502551879882812500e+02,6.150000000000000000e+02
-3.228202438354492188e+01,1.500108795166015625e+02,6.140000000000000000e+02
-3.161455154418945312e+01,1.500108795166015625e+02,6.140000000000000000e+02
-3.094708251953125000e+01,1.500108795166015625e+02,6.140000000000000000e+02
-3.027961158752441406e+01,1.500108795166015625e+02,6.140000000000000000e+02
-2.961214256286621094e+01,1.500108795166015625e+02,6.140000000000000000e+02
-2.894467353820800781e+01,1.500108795166015625e+02,6.140000000000000000e+02
-2.827720260620117188e+01,1.500108795166015625e+02,6.140000000000000000e+02
-2.760973358154296875e+01,1.500108795166015625e+02,6.140000000000000000e+02
-2.694226264953613281e+01,1.500108795166015625e+02,6.140000000000000000e+02
-2.627479171752929688e+01,1.500108795166015625e+02,6.140000000000000000e+02
-2.560732078552246094e+01,1.500108795166015625e+02,6.140000000000000000e+02
-2.498047065734863281e+01,1.502551879882812500e+02,6.150000000000000000e+02
-2.431191253662109375e+01,1.502551879882812500e+02,6.150000000000000000e+02
-2.364335632324218750e+01,1.502551879882812500e+02,6.150000000000000000e+02
-2.297480010986328125e+01,1.502551879882812500e+02,6.150000000000000000e+02
-2.230624198913574219e+01,1.502551879882812500e+02,6.150000000000000000e+02
-2.163768386840820312e+01,1.502551879882812500e+02,6.150000000000000000e+02
-2.100322341918945312e+01,1.504995117187500000e+02,6.160000000000000000e+02
-2.033357810974121094e+01,1.504995117187500000e+02,6.160000000000000000e+02
-1.966393470764160156e+01,1.504995117187500000e+02,6.160000000000000000e+02
-1.899429130554199219e+01,1.504995117187500000e+02,6.160000000000000000e+02
-1.832464599609375000e+01,1.504995117187500000e+02,6.160000000000000000e+02
-1.765500068664550781e+01,1.504995117187500000e+02,6.160000000000000000e+02
-1.701293182373046875e+01,1.507438201904296875e+02,6.170000000000000000e+02
-1.634219932556152344e+01,1.507438201904296875e+02,6.170000000000000000e+02
-1.567146873474121094e+01,1.507438201904296875e+02,6.170000000000000000e+02
-1.500073623657226562e+01,1.507438201904296875e+02,6.170000000000000000e+02
-1.433000564575195312e+01,1.507438201904296875e+02,6.170000000000000000e+02
-1.365927410125732422e+01,1.507438201904296875e+02,6.170000000000000000e+02
-1.298854351043701172e+01,1.507438201904296875e+02,6.170000000000000000e+02
-1.229784679412841797e+01,1.504995117187500000e+02,6.160000000000000000e+02
-1.162820339202880859e+01,1.504995117187500000e+02,6.160000000000000000e+02
-1.095855903625488281e+01,1.504995117187500000e+02,6.160000000000000000e+02
-1.027221202850341797e+01,1.502551879882812500e+02,6.150000000000000000e+02
-9.603654861450195312e+00,1.502551879882812500e+02,6.150000000000000000e+02
-8.935097694396972656e+00,1.502551879882812500e+02,6.150000000000000000e+02
-8.253098487854003906e+00,1.500108795166015625e+02,6.140000000000000000e+02
-7.585628509521484375e+00,1.500108795166015625e+02,6.140000000000000000e+02
-6.918158531188964844e+00,1.500108795166015625e+02,6.140000000000000000e+02
-6.250688076019287109e+00,1.500108795166015625e+02,6.140000000000000000e+02
-5.583217620849609375e+00,1.500108795166015625e+02,6.140000000000000000e+02
-4.915748119354248047e+00,1.500108795166015625e+02,6.140000000000000000e+02
-4.248278141021728516e+00,1.500108795166015625e+02,6.140000000000000000e+02
-3.580807685852050781e+00,1.500108795166015625e+02,6.140000000000000000e+02
-2.913337707519531250e+00,1.500108795166015625e+02,6.140000000000000000e+02
-2.245867490768432617e+00,1.500108795166015625e+02,6.140000000000000000e+02
-1.578397274017333984e+00,1.500108795166015625e+02,6.140000000000000000e+02
-9.109272360801696777e-01,1.500108795166015625e+02,6.140000000000000000e+02
-2.434571236371994019e-01,1.500108795166015625e+02,6.140000000000000000e+02
4.240130186080932617e-01,1.500108795166015625e+02,6.140000000000000000e+02
1.091483116149902344e+00,1.500108795166015625e+02,6.140000000000000000e+02
1.758953332901000977e+00,1.500108795166015625e+02,6.140000000000000000e+02
2.426423311233520508e+00,1.500108795166015625e+02,6.140000000000000000e+02
3.088854789733886719e+00,1.497665557861328125e+02,6.130000000000000000e+02
3.755237817764282227e+00,1.497665557861328125e+02,6.130000000000000000e+02
4.421620845794677734e+00,1.497665557861328125e+02,6.130000000000000000e+02
5.088003635406494141e+00,1.497665557861328125e+02,6.130000000000000000e+02
5.754386425018310547e+00,1.497665557861328125e+02,6.130000000000000000e+02
6.420769691467285156e+00,1.497665557861328125e+02,6.130000000000000000e+02
7.075591087341308594e+00,1.495222320556640625e+02,6.120000000000000000e+02
7.740887641906738281e+00,1.495222320556640625e+02,6.120000000000000000e+02
8.406183242797851562e+00,1.495222320556640625e+02,6.120000000000000000e+02
9.071479797363281250e+00,1.495222320556640625e+02,6.120000000000000000e+02
9.736775398254394531e+00,1.495222320556640625e+02,6.120000000000000000e+02
1.040207099914550781e+01,1.495222320556640625e+02,6.120000000000000000e+02
1.106736755371093750e+01,1.495222320556640625e+02,6.120000000000000000e+02
1.173266315460205078e+01,1.495222320556640625e+02,6.120000000000000000e+02
1.239795875549316406e+01,1.495222320556640625e+02,6.120000000000000000e+02
1.306325531005859375e+01,1.495222320556640625e+02,6.120000000000000000e+02
1.372855091094970703e+01,1.495222320556640625e+02,6.120000000000000000e+02
1.439384651184082031e+01,1.495222320556640625e+02,6.120000000000000000e+02
1.505914211273193359e+01,1.495222320556640625e+02,6.120000000000000000e+02
1.569874572753906250e+01,1.492779235839843750e+02,6.110000000000000000e+02
1.636295509338378906e+01,1.492779235839843750e+02,6.110000000000000000e+02
1.702716255187988281e+01,1.492779235839843750e+02,6.110000000000000000e+02
1.769137191772460938e+01,1.492779235839843750e+02,6.110000000000000000e+02
1.835558128356933594e+01,1.492779235839843750e+02,6.110000000000000000e+02
1.901979064941406250e+01,1.492779235839843750e+02,6.110000000000000000e+02
1.968400001525878906e+01,1.492779235839843750e+02,6.110000000000000000e+02
2.034820747375488281e+01,1.492779235839843750e+02,6.110000000000000000e+02
2.101241683959960938e+01,1.492779235839843750e+02,6.110000000000000000e+02
2.167662620544433594e+01,1.492779235839843750e+02,6.110000000000000000e+02
2.234083366394042969e+01,1.492779235839843750e+02,6.110000000000000000e+02
2.300504302978515625e+01,1.492779235839843750e+02,6.110000000000000000e+02
2.366925048828125000e+01,1.492779235839843750e+02,6.110000000000000000e+02
2.437328529357910156e+01,1.495222320556640625e+02,6.120000000000000000e+02
2.503858375549316406e+01,1.495222320556640625e+02,6.120000000000000000e+02
2.570387840270996094e+01,1.495222320556640625e+02,6.120000000000000000e+02
2.636917495727539062e+01,1.495222320556640625e+02,6.120000000000000000e+02
2.703446960449218750e+01,1.495222320556640625e+02,6.120000000000000000e+02
2.769976615905761719e+01,1.495222320556640625e+02,6.120000000000000000e+02
2.836506080627441406e+01,1.495222320556640625e+02,6.120000000000000000e+02
2.903035736083984375e+01,1.495222320556640625e+02,6.120000000000000000e+02
2.969565200805664062e+01,1.495222320556640625e+02,6.120000000000000000e+02
3.036095046997070312e+01,1.495222320556640625e+02,6.120000000000000000e+02
3.102624702453613281e+01,1.495222320556640625e+02,6.120000000000000000e+02
3.169154167175292969e+01,1.495222320556640625e+02,6.120000000000000000e+02
3.230396652221679688e+01,1.492779235839843750e+02,6.110000000000000000e+02
3.296817398071289062e+01,1.492779235839843750e+02,6.110000000000000000e+02
3.363238525390625000e+01,1.492779235839843750e+02,6.110000000000000000e+02
3.429659271240234375e+01,1.492779235839843750e+02,6.110000000000000000e+02
3.496080398559570312e+01,1.492779235839843750e+02,6.110000000000000000e+02
3.562501144409179688e+01,1.492779235839843750e+02,6.110000000000000000e+02
3.628921890258789062e+01,1.492779235839843750e+02,6.110000000000000000e+02
3.695343017578125000e+01,1.492779235839843750e+02,6.110000000000000000e+02
3.761763763427734375e+01,1.492779235839843750e+02,6.110000000000000000e+02
3.828184509277343750e+01,1.492779235839843750e+02,6.110000000000000000e+02
3.894605636596679688e+01,1.492779235839843750e+02,6.110000000000000000e+02
3.961026382446289062e+01,1.492779235839843750e+02,6.110000000000000000e+02
4.027447128295898438e+01,1.492779235839843750e+02,6.110000000000000000e+02
4.093868255615234375e+01,1.492779235839843750e+02,6.110000000000000000e+02
4.160289001464843750e+01,1.492779235839843750e+02,6.110000000000000000e+02
4.226709747314453125e+01,1.492779235839843750e+02,6.110000000000000000e+02
4.293131256103515625e+01,1.492779235839843750e+02,6.110000000000000000e+02
4.359552001953125000e+01,1.492779235839843750e+02,6.110000000000000000e+02
4.425972747802734375e+01,1.492779235839843750e+02,6.110000000000000000e+02
4.492393493652343750e+01,1.492779235839843750e+02,6.110000000000000000e+02
4.558814620971679688e+01,1.492779235839843750e+02,6.110000000000000000e+02
4.625235366821289062e+01,1.492779235839843750e+02,6.110000000000000000e+02
4.691656112670898438e+01,1.492779235839843750e+02,6.110000000000000000e+02
4.758077239990234375e+01,1.492779235839843750e+02,6.110000000000000000e+02
4.824497985839843750e+01,1.492779235839843750e+02,6.110000000000000000e+02
4.890918731689453125e+01,1.492779235839843750e+02,6.110000000000000000e+02
4.957339859008789062e+01,1.492779235839843750e+02,6.110000000000000000e+02
5.023760604858398438e+01,1.492779235839843750e+02,6.110000000000000000e+02
5.090181350708007812e+01,1.492779235839843750e+02,6.110000000000000000e+02
5.156602096557617188e+01,1.492779235839843750e+02,6.110000000000000000e+02
5.223023223876953125e+01,1.492779235839843750e+02,6.110000000000000000e+02
5.289444351196289062e+01,1.492779235839843750e+02,6.110000000000000000e+02
5.355865097045898438e+01,1.492779235839843750e+02,6.110000000000000000e+02
5.422286224365234375e+01,1.492779235839843750e+02,6.110000000000000000e+02
5.488706970214843750e+01,1.492779235839843750e+02,6.110000000000000000e+02
5.555127716064453125e+01,1.492779235839843750e+02,6.110000000000000000e+02
5.630749130249023438e+01,1.495222320556640625e+02,6.120000000000000000e+02
5.697278976440429688e+01,1.495222320556640625e+02,6.120000000000000000e+02
5.763808441162109375e+01,1.495222320556640625e+02,6.120000000000000000e+02
5.830337905883789062e+01,1.495222320556640625e+02,6.120000000000000000e+02
5.906502914428710938e+01,1.497665557861328125e+02,6.130000000000000000e+02
5.973141098022460938e+01,1.497665557861328125e+02,6.130000000000000000e+02
6.049632263183593750e+01,1.500108795166015625e+02,6.140000000000000000e+02
6.126340866088867188e+01,1.502551879882812500e+02,6.150000000000000000e+02
6.203266906738281250e+01,1.504995117187500000e+02,6.160000000000000000e+02
6.270231246948242188e+01,1.504995117187500000e+02,6.160000000000000000e+02
6.347483062744140625e+01,1.507438201904296875e+02,6.170000000000000000e+02
6.424953460693359375e+01,1.509881439208984375e+02,6.180000000000000000e+02
6.502639770507812500e+01,1.512324523925781250e+02,6.190000000000000000e+02
6.569930267333984375e+01,1.512324523925781250e+02,6.190000000000000000e+02
6.647943878173828125e+01,1.514767761230468750e+02,6.200000000000000000e+02
6.737004852294921875e+01,1.519654083251953125e+02,6.220000000000000000e+02
6.804621887207031250e+01,1.519654083251953125e+02,6.220000000000000000e+02
6.883287048339843750e+01,1.522097320556640625e+02,6.230000000000000000e+02
6.962169647216796875e+01,1.524540405273437500e+02,6.240000000000000000e+02
7.041269683837890625e+01,1.526983642578125000e+02,6.250000000000000000e+02
7.109212493896484375e+01,1.526983642578125000e+02,6.250000000000000000e+02
7.177155303955078125e+01,1.526983642578125000e+02,6.250000000000000000e+02
7.245098114013671875e+01,1.526983642578125000e+02,6.250000000000000000e+02
7.313040924072265625e+01,1.526983642578125000e+02,6.250000000000000000e+02
7.380983734130859375e+01,1.526983642578125000e+02,6.250000000000000000e+02
7.448926544189453125e+01,1.526983642578125000e+02,6.250000000000000000e+02
7.516870117187500000e+01,1.526983642578125000e+02,6.250000000000000000e+02
7.584812927246093750e+01,1.526983642578125000e+02,6.250000000000000000e+02
7.652755737304687500e+01,1.526983642578125000e+02,6.250000000000000000e+02
7.720697784423828125e+01,1.526983642578125000e+02,6.250000000000000000e+02
7.801102447509765625e+01,1.529426879882812500e+02,6.260000000000000000e+02
7.869153594970703125e+01,1.529426879882812500e+02,6.260000000000000000e+02
7.924526214599609375e+01,1.526983642578125000e+02,6.250000000000000000e+02
7.992469024658203125e+01,1.526983642578125000e+02,6.250000000000000000e+02
8.073309326171875000e+01,1.529426879882812500e+02,6.260000000000000000e+02
8.141360473632812500e+01,1.529426879882812500e+02,6.260000000000000000e+02
8.209412384033203125e+01,1.529426879882812500e+02,6.260000000000000000e+02
8.277463531494140625e+01,1.529426879882812500e+02,6.260000000000000000e+02
8.345515441894531250e+01,1.529426879882812500e+02,6.260000000000000000e+02
8.427006530761718750e+01,1.531869964599609375e+02,6.270000000000000000e+02
8.495166778564453125e+01,1.531869964599609375e+02,6.270000000000000000e+02
8.563327026367187500e+01,1.531869964599609375e+02,6.270000000000000000e+02
8.631487274169921875e+01,1.531869964599609375e+02,6.270000000000000000e+02
8.713522338867187500e+01,1.534313201904296875e+02,6.280000000000000000e+02
8.781791687011718750e+01,1.534313201904296875e+02,6.280000000000000000e+02
8.850060272216796875e+01,1.534313201904296875e+02,6.280000000000000000e+02
8.918329620361328125e+01,1.534313201904296875e+02,6.280000000000000000e+02
8.986598205566406250e+01,1.534313201904296875e+02,6.280000000000000000e+02
9.040448760986328125e+01,1.531869964599609375e+02,6.270000000000000000e+02
9.108609008789062500e+01,1.531869964599609375e+02,6.270000000000000000e+02
9.176769256591796875e+01,1.531869964599609375e+02,6.270000000000000000e+02
9.244928741455078125e+01,1.531869964599609375e+02,6.270000000000000000e+02
9.313088989257812500e+01,1.531869964599609375e+02,6.270000000000000000e+02
9.381249237060546875e+01,1.531869964599609375e+02,6.270000000000000000e+02
9.449409484863281250e+01,1.531869964599609375e+02,6.270000000000000000e+02
9.517569732666015625e+01,1.531869964599609375e+02,6.270000000000000000e+02
9.585729980468750000e+01,1.531869964599609375e+02,6.270000000000000000e+02
9.653890228271484375e+01,1.531869964599609375e+02,6.270000000000000000e+02
9.722050476074218750e+01,1.531869964599609375e+02,6.270000000000000000e+02
9.790210723876953125e+01,1.531869964599609375e+02,6.270000000000000000e+02
9.874093627929687500e+01,1.534313201904296875e+02,6.280000000000000000e+02
9.942362976074218750e+01,1.534313201904296875e+02,6.280000000000000000e+02
1.001063156127929688e+02,1.534313201904296875e+02,6.280000000000000000e+02
1.007890090942382812e+02,1.534313201904296875e+02,6.280000000000000000e+02
1.014716949462890625e+02,1.534313201904296875e+02,6.280000000000000000e+02
1.021543960571289062e+02,1.534313201904296875e+02,6.280000000000000000e+02
1.028370819091796875e+02,1.534313201904296875e+02,6.280000000000000000e+02
1.035197677612304688e+02,1.534313201904296875e+02,6.280000000000000000e+02
1.042024612426757812e+02,1.534313201904296875e+02,6.280000000000000000e+02
1.050521621704101562e+02,1.536756286621093750e+02,6.290000000000000000e+02
1.057359390258789062e+02,1.536756286621093750e+02,6.290000000000000000e+02
1.064197158813476562e+02,1.536756286621093750e+02,6.290000000000000000e+02
1.071034927368164062e+02,1.536756286621093750e+02,6.290000000000000000e+02
1.077872695922851562e+02,1.536756286621093750e+02,6.290000000000000000e+02
1.084710464477539062e+02,1.536756286621093750e+02,6.290000000000000000e+02
1.089812850952148438e+02,1.534313201904296875e+02,6.280000000000000000e+02
1.096639709472656250e+02,1.534313201904296875e+02,6.280000000000000000e+02
1.103466644287109375e+02,1.534313201904296875e+02,6.280000000000000000e+02
1.110293502807617188e+02,1.534313201904296875e+02,6.280000000000000000e+02
1.117120361328125000e+02,1.534313201904296875e+02,6.280000000000000000e+02
1.123947296142578125e+02,1.534313201904296875e+02,6.280000000000000000e+02
1.130774154663085938e+02,1.534313201904296875e+02,6.280000000000000000e+02
1.137601089477539062e+02,1.534313201904296875e+02,6.280000000000000000e+02
1.146250305175781250e+02,1.536756286621093750e+02,6.290000000000000000e+02
1.153088073730468750e+02,1.536756286621093750e+02,6.290000000000000000e+02
1.158081741333007812e+02,1.534313201904296875e+02,6.280000000000000000e+02
1.164908599853515625e+02,1.534313201904296875e+02,6.280000000000000000e+02
1.171735534667968750e+02,1.534313201904296875e+02,6.280000000000000000e+02
1.176685714721679688e+02,1.531869964599609375e+02,6.270000000000000000e+02
1.181614151000976562e+02,1.529426879882812500e+02,6.260000000000000000e+02
1.188419342041015625e+02,1.529426879882812500e+02,6.260000000000000000e+02
1.193315200805664062e+02,1.526983642578125000e+02,6.250000000000000000e+02
1.198189239501953125e+02,1.524540405273437500e+02,6.240000000000000000e+02
1.203041610717773438e+02,1.522097320556640625e+02,6.230000000000000000e+02
1.207872238159179688e+02,1.519654083251953125e+02,6.220000000000000000e+02
1.212681121826171875e+02,1.517210998535156250e+02,6.210000000000000000e+02
1.217468338012695312e+02,1.514767761230468750e+02,6.200000000000000000e+02
1.222233734130859375e+02,1.512324523925781250e+02,6.190000000000000000e+02
1.228962783813476562e+02,1.512324523925781250e+02,6.190000000000000000e+02
1.233695602416992188e+02,1.509881439208984375e+02,6.180000000000000000e+02
1.240413742065429688e+02,1.509881439208984375e+02,6.180000000000000000e+02
1.247131958007812500e+02,1.509881439208984375e+02,6.180000000000000000e+02
1.253850097656250000e+02,1.509881439208984375e+02,6.180000000000000000e+02
1.262608032226562500e+02,1.512324523925781250e+02,6.190000000000000000e+02
1.269337081909179688e+02,1.512324523925781250e+02,6.190000000000000000e+02
1.280189208984375000e+02,1.517210998535156250e+02,6.210000000000000000e+02
-5.831335830688476562e+01,1.506786193847656250e+02,6.140000000000000000e+02
-5.773977279663085938e+01,1.509240264892578125e+02,6.150000000000000000e+02
-5.707121658325195312e+01,1.509240264892578125e+02,6.150000000000000000e+02
-5.640266036987304688e+01,1.509240264892578125e+02,6.150000000000000000e+02
-5.573410034179687500e+01,1.509240264892578125e+02,6.150000000000000000e+02
-5.506554412841796875e+01,1.509240264892578125e+02,6.150000000000000000e+02
-5.439698791503906250e+01,1.509240264892578125e+02,6.150000000000000000e+02
-5.372843170166015625e+01,1.509240264892578125e+02,6.150000000000000000e+02
-5.305987548828125000e+01,1.509240264892578125e+02,6.150000000000000000e+02
-5.247650527954101562e+01,1.511694335937500000e+02,6.160000000000000000e+02
-5.172275924682617188e+01,1.509240264892578125e+02,6.150000000000000000e+02
-5.105420303344726562e+01,1.509240264892578125e+02,6.150000000000000000e+02
-5.038564682006835938e+01,1.509240264892578125e+02,6.150000000000000000e+02
-4.971708679199218750e+01,1.509240264892578125e+02,6.150000000000000000e+02
-4.904852676391601562e+01,1.509240264892578125e+02,6.150000000000000000e+02
-4.837997055053710938e+01,1.509240264892578125e+02,6.150000000000000000e+02
-4.771141433715820312e+01,1.509240264892578125e+02,6.150000000000000000e+02
-4.696636581420898438e+01,1.506786193847656250e+02,6.140000000000000000e+02
-4.629889678955078125e+01,1.506786193847656250e+02,6.140000000000000000e+02
-4.563142395019531250e+01,1.506786193847656250e+02,6.140000000000000000e+02
-4.496395492553710938e+01,1.506786193847656250e+02,6.140000000000000000e+02
-4.429648590087890625e+01,1.506786193847656250e+02,6.140000000000000000e+02
-4.362901687622070312e+01,1.506786193847656250e+02,6.140000000000000000e+02
-4.296154785156250000e+01,1.506786193847656250e+02,6.140000000000000000e+02
-4.229407501220703125e+01,1.506786193847656250e+02,6.140000000000000000e+02
-4.162660598754882812e+01,1.506786193847656250e+02,6.140000000000000000e+02
-4.095913696289062500e+01,1.506786193847656250e+02,6.140000000000000000e+02
-4.035728836059570312e+01,1.509240264892578125e+02,6.150000000000000000e+02
-3.968872833251953125e+01,1.509240264892578125e+02,6.150000000000000000e+02
-3.902016830444335938e+01,1.509240264892578125e+02,6.150000000000000000e+02
-3.835161590576171875e+01,1.509240264892578125e+02,6.150000000000000000e+02
-3.768305969238281250e+01,1.509240264892578125e+02,6.150000000000000000e+02
-3.701449966430664062e+01,1.509240264892578125e+02,6.150000000000000000e+02
-3.640504074096679688e+01,1.511694335937500000e+02,6.160000000000000000e+02
-3.567738342285156250e+01,1.509240264892578125e+02,6.150000000000000000e+02
-3.500882720947265625e+01,1.509240264892578125e+02,6.150000000000000000e+02
-3.434027099609375000e+01,1.509240264892578125e+02,6.150000000000000000e+02
-3.367171478271484375e+01,1.509240264892578125e+02,6.150000000000000000e+02
-3.300315856933593750e+01,1.509240264892578125e+02,6.150000000000000000e+02
-3.233460235595703125e+01,1.509240264892578125e+02,6.150000000000000000e+02
-3.161455154418945312e+01,1.506786193847656250e+02,6.140000000000000000e+02
-3.094708251953125000e+01,1.506786193847656250e+02,6.140000000000000000e+02
-3.027961158752441406e+01,1.506786193847656250e+02,6.140000000000000000e+02
-2.961214256286621094e+01,1.506786193847656250e+02,6.140000000000000000e+02
-2.894467353820800781e+01,1.506786193847656250e+02,6.140000000000000000e+02
-2.827720260620117188e+01,1.506786193847656250e+02,6.140000000000000000e+02
-2.760973358154296875e+01,1.506786193847656250e+02,6.140000000000000000e+02
-2.694226264953613281e+01,1.506786193847656250e+02,6.140000000000000000e+02
-2.627479171752929688e+01,1.506786193847656250e+02,6.140000000000000000e+02
-2.564902687072753906e+01,1.509240264892578125e+02,6.150000000000000000e+02
-2.498047065734863281e+01,1.509240264892578125e+02,6.150000000000000000e+02
-2.431191253662109375e+01,1.509240264892578125e+02,6.150000000000000000e+02
-2.364335632324218750e+01,1.509240264892578125e+02,6.150000000000000000e+02
-2.297480010986328125e+01,1.509240264892578125e+02,6.150000000000000000e+02
-2.230624198913574219e+01,1.509240264892578125e+02,6.150000000000000000e+02
-2.163768386840820312e+01,1.509240264892578125e+02,6.150000000000000000e+02
-2.096912574768066406e+01,1.509240264892578125e+02,6.150000000000000000e+02
-2.033357810974121094e+01,1.511694335937500000e+02,6.160000000000000000e+02
-1.966393470764160156e+01,1.511694335937500000e+02,6.160000000000000000e+02
-1.899429130554199219e+01,1.511694335937500000e+02,6.160000000000000000e+02
-1.832464599609375000e+01,1.511694335937500000e+02,6.160000000000000000e+02
-1.765500068664550781e+01,1.511694335937500000e+02,6.160000000000000000e+02
-1.698535728454589844e+01,1.511694335937500000e+02,6.160000000000000000e+02
-1.631571388244628906e+01,1.511694335937500000e+02,6.160000000000000000e+02
-1.564606952667236328e+01,1.511694335937500000e+02,6.160000000000000000e+02
-1.497642421722412109e+01,1.511694335937500000e+02,6.160000000000000000e+02
-1.433000564575195312e+01,1.514148254394531250e+02,6.170000000000000000e+02
-1.365927410125732422e+01,1.514148254394531250e+02,6.170000000000000000e+02
-1.296749210357666016e+01,1.511694335937500000e+02,6.160000000000000000e+02
-1.229784679412841797e+01,1.511694335937500000e+02,6.160000000000000000e+02
-1.162820339202880859e+01,1.511694335937500000e+02,6.160000000000000000e+02
-1.095855903625488281e+01,1.511694335937500000e+02,6.160000000000000000e+02
-1.027221202850341797e+01,1.509240264892578125e+02,6.150000000000000000e+02
-9.603654861450195312e+00,1.509240264892578125e+02,6.150000000000000000e+02
-8.935097694396972656e+00,1.509240264892578125e+02,6.150000000000000000e+02
-8.266540527343750000e+00,1.509240264892578125e+02,6.150000000000000000e+02
-7.585628509521484375e+00,1.506786193847656250e+02,6.140000000000000000e+02
-6.918158531188964844e+00,1.506786193847656250e+02,6.140000000000000000e+02
-6.250688076019287109e+00,1.506786193847656250e+02,6.140000000000000000e+02
-5.583217620849609375e+00,1.506786193847656250e+02,6.140000000000000000e+02
-4.915748119354248047e+00,1.506786193847656250e+02,6.140000000000000000e+02
-4.248278141021728516e+00,1.506786193847656250e+02,6.140000000000000000e+02
-3.580807685852050781e+00,1.506786193847656250e+02,6.140000000000000000e+02
-2.913337707519531250e+00,1.506786193847656250e+02,6.140000000000000000e+02
-2.245867490768432617e+00,1.506786193847656250e+02,6.140000000000000000e+02
-1.578397274017333984e+00,1.506786193847656250e+02,6.140000000000000000e+02
-9.109272360801696777e-01,1.506786193847656250e+02,6.140000000000000000e+02
-2.434571236371994019e-01,1.506786193847656250e+02,6.140000000000000000e+02
4.240130186080932617e-01,1.506786193847656250e+02,6.140000000000000000e+02
1.091483116149902344e+00,1.506786193847656250e+02,6.140000000000000000e+02
1.758953332901000977e+00,1.506786193847656250e+02,6.140000000000000000e+02
2.426423311233520508e+00,1.506786193847656250e+02,6.140000000000000000e+02
3.093893766403198242e+00,1.506786193847656250e+02,6.140000000000000000e+02
3.761363744735717773e+00,1.506786193847656250e+02,6.140000000000000000e+02
4.428833961486816406e+00,1.506786193847656250e+02,6.140000000000000000e+02
5.096303939819335938e+00,1.506786193847656250e+02,6.140000000000000000e+02
5.754386425018310547e+00,1.504332122802734375e+02,6.130000000000000000e+02
6.420769691467285156e+00,1.504332122802734375e+02,6.130000000000000000e+02
7.087152481079101562e+00,1.504332122802734375e+02,6.130000000000000000e+02
7.740887641906738281e+00,1.501878051757812500e+02,6.120000000000000000e+02
8.406183242797851562e+00,1.501878051757812500e+02,6.120000000000000000e+02
9.071479797363281250e+00,1.501878051757812500e+02,6.120000000000000000e+02
9.736775398254394531e+00,1.501878051757812500e+02,6.120000000000000000e+02
1.040207099914550781e+01,1.501878051757812500e+02,6.120000000000000000e+02
1.106736755371093750e+01,1.501878051757812500e+02,6.120000000000000000e+02
1.173266315460205078e+01,1.501878051757812500e+02,6.120000000000000000e+02
1.239795875549316406e+01,1.501878051757812500e+02,6.120000000000000000e+02
1.304191017150878906e+01,1.499423980712890625e+02,6.110000000000000000e+02
1.370611858367919922e+01,1.499423980712890625e+02,6.110000000000000000e+02
1.437032794952392578e+01,1.499423980712890625e+02,6.110000000000000000e+02
1.503453636169433594e+01,1.499423980712890625e+02,6.110000000000000000e+02
1.569874572753906250e+01,1.499423980712890625e+02,6.110000000000000000e+02
1.636295509338378906e+01,1.499423980712890625e+02,6.110000000000000000e+02
1.702716255187988281e+01,1.499423980712890625e+02,6.110000000000000000e+02
1.769137191772460938e+01,1.499423980712890625e+02,6.110000000000000000e+02
1.835558128356933594e+01,1.499423980712890625e+02,6.110000000000000000e+02
1.901979064941406250e+01,1.499423980712890625e+02,6.110000000000000000e+02
1.968400001525878906e+01,1.499423980712890625e+02,6.110000000000000000e+02
2.034820747375488281e+01,1.499423980712890625e+02,6.110000000000000000e+02
2.101241683959960938e+01,1.499423980712890625e+02,6.110000000000000000e+02
2.167662620544433594e+01,1.499423980712890625e+02,6.110000000000000000e+02
2.234083366394042969e+01,1.499423980712890625e+02,6.110000000000000000e+02
2.300504302978515625e+01,1.499423980712890625e+02,6.110000000000000000e+02
2.366925048828125000e+01,1.499423980712890625e+02,6.110000000000000000e+02
2.433345985412597656e+01,1.499423980712890625e+02,6.110000000000000000e+02
2.499767112731933594e+01,1.499423980712890625e+02,6.110000000000000000e+02
2.566187858581542969e+01,1.499423980712890625e+02,6.110000000000000000e+02
2.632608795166015625e+01,1.499423980712890625e+02,6.110000000000000000e+02
2.699029541015625000e+01,1.499423980712890625e+02,6.110000000000000000e+02
2.765450477600097656e+01,1.499423980712890625e+02,6.110000000000000000e+02
2.831871414184570312e+01,1.499423980712890625e+02,6.110000000000000000e+02
2.898292160034179688e+01,1.499423980712890625e+02,6.110000000000000000e+02
2.964713096618652344e+01,1.499423980712890625e+02,6.110000000000000000e+02
3.031134223937988281e+01,1.499423980712890625e+02,6.110000000000000000e+02
3.097554969787597656e+01,1.499423980712890625e+02,6.110000000000000000e+02
3.163975906372070312e+01,1.499423980712890625e+02,6.110000000000000000e+02
3.230396652221679688e+01,1.499423980712890625e+02,6.110000000000000000e+02
3.296817398071289062e+01,1.499423980712890625e+02,6.110000000000000000e+02
3.363238525390625000e+01,1.499423980712890625e+02,6.110000000000000000e+02
3.429659271240234375e+01,1.499423980712890625e+02,6.110000000000000000e+02
3.496080398559570312e+01,1.499423980712890625e+02,6.110000000000000000e+02
3.562501144409179688e+01,1.499423980712890625e+02,6.110000000000000000e+02
3.628921890258789062e+01,1.499423980712890625e+02,6.110000000000000000e+02
3.695343017578125000e+01,1.499423980712890625e+02,6.110000000000000000e+02
3.761763763427734375e+01,1.499423980712890625e+02,6.110000000000000000e+02
3.828184509277343750e+01,1.499423980712890625e+02,6.110000000000000000e+02
3.894605636596679688e+01,1.499423980712890625e+02,6.110000000000000000e+02
3.961026382446289062e+01,1.499423980712890625e+02,6.110000000000000000e+02
4.027447128295898438e+01,1.499423980712890625e+02,6.110000000000000000e+02
4.093868255615234375e+01,1.499423980712890625e+02,6.110000000000000000e+02
4.160289001464843750e+01,1.499423980712890625e+02,6.110000000000000000e+02
4.226709747314453125e+01,1.499423980712890625e+02,6.110000000000000000e+02
4.293131256103515625e+01,1.499423980712890625e+02,6.110000000000000000e+02
4.359552001953125000e+01,1.499423980712890625e+02,6.110000000000000000e+02
4.425972747802734375e+01,1.499423980712890625e+02,6.110000000000000000e+02
4.492393493652343750e+01,1.499423980712890625e+02,6.110000000000000000e+02
4.558814620971679688e+01,1.499423980712890625e+02,6.110000000000000000e+02
4.625235366821289062e+01,1.499423980712890625e+02,6.110000000000000000e+02
4.691656112670898438e+01,1.499423980712890625e+02,6.110000000000000000e+02
4.758077239990234375e+01,1.499423980712890625e+02,6.110000000000000000e+02
4.824497985839843750e+01,1.499423980712890625e+02,6.110000000000000000e+02
4.890918731689453125e+01,1.499423980712890625e+02,6.110000000000000000e+02
4.957339859008789062e+01,1.499423980712890625e+02,6.110000000000000000e+02
5.023760604858398438e+01,1.499423980712890625e+02,6.110000000000000000e+02
5.090181350708007812e+01,1.499423980712890625e+02,6.110000000000000000e+02
5.156602096557617188e+01,1.499423980712890625e+02,6.110000000000000000e+02
5.223023223876953125e+01,1.499423980712890625e+02,6.110000000000000000e+02
5.289444351196289062e+01,1.499423980712890625e+02,6.110000000000000000e+02
5.355865097045898438e+01,1.499423980712890625e+02,6.110000000000000000e+02
5.422286224365234375e+01,1.499423980712890625e+02,6.110000000000000000e+02
5.488706970214843750e+01,1.499423980712890625e+02,6.110000000000000000e+02
5.555127716064453125e+01,1.499423980712890625e+02,6.110000000000000000e+02
5.621548843383789062e+01,1.499423980712890625e+02,6.110000000000000000e+02
5.687969589233398438e+01,1.499423980712890625e+02,6.110000000000000000e+02
5.763808441162109375e+01,1.501878051757812500e+02,6.120000000000000000e+02
5.830337905883789062e+01,1.501878051757812500e+02,6.120000000000000000e+02
5.896867370605468750e+01,1.501878051757812500e+02,6.120000000000000000e+02
5.973141098022460938e+01,1.504332122802734375e+02,6.130000000000000000e+02
6.049632263183593750e+01,1.506786193847656250e+02,6.140000000000000000e+02
6.126340866088867188e+01,1.509240264892578125e+02,6.150000000000000000e+02
6.203266906738281250e+01,1.511694335937500000e+02,6.160000000000000000e+02
6.270231246948242188e+01,1.511694335937500000e+02,6.160000000000000000e+02
6.347483062744140625e+01,1.514148254394531250e+02,6.170000000000000000e+02
6.424953460693359375e+01,1.516602325439453125e+02,6.180000000000000000e+02
6.502639770507812500e+01,1.519056396484375000e+02,6.190000000000000000e+02
6.580544281005859375e+01,1.521510467529296875e+02,6.200000000000000000e+02
6.658666229248046875e+01,1.523964538574218750e+02,6.210000000000000000e+02
6.737004852294921875e+01,1.526418609619140625e+02,6.220000000000000000e+02
6.804621887207031250e+01,1.526418609619140625e+02,6.220000000000000000e+02
6.883287048339843750e+01,1.528872680664062500e+02,6.230000000000000000e+02
6.962169647216796875e+01,1.531326599121093750e+02,6.240000000000000000e+02
7.041269683837890625e+01,1.533780670166015625e+02,6.250000000000000000e+02
7.109212493896484375e+01,1.533780670166015625e+02,6.250000000000000000e+02
7.177155303955078125e+01,1.533780670166015625e+02,6.250000000000000000e+02
7.245098114013671875e+01,1.533780670166015625e+02,6.250000000000000000e+02
7.313040924072265625e+01,1.533780670166015625e+02,6.250000000000000000e+02
7.380983734130859375e+01,1.533780670166015625e+02,6.250000000000000000e+02
7.448926544189453125e+01,1.533780670166015625e+02,6.250000000000000000e+02
7.528897094726562500e+01,1.536234741210937500e+02,6.260000000000000000e+02
7.596948242187500000e+01,1.536234741210937500e+02,6.260000000000000000e+02
7.664999389648437500e+01,1.536234741210937500e+02,6.260000000000000000e+02
7.733051300048828125e+01,1.536234741210937500e+02,6.260000000000000000e+02
7.801102447509765625e+01,1.536234741210937500e+02,6.260000000000000000e+02
7.869153594970703125e+01,1.536234741210937500e+02,6.260000000000000000e+02
7.937205505371093750e+01,1.536234741210937500e+02,6.260000000000000000e+02
8.005256652832031250e+01,1.536234741210937500e+02,6.260000000000000000e+02
8.073309326171875000e+01,1.536234741210937500e+02,6.260000000000000000e+02
8.141360473632812500e+01,1.536234741210937500e+02,6.260000000000000000e+02
8.209412384033203125e+01,1.536234741210937500e+02,6.260000000000000000e+02
8.277463531494140625e+01,1.536234741210937500e+02,6.260000000000000000e+02
8.345515441894531250e+01,1.536234741210937500e+02,6.260000000000000000e+02
8.427006530761718750e+01,1.538688812255859375e+02,6.270000000000000000e+02
8.495166778564453125e+01,1.538688812255859375e+02,6.270000000000000000e+02
8.563327026367187500e+01,1.538688812255859375e+02,6.270000000000000000e+02
8.631487274169921875e+01,1.538688812255859375e+02,6.270000000000000000e+02
8.699647521972656250e+01,1.538688812255859375e+02,6.270000000000000000e+02
8.781791687011718750e+01,1.541142883300781250e+02,6.280000000000000000e+02
8.850060272216796875e+01,1.541142883300781250e+02,6.280000000000000000e+02
8.918329620361328125e+01,1.541142883300781250e+02,6.280000000000000000e+02
8.986598205566406250e+01,1.541142883300781250e+02,6.280000000000000000e+02
9.040448760986328125e+01,1.538688812255859375e+02,6.270000000000000000e+02
9.108609008789062500e+01,1.538688812255859375e+02,6.270000000000000000e+02
9.176769256591796875e+01,1.538688812255859375e+02,6.270000000000000000e+02
9.244928741455078125e+01,1.538688812255859375e+02,6.270000000000000000e+02
9.313088989257812500e+01,1.538688812255859375e+02,6.270000000000000000e+02
9.381249237060546875e+01,1.538688812255859375e+02,6.270000000000000000e+02
9.449409484863281250e+01,1.538688812255859375e+02,6.270000000000000000e+02
9.517569732666015625e+01,1.538688812255859375e+02,6.270000000000000000e+02
9.585729980468750000e+01,1.538688812255859375e+02,6.270000000000000000e+02
9.653890228271484375e+01,1.538688812255859375e+02,6.270000000000000000e+02
9.722050476074218750e+01,1.538688812255859375e+02,6.270000000000000000e+02
9.790210723876953125e+01,1.538688812255859375e+02,6.270000000000000000e+02
9.874093627929687500e+01,1.541142883300781250e+02,6.280000000000000000e+02
9.942362976074218750e+01,1.541142883300781250e+02,6.280000000000000000e+02
1.001063156127929688e+02,1.541142883300781250e+02,6.280000000000000000e+02
1.007890090942382812e+02,1.541142883300781250e+02,6.280000000000000000e+02
1.014716949462890625e+02,1.541142883300781250e+02,6.280000000000000000e+02
1.021543960571289062e+02,1.541142883300781250e+02,6.280000000000000000e+02
1.028370819091796875e+02,1.541142883300781250e+02,6.280000000000000000e+02
1.035197677612304688e+02,1.541142883300781250e+02,6.280000000000000000e+02
1.042024612426757812e+02,1.541142883300781250e+02,6.280000000000000000e+02
1.048851470947265625e+02,1.541142883300781250e+02,6.280000000000000000e+02
1.055678405761718750e+02,1.541142883300781250e+02,6.280000000000000000e+02
1.062505264282226562e+02,1.541142883300781250e+02,6.280000000000000000e+02
1.069332199096679688e+02,1.541142883300781250e+02,6.280000000000000000e+02
1.076159057617187500e+02,1.541142883300781250e+02,6.280000000000000000e+02
1.082985916137695312e+02,1.541142883300781250e+02,6.280000000000000000e+02
1.089812850952148438e+02,1.541142883300781250e+02,6.280000000000000000e+02
1.096639709472656250e+02,1.541142883300781250e+02,6.280000000000000000e+02
1.103466644287109375e+02,1.541142883300781250e+02,6.280000000000000000e+02
1.110293502807617188e+02,1.541142883300781250e+02,6.280000000000000000e+02
1.117120361328125000e+02,1.541142883300781250e+02,6.280000000000000000e+02
1.123947296142578125e+02,1.541142883300781250e+02,6.280000000000000000e+02
1.130774154663085938e+02,1.541142883300781250e+02,6.280000000000000000e+02
1.137601089477539062e+02,1.541142883300781250e+02,6.280000000000000000e+02
1.144427947998046875e+02,1.541142883300781250e+02,6.280000000000000000e+02
1.151254882812500000e+02,1.541142883300781250e+02,6.280000000000000000e+02
1.158081741333007812e+02,1.541142883300781250e+02,6.280000000000000000e+02
1.164908599853515625e+02,1.541142883300781250e+02,6.280000000000000000e+02
1.169869689941406250e+02,1.538688812255859375e+02,6.270000000000000000e+02
1.174809036254882812e+02,1.536234741210937500e+02,6.260000000000000000e+02
1.181614151000976562e+02,1.536234741210937500e+02,6.260000000000000000e+02
1.186520919799804688e+02,1.533780670166015625e+02,6.250000000000000000e+02
1.191405868530273438e+02,1.531326599121093750e+02,6.240000000000000000e+02
1.196269073486328125e+02,1.528872680664062500e+02,6.230000000000000000e+02
1.201110610961914062e+02,1.526418609619140625e+02,6.220000000000000000e+02
1.205930328369140625e+02,1.523964538574218750e+02,6.210000000000000000e+02
1.210728302001953125e+02,1.521510467529296875e+02,6.200000000000000000e+02
1.215504684448242188e+02,1.519056396484375000e+02,6.190000000000000000e+02
1.222233734130859375e+02,1.519056396484375000e+02,6.190000000000000000e+02
1.226977386474609375e+02,1.516602325439453125e+02,6.180000000000000000e+02
1.233695602416992188e+02,1.516602325439453125e+02,6.180000000000000000e+02
1.240413742065429688e+02,1.516602325439453125e+02,6.180000000000000000e+02
1.247131958007812500e+02,1.516602325439453125e+02,6.180000000000000000e+02
1.253850097656250000e+02,1.516602325439453125e+02,6.180000000000000000e+02
1.262608032226562500e+02,1.519056396484375000e+02,6.190000000000000000e+02
1.271387710571289062e+02,1.521510467529296875e+02,6.200000000000000000e+02
1.280189208984375000e+02,1.523964538574218750e+02,6.210000000000000000e+02
-5.305987548828125000e+01,1.515928497314453125e+02,6.150000000000000000e+02
-5.239131546020507812e+01,1.515928497314453125e+02,6.150000000000000000e+02
-5.172275924682617188e+01,1.515928497314453125e+02,6.150000000000000000e+02
-5.105420303344726562e+01,1.515928497314453125e+02,6.150000000000000000e+02
-5.038564682006835938e+01,1.515928497314453125e+02,6.150000000000000000e+02
-4.971708679199218750e+01,1.515928497314453125e+02,6.150000000000000000e+02
-4.896877288818359375e+01,1.513463592529296875e+02,6.140000000000000000e+02
-4.837997055053710938e+01,1.515928497314453125e+02,6.150000000000000000e+02
-4.763383483886718750e+01,1.513463592529296875e+02,6.140000000000000000e+02
-4.696636581420898438e+01,1.513463592529296875e+02,6.140000000000000000e+02
-4.629889678955078125e+01,1.513463592529296875e+02,6.140000000000000000e+02
-4.563142395019531250e+01,1.513463592529296875e+02,6.140000000000000000e+02
-4.496395492553710938e+01,1.513463592529296875e+02,6.140000000000000000e+02
-4.429648590087890625e+01,1.513463592529296875e+02,6.140000000000000000e+02
-4.362901687622070312e+01,1.513463592529296875e+02,6.140000000000000000e+02
-4.296154785156250000e+01,1.513463592529296875e+02,6.140000000000000000e+02
-4.229407501220703125e+01,1.513463592529296875e+02,6.140000000000000000e+02
-4.162660598754882812e+01,1.513463592529296875e+02,6.140000000000000000e+02
-4.095913696289062500e+01,1.513463592529296875e+02,6.140000000000000000e+02
-4.029166793823242188e+01,1.513463592529296875e+02,6.140000000000000000e+02
-3.968872833251953125e+01,1.515928497314453125e+02,6.150000000000000000e+02
-3.902016830444335938e+01,1.515928497314453125e+02,6.150000000000000000e+02
-3.835161590576171875e+01,1.515928497314453125e+02,6.150000000000000000e+02
-3.768305969238281250e+01,1.515928497314453125e+02,6.150000000000000000e+02
-3.701449966430664062e+01,1.515928497314453125e+02,6.150000000000000000e+02
-3.634594345092773438e+01,1.515928497314453125e+02,6.150000000000000000e+02
-3.567738342285156250e+01,1.515928497314453125e+02,6.150000000000000000e+02
-3.500882720947265625e+01,1.515928497314453125e+02,6.150000000000000000e+02
-3.434027099609375000e+01,1.515928497314453125e+02,6.150000000000000000e+02
-3.367171478271484375e+01,1.515928497314453125e+02,6.150000000000000000e+02
-3.300315856933593750e+01,1.515928497314453125e+02,6.150000000000000000e+02
-3.233460235595703125e+01,1.515928497314453125e+02,6.150000000000000000e+02
-3.161455154418945312e+01,1.513463592529296875e+02,6.140000000000000000e+02
-3.099748420715332031e+01,1.515928497314453125e+02,6.150000000000000000e+02
-3.032892799377441406e+01,1.515928497314453125e+02,6.150000000000000000e+02
-2.966036987304687500e+01,1.515928497314453125e+02,6.150000000000000000e+02
-2.899181365966796875e+01,1.515928497314453125e+02,6.150000000000000000e+02
-2.827720260620117188e+01,1.513463592529296875e+02,6.140000000000000000e+02
-2.765469932556152344e+01,1.515928497314453125e+02,6.150000000000000000e+02
-2.698614311218261719e+01,1.515928497314453125e+02,6.150000000000000000e+02
-2.631758308410644531e+01,1.515928497314453125e+02,6.150000000000000000e+02
-2.564902687072753906e+01,1.515928497314453125e+02,6.150000000000000000e+02
-2.498047065734863281e+01,1.515928497314453125e+02,6.150000000000000000e+02
-2.431191253662109375e+01,1.515928497314453125e+02,6.150000000000000000e+02
-2.364335632324218750e+01,1.515928497314453125e+02,6.150000000000000000e+02
-2.297480010986328125e+01,1.515928497314453125e+02,6.150000000000000000e+02
-2.230624198913574219e+01,1.515928497314453125e+02,6.150000000000000000e+02
-2.163768386840820312e+01,1.515928497314453125e+02,6.150000000000000000e+02
-2.096912574768066406e+01,1.515928497314453125e+02,6.150000000000000000e+02
-2.033357810974121094e+01,1.518393402099609375e+02,6.160000000000000000e+02
-1.963201332092285156e+01,1.515928497314453125e+02,6.150000000000000000e+02
-1.896345520019531250e+01,1.515928497314453125e+02,6.150000000000000000e+02
-1.832464599609375000e+01,1.518393402099609375e+02,6.160000000000000000e+02
-1.765500068664550781e+01,1.518393402099609375e+02,6.160000000000000000e+02
-1.698535728454589844e+01,1.518393402099609375e+02,6.160000000000000000e+02
-1.631571388244628906e+01,1.518393402099609375e+02,6.160000000000000000e+02
-1.564606952667236328e+01,1.518393402099609375e+02,6.160000000000000000e+02
-1.497642421722412109e+01,1.518393402099609375e+02,6.160000000000000000e+02
-1.430677986145019531e+01,1.518393402099609375e+02,6.160000000000000000e+02
-1.363713645935058594e+01,1.518393402099609375e+02,6.160000000000000000e+02
-1.296749210357666016e+01,1.518393402099609375e+02,6.160000000000000000e+02
-1.229784679412841797e+01,1.518393402099609375e+02,6.160000000000000000e+02
-1.162820339202880859e+01,1.518393402099609375e+02,6.160000000000000000e+02
-1.094076919555664062e+01,1.515928497314453125e+02,6.150000000000000000e+02
-1.027221202850341797e+01,1.515928497314453125e+02,6.150000000000000000e+02
-9.603654861450195312e+00,1.515928497314453125e+02,6.150000000000000000e+02
-8.935097694396972656e+00,1.515928497314453125e+02,6.150000000000000000e+02
-8.266540527343750000e+00,1.515928497314453125e+02,6.150000000000000000e+02
-7.585628509521484375e+00,1.513463592529296875e+02,6.140000000000000000e+02
-6.918158531188964844e+00,1.513463592529296875e+02,6.140000000000000000e+02
-6.250688076019287109e+00,1.513463592529296875e+02,6.140000000000000000e+02
-5.592310905456542969e+00,1.515928497314453125e+02,6.150000000000000000e+02
-4.915748119354248047e+00,1.513463592529296875e+02,6.140000000000000000e+02
-4.248278141021728516e+00,1.513463592529296875e+02,6.140000000000000000e+02
-3.586639642715454102e+00,1.515928497314453125e+02,6.150000000000000000e+02
-2.918082475662231445e+00,1.515928497314453125e+02,6.150000000000000000e+02
-2.249525308609008789e+00,1.515928497314453125e+02,6.150000000000000000e+02
-1.578397274017333984e+00,1.513463592529296875e+02,6.140000000000000000e+02
-9.124108552932739258e-01,1.515928497314453125e+02,6.150000000000000000e+02
-2.438536286354064941e-01,1.515928497314453125e+02,6.150000000000000000e+02
4.247035980224609375e-01,1.515928497314453125e+02,6.150000000000000000e+02
1.093260765075683594e+00,1.515928497314453125e+02,6.150000000000000000e+02
1.761818051338195801e+00,1.515928497314453125e+02,6.150000000000000000e+02
2.430375099182128906e+00,1.515928497314453125e+02,6.150000000000000000e+02
3.098932504653930664e+00,1.515928497314453125e+02,6.150000000000000000e+02
3.767489671707153320e+00,1.515928497314453125e+02,6.150000000000000000e+02
4.428833961486816406e+00,1.513463592529296875e+02,6.140000000000000000e+02
5.096303939819335938e+00,1.513463592529296875e+02,6.140000000000000000e+02
5.763773918151855469e+00,1.513463592529296875e+02,6.140000000000000000e+02
6.431244373321533203e+00,1.513463592529296875e+02,6.140000000000000000e+02
7.087152481079101562e+00,1.510998687744140625e+02,6.130000000000000000e+02
7.753535747528076172e+00,1.510998687744140625e+02,6.130000000000000000e+02
8.419919013977050781e+00,1.510998687744140625e+02,6.130000000000000000e+02
9.071479797363281250e+00,1.508533782958984375e+02,6.120000000000000000e+02
9.736775398254394531e+00,1.508533782958984375e+02,6.120000000000000000e+02
1.040207099914550781e+01,1.508533782958984375e+02,6.120000000000000000e+02
1.106736755371093750e+01,1.508533782958984375e+02,6.120000000000000000e+02
1.173266315460205078e+01,1.508533782958984375e+02,6.120000000000000000e+02
1.239795875549316406e+01,1.508533782958984375e+02,6.120000000000000000e+02
1.306325531005859375e+01,1.508533782958984375e+02,6.120000000000000000e+02
1.370611858367919922e+01,1.506068878173828125e+02,6.110000000000000000e+02
1.437032794952392578e+01,1.506068878173828125e+02,6.110000000000000000e+02
1.503453636169433594e+01,1.506068878173828125e+02,6.110000000000000000e+02
1.569874572753906250e+01,1.506068878173828125e+02,6.110000000000000000e+02
1.636295509338378906e+01,1.506068878173828125e+02,6.110000000000000000e+02
1.702716255187988281e+01,1.506068878173828125e+02,6.110000000000000000e+02
1.769137191772460938e+01,1.506068878173828125e+02,6.110000000000000000e+02
1.835558128356933594e+01,1.506068878173828125e+02,6.110000000000000000e+02
1.901979064941406250e+01,1.506068878173828125e+02,6.110000000000000000e+02
1.968400001525878906e+01,1.506068878173828125e+02,6.110000000000000000e+02
2.034820747375488281e+01,1.506068878173828125e+02,6.110000000000000000e+02
2.101241683959960938e+01,1.506068878173828125e+02,6.110000000000000000e+02
2.167662620544433594e+01,1.506068878173828125e+02,6.110000000000000000e+02
2.230426979064941406e+01,1.503603973388671875e+02,6.100000000000000000e+02
2.296739006042480469e+01,1.503603973388671875e+02,6.100000000000000000e+02
2.363051223754882812e+01,1.503603973388671875e+02,6.100000000000000000e+02
2.429363441467285156e+01,1.503603973388671875e+02,6.100000000000000000e+02
2.495675849914550781e+01,1.503603973388671875e+02,6.100000000000000000e+02
2.566187858581542969e+01,1.506068878173828125e+02,6.110000000000000000e+02
2.632608795166015625e+01,1.506068878173828125e+02,6.110000000000000000e+02
2.699029541015625000e+01,1.506068878173828125e+02,6.110000000000000000e+02
2.765450477600097656e+01,1.506068878173828125e+02,6.110000000000000000e+02
2.831871414184570312e+01,1.506068878173828125e+02,6.110000000000000000e+02
2.898292160034179688e+01,1.506068878173828125e+02,6.110000000000000000e+02
2.964713096618652344e+01,1.506068878173828125e+02,6.110000000000000000e+02
3.031134223937988281e+01,1.506068878173828125e+02,6.110000000000000000e+02
3.097554969787597656e+01,1.506068878173828125e+02,6.110000000000000000e+02
3.163975906372070312e+01,1.506068878173828125e+02,6.110000000000000000e+02
3.230396652221679688e+01,1.506068878173828125e+02,6.110000000000000000e+02
3.296817398071289062e+01,1.506068878173828125e+02,6.110000000000000000e+02
3.363238525390625000e+01,1.506068878173828125e+02,6.110000000000000000e+02
3.429659271240234375e+01,1.506068878173828125e+02,6.110000000000000000e+02
3.496080398559570312e+01,1.506068878173828125e+02,6.110000000000000000e+02
3.562501144409179688e+01,1.506068878173828125e+02,6.110000000000000000e+02
3.628921890258789062e+01,1.506068878173828125e+02,6.110000000000000000e+02
3.695343017578125000e+01,1.506068878173828125e+02,6.110000000000000000e+02
3.761763763427734375e+01,1.506068878173828125e+02,6.110000000000000000e+02
3.828184509277343750e+01,1.506068878173828125e+02,6.110000000000000000e+02
3.894605636596679688e+01,1.506068878173828125e+02,6.110000000000000000e+02
3.961026382446289062e+01,1.506068878173828125e+02,6.110000000000000000e+02
4.020855712890625000e+01,1.503603973388671875e+02,6.100000000000000000e+02
4.087167739868164062e+01,1.503603973388671875e+02,6.100000000000000000e+02
4.153479766845703125e+01,1.503603973388671875e+02,6.100000000000000000e+02
4.219792175292968750e+01,1.503603973388671875e+02,6.100000000000000000e+02
4.286104583740234375e+01,1.503603973388671875e+02,6.100000000000000000e+02
4.352416992187500000e+01,1.503603973388671875e+02,6.100000000000000000e+02
4.418729019165039062e+01,1.503603973388671875e+02,6.100000000000000000e+02
4.485041046142578125e+01,1.503603973388671875e+02,6.100000000000000000e+02
4.551353454589843750e+01,1.503603973388671875e+02,6.100000000000000000e+02
4.617665481567382812e+01,1.503603973388671875e+02,6.100000000000000000e+02
4.683977508544921875e+01,1.503603973388671875e+02,6.100000000000000000e+02
4.758077239990234375e+01,1.506068878173828125e+02,6.110000000000000000e+02
4.824497985839843750e+01,1.506068878173828125e+02,6.110000000000000000e+02
4.890918731689453125e+01,1.506068878173828125e+02,6.110000000000000000e+02
4.957339859008789062e+01,1.506068878173828125e+02,6.110000000000000000e+02
5.015538406372070312e+01,1.503603973388671875e+02,6.100000000000000000e+02
5.081850433349609375e+01,1.503603973388671875e+02,6.100000000000000000e+02
5.148162460327148438e+01,1.503603973388671875e+02,6.100000000000000000e+02
5.214474868774414062e+01,1.503603973388671875e+02,6.100000000000000000e+02
5.280787277221679688e+01,1.503603973388671875e+02,6.100000000000000000e+02
5.347099685668945312e+01,1.503603973388671875e+02,6.100000000000000000e+02
5.413411712646484375e+01,1.503603973388671875e+02,6.100000000000000000e+02
5.479723739624023438e+01,1.503603973388671875e+02,6.100000000000000000e+02
5.546036148071289062e+01,1.503603973388671875e+02,6.100000000000000000e+02
5.621548843383789062e+01,1.506068878173828125e+02,6.110000000000000000e+02
5.687969589233398438e+01,1.506068878173828125e+02,6.110000000000000000e+02
5.754390335083007812e+01,1.506068878173828125e+02,6.110000000000000000e+02
5.830337905883789062e+01,1.508533782958984375e+02,6.120000000000000000e+02
5.896867370605468750e+01,1.508533782958984375e+02,6.120000000000000000e+02
5.973141098022460938e+01,1.510998687744140625e+02,6.130000000000000000e+02
6.049632263183593750e+01,1.513463592529296875e+02,6.140000000000000000e+02
6.126340866088867188e+01,1.515928497314453125e+02,6.150000000000000000e+02
6.203266906738281250e+01,1.518393402099609375e+02,6.160000000000000000e+02
6.270231246948242188e+01,1.518393402099609375e+02,6.160000000000000000e+02
6.347483062744140625e+01,1.520858459472656250e+02,6.170000000000000000e+02
6.424953460693359375e+01,1.523323364257812500e+02,6.180000000000000000e+02
6.502639770507812500e+01,1.525788269042968750e+02,6.190000000000000000e+02
6.580544281005859375e+01,1.528253173828125000e+02,6.200000000000000000e+02
6.658666229248046875e+01,1.530718078613281250e+02,6.210000000000000000e+02
6.737004852294921875e+01,1.533182983398437500e+02,6.220000000000000000e+02
6.804621887207031250e+01,1.533182983398437500e+02,6.220000000000000000e+02
6.883287048339843750e+01,1.535647888183593750e+02,6.230000000000000000e+02
6.962169647216796875e+01,1.538112792968750000e+02,6.240000000000000000e+02
7.041269683837890625e+01,1.540577850341796875e+02,6.250000000000000000e+02
7.109212493896484375e+01,1.540577850341796875e+02,6.250000000000000000e+02
7.177155303955078125e+01,1.540577850341796875e+02,6.250000000000000000e+02
7.245098114013671875e+01,1.540577850341796875e+02,6.250000000000000000e+02
7.313040924072265625e+01,1.540577850341796875e+02,6.250000000000000000e+02
7.380983734130859375e+01,1.540577850341796875e+02,6.250000000000000000e+02
7.448926544189453125e+01,1.540577850341796875e+02,6.250000000000000000e+02
7.516870117187500000e+01,1.540577850341796875e+02,6.250000000000000000e+02
7.584812927246093750e+01,1.540577850341796875e+02,6.250000000000000000e+02
7.652755737304687500e+01,1.540577850341796875e+02,6.250000000000000000e+02
7.720697784423828125e+01,1.540577850341796875e+02,6.250000000000000000e+02
7.788640594482421875e+01,1.540577850341796875e+02,6.250000000000000000e+02
7.869153594970703125e+01,1.543042755126953125e+02,6.260000000000000000e+02
7.937205505371093750e+01,1.543042755126953125e+02,6.260000000000000000e+02
8.005256652832031250e+01,1.543042755126953125e+02,6.260000000000000000e+02
8.073309326171875000e+01,1.543042755126953125e+02,6.260000000000000000e+02
8.141360473632812500e+01,1.543042755126953125e+02,6.260000000000000000e+02
8.209412384033203125e+01,1.543042755126953125e+02,6.260000000000000000e+02
8.277463531494140625e+01,1.543042755126953125e+02,6.260000000000000000e+02
8.345515441894531250e+01,1.543042755126953125e+02,6.260000000000000000e+02
8.413566589355468750e+01,1.543042755126953125e+02,6.260000000000000000e+02
8.495166778564453125e+01,1.545507659912109375e+02,6.270000000000000000e+02
8.563327026367187500e+01,1.545507659912109375e+02,6.270000000000000000e+02
8.631487274169921875e+01,1.545507659912109375e+02,6.270000000000000000e+02
8.699647521972656250e+01,1.545507659912109375e+02,6.270000000000000000e+02
8.767807769775390625e+01,1.545507659912109375e+02,6.270000000000000000e+02
8.835968017578125000e+01,1.545507659912109375e+02,6.270000000000000000e+02
8.904128265380859375e+01,1.545507659912109375e+02,6.270000000000000000e+02
8.972288513183593750e+01,1.545507659912109375e+02,6.270000000000000000e+02
9.040448760986328125e+01,1.545507659912109375e+02,6.270000000000000000e+02
9.108609008789062500e+01,1.545507659912109375e+02,6.270000000000000000e+02
9.176769256591796875e+01,1.545507659912109375e+02,6.270000000000000000e+02
9.244928741455078125e+01,1.545507659912109375e+02,6.270000000000000000e+02
9.313088989257812500e+01,1.545507659912109375e+02,6.270000000000000000e+02
9.381249237060546875e+01,1.545507659912109375e+02,6.270000000000000000e+02
9.449409484863281250e+01,1.545507659912109375e+02,6.270000000000000000e+02
9.517569732666015625e+01,1.545507659912109375e+02,6.270000000000000000e+02
9.585729980468750000e+01,1.545507659912109375e+02,6.270000000000000000e+02
9.653890228271484375e+01,1.545507659912109375e+02,6.270000000000000000e+02
9.722050476074218750e+01,1.545507659912109375e+02,6.270000000000000000e+02
9.790210723876953125e+01,1.545507659912109375e+02,6.270000000000000000e+02
9.858370971679687500e+01,1.545507659912109375e+02,6.270000000000000000e+02
9.926531219482421875e+01,1.545507659912109375e+02,6.270000000000000000e+02
9.994691467285156250e+01,1.545507659912109375e+02,6.270000000000000000e+02
1.007890090942382812e+02,1.547972564697265625e+02,6.280000000000000000e+02
1.014716949462890625e+02,1.547972564697265625e+02,6.280000000000000000e+02
1.021543960571289062e+02,1.547972564697265625e+02,6.280000000000000000e+02
1.028370819091796875e+02,1.547972564697265625e+02,6.280000000000000000e+02
1.035197677612304688e+02,1.547972564697265625e+02,6.280000000000000000e+02
1.042024612426757812e+02,1.547972564697265625e+02,6.280000000000000000e+02
1.048851470947265625e+02,1.547972564697265625e+02,6.280000000000000000e+02
1.055678405761718750e+02,1.547972564697265625e+02,6.280000000000000000e+02
1.062505264282226562e+02,1.547972564697265625e+02,6.280000000000000000e+02
1.069332199096679688e+02,1.547972564697265625e+02,6.280000000000000000e+02
1.076159057617187500e+02,1.547972564697265625e+02,6.280000000000000000e+02
1.082985916137695312e+02,1.547972564697265625e+02,6.280000000000000000e+02
1.089812850952148438e+02,1.547972564697265625e+02,6.280000000000000000e+02
1.096639709472656250e+02,1.547972564697265625e+02,6.280000000000000000e+02
1.101709518432617188e+02,1.545507659912109375e+02,6.270000000000000000e+02
1.108525543212890625e+02,1.545507659912109375e+02,6.270000000000000000e+02
1.115341567993164062e+02,1.545507659912109375e+02,6.270000000000000000e+02
1.122157592773437500e+02,1.545507659912109375e+02,6.270000000000000000e+02
1.128973541259765625e+02,1.545507659912109375e+02,6.270000000000000000e+02
1.137601089477539062e+02,1.547972564697265625e+02,6.280000000000000000e+02
1.144427947998046875e+02,1.547972564697265625e+02,6.280000000000000000e+02
1.151254882812500000e+02,1.547972564697265625e+02,6.280000000000000000e+02
1.156237640380859375e+02,1.545507659912109375e+02,6.270000000000000000e+02
1.163053665161132812e+02,1.545507659912109375e+02,6.270000000000000000e+02
1.168003845214843750e+02,1.543042755126953125e+02,6.260000000000000000e+02
1.174809036254882812e+02,1.543042755126953125e+02,6.260000000000000000e+02
1.179726638793945312e+02,1.540577850341796875e+02,6.250000000000000000e+02
1.184622421264648438e+02,1.538112792968750000e+02,6.240000000000000000e+02
1.189496536254882812e+02,1.535647888183593750e+02,6.230000000000000000e+02
1.194348907470703125e+02,1.533182983398437500e+02,6.220000000000000000e+02
1.199179534912109375e+02,1.530718078613281250e+02,6.210000000000000000e+02
1.203988418579101562e+02,1.528253173828125000e+02,6.200000000000000000e+02
1.208775558471679688e+02,1.525788269042968750e+02,6.190000000000000000e+02
1.213541030883789062e+02,1.523323364257812500e+02,6.180000000000000000e+02
1.220259246826171875e+02,1.523323364257812500e+02,6.180000000000000000e+02
1.226977386474609375e+02,1.523323364257812500e+02,6.180000000000000000e+02
1.233695602416992188e+02,1.523323364257812500e+02,6.180000000000000000e+02
1.240413742065429688e+02,1.523323364257812500e+02,6.180000000000000000e+02
1.247131958007812500e+02,1.523323364257812500e+02,6.180000000000000000e+02
1.253850097656250000e+02,1.523323364257812500e+02,6.180000000000000000e+02
1.262608032226562500e+02,1.525788269042968750e+02,6.190000000000000000e+02
1.271387710571289062e+02,1.528253173828125000e+02,6.200000000000000000e+02
-4.563142395019531250e+01,1.520140991210937500e+02,6.140000000000000000e+02
-4.496395492553710938e+01,1.520140991210937500e+02,6.140000000000000000e+02
-4.429648590087890625e+01,1.520140991210937500e+02,6.140000000000000000e+02
-4.362901687622070312e+01,1.520140991210937500e+02,6.140000000000000000e+02
-4.296154785156250000e+01,1.520140991210937500e+02,6.140000000000000000e+02
-4.229407501220703125e+01,1.520140991210937500e+02,6.140000000000000000e+02
-4.162660598754882812e+01,1.520140991210937500e+02,6.140000000000000000e+02
-4.095913696289062500e+01,1.520140991210937500e+02,6.140000000000000000e+02
-4.029166793823242188e+01,1.520140991210937500e+02,6.140000000000000000e+02
-3.968872833251953125e+01,1.522616882324218750e+02,6.150000000000000000e+02
-3.902016830444335938e+01,1.522616882324218750e+02,6.150000000000000000e+02
-3.835161590576171875e+01,1.522616882324218750e+02,6.150000000000000000e+02
-3.768305969238281250e+01,1.522616882324218750e+02,6.150000000000000000e+02
-3.701449966430664062e+01,1.522616882324218750e+02,6.150000000000000000e+02
-3.640504074096679688e+01,1.525092620849609375e+02,6.160000000000000000e+02
-3.573539733886718750e+01,1.525092620849609375e+02,6.160000000000000000e+02
-3.506575393676757812e+01,1.525092620849609375e+02,6.160000000000000000e+02
-3.439611053466796875e+01,1.525092620849609375e+02,6.160000000000000000e+02
-3.372646713256835938e+01,1.525092620849609375e+02,6.160000000000000000e+02
-3.305681991577148438e+01,1.525092620849609375e+02,6.160000000000000000e+02
-3.233460235595703125e+01,1.522616882324218750e+02,6.150000000000000000e+02
-3.166604232788085938e+01,1.522616882324218750e+02,6.150000000000000000e+02
-3.099748420715332031e+01,1.522616882324218750e+02,6.150000000000000000e+02
-3.032892799377441406e+01,1.522616882324218750e+02,6.150000000000000000e+02
-2.966036987304687500e+01,1.522616882324218750e+02,6.150000000000000000e+02
-2.899181365966796875e+01,1.522616882324218750e+02,6.150000000000000000e+02
-2.832325744628906250e+01,1.522616882324218750e+02,6.150000000000000000e+02
-2.765469932556152344e+01,1.522616882324218750e+02,6.150000000000000000e+02
-2.698614311218261719e+01,1.522616882324218750e+02,6.150000000000000000e+02
-2.631758308410644531e+01,1.522616882324218750e+02,6.150000000000000000e+02
-2.564902687072753906e+01,1.522616882324218750e+02,6.150000000000000000e+02
-2.498047065734863281e+01,1.522616882324218750e+02,6.150000000000000000e+02
-2.431191253662109375e+01,1.522616882324218750e+02,6.150000000000000000e+02
-2.364335632324218750e+01,1.522616882324218750e+02,6.150000000000000000e+02
-2.297480010986328125e+01,1.522616882324218750e+02,6.150000000000000000e+02
-2.230624198913574219e+01,1.522616882324218750e+02,6.150000000000000000e+02
-2.163768386840820312e+01,1.522616882324218750e+02,6.150000000000000000e+02
-2.096912574768066406e+01,1.522616882324218750e+02,6.150000000000000000e+02
-2.030056953430175781e+01,1.522616882324218750e+02,6.150000000000000000e+02
-1.963201332092285156e+01,1.522616882324218750e+02,6.150000000000000000e+02
-1.896345520019531250e+01,1.522616882324218750e+02,6.150000000000000000e+02
-1.829489898681640625e+01,1.522616882324218750e+02,6.150000000000000000e+02
-1.762634086608886719e+01,1.522616882324218750e+02,6.150000000000000000e+02
-1.695778465270996094e+01,1.522616882324218750e+02,6.150000000000000000e+02
-1.631571388244628906e+01,1.525092620849609375e+02,6.160000000000000000e+02
-1.564606952667236328e+01,1.525092620849609375e+02,6.160000000000000000e+02
-1.497642421722412109e+01,1.525092620849609375e+02,6.160000000000000000e+02
-1.430677986145019531e+01,1.525092620849609375e+02,6.160000000000000000e+02
-1.363713645935058594e+01,1.525092620849609375e+02,6.160000000000000000e+02
-1.296749210357666016e+01,1.525092620849609375e+02,6.160000000000000000e+02
-1.229784679412841797e+01,1.525092620849609375e+02,6.160000000000000000e+02
-1.160932636260986328e+01,1.522616882324218750e+02,6.150000000000000000e+02
-1.094076919555664062e+01,1.522616882324218750e+02,6.150000000000000000e+02
-1.027221202850341797e+01,1.522616882324218750e+02,6.150000000000000000e+02
-9.603654861450195312e+00,1.522616882324218750e+02,6.150000000000000000e+02
-8.935097694396972656e+00,1.522616882324218750e+02,6.150000000000000000e+02
-8.266540527343750000e+00,1.522616882324218750e+02,6.150000000000000000e+02
-7.597982883453369141e+00,1.522616882324218750e+02,6.150000000000000000e+02
-6.929426193237304688e+00,1.522616882324218750e+02,6.150000000000000000e+02
-6.260868549346923828e+00,1.522616882324218750e+02,6.150000000000000000e+02
-5.592310905456542969e+00,1.522616882324218750e+02,6.150000000000000000e+02
-4.923754215240478516e+00,1.522616882324218750e+02,6.150000000000000000e+02
-4.255197048187255859e+00,1.522616882324218750e+02,6.150000000000000000e+02
-3.586639642715454102e+00,1.522616882324218750e+02,6.150000000000000000e+02
-2.918082475662231445e+00,1.522616882324218750e+02,6.150000000000000000e+02
-2.249525308609008789e+00,1.522616882324218750e+02,6.150000000000000000e+02
-1.580968022346496582e+00,1.522616882324218750e+02,6.150000000000000000e+02
-9.124108552932739258e-01,1.522616882324218750e+02,6.150000000000000000e+02
-2.438536286354064941e-01,1.522616882324218750e+02,6.150000000000000000e+02
4.247035980224609375e-01,1.522616882324218750e+02,6.150000000000000000e+02
1.095038533210754395e+00,1.525092620849609375e+02,6.160000000000000000e+02
1.761818051338195801e+00,1.522616882324218750e+02,6.150000000000000000e+02
2.430375099182128906e+00,1.522616882324218750e+02,6.150000000000000000e+02
3.098932504653930664e+00,1.522616882324218750e+02,6.150000000000000000e+02
3.767489671707153320e+00,1.522616882324218750e+02,6.150000000000000000e+02
4.436047077178955078e+00,1.522616882324218750e+02,6.150000000000000000e+02
5.104604244232177734e+00,1.522616882324218750e+02,6.150000000000000000e+02
5.763773918151855469e+00,1.520140991210937500e+02,6.140000000000000000e+02
6.431244373321533203e+00,1.520140991210937500e+02,6.140000000000000000e+02
7.098713874816894531e+00,1.520140991210937500e+02,6.140000000000000000e+02
7.753535747528076172e+00,1.517665252685546875e+02,6.130000000000000000e+02
8.419919013977050781e+00,1.517665252685546875e+02,6.130000000000000000e+02
9.086301803588867188e+00,1.517665252685546875e+02,6.130000000000000000e+02
9.752684593200683594e+00,1.517665252685546875e+02,6.130000000000000000e+02
1.040207099914550781e+01,1.515189514160156250e+02,6.120000000000000000e+02
1.106736755371093750e+01,1.515189514160156250e+02,6.120000000000000000e+02
1.173266315460205078e+01,1.515189514160156250e+02,6.120000000000000000e+02
1.239795875549316406e+01,1.515189514160156250e+02,6.120000000000000000e+02
1.306325531005859375e+01,1.515189514160156250e+02,6.120000000000000000e+02
1.372855091094970703e+01,1.515189514160156250e+02,6.120000000000000000e+02
1.439384651184082031e+01,1.515189514160156250e+02,6.120000000000000000e+02
1.503453636169433594e+01,1.512713623046875000e+02,6.110000000000000000e+02
1.569874572753906250e+01,1.512713623046875000e+02,6.110000000000000000e+02
1.636295509338378906e+01,1.512713623046875000e+02,6.110000000000000000e+02
1.702716255187988281e+01,1.512713623046875000e+02,6.110000000000000000e+02
1.769137191772460938e+01,1.512713623046875000e+02,6.110000000000000000e+02
1.835558128356933594e+01,1.512713623046875000e+02,6.110000000000000000e+02
1.901979064941406250e+01,1.512713623046875000e+02,6.110000000000000000e+02
1.968400001525878906e+01,1.512713623046875000e+02,6.110000000000000000e+02
2.031490516662597656e+01,1.510237884521484375e+02,6.100000000000000000e+02
2.097802734375000000e+01,1.510237884521484375e+02,6.100000000000000000e+02
2.164114761352539062e+01,1.510237884521484375e+02,6.100000000000000000e+02
2.230426979064941406e+01,1.510237884521484375e+02,6.100000000000000000e+02
2.296739006042480469e+01,1.510237884521484375e+02,6.100000000000000000e+02
2.363051223754882812e+01,1.510237884521484375e+02,6.100000000000000000e+02
2.429363441467285156e+01,1.510237884521484375e+02,6.100000000000000000e+02
2.495675849914550781e+01,1.510237884521484375e+02,6.100000000000000000e+02
2.561987876892089844e+01,1.510237884521484375e+02,6.100000000000000000e+02
2.628300094604492188e+01,1.510237884521484375e+02,6.100000000000000000e+02
2.694612312316894531e+01,1.510237884521484375e+02,6.100000000000000000e+02
2.760924339294433594e+01,1.510237884521484375e+02,6.100000000000000000e+02
2.827236557006835938e+01,1.510237884521484375e+02,6.100000000000000000e+02
2.898292160034179688e+01,1.512713623046875000e+02,6.110000000000000000e+02
2.964713096618652344e+01,1.512713623046875000e+02,6.110000000000000000e+02
3.031134223937988281e+01,1.512713623046875000e+02,6.110000000000000000e+02
3.097554969787597656e+01,1.512713623046875000e+02,6.110000000000000000e+02
3.163975906372070312e+01,1.512713623046875000e+02,6.110000000000000000e+02
3.230396652221679688e+01,1.512713623046875000e+02,6.110000000000000000e+02
3.296817398071289062e+01,1.512713623046875000e+02,6.110000000000000000e+02
3.363238525390625000e+01,1.512713623046875000e+02,6.110000000000000000e+02
3.429659271240234375e+01,1.512713623046875000e+02,6.110000000000000000e+02
3.496080398559570312e+01,1.512713623046875000e+02,6.110000000000000000e+02
3.562501144409179688e+01,1.512713623046875000e+02,6.110000000000000000e+02
3.628921890258789062e+01,1.512713623046875000e+02,6.110000000000000000e+02
3.695343017578125000e+01,1.512713623046875000e+02,6.110000000000000000e+02
3.761763763427734375e+01,1.512713623046875000e+02,6.110000000000000000e+02
3.828184509277343750e+01,1.512713623046875000e+02,6.110000000000000000e+02
3.894605636596679688e+01,1.512713623046875000e+02,6.110000000000000000e+02
3.961026382446289062e+01,1.512713623046875000e+02,6.110000000000000000e+02
4.020855712890625000e+01,1.510237884521484375e+02,6.100000000000000000e+02
4.087167739868164062e+01,1.510237884521484375e+02,6.100000000000000000e+02
4.153479766845703125e+01,1.510237884521484375e+02,6.100000000000000000e+02
4.219792175292968750e+01,1.510237884521484375e+02,6.100000000000000000e+02
4.286104583740234375e+01,1.510237884521484375e+02,6.100000000000000000e+02
4.352416992187500000e+01,1.510237884521484375e+02,6.100000000000000000e+02
4.418729019165039062e+01,1.510237884521484375e+02,6.100000000000000000e+02
4.485041046142578125e+01,1.510237884521484375e+02,6.100000000000000000e+02
4.551353454589843750e+01,1.510237884521484375e+02,6.100000000000000000e+02
4.617665481567382812e+01,1.510237884521484375e+02,6.100000000000000000e+02
4.683977508544921875e+01,1.510237884521484375e+02,6.100000000000000000e+02
4.750289916992187500e+01,1.510237884521484375e+02,6.100000000000000000e+02
4.816601943969726562e+01,1.510237884521484375e+02,6.100000000000000000e+02
4.882913970947265625e+01,1.510237884521484375e+02,6.100000000000000000e+02
4.949226379394531250e+01,1.510237884521484375e+02,6.100000000000000000e+02
5.015538406372070312e+01,1.510237884521484375e+02,6.100000000000000000e+02
5.081850433349609375e+01,1.510237884521484375e+02,6.100000000000000000e+02
5.148162460327148438e+01,1.510237884521484375e+02,6.100000000000000000e+02
5.214474868774414062e+01,1.510237884521484375e+02,6.100000000000000000e+02
5.280787277221679688e+01,1.510237884521484375e+02,6.100000000000000000e+02
5.347099685668945312e+01,1.510237884521484375e+02,6.100000000000000000e+02
5.413411712646484375e+01,1.510237884521484375e+02,6.100000000000000000e+02
5.479723739624023438e+01,1.510237884521484375e+02,6.100000000000000000e+02
5.546036148071289062e+01,1.510237884521484375e+02,6.100000000000000000e+02
5.612348175048828125e+01,1.510237884521484375e+02,6.100000000000000000e+02
5.687969589233398438e+01,1.512713623046875000e+02,6.110000000000000000e+02
5.754390335083007812e+01,1.512713623046875000e+02,6.110000000000000000e+02
5.820811462402343750e+01,1.512713623046875000e+02,6.110000000000000000e+02
5.896867370605468750e+01,1.515189514160156250e+02,6.120000000000000000e+02
5.973141098022460938e+01,1.517665252685546875e+02,6.130000000000000000e+02
6.039779663085937500e+01,1.517665252685546875e+02,6.130000000000000000e+02
6.126340866088867188e+01,1.522616882324218750e+02,6.150000000000000000e+02
6.193196487426757812e+01,1.522616882324218750e+02,6.150000000000000000e+02
6.270231246948242188e+01,1.525092620849609375e+02,6.160000000000000000e+02
6.347483062744140625e+01,1.527568511962890625e+02,6.170000000000000000e+02
6.424953460693359375e+01,1.530044250488281250e+02,6.180000000000000000e+02
6.502639770507812500e+01,1.532519989013671875e+02,6.190000000000000000e+02
6.580544281005859375e+01,1.534995880126953125e+02,6.200000000000000000e+02
6.658666229248046875e+01,1.537471618652343750e+02,6.210000000000000000e+02
6.737004852294921875e+01,1.539947509765625000e+02,6.220000000000000000e+02
6.804621887207031250e+01,1.539947509765625000e+02,6.220000000000000000e+02
6.883287048339843750e+01,1.542423248291015625e+02,6.230000000000000000e+02
6.962169647216796875e+01,1.544898986816406250e+02,6.240000000000000000e+02
7.030004119873046875e+01,1.544898986816406250e+02,6.240000000000000000e+02
7.109212493896484375e+01,1.547374877929687500e+02,6.250000000000000000e+02
7.177155303955078125e+01,1.547374877929687500e+02,6.250000000000000000e+02
7.245098114013671875e+01,1.547374877929687500e+02,6.250000000000000000e+02
7.313040924072265625e+01,1.547374877929687500e+02,6.250000000000000000e+02
7.380983734130859375e+01,1.547374877929687500e+02,6.250000000000000000e+02
7.448926544189453125e+01,1.547374877929687500e+02,6.250000000000000000e+02
7.516870117187500000e+01,1.547374877929687500e+02,6.250000000000000000e+02
7.584812927246093750e+01,1.547374877929687500e+02,6.250000000000000000e+02
7.652755737304687500e+01,1.547374877929687500e+02,6.250000000000000000e+02
7.720697784423828125e+01,1.547374877929687500e+02,6.250000000000000000e+02
7.788640594482421875e+01,1.547374877929687500e+02,6.250000000000000000e+02
7.856583404541015625e+01,1.547374877929687500e+02,6.250000000000000000e+02
7.924526214599609375e+01,1.547374877929687500e+02,6.250000000000000000e+02
7.992469024658203125e+01,1.547374877929687500e+02,6.250000000000000000e+02
8.060412597656250000e+01,1.547374877929687500e+02,6.250000000000000000e+02
8.141360473632812500e+01,1.549850616455078125e+02,6.260000000000000000e+02
8.209412384033203125e+01,1.549850616455078125e+02,6.260000000000000000e+02
8.277463531494140625e+01,1.549850616455078125e+02,6.260000000000000000e+02
8.345515441894531250e+01,1.549850616455078125e+02,6.260000000000000000e+02
8.413566589355468750e+01,1.549850616455078125e+02,6.260000000000000000e+02
8.481617736816406250e+01,1.549850616455078125e+02,6.260000000000000000e+02
8.563327026367187500e+01,1.552326507568359375e+02,6.270000000000000000e+02
8.631487274169921875e+01,1.552326507568359375e+02,6.270000000000000000e+02
8.699647521972656250e+01,1.552326507568359375e+02,6.270000000000000000e+02
8.767807769775390625e+01,1.552326507568359375e+02,6.270000000000000000e+02
8.835968017578125000e+01,1.552326507568359375e+02,6.270000000000000000e+02
8.904128265380859375e+01,1.552326507568359375e+02,6.270000000000000000e+02
8.972288513183593750e+01,1.552326507568359375e+02,6.270000000000000000e+02
9.040448760986328125e+01,1.552326507568359375e+02,6.270000000000000000e+02
9.108609008789062500e+01,1.552326507568359375e+02,6.270000000000000000e+02
9.176769256591796875e+01,1.552326507568359375e+02,6.270000000000000000e+02
9.244928741455078125e+01,1.552326507568359375e+02,6.270000000000000000e+02
9.313088989257812500e+01,1.552326507568359375e+02,6.270000000000000000e+02
9.381249237060546875e+01,1.552326507568359375e+02,6.270000000000000000e+02
9.449409484863281250e+01,1.552326507568359375e+02,6.270000000000000000e+02
9.517569732666015625e+01,1.552326507568359375e+02,6.270000000000000000e+02
9.585729980468750000e+01,1.552326507568359375e+02,6.270000000000000000e+02
9.653890228271484375e+01,1.552326507568359375e+02,6.270000000000000000e+02
9.722050476074218750e+01,1.552326507568359375e+02,6.270000000000000000e+02
9.790210723876953125e+01,1.552326507568359375e+02,6.270000000000000000e+02
9.858370971679687500e+01,1.552326507568359375e+02,6.270000000000000000e+02
9.926531219482421875e+01,1.552326507568359375e+02,6.270000000000000000e+02
9.994691467285156250e+01,1.552326507568359375e+02,6.270000000000000000e+02
1.006285171508789062e+02,1.552326507568359375e+02,6.270000000000000000e+02
1.013101196289062500e+02,1.552326507568359375e+02,6.270000000000000000e+02
1.019917297363281250e+02,1.552326507568359375e+02,6.270000000000000000e+02
1.026733322143554688e+02,1.552326507568359375e+02,6.270000000000000000e+02
1.033549346923828125e+02,1.552326507568359375e+02,6.270000000000000000e+02
1.040365295410156250e+02,1.552326507568359375e+02,6.270000000000000000e+02
1.048851470947265625e+02,1.554802246093750000e+02,6.280000000000000000e+02
1.055678405761718750e+02,1.554802246093750000e+02,6.280000000000000000e+02
1.060813369750976562e+02,1.552326507568359375e+02,6.270000000000000000e+02
1.067629394531250000e+02,1.552326507568359375e+02,6.270000000000000000e+02
1.074445419311523438e+02,1.552326507568359375e+02,6.270000000000000000e+02
1.081261444091796875e+02,1.552326507568359375e+02,6.270000000000000000e+02
1.088077468872070312e+02,1.552326507568359375e+02,6.270000000000000000e+02
1.094893493652343750e+02,1.552326507568359375e+02,6.270000000000000000e+02
1.101709518432617188e+02,1.552326507568359375e+02,6.270000000000000000e+02
1.108525543212890625e+02,1.552326507568359375e+02,6.270000000000000000e+02
1.115341567993164062e+02,1.552326507568359375e+02,6.270000000000000000e+02
1.122157592773437500e+02,1.552326507568359375e+02,6.270000000000000000e+02
1.128973541259765625e+02,1.552326507568359375e+02,6.270000000000000000e+02
1.135789566040039062e+02,1.552326507568359375e+02,6.270000000000000000e+02
1.142605590820312500e+02,1.552326507568359375e+02,6.270000000000000000e+02
1.149421615600585938e+02,1.552326507568359375e+02,6.270000000000000000e+02
1.156237640380859375e+02,1.552326507568359375e+02,6.270000000000000000e+02
1.161198730468750000e+02,1.549850616455078125e+02,6.260000000000000000e+02
1.168003845214843750e+02,1.549850616455078125e+02,6.260000000000000000e+02
1.172932357788085938e+02,1.547374877929687500e+02,6.250000000000000000e+02
1.177839050292968750e+02,1.544898986816406250e+02,6.240000000000000000e+02
1.182723999023437500e+02,1.542423248291015625e+02,6.230000000000000000e+02
1.187587280273437500e+02,1.539947509765625000e+02,6.220000000000000000e+02
1.190508575439453125e+02,1.534995880126953125e+02,6.200000000000000000e+02
1.195317459106445312e+02,1.532519989013671875e+02,6.190000000000000000e+02
1.202046508789062500e+02,1.532519989013671875e+02,6.190000000000000000e+02
1.206822738647460938e+02,1.530044250488281250e+02,6.180000000000000000e+02
1.211577377319335938e+02,1.527568511962890625e+02,6.170000000000000000e+02
1.218284683227539062e+02,1.527568511962890625e+02,6.170000000000000000e+02
1.224991989135742188e+02,1.527568511962890625e+02,6.170000000000000000e+02
1.231699295043945312e+02,1.527568511962890625e+02,6.170000000000000000e+02
1.240413742065429688e+02,1.530044250488281250e+02,6.180000000000000000e+02
1.247131958007812500e+02,1.530044250488281250e+02,6.180000000000000000e+02
1.255878982543945312e+02,1.532519989013671875e+02,6.190000000000000000e+02
1.262608032226562500e+02,1.532519989013671875e+02,6.190000000000000000e+02
1.271387710571289062e+02,1.534995880126953125e+02,6.200000000000000000e+02
-3.768305969238281250e+01,1.529305267333984375e+02,6.150000000000000000e+02
-3.701449966430664062e+01,1.529305267333984375e+02,6.150000000000000000e+02
-3.640504074096679688e+01,1.531791992187500000e+02,6.160000000000000000e+02
-3.573539733886718750e+01,1.531791992187500000e+02,6.160000000000000000e+02
-3.506575393676757812e+01,1.531791992187500000e+02,6.160000000000000000e+02
-3.439611053466796875e+01,1.531791992187500000e+02,6.160000000000000000e+02
-3.372646713256835938e+01,1.531791992187500000e+02,6.160000000000000000e+02
-3.305681991577148438e+01,1.531791992187500000e+02,6.160000000000000000e+02
-3.233460235595703125e+01,1.529305267333984375e+02,6.150000000000000000e+02
-3.166604232788085938e+01,1.529305267333984375e+02,6.150000000000000000e+02
-3.099748420715332031e+01,1.529305267333984375e+02,6.150000000000000000e+02
-3.032892799377441406e+01,1.529305267333984375e+02,6.150000000000000000e+02
-2.966036987304687500e+01,1.529305267333984375e+02,6.150000000000000000e+02
-2.899181365966796875e+01,1.529305267333984375e+02,6.150000000000000000e+02
-2.832325744628906250e+01,1.529305267333984375e+02,6.150000000000000000e+02
-2.765469932556152344e+01,1.529305267333984375e+02,6.150000000000000000e+02
-2.698614311218261719e+01,1.529305267333984375e+02,6.150000000000000000e+02
-2.631758308410644531e+01,1.529305267333984375e+02,6.150000000000000000e+02
-2.564902687072753906e+01,1.529305267333984375e+02,6.150000000000000000e+02
-2.502108955383300781e+01,1.531791992187500000e+02,6.160000000000000000e+02
-2.431191253662109375e+01,1.529305267333984375e+02,6.150000000000000000e+02
-2.368180084228515625e+01,1.531791992187500000e+02,6.160000000000000000e+02
-2.301215744018554688e+01,1.531791992187500000e+02,6.160000000000000000e+02
-2.230624198913574219e+01,1.529305267333984375e+02,6.150000000000000000e+02
-2.163768386840820312e+01,1.529305267333984375e+02,6.150000000000000000e+02
-2.096912574768066406e+01,1.529305267333984375e+02,6.150000000000000000e+02
-2.033357810974121094e+01,1.531791992187500000e+02,6.160000000000000000e+02
-1.963201332092285156e+01,1.529305267333984375e+02,6.150000000000000000e+02
-1.896345520019531250e+01,1.529305267333984375e+02,6.150000000000000000e+02
-1.829489898681640625e+01,1.529305267333984375e+02,6.150000000000000000e+02
-1.762634086608886719e+01,1.529305267333984375e+02,6.150000000000000000e+02
-1.695778465270996094e+01,1.529305267333984375e+02,6.150000000000000000e+02
-1.628922653198242188e+01,1.529305267333984375e+02,6.150000000000000000e+02
-1.562067031860351562e+01,1.529305267333984375e+02,6.150000000000000000e+02
-1.495211219787597656e+01,1.529305267333984375e+02,6.150000000000000000e+02
-1.428355503082275391e+01,1.529305267333984375e+02,6.150000000000000000e+02
-1.363713645935058594e+01,1.531791992187500000e+02,6.160000000000000000e+02
-1.296749210357666016e+01,1.531791992187500000e+02,6.160000000000000000e+02
-1.227788257598876953e+01,1.529305267333984375e+02,6.150000000000000000e+02
-1.160932636260986328e+01,1.529305267333984375e+02,6.150000000000000000e+02
-1.094076919555664062e+01,1.529305267333984375e+02,6.150000000000000000e+02
-1.027221202850341797e+01,1.529305267333984375e+02,6.150000000000000000e+02
-9.603654861450195312e+00,1.529305267333984375e+02,6.150000000000000000e+02
-8.935097694396972656e+00,1.529305267333984375e+02,6.150000000000000000e+02
-8.266540527343750000e+00,1.529305267333984375e+02,6.150000000000000000e+02
-7.597982883453369141e+00,1.529305267333984375e+02,6.150000000000000000e+02
-6.929426193237304688e+00,1.529305267333984375e+02,6.150000000000000000e+02
-6.260868549346923828e+00,1.529305267333984375e+02,6.150000000000000000e+02
-5.592310905456542969e+00,1.529305267333984375e+02,6.150000000000000000e+02
-4.923754215240478516e+00,1.529305267333984375e+02,6.150000000000000000e+02
-4.255197048187255859e+00,1.529305267333984375e+02,6.150000000000000000e+02
-3.586639642715454102e+00,1.529305267333984375e+02,6.150000000000000000e+02
-2.918082475662231445e+00,1.529305267333984375e+02,6.150000000000000000e+02
-2.249525308609008789e+00,1.529305267333984375e+02,6.150000000000000000e+02
-1.580968022346496582e+00,1.529305267333984375e+02,6.150000000000000000e+02
-9.124108552932739258e-01,1.529305267333984375e+02,6.150000000000000000e+02
-2.442501485347747803e-01,1.531791992187500000e+02,6.160000000000000000e+02
4.253941476345062256e-01,1.531791992187500000e+02,6.160000000000000000e+02
1.095038533210754395e+00,1.531791992187500000e+02,6.160000000000000000e+02
1.764682769775390625e+00,1.531791992187500000e+02,6.160000000000000000e+02
2.434326887130737305e+00,1.531791992187500000e+02,6.160000000000000000e+02
3.103971481323242188e+00,1.531791992187500000e+02,6.160000000000000000e+02
3.767489671707153320e+00,1.529305267333984375e+02,6.150000000000000000e+02
4.436047077178955078e+00,1.529305267333984375e+02,6.150000000000000000e+02
5.104604244232177734e+00,1.529305267333984375e+02,6.150000000000000000e+02
5.773160934448242188e+00,1.529305267333984375e+02,6.150000000000000000e+02
6.431244373321533203e+00,1.526818542480468750e+02,6.140000000000000000e+02
7.098713874816894531e+00,1.526818542480468750e+02,6.140000000000000000e+02
7.766184329986572266e+00,1.526818542480468750e+02,6.140000000000000000e+02
8.433653831481933594e+00,1.526818542480468750e+02,6.140000000000000000e+02
9.086301803588867188e+00,1.524331970214843750e+02,6.130000000000000000e+02
9.752684593200683594e+00,1.524331970214843750e+02,6.130000000000000000e+02
1.041906738281250000e+01,1.524331970214843750e+02,6.130000000000000000e+02
1.108545112609863281e+01,1.524331970214843750e+02,6.130000000000000000e+02
1.173266315460205078e+01,1.521845245361328125e+02,6.120000000000000000e+02
1.239795875549316406e+01,1.521845245361328125e+02,6.120000000000000000e+02
1.306325531005859375e+01,1.521845245361328125e+02,6.120000000000000000e+02
1.372855091094970703e+01,1.521845245361328125e+02,6.120000000000000000e+02
1.439384651184082031e+01,1.521845245361328125e+02,6.120000000000000000e+02
1.505914211273193359e+01,1.521845245361328125e+02,6.120000000000000000e+02
1.572443962097167969e+01,1.521845245361328125e+02,6.120000000000000000e+02
1.636295509338378906e+01,1.519358520507812500e+02,6.110000000000000000e+02
1.702716255187988281e+01,1.519358520507812500e+02,6.110000000000000000e+02
1.769137191772460938e+01,1.519358520507812500e+02,6.110000000000000000e+02
1.835558128356933594e+01,1.519358520507812500e+02,6.110000000000000000e+02
1.901979064941406250e+01,1.519358520507812500e+02,6.110000000000000000e+02
1.968400001525878906e+01,1.519358520507812500e+02,6.110000000000000000e+02
2.034820747375488281e+01,1.519358520507812500e+02,6.110000000000000000e+02
2.101241683959960938e+01,1.519358520507812500e+02,6.110000000000000000e+02
2.164114761352539062e+01,1.516871948242187500e+02,6.100000000000000000e+02
2.230426979064941406e+01,1.516871948242187500e+02,6.100000000000000000e+02
2.296739006042480469e+01,1.516871948242187500e+02,6.100000000000000000e+02
2.363051223754882812e+01,1.516871948242187500e+02,6.100000000000000000e+02
2.429363441467285156e+01,1.516871948242187500e+02,6.100000000000000000e+02
2.495675849914550781e+01,1.516871948242187500e+02,6.100000000000000000e+02
2.561987876892089844e+01,1.516871948242187500e+02,6.100000000000000000e+02
2.628300094604492188e+01,1.516871948242187500e+02,6.100000000000000000e+02
2.694612312316894531e+01,1.516871948242187500e+02,6.100000000000000000e+02
2.760924339294433594e+01,1.516871948242187500e+02,6.100000000000000000e+02
2.827236557006835938e+01,1.516871948242187500e+02,6.100000000000000000e+02
2.893548583984375000e+01,1.516871948242187500e+02,6.100000000000000000e+02
2.959860801696777344e+01,1.516871948242187500e+02,6.100000000000000000e+02
3.026173210144042969e+01,1.516871948242187500e+02,6.100000000000000000e+02
3.097554969787597656e+01,1.519358520507812500e+02,6.110000000000000000e+02
3.163975906372070312e+01,1.519358520507812500e+02,6.110000000000000000e+02
3.230396652221679688e+01,1.519358520507812500e+02,6.110000000000000000e+02
3.296817398071289062e+01,1.519358520507812500e+02,6.110000000000000000e+02
3.363238525390625000e+01,1.519358520507812500e+02,6.110000000000000000e+02
3.429659271240234375e+01,1.519358520507812500e+02,6.110000000000000000e+02
3.496080398559570312e+01,1.519358520507812500e+02,6.110000000000000000e+02
3.562501144409179688e+01,1.519358520507812500e+02,6.110000000000000000e+02
3.628921890258789062e+01,1.519358520507812500e+02,6.110000000000000000e+02
3.695343017578125000e+01,1.519358520507812500e+02,6.110000000000000000e+02
3.761763763427734375e+01,1.519358520507812500e+02,6.110000000000000000e+02
3.828184509277343750e+01,1.519358520507812500e+02,6.110000000000000000e+02
3.894605636596679688e+01,1.519358520507812500e+02,6.110000000000000000e+02
3.961026382446289062e+01,1.519358520507812500e+02,6.110000000000000000e+02
4.027447128295898438e+01,1.519358520507812500e+02,6.110000000000000000e+02
4.093868255615234375e+01,1.519358520507812500e+02,6.110000000000000000e+02
4.153479766845703125e+01,1.516871948242187500e+02,6.100000000000000000e+02
4.219792175292968750e+01,1.516871948242187500e+02,6.100000000000000000e+02
4.286104583740234375e+01,1.516871948242187500e+02,6.100000000000000000e+02
4.352416992187500000e+01,1.516871948242187500e+02,6.100000000000000000e+02
4.418729019165039062e+01,1.516871948242187500e+02,6.100000000000000000e+02
4.485041046142578125e+01,1.516871948242187500e+02,6.100000000000000000e+02
4.551353454589843750e+01,1.516871948242187500e+02,6.100000000000000000e+02
4.617665481567382812e+01,1.516871948242187500e+02,6.100000000000000000e+02
4.683977508544921875e+01,1.516871948242187500e+02,6.100000000000000000e+02
4.750289916992187500e+01,1.516871948242187500e+02,6.100000000000000000e+02
4.816601943969726562e+01,1.516871948242187500e+02,6.100000000000000000e+02
4.882913970947265625e+01,1.516871948242187500e+02,6.100000000000000000e+02
4.949226379394531250e+01,1.516871948242187500e+02,6.100000000000000000e+02
5.015538406372070312e+01,1.516871948242187500e+02,6.100000000000000000e+02
5.081850433349609375e+01,1.516871948242187500e+02,6.100000000000000000e+02
5.148162460327148438e+01,1.516871948242187500e+02,6.100000000000000000e+02
5.214474868774414062e+01,1.516871948242187500e+02,6.100000000000000000e+02
5.280787277221679688e+01,1.516871948242187500e+02,6.100000000000000000e+02
5.347099685668945312e+01,1.516871948242187500e+02,6.100000000000000000e+02
5.413411712646484375e+01,1.516871948242187500e+02,6.100000000000000000e+02
5.479723739624023438e+01,1.516871948242187500e+02,6.100000000000000000e+02
5.546036148071289062e+01,1.516871948242187500e+02,6.100000000000000000e+02
5.612348175048828125e+01,1.516871948242187500e+02,6.100000000000000000e+02
5.678660202026367188e+01,1.516871948242187500e+02,6.100000000000000000e+02
5.754390335083007812e+01,1.519358520507812500e+02,6.110000000000000000e+02
5.820811462402343750e+01,1.519358520507812500e+02,6.110000000000000000e+02
5.896867370605468750e+01,1.521845245361328125e+02,6.120000000000000000e+02
5.963397216796875000e+01,1.521845245361328125e+02,6.120000000000000000e+02
6.039779663085937500e+01,1.524331970214843750e+02,6.130000000000000000e+02
6.116379165649414062e+01,1.526818542480468750e+02,6.140000000000000000e+02
6.193196487426757812e+01,1.529305267333984375e+02,6.150000000000000000e+02
6.270231246948242188e+01,1.531791992187500000e+02,6.160000000000000000e+02
6.347483062744140625e+01,1.534278564453125000e+02,6.170000000000000000e+02
6.424953460693359375e+01,1.536765289306640625e+02,6.180000000000000000e+02
6.502639770507812500e+01,1.539252014160156250e+02,6.190000000000000000e+02
6.580544281005859375e+01,1.541738586425781250e+02,6.200000000000000000e+02
6.658666229248046875e+01,1.544225311279296875e+02,6.210000000000000000e+02
6.737004852294921875e+01,1.546712036132812500e+02,6.220000000000000000e+02
6.804621887207031250e+01,1.546712036132812500e+02,6.220000000000000000e+02
6.883287048339843750e+01,1.549198608398437500e+02,6.230000000000000000e+02
6.962169647216796875e+01,1.551685333251953125e+02,6.240000000000000000e+02
7.030004119873046875e+01,1.551685333251953125e+02,6.240000000000000000e+02
7.109212493896484375e+01,1.554172058105468750e+02,6.250000000000000000e+02
7.177155303955078125e+01,1.554172058105468750e+02,6.250000000000000000e+02
7.245098114013671875e+01,1.554172058105468750e+02,6.250000000000000000e+02
7.313040924072265625e+01,1.554172058105468750e+02,6.250000000000000000e+02
7.380983734130859375e+01,1.554172058105468750e+02,6.250000000000000000e+02
7.448926544189453125e+01,1.554172058105468750e+02,6.250000000000000000e+02
7.516870117187500000e+01,1.554172058105468750e+02,6.250000000000000000e+02
7.584812927246093750e+01,1.554172058105468750e+02,6.250000000000000000e+02
7.652755737304687500e+01,1.554172058105468750e+02,6.250000000000000000e+02
7.720697784423828125e+01,1.554172058105468750e+02,6.250000000000000000e+02
7.788640594482421875e+01,1.554172058105468750e+02,6.250000000000000000e+02
7.856583404541015625e+01,1.554172058105468750e+02,6.250000000000000000e+02
7.924526214599609375e+01,1.554172058105468750e+02,6.250000000000000000e+02
7.992469024658203125e+01,1.554172058105468750e+02,6.250000000000000000e+02
8.060412597656250000e+01,1.554172058105468750e+02,6.250000000000000000e+02
8.141360473632812500e+01,1.556658630371093750e+02,6.260000000000000000e+02
8.209412384033203125e+01,1.556658630371093750e+02,6.260000000000000000e+02
8.277463531494140625e+01,1.556658630371093750e+02,6.260000000000000000e+02
8.345515441894531250e+01,1.556658630371093750e+02,6.260000000000000000e+02
8.413566589355468750e+01,1.556658630371093750e+02,6.260000000000000000e+02
8.481617736816406250e+01,1.556658630371093750e+02,6.260000000000000000e+02
8.549669647216796875e+01,1.556658630371093750e+02,6.260000000000000000e+02
8.617720794677734375e+01,1.556658630371093750e+02,6.260000000000000000e+02
8.685772705078125000e+01,1.556658630371093750e+02,6.260000000000000000e+02
8.753823852539062500e+01,1.556658630371093750e+02,6.260000000000000000e+02
8.821875762939453125e+01,1.556658630371093750e+02,6.260000000000000000e+02
8.904128265380859375e+01,1.559145355224609375e+02,6.270000000000000000e+02
8.972288513183593750e+01,1.559145355224609375e+02,6.270000000000000000e+02
9.040448760986328125e+01,1.559145355224609375e+02,6.270000000000000000e+02
9.108609008789062500e+01,1.559145355224609375e+02,6.270000000000000000e+02
9.176769256591796875e+01,1.559145355224609375e+02,6.270000000000000000e+02
9.244928741455078125e+01,1.559145355224609375e+02,6.270000000000000000e+02
9.313088989257812500e+01,1.559145355224609375e+02,6.270000000000000000e+02
9.381249237060546875e+01,1.559145355224609375e+02,6.270000000000000000e+02
9.449409484863281250e+01,1.559145355224609375e+02,6.270000000000000000e+02
9.517569732666015625e+01,1.559145355224609375e+02,6.270000000000000000e+02
9.570441436767578125e+01,1.556658630371093750e+02,6.260000000000000000e+02
9.638493347167968750e+01,1.556658630371093750e+02,6.260000000000000000e+02
9.722050476074218750e+01,1.559145355224609375e+02,6.270000000000000000e+02
9.790210723876953125e+01,1.559145355224609375e+02,6.270000000000000000e+02
9.858370971679687500e+01,1.559145355224609375e+02,6.270000000000000000e+02
9.926531219482421875e+01,1.559145355224609375e+02,6.270000000000000000e+02
9.994691467285156250e+01,1.559145355224609375e+02,6.270000000000000000e+02
1.006285171508789062e+02,1.559145355224609375e+02,6.270000000000000000e+02
1.013101196289062500e+02,1.559145355224609375e+02,6.270000000000000000e+02
1.019917297363281250e+02,1.559145355224609375e+02,6.270000000000000000e+02
1.026733322143554688e+02,1.559145355224609375e+02,6.270000000000000000e+02
1.033549346923828125e+02,1.559145355224609375e+02,6.270000000000000000e+02
1.040365295410156250e+02,1.559145355224609375e+02,6.270000000000000000e+02
1.047181320190429688e+02,1.559145355224609375e+02,6.270000000000000000e+02
1.053997344970703125e+02,1.559145355224609375e+02,6.270000000000000000e+02
1.060813369750976562e+02,1.559145355224609375e+02,6.270000000000000000e+02
1.067629394531250000e+02,1.559145355224609375e+02,6.270000000000000000e+02
1.074445419311523438e+02,1.559145355224609375e+02,6.270000000000000000e+02
1.081261444091796875e+02,1.559145355224609375e+02,6.270000000000000000e+02
1.088077468872070312e+02,1.559145355224609375e+02,6.270000000000000000e+02
1.094893493652343750e+02,1.559145355224609375e+02,6.270000000000000000e+02
1.101709518432617188e+02,1.559145355224609375e+02,6.270000000000000000e+02
1.108525543212890625e+02,1.559145355224609375e+02,6.270000000000000000e+02
1.115341567993164062e+02,1.559145355224609375e+02,6.270000000000000000e+02
1.122157592773437500e+02,1.559145355224609375e+02,6.270000000000000000e+02
1.127173004150390625e+02,1.556658630371093750e+02,6.260000000000000000e+02
1.135789566040039062e+02,1.559145355224609375e+02,6.270000000000000000e+02
1.140783309936523438e+02,1.556658630371093750e+02,6.260000000000000000e+02
1.147588424682617188e+02,1.556658630371093750e+02,6.260000000000000000e+02
1.154393539428710938e+02,1.556658630371093750e+02,6.260000000000000000e+02
1.159343795776367188e+02,1.554172058105468750e+02,6.250000000000000000e+02
1.166138076782226562e+02,1.554172058105468750e+02,6.250000000000000000e+02
1.171055603027343750e+02,1.551685333251953125e+02,6.240000000000000000e+02
1.175951461791992188e+02,1.549198608398437500e+02,6.230000000000000000e+02
1.180825576782226562e+02,1.546712036132812500e+02,6.220000000000000000e+02
1.183768615722656250e+02,1.541738586425781250e+02,6.200000000000000000e+02
1.188588409423828125e+02,1.539252014160156250e+02,6.190000000000000000e+02
1.193386383056640625e+02,1.536765289306640625e+02,6.180000000000000000e+02
1.198162689208984375e+02,1.534278564453125000e+02,6.170000000000000000e+02
1.204869995117187500e+02,1.534278564453125000e+02,6.170000000000000000e+02
1.209613723754882812e+02,1.531791992187500000e+02,6.160000000000000000e+02
1.216310119628906250e+02,1.531791992187500000e+02,6.160000000000000000e+02
1.223006591796875000e+02,1.531791992187500000e+02,6.160000000000000000e+02
1.231699295043945312e+02,1.534278564453125000e+02,6.170000000000000000e+02
1.238406600952148438e+02,1.534278564453125000e+02,6.170000000000000000e+02
1.247131958007812500e+02,1.536765289306640625e+02,6.180000000000000000e+02
1.255878982543945312e+02,1.539252014160156250e+02,6.190000000000000000e+02
1.264647827148437500e+02,1.541738586425781250e+02,6.200000000000000000e+02
1.273438339233398438e+02,1.544225311279296875e+02,6.210000000000000000e+02
-2.301215744018554688e+01,1.538491210937500000e+02,6.160000000000000000e+02
-2.234251213073730469e+01,1.538491210937500000e+02,6.160000000000000000e+02
-2.167286682128906250e+01,1.538491210937500000e+02,6.160000000000000000e+02
-2.100322341918945312e+01,1.538491210937500000e+02,6.160000000000000000e+02
-2.033357810974121094e+01,1.538491210937500000e+02,6.160000000000000000e+02
-1.966393470764160156e+01,1.538491210937500000e+02,6.160000000000000000e+02
-1.896345520019531250e+01,1.535993652343750000e+02,6.150000000000000000e+02
-1.829489898681640625e+01,1.535993652343750000e+02,6.150000000000000000e+02
-1.762634086608886719e+01,1.535993652343750000e+02,6.150000000000000000e+02
-1.695778465270996094e+01,1.535993652343750000e+02,6.150000000000000000e+02
-1.628922653198242188e+01,1.535993652343750000e+02,6.150000000000000000e+02
-1.562067031860351562e+01,1.535993652343750000e+02,6.150000000000000000e+02
-1.495211219787597656e+01,1.535993652343750000e+02,6.150000000000000000e+02
-1.428355503082275391e+01,1.535993652343750000e+02,6.150000000000000000e+02
-1.363713645935058594e+01,1.538491210937500000e+02,6.160000000000000000e+02
-1.296749210357666016e+01,1.538491210937500000e+02,6.160000000000000000e+02
-1.227788257598876953e+01,1.535993652343750000e+02,6.150000000000000000e+02
-1.160932636260986328e+01,1.535993652343750000e+02,6.150000000000000000e+02
-1.094076919555664062e+01,1.535993652343750000e+02,6.150000000000000000e+02
-1.027221202850341797e+01,1.535993652343750000e+02,6.150000000000000000e+02
-9.603654861450195312e+00,1.535993652343750000e+02,6.150000000000000000e+02
-8.935097694396972656e+00,1.535993652343750000e+02,6.150000000000000000e+02
-8.266540527343750000e+00,1.535993652343750000e+02,6.150000000000000000e+02
-7.597982883453369141e+00,1.535993652343750000e+02,6.150000000000000000e+02
-6.929426193237304688e+00,1.535993652343750000e+02,6.150000000000000000e+02
-6.260868549346923828e+00,1.535993652343750000e+02,6.150000000000000000e+02
-5.592310905456542969e+00,1.535993652343750000e+02,6.150000000000000000e+02
-4.923754215240478516e+00,1.535993652343750000e+02,6.150000000000000000e+02
-4.255197048187255859e+00,1.535993652343750000e+02,6.150000000000000000e+02
-3.586639642715454102e+00,1.535993652343750000e+02,6.150000000000000000e+02
-2.918082475662231445e+00,1.535993652343750000e+02,6.150000000000000000e+02
-2.253183126449584961e+00,1.538491210937500000e+02,6.160000000000000000e+02
-1.583538651466369629e+00,1.538491210937500000e+02,6.160000000000000000e+02
-9.138944745063781738e-01,1.538491210937500000e+02,6.160000000000000000e+02
-2.442501485347747803e-01,1.538491210937500000e+02,6.160000000000000000e+02
4.253941476345062256e-01,1.538491210937500000e+02,6.160000000000000000e+02
1.095038533210754395e+00,1.538491210937500000e+02,6.160000000000000000e+02
1.764682769775390625e+00,1.538491210937500000e+02,6.160000000000000000e+02
2.434326887130737305e+00,1.538491210937500000e+02,6.160000000000000000e+02
3.103971481323242188e+00,1.538491210937500000e+02,6.160000000000000000e+02
3.773615837097167969e+00,1.538491210937500000e+02,6.160000000000000000e+02
4.443260192871093750e+00,1.538491210937500000e+02,6.160000000000000000e+02
5.112904548645019531e+00,1.538491210937500000e+02,6.160000000000000000e+02
5.773160934448242188e+00,1.535993652343750000e+02,6.150000000000000000e+02
6.441718578338623047e+00,1.535993652343750000e+02,6.150000000000000000e+02
7.110275268554687500e+00,1.535993652343750000e+02,6.150000000000000000e+02
7.766184329986572266e+00,1.533496093750000000e+02,6.140000000000000000e+02
8.433653831481933594e+00,1.533496093750000000e+02,6.140000000000000000e+02
9.101124763488769531e+00,1.533496093750000000e+02,6.140000000000000000e+02
9.768594741821289062e+00,1.533496093750000000e+02,6.140000000000000000e+02
0.000000000000000000e+00,0.000000000000000000e+00,0.000000000000000000e+00
1.108545112609863281e+01,1.530998535156250000e+02,6.130000000000000000e+02
1.175183391571044922e+01,1.530998535156250000e+02,6.130000000000000000e+02
1.241821670532226562e+01,1.530998535156250000e+02,6.130000000000000000e+02
1.306325531005859375e+01,1.528500976562500000e+02,6.120000000000000000e+02
1.372855091094970703e+01,1.528500976562500000e+02,6.120000000000000000e+02
1.439384651184082031e+01,1.528500976562500000e+02,6.120000000000000000e+02
1.505914211273193359e+01,1.528500976562500000e+02,6.120000000000000000e+02
1.572443962097167969e+01,1.528500976562500000e+02,6.120000000000000000e+02
1.638973426818847656e+01,1.528500976562500000e+02,6.120000000000000000e+02
1.705503082275390625e+01,1.528500976562500000e+02,6.120000000000000000e+02
1.772032546997070312e+01,1.528500976562500000e+02,6.120000000000000000e+02
1.838562393188476562e+01,1.528500976562500000e+02,6.120000000000000000e+02
1.901979064941406250e+01,1.526003417968750000e+02,6.110000000000000000e+02
1.968400001525878906e+01,1.526003417968750000e+02,6.110000000000000000e+02
2.034820747375488281e+01,1.526003417968750000e+02,6.110000000000000000e+02
2.101241683959960938e+01,1.526003417968750000e+02,6.110000000000000000e+02
2.167662620544433594e+01,1.526003417968750000e+02,6.110000000000000000e+02
2.234083366394042969e+01,1.526003417968750000e+02,6.110000000000000000e+02
2.300504302978515625e+01,1.526003417968750000e+02,6.110000000000000000e+02
2.363051223754882812e+01,1.523505859375000000e+02,6.100000000000000000e+02
2.429363441467285156e+01,1.523505859375000000e+02,6.100000000000000000e+02
2.495675849914550781e+01,1.523505859375000000e+02,6.100000000000000000e+02
2.561987876892089844e+01,1.523505859375000000e+02,6.100000000000000000e+02
2.628300094604492188e+01,1.523505859375000000e+02,6.100000000000000000e+02
2.694612312316894531e+01,1.523505859375000000e+02,6.100000000000000000e+02
2.760924339294433594e+01,1.523505859375000000e+02,6.100000000000000000e+02
2.827236557006835938e+01,1.523505859375000000e+02,6.100000000000000000e+02
2.893548583984375000e+01,1.523505859375000000e+02,6.100000000000000000e+02
2.959860801696777344e+01,1.523505859375000000e+02,6.100000000000000000e+02
3.026173210144042969e+01,1.523505859375000000e+02,6.100000000000000000e+02
3.097554969787597656e+01,1.526003417968750000e+02,6.110000000000000000e+02
3.163975906372070312e+01,1.526003417968750000e+02,6.110000000000000000e+02
3.230396652221679688e+01,1.526003417968750000e+02,6.110000000000000000e+02
3.296817398071289062e+01,1.526003417968750000e+02,6.110000000000000000e+02
3.363238525390625000e+01,1.526003417968750000e+02,6.110000000000000000e+02
3.429659271240234375e+01,1.526003417968750000e+02,6.110000000000000000e+02
3.501802444458007812e+01,1.528500976562500000e+02,6.120000000000000000e+02
3.568331909179687500e+01,1.528500976562500000e+02,6.120000000000000000e+02
3.634861373901367188e+01,1.528500976562500000e+02,6.120000000000000000e+02
3.701390838623046875e+01,1.528500976562500000e+02,6.120000000000000000e+02
3.767920684814453125e+01,1.528500976562500000e+02,6.120000000000000000e+02
3.834450149536132812e+01,1.528500976562500000e+02,6.120000000000000000e+02
3.900979614257812500e+01,1.528500976562500000e+02,6.120000000000000000e+02
3.961026382446289062e+01,1.526003417968750000e+02,6.110000000000000000e+02
4.027447128295898438e+01,1.526003417968750000e+02,6.110000000000000000e+02
4.093868255615234375e+01,1.526003417968750000e+02,6.110000000000000000e+02
4.160289001464843750e+01,1.526003417968750000e+02,6.110000000000000000e+02
4.226709747314453125e+01,1.526003417968750000e+02,6.110000000000000000e+02
4.293131256103515625e+01,1.526003417968750000e+02,6.110000000000000000e+02
4.352416992187500000e+01,1.523505859375000000e+02,6.100000000000000000e+02
4.418729019165039062e+01,1.523505859375000000e+02,6.100000000000000000e+02
4.485041046142578125e+01,1.523505859375000000e+02,6.100000000000000000e+02
4.558814620971679688e+01,1.526003417968750000e+02,6.110000000000000000e+02
4.625235366821289062e+01,1.526003417968750000e+02,6.110000000000000000e+02
4.691656112670898438e+01,1.526003417968750000e+02,6.110000000000000000e+02
4.758077239990234375e+01,1.526003417968750000e+02,6.110000000000000000e+02
4.824497985839843750e+01,1.526003417968750000e+02,6.110000000000000000e+02
4.890918731689453125e+01,1.526003417968750000e+02,6.110000000000000000e+02
4.957339859008789062e+01,1.526003417968750000e+02,6.110000000000000000e+02
5.023760604858398438e+01,1.526003417968750000e+02,6.110000000000000000e+02
5.081850433349609375e+01,1.523505859375000000e+02,6.100000000000000000e+02
5.148162460327148438e+01,1.523505859375000000e+02,6.100000000000000000e+02
5.214474868774414062e+01,1.523505859375000000e+02,6.100000000000000000e+02
5.280787277221679688e+01,1.523505859375000000e+02,6.100000000000000000e+02
5.347099685668945312e+01,1.523505859375000000e+02,6.100000000000000000e+02
5.413411712646484375e+01,1.523505859375000000e+02,6.100000000000000000e+02
5.479723739624023438e+01,1.523505859375000000e+02,6.100000000000000000e+02
5.546036148071289062e+01,1.523505859375000000e+02,6.100000000000000000e+02
5.612348175048828125e+01,1.523505859375000000e+02,6.100000000000000000e+02
5.678660202026367188e+01,1.523505859375000000e+02,6.100000000000000000e+02
5.754390335083007812e+01,1.526003417968750000e+02,6.110000000000000000e+02
5.820811462402343750e+01,1.526003417968750000e+02,6.110000000000000000e+02
5.896867370605468750e+01,1.528500976562500000e+02,6.120000000000000000e+02
5.963397216796875000e+01,1.528500976562500000e+02,6.120000000000000000e+02
6.039779663085937500e+01,1.530998535156250000e+02,6.130000000000000000e+02
6.116379165649414062e+01,1.533496093750000000e+02,6.140000000000000000e+02
6.193196487426757812e+01,1.535993652343750000e+02,6.150000000000000000e+02
6.270231246948242188e+01,1.538491210937500000e+02,6.160000000000000000e+02
6.347483062744140625e+01,1.540988616943359375e+02,6.170000000000000000e+02
6.424953460693359375e+01,1.543486175537109375e+02,6.180000000000000000e+02
6.502639770507812500e+01,1.545983734130859375e+02,6.190000000000000000e+02
6.569930267333984375e+01,1.545983734130859375e+02,6.190000000000000000e+02
6.647943878173828125e+01,1.548481292724609375e+02,6.200000000000000000e+02
6.726174163818359375e+01,1.550978851318359375e+02,6.210000000000000000e+02
6.804621887207031250e+01,1.553476409912109375e+02,6.220000000000000000e+02
6.883287048339843750e+01,1.555973968505859375e+02,6.230000000000000000e+02
6.951012420654296875e+01,1.555973968505859375e+02,6.230000000000000000e+02
7.030004119873046875e+01,1.558471527099609375e+02,6.240000000000000000e+02
7.097837829589843750e+01,1.558471527099609375e+02,6.240000000000000000e+02
7.177155303955078125e+01,1.560969085693359375e+02,6.250000000000000000e+02
7.245098114013671875e+01,1.560969085693359375e+02,6.250000000000000000e+02
7.313040924072265625e+01,1.560969085693359375e+02,6.250000000000000000e+02
7.380983734130859375e+01,1.560969085693359375e+02,6.250000000000000000e+02
7.448926544189453125e+01,1.560969085693359375e+02,6.250000000000000000e+02
7.516870117187500000e+01,1.560969085693359375e+02,6.250000000000000000e+02
7.584812927246093750e+01,1.560969085693359375e+02,6.250000000000000000e+02
7.652755737304687500e+01,1.560969085693359375e+02,6.250000000000000000e+02
7.720697784423828125e+01,1.560969085693359375e+02,6.250000000000000000e+02
7.788640594482421875e+01,1.560969085693359375e+02,6.250000000000000000e+02
7.856583404541015625e+01,1.560969085693359375e+02,6.250000000000000000e+02
7.924526214599609375e+01,1.560969085693359375e+02,6.250000000000000000e+02
7.992469024658203125e+01,1.560969085693359375e+02,6.250000000000000000e+02
8.060412597656250000e+01,1.560969085693359375e+02,6.250000000000000000e+02
8.128355407714843750e+01,1.560969085693359375e+02,6.250000000000000000e+02
8.196298217773437500e+01,1.560969085693359375e+02,6.250000000000000000e+02
8.264241027832031250e+01,1.560969085693359375e+02,6.250000000000000000e+02
8.345515441894531250e+01,1.563466644287109375e+02,6.260000000000000000e+02
8.413566589355468750e+01,1.563466644287109375e+02,6.260000000000000000e+02
8.481617736816406250e+01,1.563466644287109375e+02,6.260000000000000000e+02
8.549669647216796875e+01,1.563466644287109375e+02,6.260000000000000000e+02
8.617720794677734375e+01,1.563466644287109375e+02,6.260000000000000000e+02
8.685772705078125000e+01,1.563466644287109375e+02,6.260000000000000000e+02
8.753823852539062500e+01,1.563466644287109375e+02,6.260000000000000000e+02
8.821875762939453125e+01,1.563466644287109375e+02,6.260000000000000000e+02
8.889926910400390625e+01,1.563466644287109375e+02,6.260000000000000000e+02
8.957978057861328125e+01,1.563466644287109375e+02,6.260000000000000000e+02
9.026029968261718750e+01,1.563466644287109375e+02,6.260000000000000000e+02
9.094081115722656250e+01,1.563466644287109375e+02,6.260000000000000000e+02
9.162133026123046875e+01,1.563466644287109375e+02,6.260000000000000000e+02
9.230184173583984375e+01,1.563466644287109375e+02,6.260000000000000000e+02
9.298236083984375000e+01,1.563466644287109375e+02,6.260000000000000000e+02
9.366287231445312500e+01,1.563466644287109375e+02,6.260000000000000000e+02
9.434339141845703125e+01,1.563466644287109375e+02,6.260000000000000000e+02
9.502390289306640625e+01,1.563466644287109375e+02,6.260000000000000000e+02
9.570441436767578125e+01,1.563466644287109375e+02,6.260000000000000000e+02
9.638493347167968750e+01,1.563466644287109375e+02,6.260000000000000000e+02
9.706544494628906250e+01,1.563466644287109375e+02,6.260000000000000000e+02
9.774596405029296875e+01,1.563466644287109375e+02,6.260000000000000000e+02
9.858370971679687500e+01,1.565964202880859375e+02,6.270000000000000000e+02
9.926531219482421875e+01,1.565964202880859375e+02,6.270000000000000000e+02
9.994691467285156250e+01,1.565964202880859375e+02,6.270000000000000000e+02
1.006285171508789062e+02,1.565964202880859375e+02,6.270000000000000000e+02
1.013101196289062500e+02,1.565964202880859375e+02,6.270000000000000000e+02
1.019917297363281250e+02,1.565964202880859375e+02,6.270000000000000000e+02
1.026733322143554688e+02,1.565964202880859375e+02,6.270000000000000000e+02
1.033549346923828125e+02,1.565964202880859375e+02,6.270000000000000000e+02
1.040365295410156250e+02,1.565964202880859375e+02,6.270000000000000000e+02
1.047181320190429688e+02,1.565964202880859375e+02,6.270000000000000000e+02
1.053997344970703125e+02,1.565964202880859375e+02,6.270000000000000000e+02
1.060813369750976562e+02,1.565964202880859375e+02,6.270000000000000000e+02
1.065926666259765625e+02,1.563466644287109375e+02,6.260000000000000000e+02
1.072731781005859375e+02,1.563466644287109375e+02,6.260000000000000000e+02
1.079536972045898438e+02,1.563466644287109375e+02,6.260000000000000000e+02
1.086342086791992188e+02,1.563466644287109375e+02,6.260000000000000000e+02
1.093147277832031250e+02,1.563466644287109375e+02,6.260000000000000000e+02
1.099952392578125000e+02,1.563466644287109375e+02,6.260000000000000000e+02
1.106757507324218750e+02,1.563466644287109375e+02,6.260000000000000000e+02
1.113562698364257812e+02,1.563466644287109375e+02,6.260000000000000000e+02
1.120367813110351562e+02,1.563466644287109375e+02,6.260000000000000000e+02
1.127173004150390625e+02,1.563466644287109375e+02,6.260000000000000000e+02
1.133978118896484375e+02,1.563466644287109375e+02,6.260000000000000000e+02
1.140783309936523438e+02,1.563466644287109375e+02,6.260000000000000000e+02
1.147588424682617188e+02,1.563466644287109375e+02,6.260000000000000000e+02
1.152549514770507812e+02,1.560969085693359375e+02,6.250000000000000000e+02
1.159343795776367188e+02,1.560969085693359375e+02,6.250000000000000000e+02
1.164272232055664062e+02,1.558471527099609375e+02,6.240000000000000000e+02
1.169178924560546875e+02,1.555973968505859375e+02,6.230000000000000000e+02
1.174063949584960938e+02,1.553476409912109375e+02,6.220000000000000000e+02
1.178927154541015625e+02,1.550978851318359375e+02,6.210000000000000000e+02
1.181859359741210938e+02,1.545983734130859375e+02,6.190000000000000000e+02
1.186668243408203125e+02,1.543486175537109375e+02,6.180000000000000000e+02
1.191455383300781250e+02,1.540988616943359375e+02,6.170000000000000000e+02
1.196220779418945312e+02,1.538491210937500000e+02,6.160000000000000000e+02
1.202917175292968750e+02,1.538491210937500000e+02,6.160000000000000000e+02
1.207650070190429688e+02,1.535993652343750000e+02,6.150000000000000000e+02
1.214335632324218750e+02,1.535993652343750000e+02,6.150000000000000000e+02
1.223006591796875000e+02,1.538491210937500000e+02,6.160000000000000000e+02
1.229703063964843750e+02,1.538491210937500000e+02,6.160000000000000000e+02
1.238406600952148438e+02,1.540988616943359375e+02,6.170000000000000000e+02
1.247131958007812500e+02,1.543486175537109375e+02,6.180000000000000000e+02
1.255878982543945312e+02,1.545983734130859375e+02,6.190000000000000000e+02
1.264647827148437500e+02,1.548481292724609375e+02,6.200000000000000000e+02
-1.497642421722412109e+01,1.545190277099609375e+02,6.160000000000000000e+02
-1.430677986145019531e+01,1.545190277099609375e+02,6.160000000000000000e+02
-1.363713645935058594e+01,1.545190277099609375e+02,6.160000000000000000e+02
-1.296749210357666016e+01,1.545190277099609375e+02,6.160000000000000000e+02
-1.229784679412841797e+01,1.545190277099609375e+02,6.160000000000000000e+02
-1.162820339202880859e+01,1.545190277099609375e+02,6.160000000000000000e+02
-1.095855903625488281e+01,1.545190277099609375e+02,6.160000000000000000e+02
-1.028891468048095703e+01,1.545190277099609375e+02,6.160000000000000000e+02
-9.603654861450195312e+00,1.542681884765625000e+02,6.150000000000000000e+02
-8.935097694396972656e+00,1.542681884765625000e+02,6.150000000000000000e+02
-8.266540527343750000e+00,1.542681884765625000e+02,6.150000000000000000e+02
-7.597982883453369141e+00,1.542681884765625000e+02,6.150000000000000000e+02
-6.929426193237304688e+00,1.542681884765625000e+02,6.150000000000000000e+02
-6.260868549346923828e+00,1.542681884765625000e+02,6.150000000000000000e+02
-5.592310905456542969e+00,1.542681884765625000e+02,6.150000000000000000e+02
-4.923754215240478516e+00,1.542681884765625000e+02,6.150000000000000000e+02
-4.255197048187255859e+00,1.542681884765625000e+02,6.150000000000000000e+02
-3.592471599578857422e+00,1.545190277099609375e+02,6.160000000000000000e+02
-2.922827482223510742e+00,1.545190277099609375e+02,6.160000000000000000e+02
-2.253183126449584961e+00,1.545190277099609375e+02,6.160000000000000000e+02
-1.583538651466369629e+00,1.545190277099609375e+02,6.160000000000000000e+02
-9.138944745063781738e-01,1.545190277099609375e+02,6.160000000000000000e+02
-2.442501485347747803e-01,1.545190277099609375e+02,6.160000000000000000e+02
4.253941476345062256e-01,1.545190277099609375e+02,6.160000000000000000e+02
1.095038533210754395e+00,1.545190277099609375e+02,6.160000000000000000e+02
1.764682769775390625e+00,1.545190277099609375e+02,6.160000000000000000e+02
2.434326887130737305e+00,1.545190277099609375e+02,6.160000000000000000e+02
3.103971481323242188e+00,1.545190277099609375e+02,6.160000000000000000e+02
3.773615837097167969e+00,1.545190277099609375e+02,6.160000000000000000e+02
4.443260192871093750e+00,1.545190277099609375e+02,6.160000000000000000e+02
5.112904548645019531e+00,1.545190277099609375e+02,6.160000000000000000e+02
5.782548427581787109e+00,1.545190277099609375e+02,6.160000000000000000e+02
6.441718578338623047e+00,1.542681884765625000e+02,6.150000000000000000e+02
7.110275268554687500e+00,1.542681884765625000e+02,6.150000000000000000e+02
7.778832912445068359e+00,1.542681884765625000e+02,6.150000000000000000e+02
8.447389602661132812e+00,1.542681884765625000e+02,6.150000000000000000e+02
9.101124763488769531e+00,1.540173339843750000e+02,6.140000000000000000e+02
9.768594741821289062e+00,1.540173339843750000e+02,6.140000000000000000e+02
1.043606472015380859e+01,1.540173339843750000e+02,6.140000000000000000e+02
1.110353565216064453e+01,1.540173339843750000e+02,6.140000000000000000e+02
1.175183391571044922e+01,1.537664947509765625e+02,6.130000000000000000e+02
1.241821670532226562e+01,1.537664947509765625e+02,6.130000000000000000e+02
1.308460044860839844e+01,1.537664947509765625e+02,6.130000000000000000e+02
1.375098323822021484e+01,1.537664947509765625e+02,6.130000000000000000e+02
1.441736602783203125e+01,1.537664947509765625e+02,6.130000000000000000e+02
1.508374881744384766e+01,1.537664947509765625e+02,6.130000000000000000e+02
1.572443962097167969e+01,1.535156555175781250e+02,6.120000000000000000e+02
1.638973426818847656e+01,1.535156555175781250e+02,6.120000000000000000e+02
1.705503082275390625e+01,1.535156555175781250e+02,6.120000000000000000e+02
1.772032546997070312e+01,1.535156555175781250e+02,6.120000000000000000e+02
1.838562393188476562e+01,1.535156555175781250e+02,6.120000000000000000e+02
1.905091857910156250e+01,1.535156555175781250e+02,6.120000000000000000e+02
1.971621513366699219e+01,1.535156555175781250e+02,6.120000000000000000e+02
2.038151168823242188e+01,1.535156555175781250e+02,6.120000000000000000e+02
2.104680633544921875e+01,1.535156555175781250e+02,6.120000000000000000e+02
2.167662620544433594e+01,1.532648162841796875e+02,6.110000000000000000e+02
2.234083366394042969e+01,1.532648162841796875e+02,6.110000000000000000e+02
2.300504302978515625e+01,1.532648162841796875e+02,6.110000000000000000e+02
2.366925048828125000e+01,1.532648162841796875e+02,6.110000000000000000e+02
2.433345985412597656e+01,1.532648162841796875e+02,6.110000000000000000e+02
2.499767112731933594e+01,1.532648162841796875e+02,6.110000000000000000e+02
2.561987876892089844e+01,1.530139617919921875e+02,6.100000000000000000e+02
2.628300094604492188e+01,1.530139617919921875e+02,6.100000000000000000e+02
2.694612312316894531e+01,1.530139617919921875e+02,6.100000000000000000e+02
2.760924339294433594e+01,1.530139617919921875e+02,6.100000000000000000e+02
2.827236557006835938e+01,1.530139617919921875e+02,6.100000000000000000e+02
2.898292160034179688e+01,1.532648162841796875e+02,6.110000000000000000e+02
2.964713096618652344e+01,1.532648162841796875e+02,6.110000000000000000e+02
3.031134223937988281e+01,1.532648162841796875e+02,6.110000000000000000e+02
3.097554969787597656e+01,1.532648162841796875e+02,6.110000000000000000e+02
3.163975906372070312e+01,1.532648162841796875e+02,6.110000000000000000e+02
3.230396652221679688e+01,1.532648162841796875e+02,6.110000000000000000e+02
3.302213287353515625e+01,1.535156555175781250e+02,6.120000000000000000e+02
3.368742752075195312e+01,1.535156555175781250e+02,6.120000000000000000e+02
3.435272598266601562e+01,1.535156555175781250e+02,6.120000000000000000e+02
3.501802444458007812e+01,1.535156555175781250e+02,6.120000000000000000e+02
3.568331909179687500e+01,1.535156555175781250e+02,6.120000000000000000e+02
3.634861373901367188e+01,1.535156555175781250e+02,6.120000000000000000e+02
3.701390838623046875e+01,1.535156555175781250e+02,6.120000000000000000e+02
3.767920684814453125e+01,1.535156555175781250e+02,6.120000000000000000e+02
3.834450149536132812e+01,1.535156555175781250e+02,6.120000000000000000e+02
3.900979614257812500e+01,1.535156555175781250e+02,6.120000000000000000e+02
3.967509078979492188e+01,1.535156555175781250e+02,6.120000000000000000e+02
4.034038925170898438e+01,1.535156555175781250e+02,6.120000000000000000e+02
4.100568389892578125e+01,1.535156555175781250e+02,6.120000000000000000e+02
4.160289001464843750e+01,1.532648162841796875e+02,6.110000000000000000e+02
4.226709747314453125e+01,1.532648162841796875e+02,6.110000000000000000e+02
4.293131256103515625e+01,1.532648162841796875e+02,6.110000000000000000e+02
4.359552001953125000e+01,1.532648162841796875e+02,6.110000000000000000e+02
4.425972747802734375e+01,1.532648162841796875e+02,6.110000000000000000e+02
4.492393493652343750e+01,1.532648162841796875e+02,6.110000000000000000e+02
4.558814620971679688e+01,1.532648162841796875e+02,6.110000000000000000e+02
4.625235366821289062e+01,1.532648162841796875e+02,6.110000000000000000e+02
4.691656112670898438e+01,1.532648162841796875e+02,6.110000000000000000e+02
4.758077239990234375e+01,1.532648162841796875e+02,6.110000000000000000e+02
4.824497985839843750e+01,1.532648162841796875e+02,6.110000000000000000e+02
4.890918731689453125e+01,1.532648162841796875e+02,6.110000000000000000e+02
4.957339859008789062e+01,1.532648162841796875e+02,6.110000000000000000e+02
5.023760604858398438e+01,1.532648162841796875e+02,6.110000000000000000e+02
5.090181350708007812e+01,1.532648162841796875e+02,6.110000000000000000e+02
5.156602096557617188e+01,1.532648162841796875e+02,6.110000000000000000e+02
5.223023223876953125e+01,1.532648162841796875e+02,6.110000000000000000e+02
5.280787277221679688e+01,1.530139617919921875e+02,6.100000000000000000e+02
5.347099685668945312e+01,1.530139617919921875e+02,6.100000000000000000e+02
5.413411712646484375e+01,1.530139617919921875e+02,6.100000000000000000e+02
5.479723739624023438e+01,1.530139617919921875e+02,6.100000000000000000e+02
5.546036148071289062e+01,1.530139617919921875e+02,6.100000000000000000e+02
5.612348175048828125e+01,1.530139617919921875e+02,6.100000000000000000e+02
5.678660202026367188e+01,1.530139617919921875e+02,6.100000000000000000e+02
5.744972610473632812e+01,1.530139617919921875e+02,6.100000000000000000e+02
5.820811462402343750e+01,1.532648162841796875e+02,6.110000000000000000e+02
5.887232208251953125e+01,1.532648162841796875e+02,6.110000000000000000e+02
5.963397216796875000e+01,1.535156555175781250e+02,6.120000000000000000e+02
6.029926681518554688e+01,1.535156555175781250e+02,6.120000000000000000e+02
6.106417846679687500e+01,1.537664947509765625e+02,6.130000000000000000e+02
6.193196487426757812e+01,1.542681884765625000e+02,6.150000000000000000e+02
6.260052108764648438e+01,1.542681884765625000e+02,6.150000000000000000e+02
6.337195587158203125e+01,1.545190277099609375e+02,6.160000000000000000e+02
6.414556884765625000e+01,1.547698669433593750e+02,6.170000000000000000e+02
6.492134857177734375e+01,1.550207061767578125e+02,6.180000000000000000e+02
6.569930267333984375e+01,1.552715454101562500e+02,6.190000000000000000e+02
6.647943878173828125e+01,1.555223999023437500e+02,6.200000000000000000e+02
6.726174163818359375e+01,1.557732391357421875e+02,6.210000000000000000e+02
6.804621887207031250e+01,1.560240783691406250e+02,6.220000000000000000e+02
6.883287048339843750e+01,1.562749176025390625e+02,6.230000000000000000e+02
6.951012420654296875e+01,1.562749176025390625e+02,6.230000000000000000e+02
7.030004119873046875e+01,1.565257568359375000e+02,6.240000000000000000e+02
7.097837829589843750e+01,1.565257568359375000e+02,6.240000000000000000e+02
7.177155303955078125e+01,1.567766113281250000e+02,6.250000000000000000e+02
7.245098114013671875e+01,1.567766113281250000e+02,6.250000000000000000e+02
7.313040924072265625e+01,1.567766113281250000e+02,6.250000000000000000e+02
7.380983734130859375e+01,1.567766113281250000e+02,6.250000000000000000e+02
7.448926544189453125e+01,1.567766113281250000e+02,6.250000000000000000e+02
7.516870117187500000e+01,1.567766113281250000e+02,6.250000000000000000e+02
7.584812927246093750e+01,1.567766113281250000e+02,6.250000000000000000e+02
7.652755737304687500e+01,1.567766113281250000e+02,6.250000000000000000e+02
7.720697784423828125e+01,1.567766113281250000e+02,6.250000000000000000e+02
7.788640594482421875e+01,1.567766113281250000e+02,6.250000000000000000e+02
7.856583404541015625e+01,1.567766113281250000e+02,6.250000000000000000e+02
7.924526214599609375e+01,1.567766113281250000e+02,6.250000000000000000e+02
7.992469024658203125e+01,1.567766113281250000e+02,6.250000000000000000e+02
8.060412597656250000e+01,1.567766113281250000e+02,6.250000000000000000e+02
8.128355407714843750e+01,1.567766113281250000e+02,6.250000000000000000e+02
8.196298217773437500e+01,1.567766113281250000e+02,6.250000000000000000e+02
8.264241027832031250e+01,1.567766113281250000e+02,6.250000000000000000e+02
8.332183837890625000e+01,1.567766113281250000e+02,6.250000000000000000e+02
8.400126647949218750e+01,1.567766113281250000e+02,6.250000000000000000e+02
8.468069458007812500e+01,1.567766113281250000e+02,6.250000000000000000e+02
8.536012268066406250e+01,1.567766113281250000e+02,6.250000000000000000e+02
8.603954315185546875e+01,1.567766113281250000e+02,6.250000000000000000e+02
8.671897125244140625e+01,1.567766113281250000e+02,6.250000000000000000e+02
8.739839935302734375e+01,1.567766113281250000e+02,6.250000000000000000e+02
8.807782745361328125e+01,1.567766113281250000e+02,6.250000000000000000e+02
8.889926910400390625e+01,1.570274505615234375e+02,6.260000000000000000e+02
8.957978057861328125e+01,1.570274505615234375e+02,6.260000000000000000e+02
9.026029968261718750e+01,1.570274505615234375e+02,6.260000000000000000e+02
9.094081115722656250e+01,1.570274505615234375e+02,6.260000000000000000e+02
9.162133026123046875e+01,1.570274505615234375e+02,6.260000000000000000e+02
9.230184173583984375e+01,1.570274505615234375e+02,6.260000000000000000e+02
9.298236083984375000e+01,1.570274505615234375e+02,6.260000000000000000e+02
9.366287231445312500e+01,1.570274505615234375e+02,6.260000000000000000e+02
9.434339141845703125e+01,1.570274505615234375e+02,6.260000000000000000e+02
9.502390289306640625e+01,1.570274505615234375e+02,6.260000000000000000e+02
9.570441436767578125e+01,1.570274505615234375e+02,6.260000000000000000e+02
9.638493347167968750e+01,1.570274505615234375e+02,6.260000000000000000e+02
9.706544494628906250e+01,1.570274505615234375e+02,6.260000000000000000e+02
9.774596405029296875e+01,1.570274505615234375e+02,6.260000000000000000e+02
9.842647552490234375e+01,1.570274505615234375e+02,6.260000000000000000e+02
9.910699462890625000e+01,1.570274505615234375e+02,6.260000000000000000e+02
9.978750610351562500e+01,1.570274505615234375e+02,6.260000000000000000e+02
1.004680252075195312e+02,1.570274505615234375e+02,6.260000000000000000e+02
1.011485366821289062e+02,1.570274505615234375e+02,6.260000000000000000e+02
1.018290634155273438e+02,1.570274505615234375e+02,6.260000000000000000e+02
1.025095748901367188e+02,1.570274505615234375e+02,6.260000000000000000e+02
1.031900939941406250e+02,1.570274505615234375e+02,6.260000000000000000e+02
1.038706054687500000e+02,1.570274505615234375e+02,6.260000000000000000e+02
1.045511169433593750e+02,1.570274505615234375e+02,6.260000000000000000e+02
1.052316360473632812e+02,1.570274505615234375e+02,6.260000000000000000e+02
1.059121475219726562e+02,1.570274505615234375e+02,6.260000000000000000e+02
1.065926666259765625e+02,1.570274505615234375e+02,6.260000000000000000e+02
1.072731781005859375e+02,1.570274505615234375e+02,6.260000000000000000e+02
1.079536972045898438e+02,1.570274505615234375e+02,6.260000000000000000e+02
1.086342086791992188e+02,1.570274505615234375e+02,6.260000000000000000e+02
1.093147277832031250e+02,1.570274505615234375e+02,6.260000000000000000e+02
1.099952392578125000e+02,1.570274505615234375e+02,6.260000000000000000e+02
1.106757507324218750e+02,1.570274505615234375e+02,6.260000000000000000e+02
1.113562698364257812e+02,1.570274505615234375e+02,6.260000000000000000e+02
1.120367813110351562e+02,1.570274505615234375e+02,6.260000000000000000e+02
1.125372390747070312e+02,1.567766113281250000e+02,6.250000000000000000e+02
1.132166671752929688e+02,1.567766113281250000e+02,6.250000000000000000e+02
1.138960952758789062e+02,1.567766113281250000e+02,6.250000000000000000e+02
1.145755233764648438e+02,1.567766113281250000e+02,6.250000000000000000e+02
1.150705413818359375e+02,1.565257568359375000e+02,6.240000000000000000e+02
1.157488861083984375e+02,1.565257568359375000e+02,6.240000000000000000e+02
1.162406387329101562e+02,1.562749176025390625e+02,6.230000000000000000e+02
1.167302246093750000e+02,1.560240783691406250e+02,6.220000000000000000e+02
1.172176361083984375e+02,1.557732391357421875e+02,6.210000000000000000e+02
1.175130310058593750e+02,1.552715454101562500e+02,6.190000000000000000e+02
1.181859359741210938e+02,1.552715454101562500e+02,6.190000000000000000e+02
1.184748077392578125e+02,1.547698669433593750e+02,6.170000000000000000e+02
1.189524307250976562e+02,1.545190277099609375e+02,6.160000000000000000e+02
1.196220779418945312e+02,1.545190277099609375e+02,6.160000000000000000e+02
1.200964431762695312e+02,1.542681884765625000e+02,6.150000000000000000e+02
1.207650070190429688e+02,1.542681884765625000e+02,6.150000000000000000e+02
1.214335632324218750e+02,1.542681884765625000e+02,6.150000000000000000e+02
1.223006591796875000e+02,1.545190277099609375e+02,6.160000000000000000e+02
1.229703063964843750e+02,1.545190277099609375e+02,6.160000000000000000e+02
1.238406600952148438e+02,1.547698669433593750e+02,6.170000000000000000e+02
1.247131958007812500e+02,1.550207061767578125e+02,6.180000000000000000e+02
1.255878982543945312e+02,1.552715454101562500e+02,6.190000000000000000e+02
1.264647827148437500e+02,1.555223999023437500e+02,6.200000000000000000e+02
-8.279981613159179688e+00,1.551889495849609375e+02,6.160000000000000000e+02
-7.610337257385253906e+00,1.551889495849609375e+02,6.160000000000000000e+02
-6.940693378448486328e+00,1.551889495849609375e+02,6.160000000000000000e+02
-6.260868549346923828e+00,1.549370269775390625e+02,6.150000000000000000e+02
-5.592310905456542969e+00,1.549370269775390625e+02,6.150000000000000000e+02
-4.923754215240478516e+00,1.549370269775390625e+02,6.150000000000000000e+02
-4.262115955352783203e+00,1.551889495849609375e+02,6.160000000000000000e+02
-3.592471599578857422e+00,1.551889495849609375e+02,6.160000000000000000e+02
-2.922827482223510742e+00,1.551889495849609375e+02,6.160000000000000000e+02
-2.253183126449584961e+00,1.551889495849609375e+02,6.160000000000000000e+02
-1.583538651466369629e+00,1.551889495849609375e+02,6.160000000000000000e+02
-9.138944745063781738e-01,1.551889495849609375e+02,6.160000000000000000e+02
-2.442501485347747803e-01,1.551889495849609375e+02,6.160000000000000000e+02
4.253941476345062256e-01,1.551889495849609375e+02,6.160000000000000000e+02
1.096816182136535645e+00,1.554408874511718750e+02,6.170000000000000000e+02
1.767547488212585449e+00,1.554408874511718750e+02,6.170000000000000000e+02
2.438278675079345703e+00,1.554408874511718750e+02,6.170000000000000000e+02
3.109010457992553711e+00,1.554408874511718750e+02,6.170000000000000000e+02
3.773615837097167969e+00,1.551889495849609375e+02,6.160000000000000000e+02
4.443260192871093750e+00,1.551889495849609375e+02,6.160000000000000000e+02
5.112904548645019531e+00,1.551889495849609375e+02,6.160000000000000000e+02
5.782548427581787109e+00,1.551889495849609375e+02,6.160000000000000000e+02
6.452192783355712891e+00,1.551889495849609375e+02,6.160000000000000000e+02
7.121836662292480469e+00,1.551889495849609375e+02,6.160000000000000000e+02
7.791481494903564453e+00,1.551889495849609375e+02,6.160000000000000000e+02
8.447389602661132812e+00,1.549370269775390625e+02,6.150000000000000000e+02
9.115947723388671875e+00,1.549370269775390625e+02,6.150000000000000000e+02
9.784503936767578125e+00,1.549370269775390625e+02,6.150000000000000000e+02
1.043606472015380859e+01,1.546850891113281250e+02,6.140000000000000000e+02
1.110353565216064453e+01,1.546850891113281250e+02,6.140000000000000000e+02
1.177100467681884766e+01,1.546850891113281250e+02,6.140000000000000000e+02
1.243847465515136719e+01,1.546850891113281250e+02,6.140000000000000000e+02
1.310594558715820312e+01,1.546850891113281250e+02,6.140000000000000000e+02
1.375098323822021484e+01,1.544331665039062500e+02,6.130000000000000000e+02
1.441736602783203125e+01,1.544331665039062500e+02,6.130000000000000000e+02
1.508374881744384766e+01,1.544331665039062500e+02,6.130000000000000000e+02
1.575013256072998047e+01,1.544331665039062500e+02,6.130000000000000000e+02
1.641651535034179688e+01,1.544331665039062500e+02,6.130000000000000000e+02
1.708289909362792969e+01,1.544331665039062500e+02,6.130000000000000000e+02
1.774928092956542969e+01,1.544331665039062500e+02,6.130000000000000000e+02
1.841566467285156250e+01,1.544331665039062500e+02,6.130000000000000000e+02
1.905091857910156250e+01,1.541812286376953125e+02,6.120000000000000000e+02
1.971621513366699219e+01,1.541812286376953125e+02,6.120000000000000000e+02
2.038151168823242188e+01,1.541812286376953125e+02,6.120000000000000000e+02
2.104680633544921875e+01,1.541812286376953125e+02,6.120000000000000000e+02
2.171210289001464844e+01,1.541812286376953125e+02,6.120000000000000000e+02
2.237739753723144531e+01,1.541812286376953125e+02,6.120000000000000000e+02
2.304269409179687500e+01,1.541812286376953125e+02,6.120000000000000000e+02
2.366925048828125000e+01,1.539293060302734375e+02,6.110000000000000000e+02
2.433345985412597656e+01,1.539293060302734375e+02,6.110000000000000000e+02
2.499767112731933594e+01,1.539293060302734375e+02,6.110000000000000000e+02
2.566187858581542969e+01,1.539293060302734375e+02,6.110000000000000000e+02
2.632608795166015625e+01,1.539293060302734375e+02,6.110000000000000000e+02
2.699029541015625000e+01,1.539293060302734375e+02,6.110000000000000000e+02
2.765450477600097656e+01,1.539293060302734375e+02,6.110000000000000000e+02
2.831871414184570312e+01,1.539293060302734375e+02,6.110000000000000000e+02
2.898292160034179688e+01,1.539293060302734375e+02,6.110000000000000000e+02
2.964713096618652344e+01,1.539293060302734375e+02,6.110000000000000000e+02
3.031134223937988281e+01,1.539293060302734375e+02,6.110000000000000000e+02
3.102624702453613281e+01,1.541812286376953125e+02,6.120000000000000000e+02
3.169154167175292969e+01,1.541812286376953125e+02,6.120000000000000000e+02
3.235683822631835938e+01,1.541812286376953125e+02,6.120000000000000000e+02
3.302213287353515625e+01,1.541812286376953125e+02,6.120000000000000000e+02
3.368742752075195312e+01,1.541812286376953125e+02,6.120000000000000000e+02
3.435272598266601562e+01,1.541812286376953125e+02,6.120000000000000000e+02
3.507524108886718750e+01,1.544331665039062500e+02,6.130000000000000000e+02
3.574162292480468750e+01,1.544331665039062500e+02,6.130000000000000000e+02
3.640800857543945312e+01,1.544331665039062500e+02,6.130000000000000000e+02
3.707439041137695312e+01,1.544331665039062500e+02,6.130000000000000000e+02
3.774077224731445312e+01,1.544331665039062500e+02,6.130000000000000000e+02
3.840715408325195312e+01,1.544331665039062500e+02,6.130000000000000000e+02
3.907353973388671875e+01,1.544331665039062500e+02,6.130000000000000000e+02
3.973992156982421875e+01,1.544331665039062500e+02,6.130000000000000000e+02
4.034038925170898438e+01,1.541812286376953125e+02,6.120000000000000000e+02
4.100568389892578125e+01,1.541812286376953125e+02,6.120000000000000000e+02
4.167097854614257812e+01,1.541812286376953125e+02,6.120000000000000000e+02
4.233627319335937500e+01,1.541812286376953125e+02,6.120000000000000000e+02
4.300157546997070312e+01,1.541812286376953125e+02,6.120000000000000000e+02
4.366687011718750000e+01,1.541812286376953125e+02,6.120000000000000000e+02
4.433216476440429688e+01,1.541812286376953125e+02,6.120000000000000000e+02
4.499746322631835938e+01,1.541812286376953125e+02,6.120000000000000000e+02
4.566275787353515625e+01,1.541812286376953125e+02,6.120000000000000000e+02
4.632805252075195312e+01,1.541812286376953125e+02,6.120000000000000000e+02
4.699334716796875000e+01,1.541812286376953125e+02,6.120000000000000000e+02
4.765864562988281250e+01,1.541812286376953125e+02,6.120000000000000000e+02
4.832394027709960938e+01,1.541812286376953125e+02,6.120000000000000000e+02
4.898923492431640625e+01,1.541812286376953125e+02,6.120000000000000000e+02
4.965453338623046875e+01,1.541812286376953125e+02,6.120000000000000000e+02
5.031982803344726562e+01,1.541812286376953125e+02,6.120000000000000000e+02
5.098512268066406250e+01,1.541812286376953125e+02,6.120000000000000000e+02
5.156602096557617188e+01,1.539293060302734375e+02,6.110000000000000000e+02
5.223023223876953125e+01,1.539293060302734375e+02,6.110000000000000000e+02
5.289444351196289062e+01,1.539293060302734375e+02,6.110000000000000000e+02
5.355865097045898438e+01,1.539293060302734375e+02,6.110000000000000000e+02
5.413411712646484375e+01,1.536773681640625000e+02,6.100000000000000000e+02
5.479723739624023438e+01,1.536773681640625000e+02,6.100000000000000000e+02
5.546036148071289062e+01,1.536773681640625000e+02,6.100000000000000000e+02
5.612348175048828125e+01,1.536773681640625000e+02,6.100000000000000000e+02
5.678660202026367188e+01,1.536773681640625000e+02,6.100000000000000000e+02
5.744972610473632812e+01,1.536773681640625000e+02,6.100000000000000000e+02
5.811284637451171875e+01,1.536773681640625000e+02,6.100000000000000000e+02
5.887232208251953125e+01,1.539293060302734375e+02,6.110000000000000000e+02
5.963397216796875000e+01,1.541812286376953125e+02,6.120000000000000000e+02
6.029926681518554688e+01,1.541812286376953125e+02,6.120000000000000000e+02
6.106417846679687500e+01,1.544331665039062500e+02,6.130000000000000000e+02
6.173056030273437500e+01,1.544331665039062500e+02,6.130000000000000000e+02
6.260052108764648438e+01,1.549370269775390625e+02,6.150000000000000000e+02
6.337195587158203125e+01,1.551889495849609375e+02,6.160000000000000000e+02
6.414556884765625000e+01,1.554408874511718750e+02,6.170000000000000000e+02
6.492134857177734375e+01,1.556928100585937500e+02,6.180000000000000000e+02
6.569930267333984375e+01,1.559447479248046875e+02,6.190000000000000000e+02
6.647943878173828125e+01,1.561966705322265625e+02,6.200000000000000000e+02
6.726174163818359375e+01,1.564486083984375000e+02,6.210000000000000000e+02
6.804621887207031250e+01,1.567005310058593750e+02,6.220000000000000000e+02
6.872238159179687500e+01,1.567005310058593750e+02,6.220000000000000000e+02
6.951012420654296875e+01,1.569524688720703125e+02,6.230000000000000000e+02
7.030004119873046875e+01,1.572043914794921875e+02,6.240000000000000000e+02
7.097837829589843750e+01,1.572043914794921875e+02,6.240000000000000000e+02
7.165672302246093750e+01,1.572043914794921875e+02,6.240000000000000000e+02
7.245098114013671875e+01,1.574563293457031250e+02,6.250000000000000000e+02
7.313040924072265625e+01,1.574563293457031250e+02,6.250000000000000000e+02
7.380983734130859375e+01,1.574563293457031250e+02,6.250000000000000000e+02
7.448926544189453125e+01,1.574563293457031250e+02,6.250000000000000000e+02
7.516870117187500000e+01,1.574563293457031250e+02,6.250000000000000000e+02
7.584812927246093750e+01,1.574563293457031250e+02,6.250000000000000000e+02
7.652755737304687500e+01,1.574563293457031250e+02,6.250000000000000000e+02
7.720697784423828125e+01,1.574563293457031250e+02,6.250000000000000000e+02
7.788640594482421875e+01,1.574563293457031250e+02,6.250000000000000000e+02
7.844012451171875000e+01,1.572043914794921875e+02,6.240000000000000000e+02
7.924526214599609375e+01,1.574563293457031250e+02,6.250000000000000000e+02
7.992469024658203125e+01,1.574563293457031250e+02,6.250000000000000000e+02
8.060412597656250000e+01,1.574563293457031250e+02,6.250000000000000000e+02
8.128355407714843750e+01,1.574563293457031250e+02,6.250000000000000000e+02
8.196298217773437500e+01,1.574563293457031250e+02,6.250000000000000000e+02
8.264241027832031250e+01,1.574563293457031250e+02,6.250000000000000000e+02
8.332183837890625000e+01,1.574563293457031250e+02,6.250000000000000000e+02
8.400126647949218750e+01,1.574563293457031250e+02,6.250000000000000000e+02
8.468069458007812500e+01,1.574563293457031250e+02,6.250000000000000000e+02
8.536012268066406250e+01,1.574563293457031250e+02,6.250000000000000000e+02
8.603954315185546875e+01,1.574563293457031250e+02,6.250000000000000000e+02
8.671897125244140625e+01,1.574563293457031250e+02,6.250000000000000000e+02
8.739839935302734375e+01,1.574563293457031250e+02,6.250000000000000000e+02
8.807782745361328125e+01,1.574563293457031250e+02,6.250000000000000000e+02
8.875725555419921875e+01,1.574563293457031250e+02,6.250000000000000000e+02
8.943668365478515625e+01,1.574563293457031250e+02,6.250000000000000000e+02
9.011611175537109375e+01,1.574563293457031250e+02,6.250000000000000000e+02
9.079553985595703125e+01,1.574563293457031250e+02,6.250000000000000000e+02
9.147496795654296875e+01,1.574563293457031250e+02,6.250000000000000000e+02
9.215439605712890625e+01,1.574563293457031250e+02,6.250000000000000000e+02
9.283382415771484375e+01,1.574563293457031250e+02,6.250000000000000000e+02
9.351325225830078125e+01,1.574563293457031250e+02,6.250000000000000000e+02
9.419268035888671875e+01,1.574563293457031250e+02,6.250000000000000000e+02
9.487210845947265625e+01,1.574563293457031250e+02,6.250000000000000000e+02
9.555153656005859375e+01,1.574563293457031250e+02,6.250000000000000000e+02
9.638493347167968750e+01,1.577082519531250000e+02,6.260000000000000000e+02
9.691039276123046875e+01,1.574563293457031250e+02,6.250000000000000000e+02
9.758982086181640625e+01,1.574563293457031250e+02,6.250000000000000000e+02
9.826924896240234375e+01,1.574563293457031250e+02,6.250000000000000000e+02
9.894867706298828125e+01,1.574563293457031250e+02,6.250000000000000000e+02
9.978750610351562500e+01,1.577082519531250000e+02,6.260000000000000000e+02
1.004680252075195312e+02,1.577082519531250000e+02,6.260000000000000000e+02
1.011485366821289062e+02,1.577082519531250000e+02,6.260000000000000000e+02
1.018290634155273438e+02,1.577082519531250000e+02,6.260000000000000000e+02
1.025095748901367188e+02,1.577082519531250000e+02,6.260000000000000000e+02
1.031900939941406250e+02,1.577082519531250000e+02,6.260000000000000000e+02
1.038706054687500000e+02,1.577082519531250000e+02,6.260000000000000000e+02
1.045511169433593750e+02,1.577082519531250000e+02,6.260000000000000000e+02
1.052316360473632812e+02,1.577082519531250000e+02,6.260000000000000000e+02
1.059121475219726562e+02,1.577082519531250000e+02,6.260000000000000000e+02
1.065926666259765625e+02,1.577082519531250000e+02,6.260000000000000000e+02
1.072731781005859375e+02,1.577082519531250000e+02,6.260000000000000000e+02
1.079536972045898438e+02,1.577082519531250000e+02,6.260000000000000000e+02
1.086342086791992188e+02,1.577082519531250000e+02,6.260000000000000000e+02
1.093147277832031250e+02,1.577082519531250000e+02,6.260000000000000000e+02
1.099952392578125000e+02,1.577082519531250000e+02,6.260000000000000000e+02
1.106757507324218750e+02,1.577082519531250000e+02,6.260000000000000000e+02
1.111783828735351562e+02,1.574563293457031250e+02,6.250000000000000000e+02
1.118578109741210938e+02,1.574563293457031250e+02,6.250000000000000000e+02
1.125372390747070312e+02,1.574563293457031250e+02,6.250000000000000000e+02
1.132166671752929688e+02,1.574563293457031250e+02,6.250000000000000000e+02
1.137138595581054688e+02,1.572043914794921875e+02,6.240000000000000000e+02
1.143922042846679688e+02,1.572043914794921875e+02,6.240000000000000000e+02
1.148861312866210938e+02,1.569524688720703125e+02,6.230000000000000000e+02
1.155633850097656250e+02,1.569524688720703125e+02,6.230000000000000000e+02
1.160540618896484375e+02,1.567005310058593750e+02,6.220000000000000000e+02
1.165425567626953125e+02,1.564486083984375000e+02,6.210000000000000000e+02
1.170288772583007812e+02,1.561966705322265625e+02,6.200000000000000000e+02
1.175130310058593750e+02,1.559447479248046875e+02,6.190000000000000000e+02
1.178040695190429688e+02,1.554408874511718750e+02,6.170000000000000000e+02
1.182827835083007812e+02,1.551889495849609375e+02,6.160000000000000000e+02
1.187593231201171875e+02,1.549370269775390625e+02,6.150000000000000000e+02
1.194278793334960938e+02,1.549370269775390625e+02,6.150000000000000000e+02
1.199011611938476562e+02,1.546850891113281250e+02,6.140000000000000000e+02
1.205686416625976562e+02,1.546850891113281250e+02,6.140000000000000000e+02
1.212361068725585938e+02,1.546850891113281250e+02,6.140000000000000000e+02
1.221021194458007812e+02,1.549370269775390625e+02,6.150000000000000000e+02
1.229703063964843750e+02,1.551889495849609375e+02,6.160000000000000000e+02
1.238406600952148438e+02,1.554408874511718750e+02,6.170000000000000000e+02
1.247131958007812500e+02,1.556928100585937500e+02,6.180000000000000000e+02
1.255878982543945312e+02,1.559447479248046875e+02,6.190000000000000000e+02
1.264647827148437500e+02,1.561966705322265625e+02,6.200000000000000000e+02
1.767547488212585449e+00,1.561118774414062500e+02,6.170000000000000000e+02
2.438278675079345703e+00,1.561118774414062500e+02,6.170000000000000000e+02
3.109010457992553711e+00,1.561118774414062500e+02,6.170000000000000000e+02
3.779741764068603516e+00,1.561118774414062500e+02,6.170000000000000000e+02
1.045306110382080078e+01,1.556058502197265625e+02,6.150000000000000000e+02
1.110353565216064453e+01,1.553528289794921875e+02,6.140000000000000000e+02
1.177100467681884766e+01,1.553528289794921875e+02,6.140000000000000000e+02
1.243847465515136719e+01,1.553528289794921875e+02,6.140000000000000000e+02
1.310594558715820312e+01,1.553528289794921875e+02,6.140000000000000000e+02
1.377341556549072266e+01,1.553528289794921875e+02,6.140000000000000000e+02
1.444088554382324219e+01,1.553528289794921875e+02,6.140000000000000000e+02
1.510835552215576172e+01,1.553528289794921875e+02,6.140000000000000000e+02
1.575013256072998047e+01,1.550998077392578125e+02,6.130000000000000000e+02
1.641651535034179688e+01,1.550998077392578125e+02,6.130000000000000000e+02
1.708289909362792969e+01,1.550998077392578125e+02,6.130000000000000000e+02
1.774928092956542969e+01,1.550998077392578125e+02,6.130000000000000000e+02
1.841566467285156250e+01,1.550998077392578125e+02,6.130000000000000000e+02
1.908204841613769531e+01,1.550998077392578125e+02,6.130000000000000000e+02
1.974843215942382812e+01,1.550998077392578125e+02,6.130000000000000000e+02
2.041481399536132812e+01,1.550998077392578125e+02,6.130000000000000000e+02
2.108119773864746094e+01,1.550998077392578125e+02,6.130000000000000000e+02
2.174757957458496094e+01,1.550998077392578125e+02,6.130000000000000000e+02
2.237739753723144531e+01,1.548467864990234375e+02,6.120000000000000000e+02
2.304269409179687500e+01,1.548467864990234375e+02,6.120000000000000000e+02
2.370798873901367188e+01,1.548467864990234375e+02,6.120000000000000000e+02
2.437328529357910156e+01,1.548467864990234375e+02,6.120000000000000000e+02
2.503858375549316406e+01,1.548467864990234375e+02,6.120000000000000000e+02
2.570387840270996094e+01,1.548467864990234375e+02,6.120000000000000000e+02
2.636917495727539062e+01,1.548467864990234375e+02,6.120000000000000000e+02
2.703446960449218750e+01,1.548467864990234375e+02,6.120000000000000000e+02
2.769976615905761719e+01,1.548467864990234375e+02,6.120000000000000000e+02
2.836506080627441406e+01,1.548467864990234375e+02,6.120000000000000000e+02
2.903035736083984375e+01,1.548467864990234375e+02,6.120000000000000000e+02
2.969565200805664062e+01,1.548467864990234375e+02,6.120000000000000000e+02
3.036095046997070312e+01,1.548467864990234375e+02,6.120000000000000000e+02
3.102624702453613281e+01,1.548467864990234375e+02,6.120000000000000000e+02
3.169154167175292969e+01,1.548467864990234375e+02,6.120000000000000000e+02
3.240970993041992188e+01,1.550998077392578125e+02,6.130000000000000000e+02
3.307609176635742188e+01,1.550998077392578125e+02,6.130000000000000000e+02
3.374247360229492188e+01,1.550998077392578125e+02,6.130000000000000000e+02
3.440885543823242188e+01,1.550998077392578125e+02,6.130000000000000000e+02
3.507524108886718750e+01,1.550998077392578125e+02,6.130000000000000000e+02
3.574162292480468750e+01,1.550998077392578125e+02,6.130000000000000000e+02
3.640800857543945312e+01,1.550998077392578125e+02,6.130000000000000000e+02
3.713486862182617188e+01,1.553528289794921875e+02,6.140000000000000000e+02
3.780234146118164062e+01,1.553528289794921875e+02,6.140000000000000000e+02
3.846981048583984375e+01,1.553528289794921875e+02,6.140000000000000000e+02
3.907353973388671875e+01,1.550998077392578125e+02,6.130000000000000000e+02
3.973992156982421875e+01,1.550998077392578125e+02,6.130000000000000000e+02
4.040630340576171875e+01,1.550998077392578125e+02,6.130000000000000000e+02
4.107268524169921875e+01,1.550998077392578125e+02,6.130000000000000000e+02
4.173907089233398438e+01,1.550998077392578125e+02,6.130000000000000000e+02
4.240545272827148438e+01,1.550998077392578125e+02,6.130000000000000000e+02
4.307183837890625000e+01,1.550998077392578125e+02,6.130000000000000000e+02
4.373822021484375000e+01,1.550998077392578125e+02,6.130000000000000000e+02
4.440460586547851562e+01,1.550998077392578125e+02,6.130000000000000000e+02
4.507098770141601562e+01,1.550998077392578125e+02,6.130000000000000000e+02
4.573736953735351562e+01,1.550998077392578125e+02,6.130000000000000000e+02
4.640375137329101562e+01,1.550998077392578125e+02,6.130000000000000000e+02
4.707013702392578125e+01,1.550998077392578125e+02,6.130000000000000000e+02
4.773651885986328125e+01,1.550998077392578125e+02,6.130000000000000000e+02
4.832394027709960938e+01,1.548467864990234375e+02,6.120000000000000000e+02
4.898923492431640625e+01,1.548467864990234375e+02,6.120000000000000000e+02
4.965453338623046875e+01,1.548467864990234375e+02,6.120000000000000000e+02
5.031982803344726562e+01,1.548467864990234375e+02,6.120000000000000000e+02
5.098512268066406250e+01,1.548467864990234375e+02,6.120000000000000000e+02
5.165041732788085938e+01,1.548467864990234375e+02,6.120000000000000000e+02
5.231571578979492188e+01,1.548467864990234375e+02,6.120000000000000000e+02
5.289444351196289062e+01,1.545937805175781250e+02,6.110000000000000000e+02
5.355865097045898438e+01,1.545937805175781250e+02,6.110000000000000000e+02
5.422286224365234375e+01,1.545937805175781250e+02,6.110000000000000000e+02
5.488706970214843750e+01,1.545937805175781250e+02,6.110000000000000000e+02
5.546036148071289062e+01,1.543407592773437500e+02,6.100000000000000000e+02
5.612348175048828125e+01,1.543407592773437500e+02,6.100000000000000000e+02
5.678660202026367188e+01,1.543407592773437500e+02,6.100000000000000000e+02
5.744972610473632812e+01,1.543407592773437500e+02,6.100000000000000000e+02
5.811284637451171875e+01,1.543407592773437500e+02,6.100000000000000000e+02
5.887232208251953125e+01,1.545937805175781250e+02,6.110000000000000000e+02
5.953652954101562500e+01,1.545937805175781250e+02,6.110000000000000000e+02
6.029926681518554688e+01,1.548467864990234375e+02,6.120000000000000000e+02
6.096456146240234375e+01,1.548467864990234375e+02,6.120000000000000000e+02
6.173056030273437500e+01,1.550998077392578125e+02,6.130000000000000000e+02
6.249873352050781250e+01,1.553528289794921875e+02,6.140000000000000000e+02
6.326907730102539062e+01,1.556058502197265625e+02,6.150000000000000000e+02
6.404160308837890625e+01,1.558588562011718750e+02,6.160000000000000000e+02
6.481629943847656250e+01,1.561118774414062500e+02,6.170000000000000000e+02
6.559317016601562500e+01,1.563648986816406250e+02,6.180000000000000000e+02
6.637220764160156250e+01,1.566179199218750000e+02,6.190000000000000000e+02
6.715342712402343750e+01,1.568709259033203125e+02,6.200000000000000000e+02
6.793682098388671875e+01,1.571239471435546875e+02,6.210000000000000000e+02
6.872238159179687500e+01,1.573769683837890625e+02,6.220000000000000000e+02
6.939855194091796875e+01,1.573769683837890625e+02,6.220000000000000000e+02
7.018737792968750000e+01,1.576299896240234375e+02,6.230000000000000000e+02
7.097837829589843750e+01,1.578830108642578125e+02,6.240000000000000000e+02
7.165672302246093750e+01,1.578830108642578125e+02,6.240000000000000000e+02
7.233506011962890625e+01,1.578830108642578125e+02,6.240000000000000000e+02
7.301340484619140625e+01,1.578830108642578125e+02,6.240000000000000000e+02
7.380983734130859375e+01,1.581360168457031250e+02,6.250000000000000000e+02
7.448926544189453125e+01,1.581360168457031250e+02,6.250000000000000000e+02
7.516870117187500000e+01,1.581360168457031250e+02,6.250000000000000000e+02
7.584812927246093750e+01,1.581360168457031250e+02,6.250000000000000000e+02
7.652755737304687500e+01,1.581360168457031250e+02,6.250000000000000000e+02
7.708345031738281250e+01,1.578830108642578125e+02,6.240000000000000000e+02
7.776178741455078125e+01,1.578830108642578125e+02,6.240000000000000000e+02
7.844012451171875000e+01,1.578830108642578125e+02,6.240000000000000000e+02
7.911846923828125000e+01,1.578830108642578125e+02,6.240000000000000000e+02
7.979680633544921875e+01,1.578830108642578125e+02,6.240000000000000000e+02
8.047515869140625000e+01,1.578830108642578125e+02,6.240000000000000000e+02
8.115349578857421875e+01,1.578830108642578125e+02,6.240000000000000000e+02
8.183184051513671875e+01,1.578830108642578125e+02,6.240000000000000000e+02
8.251017761230468750e+01,1.578830108642578125e+02,6.240000000000000000e+02
8.318852233886718750e+01,1.578830108642578125e+02,6.240000000000000000e+02
8.386685943603515625e+01,1.578830108642578125e+02,6.240000000000000000e+02
8.454520416259765625e+01,1.578830108642578125e+02,6.240000000000000000e+02
8.522354125976562500e+01,1.578830108642578125e+02,6.240000000000000000e+02
8.590188598632812500e+01,1.578830108642578125e+02,6.240000000000000000e+02
8.658022308349609375e+01,1.578830108642578125e+02,6.240000000000000000e+02
8.725856781005859375e+01,1.578830108642578125e+02,6.240000000000000000e+02
8.793690490722656250e+01,1.578830108642578125e+02,6.240000000000000000e+02
8.875725555419921875e+01,1.581360168457031250e+02,6.250000000000000000e+02
8.929358673095703125e+01,1.578830108642578125e+02,6.240000000000000000e+02
9.011611175537109375e+01,1.581360168457031250e+02,6.250000000000000000e+02
9.079553985595703125e+01,1.581360168457031250e+02,6.250000000000000000e+02
9.147496795654296875e+01,1.581360168457031250e+02,6.250000000000000000e+02
9.215439605712890625e+01,1.581360168457031250e+02,6.250000000000000000e+02
9.283382415771484375e+01,1.581360168457031250e+02,6.250000000000000000e+02
9.351325225830078125e+01,1.581360168457031250e+02,6.250000000000000000e+02
9.419268035888671875e+01,1.581360168457031250e+02,6.250000000000000000e+02
9.487210845947265625e+01,1.581360168457031250e+02,6.250000000000000000e+02
9.555153656005859375e+01,1.581360168457031250e+02,6.250000000000000000e+02
9.623096466064453125e+01,1.581360168457031250e+02,6.250000000000000000e+02
9.691039276123046875e+01,1.581360168457031250e+02,6.250000000000000000e+02
9.758982086181640625e+01,1.581360168457031250e+02,6.250000000000000000e+02
9.826924896240234375e+01,1.581360168457031250e+02,6.250000000000000000e+02
9.894867706298828125e+01,1.581360168457031250e+02,6.250000000000000000e+02
9.962810516357421875e+01,1.581360168457031250e+02,6.250000000000000000e+02
1.003075332641601562e+02,1.581360168457031250e+02,6.250000000000000000e+02
1.009869537353515625e+02,1.581360168457031250e+02,6.250000000000000000e+02
1.016663970947265625e+02,1.581360168457031250e+02,6.250000000000000000e+02
1.023458251953125000e+02,1.581360168457031250e+02,6.250000000000000000e+02
1.030252532958984375e+02,1.581360168457031250e+02,6.250000000000000000e+02
1.037046813964843750e+02,1.581360168457031250e+02,6.250000000000000000e+02
1.043841018676757812e+02,1.581360168457031250e+02,6.250000000000000000e+02
1.050635299682617188e+02,1.581360168457031250e+02,6.250000000000000000e+02
1.057429580688476562e+02,1.581360168457031250e+02,6.250000000000000000e+02
1.064223861694335938e+02,1.581360168457031250e+02,6.250000000000000000e+02
1.071018142700195312e+02,1.581360168457031250e+02,6.250000000000000000e+02
1.077812423706054688e+02,1.581360168457031250e+02,6.250000000000000000e+02
1.084606704711914062e+02,1.581360168457031250e+02,6.250000000000000000e+02
1.091400985717773438e+02,1.581360168457031250e+02,6.250000000000000000e+02
1.098195266723632812e+02,1.581360168457031250e+02,6.250000000000000000e+02
1.104989547729492188e+02,1.581360168457031250e+02,6.250000000000000000e+02
1.111783828735351562e+02,1.581360168457031250e+02,6.250000000000000000e+02
1.118578109741210938e+02,1.581360168457031250e+02,6.250000000000000000e+02
1.123571777343750000e+02,1.578830108642578125e+02,6.240000000000000000e+02
1.130355224609375000e+02,1.578830108642578125e+02,6.240000000000000000e+02
1.135316238403320312e+02,1.576299896240234375e+02,6.230000000000000000e+02
1.142088775634765625e+02,1.576299896240234375e+02,6.230000000000000000e+02
1.147017288208007812e+02,1.573769683837890625e+02,6.220000000000000000e+02
1.153778915405273438e+02,1.573769683837890625e+02,6.220000000000000000e+02
1.158674774169921875e+02,1.571239471435546875e+02,6.210000000000000000e+02
1.163548889160156250e+02,1.568709259033203125e+02,6.200000000000000000e+02
1.168401260375976562e+02,1.566179199218750000e+02,6.190000000000000000e+02
1.171333389282226562e+02,1.561118774414062500e+02,6.170000000000000000e+02
1.176131439208984375e+02,1.558588562011718750e+02,6.160000000000000000e+02
1.180907669067382812e+02,1.556058502197265625e+02,6.150000000000000000e+02
1.185662231445312500e+02,1.553528289794921875e+02,6.140000000000000000e+02
1.192336883544921875e+02,1.553528289794921875e+02,6.140000000000000000e+02
1.197058792114257812e+02,1.550998077392578125e+02,6.130000000000000000e+02
1.203722763061523438e+02,1.550998077392578125e+02,6.130000000000000000e+02
1.210386581420898438e+02,1.550998077392578125e+02,6.130000000000000000e+02
1.219035797119140625e+02,1.553528289794921875e+02,6.140000000000000000e+02
1.227706756591796875e+02,1.556058502197265625e+02,6.150000000000000000e+02
1.236399459838867188e+02,1.558588562011718750e+02,6.160000000000000000e+02
1.245113906860351562e+02,1.561118774414062500e+02,6.170000000000000000e+02
1.255878982543945312e+02,1.566179199218750000e+02,6.190000000000000000e+02
1.179017639160156250e+01,1.562746887207031250e+02,6.150000000000000000e+02
1.243847465515136719e+01,1.560205841064453125e+02,6.140000000000000000e+02
1.310594558715820312e+01,1.560205841064453125e+02,6.140000000000000000e+02
1.377341556549072266e+01,1.560205841064453125e+02,6.140000000000000000e+02
1.444088554382324219e+01,1.560205841064453125e+02,6.140000000000000000e+02
1.510835552215576172e+01,1.560205841064453125e+02,6.140000000000000000e+02
1.577582645416259766e+01,1.560205841064453125e+02,6.140000000000000000e+02
1.644329643249511719e+01,1.560205841064453125e+02,6.140000000000000000e+02
1.711076545715332031e+01,1.560205841064453125e+02,6.140000000000000000e+02
1.777823638916015625e+01,1.560205841064453125e+02,6.140000000000000000e+02
1.844570732116699219e+01,1.560205841064453125e+02,6.140000000000000000e+02
1.911317634582519531e+01,1.560205841064453125e+02,6.140000000000000000e+02
1.978064727783203125e+01,1.560205841064453125e+02,6.140000000000000000e+02
2.041481399536132812e+01,1.557664794921875000e+02,6.130000000000000000e+02
2.108119773864746094e+01,1.557664794921875000e+02,6.130000000000000000e+02
2.174757957458496094e+01,1.557664794921875000e+02,6.130000000000000000e+02
2.241396331787109375e+01,1.557664794921875000e+02,6.130000000000000000e+02
2.308034515380859375e+01,1.557664794921875000e+02,6.130000000000000000e+02
2.374672889709472656e+01,1.557664794921875000e+02,6.130000000000000000e+02
2.441311073303222656e+01,1.557664794921875000e+02,6.130000000000000000e+02
2.503858375549316406e+01,1.555123748779296875e+02,6.120000000000000000e+02
2.570387840270996094e+01,1.555123748779296875e+02,6.120000000000000000e+02
2.636917495727539062e+01,1.555123748779296875e+02,6.120000000000000000e+02
2.703446960449218750e+01,1.555123748779296875e+02,6.120000000000000000e+02
2.769976615905761719e+01,1.555123748779296875e+02,6.120000000000000000e+02
2.836506080627441406e+01,1.555123748779296875e+02,6.120000000000000000e+02
2.903035736083984375e+01,1.555123748779296875e+02,6.120000000000000000e+02
2.969565200805664062e+01,1.555123748779296875e+02,6.120000000000000000e+02
3.041056060791015625e+01,1.557664794921875000e+02,6.130000000000000000e+02
3.107694244384765625e+01,1.557664794921875000e+02,6.130000000000000000e+02
3.174332618713378906e+01,1.557664794921875000e+02,6.130000000000000000e+02
3.240970993041992188e+01,1.557664794921875000e+02,6.130000000000000000e+02
3.313005065917968750e+01,1.560205841064453125e+02,6.140000000000000000e+02
3.379751968383789062e+01,1.560205841064453125e+02,6.140000000000000000e+02
3.446498870849609375e+01,1.560205841064453125e+02,6.140000000000000000e+02
3.513246154785156250e+01,1.560205841064453125e+02,6.140000000000000000e+02
3.579993057250976562e+01,1.560205841064453125e+02,6.140000000000000000e+02
3.646739959716796875e+01,1.560205841064453125e+02,6.140000000000000000e+02
3.713486862182617188e+01,1.560205841064453125e+02,6.140000000000000000e+02
3.780234146118164062e+01,1.560205841064453125e+02,6.140000000000000000e+02
3.846981048583984375e+01,1.560205841064453125e+02,6.140000000000000000e+02
3.913727951049804688e+01,1.560205841064453125e+02,6.140000000000000000e+02
3.980474853515625000e+01,1.560205841064453125e+02,6.140000000000000000e+02
4.047221755981445312e+01,1.560205841064453125e+02,6.140000000000000000e+02
4.113969039916992188e+01,1.560205841064453125e+02,6.140000000000000000e+02
4.180715942382812500e+01,1.560205841064453125e+02,6.140000000000000000e+02
4.247462844848632812e+01,1.560205841064453125e+02,6.140000000000000000e+02
4.314210128784179688e+01,1.560205841064453125e+02,6.140000000000000000e+02
4.380957412719726562e+01,1.560205841064453125e+02,6.140000000000000000e+02
4.447704315185546875e+01,1.560205841064453125e+02,6.140000000000000000e+02
4.514451217651367188e+01,1.560205841064453125e+02,6.140000000000000000e+02
4.581198120117187500e+01,1.560205841064453125e+02,6.140000000000000000e+02
4.647945404052734375e+01,1.560205841064453125e+02,6.140000000000000000e+02
4.714692306518554688e+01,1.560205841064453125e+02,6.140000000000000000e+02
4.773651885986328125e+01,1.557664794921875000e+02,6.130000000000000000e+02
4.840290069580078125e+01,1.557664794921875000e+02,6.130000000000000000e+02
4.906928253173828125e+01,1.557664794921875000e+02,6.130000000000000000e+02
4.973566818237304688e+01,1.557664794921875000e+02,6.130000000000000000e+02
5.040205001831054688e+01,1.557664794921875000e+02,6.130000000000000000e+02
5.106843185424804688e+01,1.557664794921875000e+02,6.130000000000000000e+02
5.173481369018554688e+01,1.557664794921875000e+02,6.130000000000000000e+02
5.231571578979492188e+01,1.555123748779296875e+02,6.120000000000000000e+02
5.298101425170898438e+01,1.555123748779296875e+02,6.120000000000000000e+02
5.364630889892578125e+01,1.555123748779296875e+02,6.120000000000000000e+02
5.431160736083984375e+01,1.555123748779296875e+02,6.120000000000000000e+02
5.488706970214843750e+01,1.552582702636718750e+02,6.110000000000000000e+02
5.555127716064453125e+01,1.552582702636718750e+02,6.110000000000000000e+02
5.621548843383789062e+01,1.552582702636718750e+02,6.110000000000000000e+02
5.678660202026367188e+01,1.550041656494140625e+02,6.100000000000000000e+02
5.744972610473632812e+01,1.550041656494140625e+02,6.100000000000000000e+02
5.811284637451171875e+01,1.550041656494140625e+02,6.100000000000000000e+02
5.877596664428710938e+01,1.550041656494140625e+02,6.100000000000000000e+02
5.953652954101562500e+01,1.552582702636718750e+02,6.110000000000000000e+02
6.020073699951171875e+01,1.552582702636718750e+02,6.110000000000000000e+02
6.096456146240234375e+01,1.555123748779296875e+02,6.120000000000000000e+02
6.162985992431640625e+01,1.555123748779296875e+02,6.120000000000000000e+02
6.249873352050781250e+01,1.560205841064453125e+02,6.140000000000000000e+02
6.316620254516601562e+01,1.560205841064453125e+02,6.140000000000000000e+02
6.393764114379882812e+01,1.562746887207031250e+02,6.150000000000000000e+02
6.471125030517578125e+01,1.565287933349609375e+02,6.160000000000000000e+02
6.548703002929687500e+01,1.567828979492187500e+02,6.170000000000000000e+02
6.626498413085937500e+01,1.570370025634765625e+02,6.180000000000000000e+02
6.704511260986328125e+01,1.572911071777343750e+02,6.190000000000000000e+02
6.782742309570312500e+01,1.575452117919921875e+02,6.200000000000000000e+02
6.861190032958984375e+01,1.577993164062500000e+02,6.210000000000000000e+02
6.939855194091796875e+01,1.580534210205078125e+02,6.220000000000000000e+02
7.018737792968750000e+01,1.583075256347656250e+02,6.230000000000000000e+02
7.086463165283203125e+01,1.583075256347656250e+02,6.230000000000000000e+02
7.165672302246093750e+01,1.585616302490234375e+02,6.240000000000000000e+02
7.233506011962890625e+01,1.585616302490234375e+02,6.240000000000000000e+02
7.301340484619140625e+01,1.585616302490234375e+02,6.240000000000000000e+02
7.369174194335937500e+01,1.585616302490234375e+02,6.240000000000000000e+02
7.437008666992187500e+01,1.585616302490234375e+02,6.240000000000000000e+02
7.504843139648437500e+01,1.585616302490234375e+02,6.240000000000000000e+02
7.572676849365234375e+01,1.585616302490234375e+02,6.240000000000000000e+02
7.640511322021484375e+01,1.585616302490234375e+02,6.240000000000000000e+02
7.708345031738281250e+01,1.585616302490234375e+02,6.240000000000000000e+02
7.776178741455078125e+01,1.585616302490234375e+02,6.240000000000000000e+02
7.844012451171875000e+01,1.585616302490234375e+02,6.240000000000000000e+02
7.911846923828125000e+01,1.585616302490234375e+02,6.240000000000000000e+02
7.979680633544921875e+01,1.585616302490234375e+02,6.240000000000000000e+02
8.047515869140625000e+01,1.585616302490234375e+02,6.240000000000000000e+02
8.115349578857421875e+01,1.585616302490234375e+02,6.240000000000000000e+02
8.183184051513671875e+01,1.585616302490234375e+02,6.240000000000000000e+02
8.251017761230468750e+01,1.585616302490234375e+02,6.240000000000000000e+02
8.318852233886718750e+01,1.585616302490234375e+02,6.240000000000000000e+02
8.386685943603515625e+01,1.585616302490234375e+02,6.240000000000000000e+02
8.454520416259765625e+01,1.585616302490234375e+02,6.240000000000000000e+02
8.522354125976562500e+01,1.585616302490234375e+02,6.240000000000000000e+02
8.576422119140625000e+01,1.583075256347656250e+02,6.230000000000000000e+02
8.644147491455078125e+01,1.583075256347656250e+02,6.230000000000000000e+02
8.711872863769531250e+01,1.583075256347656250e+02,6.230000000000000000e+02
8.793690490722656250e+01,1.585616302490234375e+02,6.240000000000000000e+02
8.861524963378906250e+01,1.585616302490234375e+02,6.240000000000000000e+02
8.929358673095703125e+01,1.585616302490234375e+02,6.240000000000000000e+02
8.997192382812500000e+01,1.585616302490234375e+02,6.240000000000000000e+02
9.065026855468750000e+01,1.585616302490234375e+02,6.240000000000000000e+02
9.132860565185546875e+01,1.585616302490234375e+02,6.240000000000000000e+02
9.200695037841796875e+01,1.585616302490234375e+02,6.240000000000000000e+02
9.268528747558593750e+01,1.585616302490234375e+02,6.240000000000000000e+02
9.336363220214843750e+01,1.585616302490234375e+02,6.240000000000000000e+02
9.404196929931640625e+01,1.585616302490234375e+02,6.240000000000000000e+02
9.472031402587890625e+01,1.585616302490234375e+02,6.240000000000000000e+02
9.539865112304687500e+01,1.585616302490234375e+02,6.240000000000000000e+02
9.607699584960937500e+01,1.585616302490234375e+02,6.240000000000000000e+02
9.675533294677734375e+01,1.585616302490234375e+02,6.240000000000000000e+02
9.743367767333984375e+01,1.585616302490234375e+02,6.240000000000000000e+02
9.811201477050781250e+01,1.585616302490234375e+02,6.240000000000000000e+02
9.879035949707031250e+01,1.585616302490234375e+02,6.240000000000000000e+02
9.962810516357421875e+01,1.588157348632812500e+02,6.250000000000000000e+02
1.003075332641601562e+02,1.588157348632812500e+02,6.250000000000000000e+02
1.009869537353515625e+02,1.588157348632812500e+02,6.250000000000000000e+02
1.016663970947265625e+02,1.588157348632812500e+02,6.250000000000000000e+02
1.023458251953125000e+02,1.588157348632812500e+02,6.250000000000000000e+02
1.030252532958984375e+02,1.588157348632812500e+02,6.250000000000000000e+02
1.037046813964843750e+02,1.588157348632812500e+02,6.250000000000000000e+02
1.043841018676757812e+02,1.588157348632812500e+02,6.250000000000000000e+02
1.050635299682617188e+02,1.588157348632812500e+02,6.250000000000000000e+02
1.057429580688476562e+02,1.588157348632812500e+02,6.250000000000000000e+02
1.064223861694335938e+02,1.588157348632812500e+02,6.250000000000000000e+02
1.071018142700195312e+02,1.588157348632812500e+02,6.250000000000000000e+02
1.077812423706054688e+02,1.588157348632812500e+02,6.250000000000000000e+02
1.084606704711914062e+02,1.588157348632812500e+02,6.250000000000000000e+02
1.091400985717773438e+02,1.588157348632812500e+02,6.250000000000000000e+02
1.098195266723632812e+02,1.588157348632812500e+02,6.250000000000000000e+02
1.104989547729492188e+02,1.588157348632812500e+02,6.250000000000000000e+02
1.110004959106445312e+02,1.585616302490234375e+02,6.240000000000000000e+02
1.116788406372070312e+02,1.585616302490234375e+02,6.240000000000000000e+02
1.121771163940429688e+02,1.583075256347656250e+02,6.230000000000000000e+02
1.128543701171875000e+02,1.583075256347656250e+02,6.230000000000000000e+02
1.133493957519531250e+02,1.580534210205078125e+02,6.220000000000000000e+02
1.140255584716796875e+02,1.580534210205078125e+02,6.220000000000000000e+02
1.145173187255859375e+02,1.577993164062500000e+02,6.210000000000000000e+02
1.151923980712890625e+02,1.577993164062500000e+02,6.210000000000000000e+02
1.156808929443359375e+02,1.575452117919921875e+02,6.200000000000000000e+02
1.161672210693359375e+02,1.572911071777343750e+02,6.190000000000000000e+02
1.164626083374023438e+02,1.567828979492187500e+02,6.170000000000000000e+02
1.169434967041015625e+02,1.565287933349609375e+02,6.160000000000000000e+02
1.174222106933593750e+02,1.562746887207031250e+02,6.150000000000000000e+02
1.178987503051757812e+02,1.560205841064453125e+02,6.140000000000000000e+02
1.183731155395507812e+02,1.557664794921875000e+02,6.130000000000000000e+02
1.190394973754882812e+02,1.557664794921875000e+02,6.130000000000000000e+02
1.195106048583984375e+02,1.555123748779296875e+02,6.120000000000000000e+02
1.201759109497070312e+02,1.555123748779296875e+02,6.120000000000000000e+02
1.208412017822265625e+02,1.555123748779296875e+02,6.120000000000000000e+02
1.217050399780273438e+02,1.557664794921875000e+02,6.130000000000000000e+02
1.225710525512695312e+02,1.560205841064453125e+02,6.140000000000000000e+02
1.236399459838867188e+02,1.565287933349609375e+02,6.160000000000000000e+02
1.245113906860351562e+02,1.567828979492187500e+02,6.170000000000000000e+02
1.255878982543945312e+02,1.572911071777343750e+02,6.190000000000000000e+02
1.379584789276123047e+01,1.569435272216796875e+02,6.150000000000000000e+02
1.446440505981445312e+01,1.569435272216796875e+02,6.150000000000000000e+02
1.510835552215576172e+01,1.566883392333984375e+02,6.140000000000000000e+02
1.577582645416259766e+01,1.566883392333984375e+02,6.140000000000000000e+02
1.644329643249511719e+01,1.566883392333984375e+02,6.140000000000000000e+02
1.711076545715332031e+01,1.566883392333984375e+02,6.140000000000000000e+02
1.777823638916015625e+01,1.566883392333984375e+02,6.140000000000000000e+02
1.844570732116699219e+01,1.566883392333984375e+02,6.140000000000000000e+02
1.911317634582519531e+01,1.566883392333984375e+02,6.140000000000000000e+02
1.978064727783203125e+01,1.566883392333984375e+02,6.140000000000000000e+02
2.044811820983886719e+01,1.566883392333984375e+02,6.140000000000000000e+02
2.111558723449707031e+01,1.566883392333984375e+02,6.140000000000000000e+02
2.178305625915527344e+01,1.566883392333984375e+02,6.140000000000000000e+02
2.245052719116210938e+01,1.566883392333984375e+02,6.140000000000000000e+02
2.311799621582031250e+01,1.566883392333984375e+02,6.140000000000000000e+02
2.374672889709472656e+01,1.564331359863281250e+02,6.130000000000000000e+02
2.441311073303222656e+01,1.564331359863281250e+02,6.130000000000000000e+02
2.507949638366699219e+01,1.564331359863281250e+02,6.130000000000000000e+02
2.574587821960449219e+01,1.564331359863281250e+02,6.130000000000000000e+02
2.641226196289062500e+01,1.564331359863281250e+02,6.130000000000000000e+02
2.707864379882812500e+01,1.564331359863281250e+02,6.130000000000000000e+02
2.774502754211425781e+01,1.564331359863281250e+02,6.130000000000000000e+02
2.841140937805175781e+01,1.564331359863281250e+02,6.130000000000000000e+02
2.907779312133789062e+01,1.564331359863281250e+02,6.130000000000000000e+02
2.974417495727539062e+01,1.564331359863281250e+02,6.130000000000000000e+02
3.041056060791015625e+01,1.564331359863281250e+02,6.130000000000000000e+02
3.112763977050781250e+01,1.566883392333984375e+02,6.140000000000000000e+02
3.179510879516601562e+01,1.566883392333984375e+02,6.140000000000000000e+02
3.246257781982421875e+01,1.566883392333984375e+02,6.140000000000000000e+02
3.313005065917968750e+01,1.566883392333984375e+02,6.140000000000000000e+02
3.379751968383789062e+01,1.566883392333984375e+02,6.140000000000000000e+02
3.446498870849609375e+01,1.566883392333984375e+02,6.140000000000000000e+02
3.518967819213867188e+01,1.569435272216796875e+02,6.150000000000000000e+02
3.585823822021484375e+01,1.569435272216796875e+02,6.150000000000000000e+02
3.652679443359375000e+01,1.569435272216796875e+02,6.150000000000000000e+02
3.719535064697265625e+01,1.569435272216796875e+02,6.150000000000000000e+02
3.786390686035156250e+01,1.569435272216796875e+02,6.150000000000000000e+02
3.853246307373046875e+01,1.569435272216796875e+02,6.150000000000000000e+02
3.920101928710937500e+01,1.569435272216796875e+02,6.150000000000000000e+02
3.986957931518554688e+01,1.569435272216796875e+02,6.150000000000000000e+02
4.053813552856445312e+01,1.569435272216796875e+02,6.150000000000000000e+02
4.120669174194335938e+01,1.569435272216796875e+02,6.150000000000000000e+02
4.187524795532226562e+01,1.569435272216796875e+02,6.150000000000000000e+02
4.254380416870117188e+01,1.569435272216796875e+02,6.150000000000000000e+02
4.321236801147460938e+01,1.569435272216796875e+02,6.150000000000000000e+02
4.388092422485351562e+01,1.569435272216796875e+02,6.150000000000000000e+02
4.454948043823242188e+01,1.569435272216796875e+02,6.150000000000000000e+02
4.514451217651367188e+01,1.566883392333984375e+02,6.140000000000000000e+02
4.581198120117187500e+01,1.566883392333984375e+02,6.140000000000000000e+02
4.647945404052734375e+01,1.566883392333984375e+02,6.140000000000000000e+02
4.714692306518554688e+01,1.566883392333984375e+02,6.140000000000000000e+02
4.781439208984375000e+01,1.566883392333984375e+02,6.140000000000000000e+02
4.848186111450195312e+01,1.566883392333984375e+02,6.140000000000000000e+02
4.914933013916015625e+01,1.566883392333984375e+02,6.140000000000000000e+02
4.981680297851562500e+01,1.566883392333984375e+02,6.140000000000000000e+02
5.048427200317382812e+01,1.566883392333984375e+02,6.140000000000000000e+02
5.115174102783203125e+01,1.566883392333984375e+02,6.140000000000000000e+02
5.173481369018554688e+01,1.564331359863281250e+02,6.130000000000000000e+02
5.240119934082031250e+01,1.564331359863281250e+02,6.130000000000000000e+02
5.306758499145507812e+01,1.564331359863281250e+02,6.130000000000000000e+02
5.364630889892578125e+01,1.561779479980468750e+02,6.120000000000000000e+02
5.431160736083984375e+01,1.561779479980468750e+02,6.120000000000000000e+02
5.497690200805664062e+01,1.561779479980468750e+02,6.120000000000000000e+02
5.555127716064453125e+01,1.559227600097656250e+02,6.110000000000000000e+02
5.621548843383789062e+01,1.559227600097656250e+02,6.110000000000000000e+02
5.687969589233398438e+01,1.559227600097656250e+02,6.110000000000000000e+02
5.744972610473632812e+01,1.556675567626953125e+02,6.100000000000000000e+02
5.811284637451171875e+01,1.556675567626953125e+02,6.100000000000000000e+02
5.877596664428710938e+01,1.556675567626953125e+02,6.100000000000000000e+02
5.953652954101562500e+01,1.559227600097656250e+02,6.110000000000000000e+02
6.020073699951171875e+01,1.559227600097656250e+02,6.110000000000000000e+02
6.086494827270507812e+01,1.559227600097656250e+02,6.110000000000000000e+02
6.162985992431640625e+01,1.561779479980468750e+02,6.120000000000000000e+02
6.229515457153320312e+01,1.561779479980468750e+02,6.120000000000000000e+02
6.316620254516601562e+01,1.566883392333984375e+02,6.140000000000000000e+02
6.383367538452148438e+01,1.566883392333984375e+02,6.140000000000000000e+02
6.460620117187500000e+01,1.569435272216796875e+02,6.150000000000000000e+02
6.538088989257812500e+01,1.571987152099609375e+02,6.160000000000000000e+02
6.615776062011718750e+01,1.574539184570312500e+02,6.170000000000000000e+02
6.693680572509765625e+01,1.577091064453125000e+02,6.180000000000000000e+02
6.771802520751953125e+01,1.579642944335937500e+02,6.190000000000000000e+02
6.850141143798828125e+01,1.582194976806640625e+02,6.200000000000000000e+02
6.928697967529296875e+01,1.584746856689453125e+02,6.210000000000000000e+02
7.007471466064453125e+01,1.587298736572265625e+02,6.220000000000000000e+02
7.086463165283203125e+01,1.589850616455078125e+02,6.230000000000000000e+02
7.154188537597656250e+01,1.589850616455078125e+02,6.230000000000000000e+02
7.233506011962890625e+01,1.592402648925781250e+02,6.240000000000000000e+02
7.301340484619140625e+01,1.592402648925781250e+02,6.240000000000000000e+02
7.369174194335937500e+01,1.592402648925781250e+02,6.240000000000000000e+02
7.437008666992187500e+01,1.592402648925781250e+02,6.240000000000000000e+02
7.504843139648437500e+01,1.592402648925781250e+02,6.240000000000000000e+02
7.572676849365234375e+01,1.592402648925781250e+02,6.240000000000000000e+02
7.640511322021484375e+01,1.592402648925781250e+02,6.240000000000000000e+02
7.708345031738281250e+01,1.592402648925781250e+02,6.240000000000000000e+02
7.776178741455078125e+01,1.592402648925781250e+02,6.240000000000000000e+02
7.844012451171875000e+01,1.592402648925781250e+02,6.240000000000000000e+02
7.899167633056640625e+01,1.589850616455078125e+02,6.230000000000000000e+02
7.979680633544921875e+01,1.592402648925781250e+02,6.240000000000000000e+02
8.047515869140625000e+01,1.592402648925781250e+02,6.240000000000000000e+02
8.115349578857421875e+01,1.592402648925781250e+02,6.240000000000000000e+02
8.183184051513671875e+01,1.592402648925781250e+02,6.240000000000000000e+02
8.237795257568359375e+01,1.589850616455078125e+02,6.230000000000000000e+02
8.305520629882812500e+01,1.589850616455078125e+02,6.230000000000000000e+02
8.373246002197265625e+01,1.589850616455078125e+02,6.230000000000000000e+02
8.440971374511718750e+01,1.589850616455078125e+02,6.230000000000000000e+02
8.508696746826171875e+01,1.589850616455078125e+02,6.230000000000000000e+02
8.576422119140625000e+01,1.589850616455078125e+02,6.230000000000000000e+02
8.644147491455078125e+01,1.589850616455078125e+02,6.230000000000000000e+02
8.711872863769531250e+01,1.589850616455078125e+02,6.230000000000000000e+02
8.779598236083984375e+01,1.589850616455078125e+02,6.230000000000000000e+02
8.847323608398437500e+01,1.589850616455078125e+02,6.230000000000000000e+02
8.915048980712890625e+01,1.589850616455078125e+02,6.230000000000000000e+02
8.982774353027343750e+01,1.589850616455078125e+02,6.230000000000000000e+02
9.065026855468750000e+01,1.592402648925781250e+02,6.240000000000000000e+02
9.132860565185546875e+01,1.592402648925781250e+02,6.240000000000000000e+02
9.200695037841796875e+01,1.592402648925781250e+02,6.240000000000000000e+02
9.268528747558593750e+01,1.592402648925781250e+02,6.240000000000000000e+02
9.336363220214843750e+01,1.592402648925781250e+02,6.240000000000000000e+02
9.404196929931640625e+01,1.592402648925781250e+02,6.240000000000000000e+02
9.472031402587890625e+01,1.592402648925781250e+02,6.240000000000000000e+02
9.539865112304687500e+01,1.592402648925781250e+02,6.240000000000000000e+02
9.607699584960937500e+01,1.592402648925781250e+02,6.240000000000000000e+02
9.675533294677734375e+01,1.592402648925781250e+02,6.240000000000000000e+02
9.743367767333984375e+01,1.592402648925781250e+02,6.240000000000000000e+02
9.811201477050781250e+01,1.592402648925781250e+02,6.240000000000000000e+02
9.879035949707031250e+01,1.592402648925781250e+02,6.240000000000000000e+02
9.946869659423828125e+01,1.592402648925781250e+02,6.240000000000000000e+02
1.001470413208007812e+02,1.592402648925781250e+02,6.240000000000000000e+02
1.008253784179687500e+02,1.592402648925781250e+02,6.240000000000000000e+02
1.015037307739257812e+02,1.592402648925781250e+02,6.240000000000000000e+02
1.021820678710937500e+02,1.592402648925781250e+02,6.240000000000000000e+02
1.028604125976562500e+02,1.592402648925781250e+02,6.240000000000000000e+02
1.035387496948242188e+02,1.592402648925781250e+02,6.240000000000000000e+02
1.042170944213867188e+02,1.592402648925781250e+02,6.240000000000000000e+02
1.048954315185546875e+02,1.592402648925781250e+02,6.240000000000000000e+02
1.055737762451171875e+02,1.592402648925781250e+02,6.240000000000000000e+02
1.064223861694335938e+02,1.594954528808593750e+02,6.250000000000000000e+02
1.071018142700195312e+02,1.594954528808593750e+02,6.250000000000000000e+02
1.077812423706054688e+02,1.594954528808593750e+02,6.250000000000000000e+02
1.084606704711914062e+02,1.594954528808593750e+02,6.250000000000000000e+02
1.091400985717773438e+02,1.594954528808593750e+02,6.250000000000000000e+02
1.096438140869140625e+02,1.592402648925781250e+02,6.240000000000000000e+02
1.103221588134765625e+02,1.592402648925781250e+02,6.240000000000000000e+02
1.110004959106445312e+02,1.592402648925781250e+02,6.240000000000000000e+02
1.114998626708984375e+02,1.589850616455078125e+02,6.230000000000000000e+02
1.119970626831054688e+02,1.587298736572265625e+02,6.220000000000000000e+02
1.126732254028320312e+02,1.587298736572265625e+02,6.220000000000000000e+02
1.133493957519531250e+02,1.587298736572265625e+02,6.220000000000000000e+02
1.138422393798828125e+02,1.584746856689453125e+02,6.210000000000000000e+02
1.143329086303710938e+02,1.582194976806640625e+02,6.200000000000000000e+02
1.148214111328125000e+02,1.579642944335937500e+02,6.190000000000000000e+02
1.154943161010742188e+02,1.579642944335937500e+02,6.190000000000000000e+02
1.157918777465820312e+02,1.574539184570312500e+02,6.170000000000000000e+02
1.162738571166992188e+02,1.571987152099609375e+02,6.160000000000000000e+02
1.167536544799804688e+02,1.569435272216796875e+02,6.150000000000000000e+02
1.172312850952148438e+02,1.566883392333984375e+02,6.140000000000000000e+02
1.177067337036132812e+02,1.564331359863281250e+02,6.130000000000000000e+02
1.181800155639648438e+02,1.561779479980468750e+02,6.120000000000000000e+02
1.188453063964843750e+02,1.561779479980468750e+02,6.120000000000000000e+02
1.193153228759765625e+02,1.559227600097656250e+02,6.110000000000000000e+02
1.199795455932617188e+02,1.559227600097656250e+02,6.110000000000000000e+02
1.208412017822265625e+02,1.561779479980468750e+02,6.120000000000000000e+02
1.217050399780273438e+02,1.564331359863281250e+02,6.130000000000000000e+02
1.225710525512695312e+02,1.566883392333984375e+02,6.140000000000000000e+02
1.234392318725585938e+02,1.569435272216796875e+02,6.150000000000000000e+02
1.245113906860351562e+02,1.574539184570312500e+02,6.170000000000000000e+02
1.253850097656250000e+02,1.577091064453125000e+02,6.180000000000000000e+02
1.914430618286132812e+01,1.576123504638671875e+02,6.150000000000000000e+02
1.978064727783203125e+01,1.573560638427734375e+02,6.140000000000000000e+02
2.044811820983886719e+01,1.573560638427734375e+02,6.140000000000000000e+02
2.111558723449707031e+01,1.573560638427734375e+02,6.140000000000000000e+02
2.178305625915527344e+01,1.573560638427734375e+02,6.140000000000000000e+02
2.245052719116210938e+01,1.573560638427734375e+02,6.140000000000000000e+02
2.311799621582031250e+01,1.573560638427734375e+02,6.140000000000000000e+02
2.378546714782714844e+01,1.573560638427734375e+02,6.140000000000000000e+02
2.445293617248535156e+01,1.573560638427734375e+02,6.140000000000000000e+02
2.512040901184082031e+01,1.573560638427734375e+02,6.140000000000000000e+02
2.578787803649902344e+01,1.573560638427734375e+02,6.140000000000000000e+02
2.645534896850585938e+01,1.573560638427734375e+02,6.140000000000000000e+02
2.712281799316406250e+01,1.573560638427734375e+02,6.140000000000000000e+02
2.779028701782226562e+01,1.573560638427734375e+02,6.140000000000000000e+02
2.845775794982910156e+01,1.573560638427734375e+02,6.140000000000000000e+02
2.912522697448730469e+01,1.573560638427734375e+02,6.140000000000000000e+02
2.979269790649414062e+01,1.573560638427734375e+02,6.140000000000000000e+02
3.046016883850097656e+01,1.573560638427734375e+02,6.140000000000000000e+02
3.112763977050781250e+01,1.573560638427734375e+02,6.140000000000000000e+02
3.179510879516601562e+01,1.573560638427734375e+02,6.140000000000000000e+02
3.246257781982421875e+01,1.573560638427734375e+02,6.140000000000000000e+02
3.318400573730468750e+01,1.576123504638671875e+02,6.150000000000000000e+02
3.385256195068359375e+01,1.576123504638671875e+02,6.150000000000000000e+02
3.452112197875976562e+01,1.576123504638671875e+02,6.150000000000000000e+02
3.518967819213867188e+01,1.576123504638671875e+02,6.150000000000000000e+02
3.585823822021484375e+01,1.576123504638671875e+02,6.150000000000000000e+02
3.658618545532226562e+01,1.578686370849609375e+02,6.160000000000000000e+02
3.725582885742187500e+01,1.578686370849609375e+02,6.160000000000000000e+02
3.792547607421875000e+01,1.578686370849609375e+02,6.160000000000000000e+02
3.859511947631835938e+01,1.578686370849609375e+02,6.160000000000000000e+02
3.926476287841796875e+01,1.578686370849609375e+02,6.160000000000000000e+02
3.993440628051757812e+01,1.578686370849609375e+02,6.160000000000000000e+02
4.060404968261718750e+01,1.578686370849609375e+02,6.160000000000000000e+02
4.127369308471679688e+01,1.578686370849609375e+02,6.160000000000000000e+02
4.187524795532226562e+01,1.576123504638671875e+02,6.150000000000000000e+02
4.254380416870117188e+01,1.576123504638671875e+02,6.150000000000000000e+02
4.328263092041015625e+01,1.578686370849609375e+02,6.160000000000000000e+02
4.395227432250976562e+01,1.578686370849609375e+02,6.160000000000000000e+02
4.454948043823242188e+01,1.576123504638671875e+02,6.150000000000000000e+02
4.521803665161132812e+01,1.576123504638671875e+02,6.150000000000000000e+02
4.588659667968750000e+01,1.576123504638671875e+02,6.150000000000000000e+02
4.655515289306640625e+01,1.576123504638671875e+02,6.150000000000000000e+02
4.722370910644531250e+01,1.576123504638671875e+02,6.150000000000000000e+02
4.789226531982421875e+01,1.576123504638671875e+02,6.150000000000000000e+02
4.856082153320312500e+01,1.576123504638671875e+02,6.150000000000000000e+02
4.922937774658203125e+01,1.576123504638671875e+02,6.150000000000000000e+02
4.981680297851562500e+01,1.573560638427734375e+02,6.140000000000000000e+02
5.048427200317382812e+01,1.573560638427734375e+02,6.140000000000000000e+02
5.115174102783203125e+01,1.573560638427734375e+02,6.140000000000000000e+02
5.181921005249023438e+01,1.573560638427734375e+02,6.140000000000000000e+02
5.248667907714843750e+01,1.573560638427734375e+02,6.140000000000000000e+02
5.306758499145507812e+01,1.570997924804687500e+02,6.130000000000000000e+02
5.373396682739257812e+01,1.570997924804687500e+02,6.130000000000000000e+02
5.440034866333007812e+01,1.570997924804687500e+02,6.130000000000000000e+02
5.497690200805664062e+01,1.568435058593750000e+02,6.120000000000000000e+02
5.564219665527343750e+01,1.568435058593750000e+02,6.120000000000000000e+02
5.621548843383789062e+01,1.565872344970703125e+02,6.110000000000000000e+02
5.687969589233398438e+01,1.565872344970703125e+02,6.110000000000000000e+02
5.754390335083007812e+01,1.565872344970703125e+02,6.110000000000000000e+02
5.820811462402343750e+01,1.565872344970703125e+02,6.110000000000000000e+02
5.877596664428710938e+01,1.563309478759765625e+02,6.100000000000000000e+02
5.953652954101562500e+01,1.565872344970703125e+02,6.110000000000000000e+02
6.020073699951171875e+01,1.565872344970703125e+02,6.110000000000000000e+02
6.086494827270507812e+01,1.565872344970703125e+02,6.110000000000000000e+02
6.152915573120117188e+01,1.565872344970703125e+02,6.110000000000000000e+02
6.229515457153320312e+01,1.568435058593750000e+02,6.120000000000000000e+02
6.296044921875000000e+01,1.568435058593750000e+02,6.120000000000000000e+02
6.383367538452148438e+01,1.573560638427734375e+02,6.140000000000000000e+02
6.450114440917968750e+01,1.573560638427734375e+02,6.140000000000000000e+02
6.527475738525390625e+01,1.576123504638671875e+02,6.150000000000000000e+02
6.605053710937500000e+01,1.578686370849609375e+02,6.160000000000000000e+02
6.693680572509765625e+01,1.583811950683593750e+02,6.180000000000000000e+02
6.771802520751953125e+01,1.586374664306640625e+02,6.190000000000000000e+02
6.839093017578125000e+01,1.586374664306640625e+02,6.190000000000000000e+02
6.917540740966796875e+01,1.588937530517578125e+02,6.200000000000000000e+02
6.996205902099609375e+01,1.591500244140625000e+02,6.210000000000000000e+02
7.075088500976562500e+01,1.594063110351562500e+02,6.220000000000000000e+02
7.154188537597656250e+01,1.596625976562500000e+02,6.230000000000000000e+02
7.221913909912109375e+01,1.596625976562500000e+02,6.230000000000000000e+02
7.289639282226562500e+01,1.596625976562500000e+02,6.230000000000000000e+02
7.357364654541015625e+01,1.596625976562500000e+02,6.230000000000000000e+02
7.437008666992187500e+01,1.599188690185546875e+02,6.240000000000000000e+02
7.504843139648437500e+01,1.599188690185546875e+02,6.240000000000000000e+02
7.572676849365234375e+01,1.599188690185546875e+02,6.240000000000000000e+02
7.640511322021484375e+01,1.599188690185546875e+02,6.240000000000000000e+02
7.708345031738281250e+01,1.599188690185546875e+02,6.240000000000000000e+02
7.763716888427734375e+01,1.596625976562500000e+02,6.230000000000000000e+02
7.831442260742187500e+01,1.596625976562500000e+02,6.230000000000000000e+02
7.899167633056640625e+01,1.596625976562500000e+02,6.230000000000000000e+02
7.966893005371093750e+01,1.596625976562500000e+02,6.230000000000000000e+02
8.034619140625000000e+01,1.596625976562500000e+02,6.230000000000000000e+02
8.102344512939453125e+01,1.596625976562500000e+02,6.230000000000000000e+02
8.170069885253906250e+01,1.596625976562500000e+02,6.230000000000000000e+02
8.237795257568359375e+01,1.596625976562500000e+02,6.230000000000000000e+02
8.305520629882812500e+01,1.596625976562500000e+02,6.230000000000000000e+02
8.373246002197265625e+01,1.596625976562500000e+02,6.230000000000000000e+02
8.427422332763671875e+01,1.594063110351562500e+02,6.220000000000000000e+02
8.495039367675781250e+01,1.594063110351562500e+02,6.220000000000000000e+02
8.562655639648437500e+01,1.594063110351562500e+02,6.220000000000000000e+02
8.630272674560546875e+01,1.594063110351562500e+02,6.220000000000000000e+02
8.697888946533203125e+01,1.594063110351562500e+02,6.220000000000000000e+02
8.765505981445312500e+01,1.594063110351562500e+02,6.220000000000000000e+02
8.847323608398437500e+01,1.596625976562500000e+02,6.230000000000000000e+02
8.915048980712890625e+01,1.596625976562500000e+02,6.230000000000000000e+02
8.982774353027343750e+01,1.596625976562500000e+02,6.230000000000000000e+02
9.050499725341796875e+01,1.596625976562500000e+02,6.230000000000000000e+02
9.118225097656250000e+01,1.596625976562500000e+02,6.230000000000000000e+02
9.185950469970703125e+01,1.596625976562500000e+02,6.230000000000000000e+02
9.253675842285156250e+01,1.596625976562500000e+02,6.230000000000000000e+02
9.321401214599609375e+01,1.596625976562500000e+02,6.230000000000000000e+02
9.389126586914062500e+01,1.596625976562500000e+02,6.230000000000000000e+02
9.472031402587890625e+01,1.599188690185546875e+02,6.240000000000000000e+02
9.524577331542968750e+01,1.596625976562500000e+02,6.230000000000000000e+02
9.607699584960937500e+01,1.599188690185546875e+02,6.240000000000000000e+02
9.660028076171875000e+01,1.596625976562500000e+02,6.230000000000000000e+02
9.727753448486328125e+01,1.596625976562500000e+02,6.230000000000000000e+02
9.795478820800781250e+01,1.596625976562500000e+02,6.230000000000000000e+02
9.863204193115234375e+01,1.596625976562500000e+02,6.230000000000000000e+02
9.946869659423828125e+01,1.599188690185546875e+02,6.240000000000000000e+02
1.001470413208007812e+02,1.599188690185546875e+02,6.240000000000000000e+02
1.008253784179687500e+02,1.599188690185546875e+02,6.240000000000000000e+02
1.015037307739257812e+02,1.599188690185546875e+02,6.240000000000000000e+02
1.021820678710937500e+02,1.599188690185546875e+02,6.240000000000000000e+02
1.028604125976562500e+02,1.599188690185546875e+02,6.240000000000000000e+02
1.035387496948242188e+02,1.599188690185546875e+02,6.240000000000000000e+02
1.042170944213867188e+02,1.599188690185546875e+02,6.240000000000000000e+02
1.048954315185546875e+02,1.599188690185546875e+02,6.240000000000000000e+02
1.055737762451171875e+02,1.599188690185546875e+02,6.240000000000000000e+02
1.062521133422851562e+02,1.599188690185546875e+02,6.240000000000000000e+02
1.069304504394531250e+02,1.599188690185546875e+02,6.240000000000000000e+02
1.076087951660156250e+02,1.599188690185546875e+02,6.240000000000000000e+02
1.082871322631835938e+02,1.599188690185546875e+02,6.240000000000000000e+02
1.089654769897460938e+02,1.599188690185546875e+02,6.240000000000000000e+02
1.096438140869140625e+02,1.599188690185546875e+02,6.240000000000000000e+02
1.101453552246093750e+02,1.596625976562500000e+02,6.230000000000000000e+02
1.108226089477539062e+02,1.596625976562500000e+02,6.230000000000000000e+02
1.113208923339843750e+02,1.594063110351562500e+02,6.220000000000000000e+02
1.119970626831054688e+02,1.594063110351562500e+02,6.220000000000000000e+02
1.124920806884765625e+02,1.591500244140625000e+02,6.210000000000000000e+02
1.129849243164062500e+02,1.588937530517578125e+02,6.200000000000000000e+02
1.134755935668945312e+02,1.586374664306640625e+02,6.190000000000000000e+02
1.141484985351562500e+02,1.586374664306640625e+02,6.190000000000000000e+02
1.146359100341796875e+02,1.583811950683593750e+02,6.180000000000000000e+02
1.151211471557617188e+02,1.581249084472656250e+02,6.170000000000000000e+02
1.156042098999023438e+02,1.578686370849609375e+02,6.160000000000000000e+02
1.160850982666015625e+02,1.576123504638671875e+02,6.150000000000000000e+02
1.165638122558593750e+02,1.573560638427734375e+02,6.140000000000000000e+02
1.170403518676757812e+02,1.570997924804687500e+02,6.130000000000000000e+02
1.175147171020507812e+02,1.568435058593750000e+02,6.120000000000000000e+02
1.181800155639648438e+02,1.568435058593750000e+02,6.120000000000000000e+02
1.186511154174804688e+02,1.565872344970703125e+02,6.110000000000000000e+02
1.193153228759765625e+02,1.565872344970703125e+02,6.110000000000000000e+02
1.199795455932617188e+02,1.565872344970703125e+02,6.110000000000000000e+02
1.206437530517578125e+02,1.565872344970703125e+02,6.110000000000000000e+02
1.215065002441406250e+02,1.568435058593750000e+02,6.120000000000000000e+02
1.223714218139648438e+02,1.570997924804687500e+02,6.130000000000000000e+02
1.234392318725585938e+02,1.576123504638671875e+02,6.150000000000000000e+02
1.243095932006835938e+02,1.578686370849609375e+02,6.160000000000000000e+02
5.190360641479492188e+01,1.582811889648437500e+02,6.150000000000000000e+02
5.248667907714843750e+01,1.580238189697265625e+02,6.140000000000000000e+02
5.315415573120117188e+01,1.580238189697265625e+02,6.140000000000000000e+02
5.382162475585937500e+01,1.580238189697265625e+02,6.140000000000000000e+02
5.440034866333007812e+01,1.577664489746093750e+02,6.130000000000000000e+02
5.506673431396484375e+01,1.577664489746093750e+02,6.130000000000000000e+02
5.564219665527343750e+01,1.575090942382812500e+02,6.120000000000000000e+02
5.630749130249023438e+01,1.575090942382812500e+02,6.120000000000000000e+02
5.697278976440429688e+01,1.575090942382812500e+02,6.120000000000000000e+02
5.754390335083007812e+01,1.572517242431640625e+02,6.110000000000000000e+02
5.820811462402343750e+01,1.572517242431640625e+02,6.110000000000000000e+02
5.887232208251953125e+01,1.572517242431640625e+02,6.110000000000000000e+02
5.953652954101562500e+01,1.572517242431640625e+02,6.110000000000000000e+02
6.020073699951171875e+01,1.572517242431640625e+02,6.110000000000000000e+02
6.086494827270507812e+01,1.572517242431640625e+02,6.110000000000000000e+02
6.152915573120117188e+01,1.572517242431640625e+02,6.110000000000000000e+02
6.219336318969726562e+01,1.572517242431640625e+02,6.110000000000000000e+02
6.296044921875000000e+01,1.575090942382812500e+02,6.120000000000000000e+02
6.372971343994140625e+01,1.577664489746093750e+02,6.130000000000000000e+02
6.450114440917968750e+01,1.580238189697265625e+02,6.140000000000000000e+02
6.527475738525390625e+01,1.582811889648437500e+02,6.150000000000000000e+02
6.605053710937500000e+01,1.585385589599609375e+02,6.160000000000000000e+02
6.682849121093750000e+01,1.587959289550781250e+02,6.170000000000000000e+02
6.760861968994140625e+01,1.590532989501953125e+02,6.180000000000000000e+02
6.839093017578125000e+01,1.593106689453125000e+02,6.190000000000000000e+02
6.917540740966796875e+01,1.595680236816406250e+02,6.200000000000000000e+02
6.996205902099609375e+01,1.598253936767578125e+02,6.210000000000000000e+02
7.075088500976562500e+01,1.600827636718750000e+02,6.220000000000000000e+02
7.142704772949218750e+01,1.600827636718750000e+02,6.220000000000000000e+02
7.210321807861328125e+01,1.600827636718750000e+02,6.220000000000000000e+02
7.289639282226562500e+01,1.603401336669921875e+02,6.230000000000000000e+02
7.357364654541015625e+01,1.603401336669921875e+02,6.230000000000000000e+02
7.425090026855468750e+01,1.603401336669921875e+02,6.230000000000000000e+02
7.492816162109375000e+01,1.603401336669921875e+02,6.230000000000000000e+02
7.560541534423828125e+01,1.603401336669921875e+02,6.230000000000000000e+02
7.628266906738281250e+01,1.603401336669921875e+02,6.230000000000000000e+02
7.695992279052734375e+01,1.603401336669921875e+02,6.230000000000000000e+02
7.763716888427734375e+01,1.603401336669921875e+02,6.230000000000000000e+02
7.831442260742187500e+01,1.603401336669921875e+02,6.230000000000000000e+02
7.899167633056640625e+01,1.603401336669921875e+02,6.230000000000000000e+02
7.966893005371093750e+01,1.603401336669921875e+02,6.230000000000000000e+02
8.034619140625000000e+01,1.603401336669921875e+02,6.230000000000000000e+02
8.102344512939453125e+01,1.603401336669921875e+02,6.230000000000000000e+02
8.170069885253906250e+01,1.603401336669921875e+02,6.230000000000000000e+02
8.237795257568359375e+01,1.603401336669921875e+02,6.230000000000000000e+02
8.292189025878906250e+01,1.600827636718750000e+02,6.220000000000000000e+02
8.359806060791015625e+01,1.600827636718750000e+02,6.220000000000000000e+02
8.427422332763671875e+01,1.600827636718750000e+02,6.220000000000000000e+02
8.495039367675781250e+01,1.600827636718750000e+02,6.220000000000000000e+02
8.562655639648437500e+01,1.600827636718750000e+02,6.220000000000000000e+02
8.630272674560546875e+01,1.600827636718750000e+02,6.220000000000000000e+02
8.697888946533203125e+01,1.600827636718750000e+02,6.220000000000000000e+02
8.765505981445312500e+01,1.600827636718750000e+02,6.220000000000000000e+02
8.833122253417968750e+01,1.600827636718750000e+02,6.220000000000000000e+02
8.900739288330078125e+01,1.600827636718750000e+02,6.220000000000000000e+02
8.968355560302734375e+01,1.600827636718750000e+02,6.220000000000000000e+02
9.035972595214843750e+01,1.600827636718750000e+02,6.220000000000000000e+02
9.118225097656250000e+01,1.603401336669921875e+02,6.230000000000000000e+02
9.185950469970703125e+01,1.603401336669921875e+02,6.230000000000000000e+02
9.253675842285156250e+01,1.603401336669921875e+02,6.230000000000000000e+02
9.321401214599609375e+01,1.603401336669921875e+02,6.230000000000000000e+02
9.389126586914062500e+01,1.603401336669921875e+02,6.230000000000000000e+02
9.456851959228515625e+01,1.603401336669921875e+02,6.230000000000000000e+02
9.524577331542968750e+01,1.603401336669921875e+02,6.230000000000000000e+02
9.592302703857421875e+01,1.603401336669921875e+02,6.230000000000000000e+02
9.660028076171875000e+01,1.603401336669921875e+02,6.230000000000000000e+02
9.727753448486328125e+01,1.603401336669921875e+02,6.230000000000000000e+02
9.795478820800781250e+01,1.603401336669921875e+02,6.230000000000000000e+02
9.863204193115234375e+01,1.603401336669921875e+02,6.230000000000000000e+02
9.930929565429687500e+01,1.603401336669921875e+02,6.230000000000000000e+02
9.998654937744140625e+01,1.603401336669921875e+02,6.230000000000000000e+02
1.006638031005859375e+02,1.603401336669921875e+02,6.230000000000000000e+02
1.013410644531250000e+02,1.603401336669921875e+02,6.230000000000000000e+02
1.020183181762695312e+02,1.603401336669921875e+02,6.230000000000000000e+02
1.026955718994140625e+02,1.603401336669921875e+02,6.230000000000000000e+02
1.033728256225585938e+02,1.603401336669921875e+02,6.230000000000000000e+02
1.040500793457031250e+02,1.603401336669921875e+02,6.230000000000000000e+02
1.047273330688476562e+02,1.603401336669921875e+02,6.230000000000000000e+02
1.054045867919921875e+02,1.603401336669921875e+02,6.230000000000000000e+02
1.060818405151367188e+02,1.603401336669921875e+02,6.230000000000000000e+02
1.069304504394531250e+02,1.605975036621093750e+02,6.240000000000000000e+02
1.076087951660156250e+02,1.605975036621093750e+02,6.240000000000000000e+02
1.082871322631835938e+02,1.605975036621093750e+02,6.240000000000000000e+02
1.087908554077148438e+02,1.603401336669921875e+02,6.230000000000000000e+02
1.094681015014648438e+02,1.603401336669921875e+02,6.230000000000000000e+02
1.099685592651367188e+02,1.600827636718750000e+02,6.220000000000000000e+02
1.106447296142578125e+02,1.600827636718750000e+02,6.220000000000000000e+02
1.113208923339843750e+02,1.600827636718750000e+02,6.220000000000000000e+02
1.118170013427734375e+02,1.598253936767578125e+02,6.210000000000000000e+02
1.123109359741210938e+02,1.595680236816406250e+02,6.200000000000000000e+02
1.128026885986328125e+02,1.593106689453125000e+02,6.190000000000000000e+02
1.132922744750976562e+02,1.590532989501953125e+02,6.180000000000000000e+02
1.137796859741210938e+02,1.587959289550781250e+02,6.170000000000000000e+02
1.142649230957031250e+02,1.585385589599609375e+02,6.160000000000000000e+02
1.149345703125000000e+02,1.585385589599609375e+02,6.160000000000000000e+02
1.154165420532226562e+02,1.582811889648437500e+02,6.150000000000000000e+02
1.158963394165039062e+02,1.580238189697265625e+02,6.140000000000000000e+02
1.163739700317382812e+02,1.577664489746093750e+02,6.130000000000000000e+02
1.168494186401367188e+02,1.575090942382812500e+02,6.120000000000000000e+02
1.173227005004882812e+02,1.572517242431640625e+02,6.110000000000000000e+02
1.179869079589843750e+02,1.572517242431640625e+02,6.110000000000000000e+02
1.184569244384765625e+02,1.569943542480468750e+02,6.100000000000000000e+02
1.191200485229492188e+02,1.569943542480468750e+02,6.100000000000000000e+02
1.197831802368164062e+02,1.569943542480468750e+02,6.100000000000000000e+02
1.206437530517578125e+02,1.572517242431640625e+02,6.110000000000000000e+02
1.215065002441406250e+02,1.575090942382812500e+02,6.120000000000000000e+02
1.223714218139648438e+02,1.577664489746093750e+02,6.130000000000000000e+02
1.234392318725585938e+02,1.582811889648437500e+02,6.150000000000000000e+02
1.243095932006835938e+02,1.585385589599609375e+02,6.160000000000000000e+02
5.515656280517578125e+01,1.586915588378906250e+02,6.140000000000000000e+02
5.573311614990234375e+01,1.584331054687500000e+02,6.130000000000000000e+02
5.630749130249023438e+01,1.581746520996093750e+02,6.120000000000000000e+02
5.697278976440429688e+01,1.581746520996093750e+02,6.120000000000000000e+02
5.763808441162109375e+01,1.581746520996093750e+02,6.120000000000000000e+02
5.820811462402343750e+01,1.579161987304687500e+02,6.110000000000000000e+02
5.887232208251953125e+01,1.579161987304687500e+02,6.110000000000000000e+02
5.953652954101562500e+01,1.579161987304687500e+02,6.110000000000000000e+02
6.020073699951171875e+01,1.579161987304687500e+02,6.110000000000000000e+02
6.076533126831054688e+01,1.576577301025390625e+02,6.100000000000000000e+02
6.152915573120117188e+01,1.579161987304687500e+02,6.110000000000000000e+02
6.219336318969726562e+01,1.579161987304687500e+02,6.110000000000000000e+02
6.285757446289062500e+01,1.579161987304687500e+02,6.110000000000000000e+02
6.362575149536132812e+01,1.581746520996093750e+02,6.120000000000000000e+02
6.439609527587890625e+01,1.584331054687500000e+02,6.130000000000000000e+02
6.516861724853515625e+01,1.586915588378906250e+02,6.140000000000000000e+02
6.594331359863281250e+01,1.589500122070312500e+02,6.150000000000000000e+02
6.672017669677734375e+01,1.592084655761718750e+02,6.160000000000000000e+02
6.749922180175781250e+01,1.594669189453125000e+02,6.170000000000000000e+02
6.828044128417968750e+01,1.597253723144531250e+02,6.180000000000000000e+02
6.906383514404296875e+01,1.599838409423828125e+02,6.190000000000000000e+02
6.984939575195312500e+01,1.602422943115234375e+02,6.200000000000000000e+02
7.063713836669921875e+01,1.605007476806640625e+02,6.210000000000000000e+02
7.131221771240234375e+01,1.605007476806640625e+02,6.210000000000000000e+02
7.210321807861328125e+01,1.607592010498046875e+02,6.220000000000000000e+02
7.277938079833984375e+01,1.607592010498046875e+02,6.220000000000000000e+02
7.345555114746093750e+01,1.607592010498046875e+02,6.220000000000000000e+02
7.413171386718750000e+01,1.607592010498046875e+02,6.220000000000000000e+02
7.480789184570312500e+01,1.607592010498046875e+02,6.220000000000000000e+02
7.548405456542968750e+01,1.607592010498046875e+02,6.220000000000000000e+02
7.616022491455078125e+01,1.607592010498046875e+02,6.220000000000000000e+02
7.695992279052734375e+01,1.610176544189453125e+02,6.230000000000000000e+02
7.763716888427734375e+01,1.610176544189453125e+02,6.230000000000000000e+02
7.831442260742187500e+01,1.610176544189453125e+02,6.230000000000000000e+02
7.899167633056640625e+01,1.610176544189453125e+02,6.230000000000000000e+02
7.966893005371093750e+01,1.610176544189453125e+02,6.230000000000000000e+02
8.034619140625000000e+01,1.610176544189453125e+02,6.230000000000000000e+02
8.102344512939453125e+01,1.610176544189453125e+02,6.230000000000000000e+02
8.156955718994140625e+01,1.607592010498046875e+02,6.220000000000000000e+02
8.224572753906250000e+01,1.607592010498046875e+02,6.220000000000000000e+02
8.292189025878906250e+01,1.607592010498046875e+02,6.220000000000000000e+02
8.359806060791015625e+01,1.607592010498046875e+02,6.220000000000000000e+02
8.427422332763671875e+01,1.607592010498046875e+02,6.220000000000000000e+02
8.481381225585937500e+01,1.605007476806640625e+02,6.210000000000000000e+02
8.548889160156250000e+01,1.605007476806640625e+02,6.210000000000000000e+02
8.616397094726562500e+01,1.605007476806640625e+02,6.210000000000000000e+02
8.683905029296875000e+01,1.605007476806640625e+02,6.210000000000000000e+02
8.765505981445312500e+01,1.607592010498046875e+02,6.220000000000000000e+02
8.833122253417968750e+01,1.607592010498046875e+02,6.220000000000000000e+02
8.900739288330078125e+01,1.607592010498046875e+02,6.220000000000000000e+02
8.968355560302734375e+01,1.607592010498046875e+02,6.220000000000000000e+02
9.035972595214843750e+01,1.607592010498046875e+02,6.220000000000000000e+02
9.118225097656250000e+01,1.610176544189453125e+02,6.230000000000000000e+02
9.185950469970703125e+01,1.610176544189453125e+02,6.230000000000000000e+02
9.253675842285156250e+01,1.610176544189453125e+02,6.230000000000000000e+02
9.321401214599609375e+01,1.610176544189453125e+02,6.230000000000000000e+02
9.389126586914062500e+01,1.610176544189453125e+02,6.230000000000000000e+02
9.441672515869140625e+01,1.607592010498046875e+02,6.220000000000000000e+02
9.524577331542968750e+01,1.610176544189453125e+02,6.230000000000000000e+02
9.592302703857421875e+01,1.610176544189453125e+02,6.230000000000000000e+02
9.644522094726562500e+01,1.607592010498046875e+02,6.220000000000000000e+02
9.712139129638671875e+01,1.607592010498046875e+02,6.220000000000000000e+02
9.779755401611328125e+01,1.607592010498046875e+02,6.220000000000000000e+02
9.847372436523437500e+01,1.607592010498046875e+02,6.220000000000000000e+02
9.930929565429687500e+01,1.610176544189453125e+02,6.230000000000000000e+02
9.998654937744140625e+01,1.610176544189453125e+02,6.230000000000000000e+02
1.006638031005859375e+02,1.610176544189453125e+02,6.230000000000000000e+02
1.011783981323242188e+02,1.607592010498046875e+02,6.220000000000000000e+02
1.020183181762695312e+02,1.610176544189453125e+02,6.230000000000000000e+02
1.026955718994140625e+02,1.610176544189453125e+02,6.230000000000000000e+02
1.033728256225585938e+02,1.610176544189453125e+02,6.230000000000000000e+02
1.040500793457031250e+02,1.610176544189453125e+02,6.230000000000000000e+02
1.047273330688476562e+02,1.610176544189453125e+02,6.230000000000000000e+02
1.054045867919921875e+02,1.610176544189453125e+02,6.230000000000000000e+02
1.060818405151367188e+02,1.610176544189453125e+02,6.230000000000000000e+02
1.067590942382812500e+02,1.610176544189453125e+02,6.230000000000000000e+02
1.074363479614257812e+02,1.610176544189453125e+02,6.230000000000000000e+02
1.081136016845703125e+02,1.610176544189453125e+02,6.230000000000000000e+02
1.086162261962890625e+02,1.607592010498046875e+02,6.220000000000000000e+02
1.092923965454101562e+02,1.607592010498046875e+02,6.220000000000000000e+02
1.099685592651367188e+02,1.607592010498046875e+02,6.220000000000000000e+02
1.104668426513671875e+02,1.605007476806640625e+02,6.210000000000000000e+02
1.109629516601562500e+02,1.602422943115234375e+02,6.200000000000000000e+02
1.116369400024414062e+02,1.602422943115234375e+02,6.200000000000000000e+02
1.121297836303710938e+02,1.599838409423828125e+02,6.190000000000000000e+02
1.126204605102539062e+02,1.597253723144531250e+02,6.180000000000000000e+02
1.131089553833007812e+02,1.594669189453125000e+02,6.170000000000000000e+02
1.135952758789062500e+02,1.592084655761718750e+02,6.160000000000000000e+02
1.140794296264648438e+02,1.589500122070312500e+02,6.150000000000000000e+02
1.145614013671875000e+02,1.586915588378906250e+02,6.140000000000000000e+02
1.152288742065429688e+02,1.586915588378906250e+02,6.140000000000000000e+02
1.155188293457031250e+02,1.581746520996093750e+02,6.120000000000000000e+02
1.161841278076171875e+02,1.581746520996093750e+02,6.120000000000000000e+02
1.166584930419921875e+02,1.579161987304687500e+02,6.110000000000000000e+02
1.171306838989257812e+02,1.576577301025390625e+02,6.100000000000000000e+02
1.177938003540039062e+02,1.576577301025390625e+02,6.100000000000000000e+02
1.184569244384765625e+02,1.576577301025390625e+02,6.100000000000000000e+02
1.191200485229492188e+02,1.576577301025390625e+02,6.100000000000000000e+02
1.197831802368164062e+02,1.576577301025390625e+02,6.100000000000000000e+02
1.206437530517578125e+02,1.579161987304687500e+02,6.110000000000000000e+02
1.215065002441406250e+02,1.581746520996093750e+02,6.120000000000000000e+02
1.223714218139648438e+02,1.584331054687500000e+02,6.130000000000000000e+02
1.234392318725585938e+02,1.589500122070312500e+02,6.150000000000000000e+02
5.763808441162109375e+01,1.588402252197265625e+02,6.120000000000000000e+02
5.830337905883789062e+01,1.588402252197265625e+02,6.120000000000000000e+02
5.896867370605468750e+01,1.588402252197265625e+02,6.120000000000000000e+02
5.953652954101562500e+01,1.585806884765625000e+02,6.110000000000000000e+02
6.020073699951171875e+01,1.585806884765625000e+02,6.110000000000000000e+02
6.086494827270507812e+01,1.585806884765625000e+02,6.110000000000000000e+02
6.152915573120117188e+01,1.585806884765625000e+02,6.110000000000000000e+02
6.219336318969726562e+01,1.585806884765625000e+02,6.110000000000000000e+02
6.285757446289062500e+01,1.585806884765625000e+02,6.110000000000000000e+02
6.352178573608398438e+01,1.585806884765625000e+02,6.110000000000000000e+02
6.429104614257812500e+01,1.588402252197265625e+02,6.120000000000000000e+02
6.506247711181640625e+01,1.590997619628906250e+02,6.130000000000000000e+02
6.583609008789062500e+01,1.593593139648437500e+02,6.140000000000000000e+02
6.661186981201171875e+01,1.596188507080078125e+02,6.150000000000000000e+02
6.738982391357421875e+01,1.598784027099609375e+02,6.160000000000000000e+02
6.816995239257812500e+01,1.601379394531250000e+02,6.170000000000000000e+02
6.895225524902343750e+01,1.603974761962890625e+02,6.180000000000000000e+02
6.973674011230468750e+01,1.606570281982421875e+02,6.190000000000000000e+02
7.052339172363281250e+01,1.609165649414062500e+02,6.200000000000000000e+02
7.119738006591796875e+01,1.609165649414062500e+02,6.200000000000000000e+02
7.198729705810546875e+01,1.611761169433593750e+02,6.210000000000000000e+02
7.266237640380859375e+01,1.611761169433593750e+02,6.210000000000000000e+02
7.333745574951171875e+01,1.611761169433593750e+02,6.210000000000000000e+02
7.401253509521484375e+01,1.611761169433593750e+02,6.210000000000000000e+02
7.480789184570312500e+01,1.614356536865234375e+02,6.220000000000000000e+02
7.548405456542968750e+01,1.614356536865234375e+02,6.220000000000000000e+02
7.616022491455078125e+01,1.614356536865234375e+02,6.220000000000000000e+02
7.683638763427734375e+01,1.614356536865234375e+02,6.220000000000000000e+02
7.751255798339843750e+01,1.614356536865234375e+02,6.220000000000000000e+02
7.818871307373046875e+01,1.614356536865234375e+02,6.220000000000000000e+02
7.886488342285156250e+01,1.614356536865234375e+02,6.220000000000000000e+02
7.954104614257812500e+01,1.614356536865234375e+02,6.220000000000000000e+02
8.021722412109375000e+01,1.614356536865234375e+02,6.220000000000000000e+02
8.089339447021484375e+01,1.614356536865234375e+02,6.220000000000000000e+02
8.156955718994140625e+01,1.614356536865234375e+02,6.220000000000000000e+02
8.224572753906250000e+01,1.614356536865234375e+02,6.220000000000000000e+02
8.292189025878906250e+01,1.614356536865234375e+02,6.220000000000000000e+02
8.346365356445312500e+01,1.611761169433593750e+02,6.210000000000000000e+02
8.413873291015625000e+01,1.611761169433593750e+02,6.210000000000000000e+02
8.481381225585937500e+01,1.611761169433593750e+02,6.210000000000000000e+02
8.548889160156250000e+01,1.611761169433593750e+02,6.210000000000000000e+02
8.616397094726562500e+01,1.611761169433593750e+02,6.210000000000000000e+02
8.683905029296875000e+01,1.611761169433593750e+02,6.210000000000000000e+02
8.751412963867187500e+01,1.611761169433593750e+02,6.210000000000000000e+02
8.818920898437500000e+01,1.611761169433593750e+02,6.210000000000000000e+02
8.900739288330078125e+01,1.614356536865234375e+02,6.220000000000000000e+02
8.968355560302734375e+01,1.614356536865234375e+02,6.220000000000000000e+02
9.035972595214843750e+01,1.614356536865234375e+02,6.220000000000000000e+02
9.103588867187500000e+01,1.614356536865234375e+02,6.220000000000000000e+02
9.171205902099609375e+01,1.614356536865234375e+02,6.220000000000000000e+02
9.238822174072265625e+01,1.614356536865234375e+02,6.220000000000000000e+02
9.306439208984375000e+01,1.614356536865234375e+02,6.220000000000000000e+02
9.374055480957031250e+01,1.614356536865234375e+02,6.220000000000000000e+02
9.441672515869140625e+01,1.614356536865234375e+02,6.220000000000000000e+02
9.509288787841796875e+01,1.614356536865234375e+02,6.220000000000000000e+02
9.576905822753906250e+01,1.614356536865234375e+02,6.220000000000000000e+02
9.644522094726562500e+01,1.614356536865234375e+02,6.220000000000000000e+02
9.712139129638671875e+01,1.614356536865234375e+02,6.220000000000000000e+02
9.779755401611328125e+01,1.614356536865234375e+02,6.220000000000000000e+02
9.847372436523437500e+01,1.614356536865234375e+02,6.220000000000000000e+02
9.914988708496093750e+01,1.614356536865234375e+02,6.220000000000000000e+02
9.982605743408203125e+01,1.614356536865234375e+02,6.220000000000000000e+02
1.005022201538085938e+02,1.614356536865234375e+02,6.220000000000000000e+02
1.011783981323242188e+02,1.614356536865234375e+02,6.220000000000000000e+02
1.018545608520507812e+02,1.614356536865234375e+02,6.220000000000000000e+02
1.025307312011718750e+02,1.614356536865234375e+02,6.220000000000000000e+02
1.032068939208984375e+02,1.614356536865234375e+02,6.220000000000000000e+02
1.038830642700195312e+02,1.614356536865234375e+02,6.220000000000000000e+02
1.045592269897460938e+02,1.614356536865234375e+02,6.220000000000000000e+02
1.052353973388671875e+02,1.614356536865234375e+02,6.220000000000000000e+02
1.059115600585937500e+02,1.614356536865234375e+02,6.220000000000000000e+02
1.065877304077148438e+02,1.614356536865234375e+02,6.220000000000000000e+02
1.072638931274414062e+02,1.614356536865234375e+02,6.220000000000000000e+02
1.079400634765625000e+02,1.614356536865234375e+02,6.220000000000000000e+02
1.086162261962890625e+02,1.614356536865234375e+02,6.220000000000000000e+02
1.091166839599609375e+02,1.611761169433593750e+02,6.210000000000000000e+02
1.097917633056640625e+02,1.611761169433593750e+02,6.210000000000000000e+02
1.102889556884765625e+02,1.609165649414062500e+02,6.200000000000000000e+02
1.107839736938476562e+02,1.606570281982421875e+02,6.190000000000000000e+02
1.112768249511718750e+02,1.603974761962890625e+02,6.180000000000000000e+02
1.117674942016601562e+02,1.601379394531250000e+02,6.170000000000000000e+02
1.122559890747070312e+02,1.598784027099609375e+02,6.160000000000000000e+02
1.129256362915039062e+02,1.598784027099609375e+02,6.160000000000000000e+02
1.134108734130859375e+02,1.596188507080078125e+02,6.150000000000000000e+02
1.137084350585937500e+02,1.590997619628906250e+02,6.130000000000000000e+02
1.143748168945312500e+02,1.590997619628906250e+02,6.130000000000000000e+02
1.148535308837890625e+02,1.588402252197265625e+02,6.120000000000000000e+02
1.153300704956054688e+02,1.585806884765625000e+02,6.110000000000000000e+02
1.158044357299804688e+02,1.583211364746093750e+02,6.100000000000000000e+02
1.164675598144531250e+02,1.583211364746093750e+02,6.100000000000000000e+02
1.171306838989257812e+02,1.583211364746093750e+02,6.100000000000000000e+02
1.176007003784179688e+02,1.580615997314453125e+02,6.090000000000000000e+02
1.182627334594726562e+02,1.580615997314453125e+02,6.090000000000000000e+02
1.191200485229492188e+02,1.583211364746093750e+02,6.100000000000000000e+02
1.199795455932617188e+02,1.585806884765625000e+02,6.110000000000000000e+02
1.208412017822265625e+02,1.588402252197265625e+02,6.120000000000000000e+02
1.217050399780273438e+02,1.590997619628906250e+02,6.130000000000000000e+02
1.225710525512695312e+02,1.593593139648437500e+02,6.140000000000000000e+02
1.234392318725585938e+02,1.596188507080078125e+02,6.150000000000000000e+02
5.896867370605468750e+01,1.595057830810546875e+02,6.120000000000000000e+02
5.963397216796875000e+01,1.595057830810546875e+02,6.120000000000000000e+02
6.020073699951171875e+01,1.592451629638671875e+02,6.110000000000000000e+02
6.086494827270507812e+01,1.592451629638671875e+02,6.110000000000000000e+02
6.152915573120117188e+01,1.592451629638671875e+02,6.110000000000000000e+02
6.219336318969726562e+01,1.592451629638671875e+02,6.110000000000000000e+02
6.285757446289062500e+01,1.592451629638671875e+02,6.110000000000000000e+02
6.352178573608398438e+01,1.592451629638671875e+02,6.110000000000000000e+02
6.418599700927734375e+01,1.592451629638671875e+02,6.110000000000000000e+02
6.495634460449218750e+01,1.595057830810546875e+02,6.120000000000000000e+02
6.572885894775390625e+01,1.597664184570312500e+02,6.130000000000000000e+02
6.650355529785156250e+01,1.600270538330078125e+02,6.140000000000000000e+02
6.728042602539062500e+01,1.602876739501953125e+02,6.150000000000000000e+02
6.805947113037109375e+01,1.605483093261718750e+02,6.160000000000000000e+02
6.872911071777343750e+01,1.605483093261718750e+02,6.160000000000000000e+02
6.951141357421875000e+01,1.608089447021484375e+02,6.170000000000000000e+02
7.029589843750000000e+01,1.610695648193359375e+02,6.180000000000000000e+02
7.108255004882812500e+01,1.613302001953125000e+02,6.190000000000000000e+02
7.175545501708984375e+01,1.613302001953125000e+02,6.190000000000000000e+02
7.254536437988281250e+01,1.615908355712890625e+02,6.200000000000000000e+02
7.321936035156250000e+01,1.615908355712890625e+02,6.200000000000000000e+02
7.389334869384765625e+01,1.615908355712890625e+02,6.200000000000000000e+02
7.468762207031250000e+01,1.618514556884765625e+02,6.210000000000000000e+02
7.536270141601562500e+01,1.618514556884765625e+02,6.210000000000000000e+02
7.603778076171875000e+01,1.618514556884765625e+02,6.210000000000000000e+02
7.671286010742187500e+01,1.618514556884765625e+02,6.210000000000000000e+02
7.751255798339843750e+01,1.621120910644531250e+02,6.220000000000000000e+02
7.818871307373046875e+01,1.621120910644531250e+02,6.220000000000000000e+02
7.886488342285156250e+01,1.621120910644531250e+02,6.220000000000000000e+02
7.954104614257812500e+01,1.621120910644531250e+02,6.220000000000000000e+02
8.021722412109375000e+01,1.621120910644531250e+02,6.220000000000000000e+02
8.089339447021484375e+01,1.621120910644531250e+02,6.220000000000000000e+02
8.156955718994140625e+01,1.621120910644531250e+02,6.220000000000000000e+02
8.224572753906250000e+01,1.621120910644531250e+02,6.220000000000000000e+02
8.278857421875000000e+01,1.618514556884765625e+02,6.210000000000000000e+02
8.346365356445312500e+01,1.618514556884765625e+02,6.210000000000000000e+02
8.413873291015625000e+01,1.618514556884765625e+02,6.210000000000000000e+02
8.481381225585937500e+01,1.618514556884765625e+02,6.210000000000000000e+02
8.548889160156250000e+01,1.618514556884765625e+02,6.210000000000000000e+02
8.616397094726562500e+01,1.618514556884765625e+02,6.210000000000000000e+02
8.683905029296875000e+01,1.618514556884765625e+02,6.210000000000000000e+02
8.751412963867187500e+01,1.618514556884765625e+02,6.210000000000000000e+02
8.818920898437500000e+01,1.618514556884765625e+02,6.210000000000000000e+02
8.886428833007812500e+01,1.618514556884765625e+02,6.210000000000000000e+02
8.953936767578125000e+01,1.618514556884765625e+02,6.210000000000000000e+02
9.035972595214843750e+01,1.621120910644531250e+02,6.220000000000000000e+02
9.103588867187500000e+01,1.621120910644531250e+02,6.220000000000000000e+02
9.171205902099609375e+01,1.621120910644531250e+02,6.220000000000000000e+02
9.238822174072265625e+01,1.621120910644531250e+02,6.220000000000000000e+02
9.306439208984375000e+01,1.621120910644531250e+02,6.220000000000000000e+02
9.374055480957031250e+01,1.621120910644531250e+02,6.220000000000000000e+02
9.441672515869140625e+01,1.621120910644531250e+02,6.220000000000000000e+02
9.509288787841796875e+01,1.621120910644531250e+02,6.220000000000000000e+02
9.576905822753906250e+01,1.621120910644531250e+02,6.220000000000000000e+02
9.644522094726562500e+01,1.621120910644531250e+02,6.220000000000000000e+02
9.712139129638671875e+01,1.621120910644531250e+02,6.220000000000000000e+02
9.779755401611328125e+01,1.621120910644531250e+02,6.220000000000000000e+02
9.847372436523437500e+01,1.621120910644531250e+02,6.220000000000000000e+02
9.914988708496093750e+01,1.621120910644531250e+02,6.220000000000000000e+02
9.982605743408203125e+01,1.621120910644531250e+02,6.220000000000000000e+02
1.005022201538085938e+02,1.621120910644531250e+02,6.220000000000000000e+02
1.011783981323242188e+02,1.621120910644531250e+02,6.220000000000000000e+02
1.018545608520507812e+02,1.621120910644531250e+02,6.220000000000000000e+02
1.025307312011718750e+02,1.621120910644531250e+02,6.220000000000000000e+02
1.032068939208984375e+02,1.621120910644531250e+02,6.220000000000000000e+02
1.038830642700195312e+02,1.621120910644531250e+02,6.220000000000000000e+02
1.045592269897460938e+02,1.621120910644531250e+02,6.220000000000000000e+02
1.052353973388671875e+02,1.621120910644531250e+02,6.220000000000000000e+02
1.059115600585937500e+02,1.621120910644531250e+02,6.220000000000000000e+02
1.065877304077148438e+02,1.621120910644531250e+02,6.220000000000000000e+02
1.072638931274414062e+02,1.621120910644531250e+02,6.220000000000000000e+02
1.077665252685546875e+02,1.618514556884765625e+02,6.210000000000000000e+02
1.084416046142578125e+02,1.618514556884765625e+02,6.210000000000000000e+02
0.000000000000000000e+00,0.000000000000000000e+00,0.000000000000000000e+00
1.094381637573242188e+02,1.613302001953125000e+02,6.190000000000000000e+02
1.099331817626953125e+02,1.610695648193359375e+02,6.180000000000000000e+02
1.104260330200195312e+02,1.608089447021484375e+02,6.170000000000000000e+02
1.109167022705078125e+02,1.605483093261718750e+02,6.160000000000000000e+02
1.115863494873046875e+02,1.605483093261718750e+02,6.160000000000000000e+02
1.120737533569335938e+02,1.602876739501953125e+02,6.150000000000000000e+02
1.125589904785156250e+02,1.600270538330078125e+02,6.140000000000000000e+02
1.130420532226562500e+02,1.597664184570312500e+02,6.130000000000000000e+02
1.135229415893554688e+02,1.595057830810546875e+02,6.120000000000000000e+02
1.140016555786132812e+02,1.592451629638671875e+02,6.110000000000000000e+02
1.146658630371093750e+02,1.592451629638671875e+02,6.110000000000000000e+02
1.151413192749023438e+02,1.589845275878906250e+02,6.100000000000000000e+02
1.158044357299804688e+02,1.589845275878906250e+02,6.100000000000000000e+02
1.162766265869140625e+02,1.587238922119140625e+02,6.090000000000000000e+02
1.169386672973632812e+02,1.587238922119140625e+02,6.090000000000000000e+02
1.176007003784179688e+02,1.587238922119140625e+02,6.090000000000000000e+02
1.182627334594726562e+02,1.587238922119140625e+02,6.090000000000000000e+02
1.193153228759765625e+02,1.592451629638671875e+02,6.110000000000000000e+02
1.199795455932617188e+02,1.592451629638671875e+02,6.110000000000000000e+02
1.208412017822265625e+02,1.595057830810546875e+02,6.120000000000000000e+02
1.217050399780273438e+02,1.597664184570312500e+02,6.130000000000000000e+02
1.225710525512695312e+02,1.600270538330078125e+02,6.140000000000000000e+02
6.029926681518554688e+01,1.601713714599609375e+02,6.120000000000000000e+02
6.096456146240234375e+01,1.601713714599609375e+02,6.120000000000000000e+02
6.152915573120117188e+01,1.599096527099609375e+02,6.110000000000000000e+02
6.219336318969726562e+01,1.599096527099609375e+02,6.110000000000000000e+02
6.285757446289062500e+01,1.599096527099609375e+02,6.110000000000000000e+02
6.352178573608398438e+01,1.599096527099609375e+02,6.110000000000000000e+02
6.418599700927734375e+01,1.599096527099609375e+02,6.110000000000000000e+02
6.495634460449218750e+01,1.601713714599609375e+02,6.120000000000000000e+02
6.572885894775390625e+01,1.604330749511718750e+02,6.130000000000000000e+02
6.639524078369140625e+01,1.604330749511718750e+02,6.130000000000000000e+02
6.717102813720703125e+01,1.606947937011718750e+02,6.140000000000000000e+02
6.783849334716796875e+01,1.606947937011718750e+02,6.140000000000000000e+02
6.861753845214843750e+01,1.609565124511718750e+02,6.150000000000000000e+02
6.939875793457031250e+01,1.612182312011718750e+02,6.160000000000000000e+02
7.018214416503906250e+01,1.614799499511718750e+02,6.170000000000000000e+02
7.096771240234375000e+01,1.617416687011718750e+02,6.180000000000000000e+02
7.163953399658203125e+01,1.617416687011718750e+02,6.180000000000000000e+02
7.242835998535156250e+01,1.620033874511718750e+02,6.190000000000000000e+02
7.310126495361328125e+01,1.620033874511718750e+02,6.190000000000000000e+02
7.377416992187500000e+01,1.620033874511718750e+02,6.190000000000000000e+02
7.444707489013671875e+01,1.620033874511718750e+02,6.190000000000000000e+02
7.524134063720703125e+01,1.622651062011718750e+02,6.200000000000000000e+02
7.591533660888671875e+01,1.622651062011718750e+02,6.200000000000000000e+02
7.671286010742187500e+01,1.625268249511718750e+02,6.210000000000000000e+02
7.738793945312500000e+01,1.625268249511718750e+02,6.210000000000000000e+02
7.806301116943359375e+01,1.625268249511718750e+02,6.210000000000000000e+02
7.873809051513671875e+01,1.625268249511718750e+02,6.210000000000000000e+02
7.954104614257812500e+01,1.627885437011718750e+02,6.220000000000000000e+02
8.021722412109375000e+01,1.627885437011718750e+02,6.220000000000000000e+02
8.089339447021484375e+01,1.627885437011718750e+02,6.220000000000000000e+02
8.156955718994140625e+01,1.627885437011718750e+02,6.220000000000000000e+02
8.211349487304687500e+01,1.625268249511718750e+02,6.210000000000000000e+02
8.278857421875000000e+01,1.625268249511718750e+02,6.210000000000000000e+02
8.346365356445312500e+01,1.625268249511718750e+02,6.210000000000000000e+02
8.413873291015625000e+01,1.625268249511718750e+02,6.210000000000000000e+02
8.467723846435546875e+01,1.622651062011718750e+02,6.200000000000000000e+02
8.535122680664062500e+01,1.622651062011718750e+02,6.200000000000000000e+02
8.602522277832031250e+01,1.622651062011718750e+02,6.200000000000000000e+02
8.669921875000000000e+01,1.622651062011718750e+02,6.200000000000000000e+02
8.737320709228515625e+01,1.622651062011718750e+02,6.200000000000000000e+02
8.818920898437500000e+01,1.625268249511718750e+02,6.210000000000000000e+02
8.886428833007812500e+01,1.625268249511718750e+02,6.210000000000000000e+02
8.953936767578125000e+01,1.625268249511718750e+02,6.210000000000000000e+02
9.021444702148437500e+01,1.625268249511718750e+02,6.210000000000000000e+02
9.088952636718750000e+01,1.625268249511718750e+02,6.210000000000000000e+02
9.156460571289062500e+01,1.625268249511718750e+02,6.210000000000000000e+02
9.223968505859375000e+01,1.625268249511718750e+02,6.210000000000000000e+02
9.291476440429687500e+01,1.625268249511718750e+02,6.210000000000000000e+02
9.374055480957031250e+01,1.627885437011718750e+02,6.220000000000000000e+02
9.426492309570312500e+01,1.625268249511718750e+02,6.210000000000000000e+02
9.494000244140625000e+01,1.625268249511718750e+02,6.210000000000000000e+02
9.561508178710937500e+01,1.625268249511718750e+02,6.210000000000000000e+02
9.629016113281250000e+01,1.625268249511718750e+02,6.210000000000000000e+02
9.696524047851562500e+01,1.625268249511718750e+02,6.210000000000000000e+02
9.764031982421875000e+01,1.625268249511718750e+02,6.210000000000000000e+02
9.831539916992187500e+01,1.625268249511718750e+02,6.210000000000000000e+02
9.899047851562500000e+01,1.625268249511718750e+02,6.210000000000000000e+02
9.966555786132812500e+01,1.625268249511718750e+02,6.210000000000000000e+02
1.003406372070312500e+02,1.625268249511718750e+02,6.210000000000000000e+02
1.010157318115234375e+02,1.625268249511718750e+02,6.210000000000000000e+02
1.016908111572265625e+02,1.625268249511718750e+02,6.210000000000000000e+02
1.023658905029296875e+02,1.625268249511718750e+02,6.210000000000000000e+02
1.030409698486328125e+02,1.625268249511718750e+02,6.210000000000000000e+02
1.035490341186523438e+02,1.622651062011718750e+02,6.200000000000000000e+02
1.042230224609375000e+02,1.622651062011718750e+02,6.200000000000000000e+02
1.048970184326171875e+02,1.622651062011718750e+02,6.200000000000000000e+02
1.055710067749023438e+02,1.622651062011718750e+02,6.200000000000000000e+02
1.062450027465820312e+02,1.622651062011718750e+02,6.200000000000000000e+02
1.069189910888671875e+02,1.622651062011718750e+02,6.200000000000000000e+02
1.074194488525390625e+02,1.620033874511718750e+02,6.190000000000000000e+02
1.080923538208007812e+02,1.620033874511718750e+02,6.190000000000000000e+02
1.087652587890625000e+02,1.620033874511718750e+02,6.190000000000000000e+02
1.092613677978515625e+02,1.617416687011718750e+02,6.180000000000000000e+02
1.097553024291992188e+02,1.614799499511718750e+02,6.170000000000000000e+02
1.102470550537109375e+02,1.612182312011718750e+02,6.160000000000000000e+02
1.107366409301757812e+02,1.609565124511718750e+02,6.150000000000000000e+02
1.112240524291992188e+02,1.606947937011718750e+02,6.140000000000000000e+02
1.118915252685546875e+02,1.606947937011718750e+02,6.140000000000000000e+02
1.123756713867187500e+02,1.604330749511718750e+02,6.130000000000000000e+02
1.128576431274414062e+02,1.601713714599609375e+02,6.120000000000000000e+02
1.133374481201171875e+02,1.599096527099609375e+02,6.110000000000000000e+02
1.138150711059570312e+02,1.596479339599609375e+02,6.100000000000000000e+02
1.144781951904296875e+02,1.596479339599609375e+02,6.100000000000000000e+02
1.149525604248046875e+02,1.593862152099609375e+02,6.090000000000000000e+02
1.156145935058593750e+02,1.593862152099609375e+02,6.090000000000000000e+02
1.162766265869140625e+02,1.593862152099609375e+02,6.090000000000000000e+02
1.169386672973632812e+02,1.593862152099609375e+02,6.090000000000000000e+02
1.176007003784179688e+02,1.593862152099609375e+02,6.090000000000000000e+02
1.184569244384765625e+02,1.596479339599609375e+02,6.100000000000000000e+02
1.193153228759765625e+02,1.599096527099609375e+02,6.110000000000000000e+02
1.201759109497070312e+02,1.601713714599609375e+02,6.120000000000000000e+02
1.210386581420898438e+02,1.604330749511718750e+02,6.130000000000000000e+02
1.219035797119140625e+02,1.606947937011718750e+02,6.140000000000000000e+02
6.096456146240234375e+01,1.608369293212890625e+02,6.120000000000000000e+02
6.162985992431640625e+01,1.608369293212890625e+02,6.120000000000000000e+02
6.229515457153320312e+01,1.608369293212890625e+02,6.120000000000000000e+02
6.285757446289062500e+01,1.605741119384765625e+02,6.110000000000000000e+02
6.352178573608398438e+01,1.605741119384765625e+02,6.110000000000000000e+02
6.418599700927734375e+01,1.605741119384765625e+02,6.110000000000000000e+02
6.485020446777343750e+01,1.605741119384765625e+02,6.110000000000000000e+02
6.562163543701171875e+01,1.608369293212890625e+02,6.120000000000000000e+02
6.628693389892578125e+01,1.608369293212890625e+02,6.120000000000000000e+02
6.706163024902343750e+01,1.610997314453125000e+02,6.130000000000000000e+02
6.783849334716796875e+01,1.613625335693359375e+02,6.140000000000000000e+02
6.850596618652343750e+01,1.613625335693359375e+02,6.140000000000000000e+02
6.928609466552734375e+01,1.616253356933593750e+02,6.150000000000000000e+02
7.006839752197265625e+01,1.618881530761718750e+02,6.160000000000000000e+02
7.073804473876953125e+01,1.618881530761718750e+02,6.160000000000000000e+02
7.152361297607421875e+01,1.621509552001953125e+02,6.170000000000000000e+02
7.231134796142578125e+01,1.624137573242187500e+02,6.180000000000000000e+02
7.298316955566406250e+01,1.624137573242187500e+02,6.180000000000000000e+02
7.365498352050781250e+01,1.624137573242187500e+02,6.180000000000000000e+02
7.444707489013671875e+01,1.626765594482421875e+02,6.190000000000000000e+02
7.511998748779296875e+01,1.626765594482421875e+02,6.190000000000000000e+02
7.591533660888671875e+01,1.629393615722656250e+02,6.200000000000000000e+02
7.658932495117187500e+01,1.629393615722656250e+02,6.200000000000000000e+02
7.726332092285156250e+01,1.629393615722656250e+02,6.200000000000000000e+02
7.806301116943359375e+01,1.632021789550781250e+02,6.210000000000000000e+02
7.873809051513671875e+01,1.632021789550781250e+02,6.210000000000000000e+02
7.941316986083984375e+01,1.632021789550781250e+02,6.210000000000000000e+02
8.008825683593750000e+01,1.632021789550781250e+02,6.210000000000000000e+02
8.076333618164062500e+01,1.632021789550781250e+02,6.210000000000000000e+02
8.143841552734375000e+01,1.632021789550781250e+02,6.210000000000000000e+02
8.211349487304687500e+01,1.632021789550781250e+02,6.210000000000000000e+02
8.278857421875000000e+01,1.632021789550781250e+02,6.210000000000000000e+02
8.332925415039062500e+01,1.629393615722656250e+02,6.200000000000000000e+02
8.400324249267578125e+01,1.629393615722656250e+02,6.200000000000000000e+02
8.467723846435546875e+01,1.629393615722656250e+02,6.200000000000000000e+02
8.535122680664062500e+01,1.629393615722656250e+02,6.200000000000000000e+02
8.602522277832031250e+01,1.629393615722656250e+02,6.200000000000000000e+02
8.669921875000000000e+01,1.629393615722656250e+02,6.200000000000000000e+02
8.737320709228515625e+01,1.629393615722656250e+02,6.200000000000000000e+02
8.804720306396484375e+01,1.629393615722656250e+02,6.200000000000000000e+02
8.872119140625000000e+01,1.629393615722656250e+02,6.200000000000000000e+02
8.953936767578125000e+01,1.632021789550781250e+02,6.210000000000000000e+02
9.021444702148437500e+01,1.632021789550781250e+02,6.210000000000000000e+02
9.088952636718750000e+01,1.632021789550781250e+02,6.210000000000000000e+02
9.156460571289062500e+01,1.632021789550781250e+02,6.210000000000000000e+02
9.223968505859375000e+01,1.632021789550781250e+02,6.210000000000000000e+02
9.291476440429687500e+01,1.632021789550781250e+02,6.210000000000000000e+02
9.358984375000000000e+01,1.632021789550781250e+02,6.210000000000000000e+02
9.426492309570312500e+01,1.632021789550781250e+02,6.210000000000000000e+02
9.494000244140625000e+01,1.632021789550781250e+02,6.210000000000000000e+02
9.561508178710937500e+01,1.632021789550781250e+02,6.210000000000000000e+02
9.629016113281250000e+01,1.632021789550781250e+02,6.210000000000000000e+02
9.696524047851562500e+01,1.632021789550781250e+02,6.210000000000000000e+02
9.748309326171875000e+01,1.629393615722656250e+02,6.200000000000000000e+02
9.815708160400390625e+01,1.629393615722656250e+02,6.200000000000000000e+02
9.883107757568359375e+01,1.629393615722656250e+02,6.200000000000000000e+02
9.950506591796875000e+01,1.629393615722656250e+02,6.200000000000000000e+02
1.001790618896484375e+02,1.629393615722656250e+02,6.200000000000000000e+02
1.008530654907226562e+02,1.629393615722656250e+02,6.200000000000000000e+02
1.015270538330078125e+02,1.629393615722656250e+02,6.200000000000000000e+02
1.022010498046875000e+02,1.629393615722656250e+02,6.200000000000000000e+02
1.028750381469726562e+02,1.629393615722656250e+02,6.200000000000000000e+02
1.035490341186523438e+02,1.629393615722656250e+02,6.200000000000000000e+02
1.042230224609375000e+02,1.629393615722656250e+02,6.200000000000000000e+02
1.047278289794921875e+02,1.626765594482421875e+02,6.190000000000000000e+02
1.054007339477539062e+02,1.626765594482421875e+02,6.190000000000000000e+02
1.060736389160156250e+02,1.626765594482421875e+02,6.190000000000000000e+02
1.067465438842773438e+02,1.626765594482421875e+02,6.190000000000000000e+02
1.074194488525390625e+02,1.626765594482421875e+02,6.190000000000000000e+02
1.079177322387695312e+02,1.624137573242187500e+02,6.180000000000000000e+02
1.085895462036132812e+02,1.624137573242187500e+02,6.180000000000000000e+02
1.090845718383789062e+02,1.621509552001953125e+02,6.170000000000000000e+02
1.095774154663085938e+02,1.618881530761718750e+02,6.160000000000000000e+02
1.100680847167968750e+02,1.616253356933593750e+02,6.150000000000000000e+02
1.105565795898437500e+02,1.613625335693359375e+02,6.140000000000000000e+02
1.112240524291992188e+02,1.613625335693359375e+02,6.140000000000000000e+02
1.117092895507812500e+02,1.610997314453125000e+02,6.130000000000000000e+02
1.121923522949218750e+02,1.608369293212890625e+02,6.120000000000000000e+02
1.126732406616210938e+02,1.605741119384765625e+02,6.110000000000000000e+02
1.131519546508789062e+02,1.603113098144531250e+02,6.100000000000000000e+02
1.138150711059570312e+02,1.603113098144531250e+02,6.100000000000000000e+02
1.142905273437500000e+02,1.600485076904296875e+02,6.090000000000000000e+02
1.149525604248046875e+02,1.600485076904296875e+02,6.090000000000000000e+02
1.156145935058593750e+02,1.600485076904296875e+02,6.090000000000000000e+02
1.162766265869140625e+02,1.600485076904296875e+02,6.090000000000000000e+02
1.169386672973632812e+02,1.600485076904296875e+02,6.090000000000000000e+02
1.177938003540039062e+02,1.603113098144531250e+02,6.100000000000000000e+02
1.186511154174804688e+02,1.605741119384765625e+02,6.110000000000000000e+02
1.195106048583984375e+02,1.608369293212890625e+02,6.120000000000000000e+02
1.203722763061523438e+02,1.610997314453125000e+02,6.130000000000000000e+02
1.212361068725585938e+02,1.613625335693359375e+02,6.140000000000000000e+02
6.162985992431640625e+01,1.615025024414062500e+02,6.120000000000000000e+02
6.229515457153320312e+01,1.615025024414062500e+02,6.120000000000000000e+02
6.296044921875000000e+01,1.615025024414062500e+02,6.120000000000000000e+02
6.362575149536132812e+01,1.615025024414062500e+02,6.120000000000000000e+02
6.418599700927734375e+01,1.612386169433593750e+02,6.110000000000000000e+02
6.485020446777343750e+01,1.612386169433593750e+02,6.110000000000000000e+02
6.562163543701171875e+01,1.615025024414062500e+02,6.120000000000000000e+02
6.628693389892578125e+01,1.615025024414062500e+02,6.120000000000000000e+02
6.695222473144531250e+01,1.615025024414062500e+02,6.120000000000000000e+02
6.761752319335937500e+01,1.615025024414062500e+02,6.120000000000000000e+02
6.839439392089843750e+01,1.617664031982421875e+02,6.130000000000000000e+02
6.917343902587890625e+01,1.620302886962890625e+02,6.140000000000000000e+02
6.984090423583984375e+01,1.620302886962890625e+02,6.140000000000000000e+02
7.062320709228515625e+01,1.622941741943359375e+02,6.150000000000000000e+02
7.129176330566406250e+01,1.622941741943359375e+02,6.150000000000000000e+02
7.207733154296875000e+01,1.625580749511718750e+02,6.160000000000000000e+02
7.286507415771484375e+01,1.628219604492187500e+02,6.170000000000000000e+02
7.353580474853515625e+01,1.628219604492187500e+02,6.170000000000000000e+02
7.432680511474609375e+01,1.630858612060546875e+02,6.180000000000000000e+02
7.499862670898437500e+01,1.630858612060546875e+02,6.180000000000000000e+02
7.579289245605468750e+01,1.633497467041015625e+02,6.190000000000000000e+02
7.646579742431640625e+01,1.633497467041015625e+02,6.190000000000000000e+02
7.726332092285156250e+01,1.636136474609375000e+02,6.200000000000000000e+02
7.793730926513671875e+01,1.636136474609375000e+02,6.200000000000000000e+02
7.861129760742187500e+01,1.636136474609375000e+02,6.200000000000000000e+02
7.928529357910156250e+01,1.636136474609375000e+02,6.200000000000000000e+02
7.995928955078125000e+01,1.636136474609375000e+02,6.200000000000000000e+02
8.076333618164062500e+01,1.638775329589843750e+02,6.210000000000000000e+02
8.143841552734375000e+01,1.638775329589843750e+02,6.210000000000000000e+02
8.198126983642578125e+01,1.636136474609375000e+02,6.200000000000000000e+02
8.265525817871093750e+01,1.636136474609375000e+02,6.200000000000000000e+02
8.332925415039062500e+01,1.636136474609375000e+02,6.200000000000000000e+02
8.400324249267578125e+01,1.636136474609375000e+02,6.200000000000000000e+02
8.467723846435546875e+01,1.636136474609375000e+02,6.200000000000000000e+02
8.535122680664062500e+01,1.636136474609375000e+02,6.200000000000000000e+02
8.602522277832031250e+01,1.636136474609375000e+02,6.200000000000000000e+02
8.669921875000000000e+01,1.636136474609375000e+02,6.200000000000000000e+02
8.737320709228515625e+01,1.636136474609375000e+02,6.200000000000000000e+02
8.804720306396484375e+01,1.636136474609375000e+02,6.200000000000000000e+02
8.872119140625000000e+01,1.636136474609375000e+02,6.200000000000000000e+02
8.939518737792968750e+01,1.636136474609375000e+02,6.200000000000000000e+02
9.006917572021484375e+01,1.636136474609375000e+02,6.200000000000000000e+02
9.074317169189453125e+01,1.636136474609375000e+02,6.200000000000000000e+02
9.141716003417968750e+01,1.636136474609375000e+02,6.200000000000000000e+02
9.209115600585937500e+01,1.636136474609375000e+02,6.200000000000000000e+02
9.276514434814453125e+01,1.636136474609375000e+02,6.200000000000000000e+02
9.343914031982421875e+01,1.636136474609375000e+02,6.200000000000000000e+02
9.411312866210937500e+01,1.636136474609375000e+02,6.200000000000000000e+02
9.478712463378906250e+01,1.636136474609375000e+02,6.200000000000000000e+02
9.546111297607421875e+01,1.636136474609375000e+02,6.200000000000000000e+02
9.598004913330078125e+01,1.633497467041015625e+02,6.190000000000000000e+02
9.665295410156250000e+01,1.633497467041015625e+02,6.190000000000000000e+02
9.732585906982421875e+01,1.633497467041015625e+02,6.190000000000000000e+02
9.799876403808593750e+01,1.633497467041015625e+02,6.190000000000000000e+02
9.867166900634765625e+01,1.633497467041015625e+02,6.190000000000000000e+02
9.934457397460937500e+01,1.633497467041015625e+02,6.190000000000000000e+02
1.000174865722656250e+02,1.633497467041015625e+02,6.190000000000000000e+02
1.006903991699218750e+02,1.633497467041015625e+02,6.190000000000000000e+02
1.013633041381835938e+02,1.633497467041015625e+02,6.190000000000000000e+02
1.020362091064453125e+02,1.633497467041015625e+02,6.190000000000000000e+02
1.027091140747070312e+02,1.633497467041015625e+02,6.190000000000000000e+02
1.033820190429687500e+02,1.633497467041015625e+02,6.190000000000000000e+02
1.040549240112304688e+02,1.633497467041015625e+02,6.190000000000000000e+02
1.047278289794921875e+02,1.633497467041015625e+02,6.190000000000000000e+02
1.052304611206054688e+02,1.630858612060546875e+02,6.180000000000000000e+02
1.059022750854492188e+02,1.630858612060546875e+02,6.180000000000000000e+02
1.065740966796875000e+02,1.630858612060546875e+02,6.180000000000000000e+02
1.070723724365234375e+02,1.628219604492187500e+02,6.170000000000000000e+02
1.077431030273437500e+02,1.628219604492187500e+02,6.170000000000000000e+02
1.082381286621093750e+02,1.625580749511718750e+02,6.160000000000000000e+02
1.089077682495117188e+02,1.625580749511718750e+02,6.160000000000000000e+02
1.093995285034179688e+02,1.622941741943359375e+02,6.150000000000000000e+02
1.098891143798828125e+02,1.620302886962890625e+02,6.140000000000000000e+02
1.103765258789062500e+02,1.617664031982421875e+02,6.130000000000000000e+02
1.110429077148437500e+02,1.617664031982421875e+02,6.130000000000000000e+02
1.115270538330078125e+02,1.615025024414062500e+02,6.120000000000000000e+02
1.120090332031250000e+02,1.612386169433593750e+02,6.110000000000000000e+02
1.124888305664062500e+02,1.609747161865234375e+02,6.100000000000000000e+02
1.131519546508789062e+02,1.609747161865234375e+02,6.100000000000000000e+02
1.136284942626953125e+02,1.607108306884765625e+02,6.090000000000000000e+02
1.142905273437500000e+02,1.607108306884765625e+02,6.090000000000000000e+02
1.149525604248046875e+02,1.607108306884765625e+02,6.090000000000000000e+02
1.156145935058593750e+02,1.607108306884765625e+02,6.090000000000000000e+02
1.164675598144531250e+02,1.609747161865234375e+02,6.100000000000000000e+02
1.171306838989257812e+02,1.609747161865234375e+02,6.100000000000000000e+02
1.177938003540039062e+02,1.609747161865234375e+02,6.100000000000000000e+02
1.188453063964843750e+02,1.615025024414062500e+02,6.120000000000000000e+02
1.197058792114257812e+02,1.617664031982421875e+02,6.130000000000000000e+02
1.205686416625976562e+02,1.620302886962890625e+02,6.140000000000000000e+02
6.296044921875000000e+01,1.621680603027343750e+02,6.120000000000000000e+02
6.362575149536132812e+01,1.621680603027343750e+02,6.120000000000000000e+02
6.429104614257812500e+01,1.621680603027343750e+02,6.120000000000000000e+02
6.485020446777343750e+01,1.619030761718750000e+02,6.110000000000000000e+02
6.562163543701171875e+01,1.621680603027343750e+02,6.120000000000000000e+02
6.628693389892578125e+01,1.621680603027343750e+02,6.120000000000000000e+02
6.695222473144531250e+01,1.621680603027343750e+02,6.120000000000000000e+02
6.761752319335937500e+01,1.621680603027343750e+02,6.120000000000000000e+02
6.828282165527343750e+01,1.621680603027343750e+02,6.120000000000000000e+02
6.906077575683593750e+01,1.624330444335937500e+02,6.130000000000000000e+02
6.972715759277343750e+01,1.624330444335937500e+02,6.130000000000000000e+02
7.050837707519531250e+01,1.626980285644531250e+02,6.140000000000000000e+02
7.117584228515625000e+01,1.626980285644531250e+02,6.140000000000000000e+02
7.184331512451171875e+01,1.626980285644531250e+02,6.140000000000000000e+02
7.262888336181640625e+01,1.629629974365234375e+02,6.150000000000000000e+02
7.341661834716796875e+01,1.632279815673828125e+02,6.160000000000000000e+02
7.408626556396484375e+01,1.632279815673828125e+02,6.160000000000000000e+02
7.487727355957031250e+01,1.634929656982421875e+02,6.170000000000000000e+02
7.554800415039062500e+01,1.634929656982421875e+02,6.170000000000000000e+02
7.634226226806640625e+01,1.637579498291015625e+02,6.180000000000000000e+02
7.713870239257812500e+01,1.640229339599609375e+02,6.190000000000000000e+02
7.781159973144531250e+01,1.640229339599609375e+02,6.190000000000000000e+02
7.848450469970703125e+01,1.640229339599609375e+02,6.190000000000000000e+02
7.915740966796875000e+01,1.640229339599609375e+02,6.190000000000000000e+02
7.995928955078125000e+01,1.642879028320312500e+02,6.200000000000000000e+02
8.063328552246093750e+01,1.642879028320312500e+02,6.200000000000000000e+02
8.130727386474609375e+01,1.642879028320312500e+02,6.200000000000000000e+02
8.198126983642578125e+01,1.642879028320312500e+02,6.200000000000000000e+02
8.265525817871093750e+01,1.642879028320312500e+02,6.200000000000000000e+02
8.332925415039062500e+01,1.642879028320312500e+02,6.200000000000000000e+02
8.400324249267578125e+01,1.642879028320312500e+02,6.200000000000000000e+02
8.467723846435546875e+01,1.642879028320312500e+02,6.200000000000000000e+02
8.535122680664062500e+01,1.642879028320312500e+02,6.200000000000000000e+02
8.588647460937500000e+01,1.640229339599609375e+02,6.190000000000000000e+02
8.655937957763671875e+01,1.640229339599609375e+02,6.190000000000000000e+02
8.723228454589843750e+01,1.640229339599609375e+02,6.190000000000000000e+02
8.790518951416015625e+01,1.640229339599609375e+02,6.190000000000000000e+02
8.857809448242187500e+01,1.640229339599609375e+02,6.190000000000000000e+02
8.925099945068359375e+01,1.640229339599609375e+02,6.190000000000000000e+02
8.992390441894531250e+01,1.640229339599609375e+02,6.190000000000000000e+02
9.059680938720703125e+01,1.640229339599609375e+02,6.190000000000000000e+02
9.126971435546875000e+01,1.640229339599609375e+02,6.190000000000000000e+02
9.194261932373046875e+01,1.640229339599609375e+02,6.190000000000000000e+02
9.261552429199218750e+01,1.640229339599609375e+02,6.190000000000000000e+02
9.328842926025390625e+01,1.640229339599609375e+02,6.190000000000000000e+02
9.396133422851562500e+01,1.640229339599609375e+02,6.190000000000000000e+02
9.463423919677734375e+01,1.640229339599609375e+02,6.190000000000000000e+02
9.530714416503906250e+01,1.640229339599609375e+02,6.190000000000000000e+02
9.598004913330078125e+01,1.640229339599609375e+02,6.190000000000000000e+02
9.665295410156250000e+01,1.640229339599609375e+02,6.190000000000000000e+02
9.732585906982421875e+01,1.640229339599609375e+02,6.190000000000000000e+02
9.799876403808593750e+01,1.640229339599609375e+02,6.190000000000000000e+02
9.867166900634765625e+01,1.640229339599609375e+02,6.190000000000000000e+02
9.934457397460937500e+01,1.640229339599609375e+02,6.190000000000000000e+02
9.985590362548828125e+01,1.637579498291015625e+02,6.180000000000000000e+02
1.006903991699218750e+02,1.640229339599609375e+02,6.190000000000000000e+02
1.011995468139648438e+02,1.637579498291015625e+02,6.180000000000000000e+02
1.018713684082031250e+02,1.637579498291015625e+02,6.180000000000000000e+02
1.025431823730468750e+02,1.637579498291015625e+02,6.180000000000000000e+02
1.032150039672851562e+02,1.637579498291015625e+02,6.180000000000000000e+02
1.038868255615234375e+02,1.637579498291015625e+02,6.180000000000000000e+02
1.045586395263671875e+02,1.637579498291015625e+02,6.180000000000000000e+02
1.052304611206054688e+02,1.637579498291015625e+02,6.180000000000000000e+02
1.057309112548828125e+02,1.634929656982421875e+02,6.170000000000000000e+02
1.064016418457031250e+02,1.634929656982421875e+02,6.170000000000000000e+02
1.068988418579101562e+02,1.632279815673828125e+02,6.160000000000000000e+02
1.075684814453125000e+02,1.632279815673828125e+02,6.160000000000000000e+02
1.082381286621093750e+02,1.632279815673828125e+02,6.160000000000000000e+02
1.087309722900390625e+02,1.629629974365234375e+02,6.150000000000000000e+02
1.092216415405273438e+02,1.626980285644531250e+02,6.140000000000000000e+02
1.097101440429687500e+02,1.624330444335937500e+02,6.130000000000000000e+02
1.101964645385742188e+02,1.621680603027343750e+02,6.120000000000000000e+02
1.108617630004882812e+02,1.621680603027343750e+02,6.120000000000000000e+02
1.113448181152343750e+02,1.619030761718750000e+02,6.110000000000000000e+02
1.118257064819335938e+02,1.616381072998046875e+02,6.100000000000000000e+02
1.124888305664062500e+02,1.616381072998046875e+02,6.100000000000000000e+02
1.131519546508789062e+02,1.616381072998046875e+02,6.100000000000000000e+02
1.136284942626953125e+02,1.613731231689453125e+02,6.090000000000000000e+02
1.142905273437500000e+02,1.613731231689453125e+02,6.090000000000000000e+02
1.151413192749023438e+02,1.616381072998046875e+02,6.100000000000000000e+02
1.158044357299804688e+02,1.616381072998046875e+02,6.100000000000000000e+02
1.164675598144531250e+02,1.616381072998046875e+02,6.100000000000000000e+02
1.173227005004882812e+02,1.619030761718750000e+02,6.110000000000000000e+02
1.181800155639648438e+02,1.621680603027343750e+02,6.120000000000000000e+02
1.190394973754882812e+02,1.624330444335937500e+02,6.130000000000000000e+02
1.199011611938476562e+02,1.626980285644531250e+02,6.140000000000000000e+02
6.429104614257812500e+01,1.628336486816406250e+02,6.120000000000000000e+02
6.485020446777343750e+01,1.625675659179687500e+02,6.110000000000000000e+02
6.551441192626953125e+01,1.625675659179687500e+02,6.110000000000000000e+02
6.617861938476562500e+01,1.625675659179687500e+02,6.110000000000000000e+02
6.684282684326171875e+01,1.625675659179687500e+02,6.110000000000000000e+02
6.750703430175781250e+01,1.625675659179687500e+02,6.110000000000000000e+02
6.817124938964843750e+01,1.625675659179687500e+02,6.110000000000000000e+02
6.894811248779296875e+01,1.628336486816406250e+02,6.120000000000000000e+02
6.961341094970703125e+01,1.628336486816406250e+02,6.120000000000000000e+02
7.027870941162109375e+01,1.628336486816406250e+02,6.120000000000000000e+02
7.105992126464843750e+01,1.630997161865234375e+02,6.130000000000000000e+02
7.172630310058593750e+01,1.630997161865234375e+02,6.130000000000000000e+02
7.251078796386718750e+01,1.633657836914062500e+02,6.140000000000000000e+02
7.317825317382812500e+01,1.633657836914062500e+02,6.140000000000000000e+02
7.396599578857421875e+01,1.636318511962890625e+02,6.150000000000000000e+02
7.475591278076171875e+01,1.638979187011718750e+02,6.160000000000000000e+02
7.542555999755859375e+01,1.638979187011718750e+02,6.160000000000000000e+02
7.621873474121093750e+01,1.641639862060546875e+02,6.170000000000000000e+02
7.688946533203125000e+01,1.641639862060546875e+02,6.170000000000000000e+02
7.768589782714843750e+01,1.644300537109375000e+02,6.180000000000000000e+02
7.835771179199218750e+01,1.644300537109375000e+02,6.180000000000000000e+02
7.915740966796875000e+01,1.646961212158203125e+02,6.190000000000000000e+02
7.983032226562500000e+01,1.646961212158203125e+02,6.190000000000000000e+02
8.037317657470703125e+01,1.644300537109375000e+02,6.180000000000000000e+02
8.117613220214843750e+01,1.646961212158203125e+02,6.190000000000000000e+02
8.184903717041015625e+01,1.646961212158203125e+02,6.190000000000000000e+02
8.252194976806640625e+01,1.646961212158203125e+02,6.190000000000000000e+02
8.319485473632812500e+01,1.646961212158203125e+02,6.190000000000000000e+02
8.386775970458984375e+01,1.646961212158203125e+02,6.190000000000000000e+02
8.454066467285156250e+01,1.646961212158203125e+02,6.190000000000000000e+02
8.521356964111328125e+01,1.646961212158203125e+02,6.190000000000000000e+02
8.588647460937500000e+01,1.646961212158203125e+02,6.190000000000000000e+02
8.655937957763671875e+01,1.646961212158203125e+02,6.190000000000000000e+02
8.723228454589843750e+01,1.646961212158203125e+02,6.190000000000000000e+02
8.790518951416015625e+01,1.646961212158203125e+02,6.190000000000000000e+02
8.857809448242187500e+01,1.646961212158203125e+02,6.190000000000000000e+02
8.925099945068359375e+01,1.646961212158203125e+02,6.190000000000000000e+02
8.992390441894531250e+01,1.646961212158203125e+02,6.190000000000000000e+02
9.059680938720703125e+01,1.646961212158203125e+02,6.190000000000000000e+02
9.126971435546875000e+01,1.646961212158203125e+02,6.190000000000000000e+02
9.179408264160156250e+01,1.644300537109375000e+02,6.180000000000000000e+02
9.246590423583984375e+01,1.644300537109375000e+02,6.180000000000000000e+02
9.313771820068359375e+01,1.644300537109375000e+02,6.180000000000000000e+02
9.380953979492187500e+01,1.644300537109375000e+02,6.180000000000000000e+02
9.448136138916015625e+01,1.644300537109375000e+02,6.180000000000000000e+02
9.515317535400390625e+01,1.644300537109375000e+02,6.180000000000000000e+02
9.582499694824218750e+01,1.644300537109375000e+02,6.180000000000000000e+02
9.649681091308593750e+01,1.644300537109375000e+02,6.180000000000000000e+02
9.716863250732421875e+01,1.644300537109375000e+02,6.180000000000000000e+02
9.784044647216796875e+01,1.644300537109375000e+02,6.180000000000000000e+02
9.851226806640625000e+01,1.644300537109375000e+02,6.180000000000000000e+02
9.918408203125000000e+01,1.644300537109375000e+02,6.180000000000000000e+02
9.985590362548828125e+01,1.644300537109375000e+02,6.180000000000000000e+02
1.005277328491210938e+02,1.644300537109375000e+02,6.180000000000000000e+02
1.011995468139648438e+02,1.644300537109375000e+02,6.180000000000000000e+02
1.017065277099609375e+02,1.641639862060546875e+02,6.170000000000000000e+02
1.023772583007812500e+02,1.641639862060546875e+02,6.170000000000000000e+02
1.030479888916015625e+02,1.641639862060546875e+02,6.170000000000000000e+02
1.037187194824218750e+02,1.641639862060546875e+02,6.170000000000000000e+02
1.043894500732421875e+02,1.641639862060546875e+02,6.170000000000000000e+02
1.050601806640625000e+02,1.641639862060546875e+02,6.170000000000000000e+02
1.055595474243164062e+02,1.638979187011718750e+02,6.160000000000000000e+02
1.062291946411132812e+02,1.638979187011718750e+02,6.160000000000000000e+02
1.067253036499023438e+02,1.636318511962890625e+02,6.150000000000000000e+02
1.073938598632812500e+02,1.636318511962890625e+02,6.150000000000000000e+02
1.078867034912109375e+02,1.633657836914062500e+02,6.140000000000000000e+02
1.085541763305664062e+02,1.633657836914062500e+02,6.140000000000000000e+02
1.090437545776367188e+02,1.630997161865234375e+02,6.130000000000000000e+02
1.095311660766601562e+02,1.628336486816406250e+02,6.120000000000000000e+02
1.101964645385742188e+02,1.628336486816406250e+02,6.120000000000000000e+02
1.106806106567382812e+02,1.625675659179687500e+02,6.110000000000000000e+02
1.113448181152343750e+02,1.625675659179687500e+02,6.110000000000000000e+02
1.118257064819335938e+02,1.623014984130859375e+02,6.100000000000000000e+02
1.124888305664062500e+02,1.623014984130859375e+02,6.100000000000000000e+02
1.131519546508789062e+02,1.623014984130859375e+02,6.100000000000000000e+02
1.138150711059570312e+02,1.623014984130859375e+02,6.100000000000000000e+02
1.144781951904296875e+02,1.623014984130859375e+02,6.100000000000000000e+02
1.151413192749023438e+02,1.623014984130859375e+02,6.100000000000000000e+02
1.158044357299804688e+02,1.623014984130859375e+02,6.100000000000000000e+02
1.166584930419921875e+02,1.625675659179687500e+02,6.110000000000000000e+02
1.175147171020507812e+02,1.628336486816406250e+02,6.120000000000000000e+02
1.183731155395507812e+02,1.630997161865234375e+02,6.130000000000000000e+02
1.192336883544921875e+02,1.633657836914062500e+02,6.140000000000000000e+02
6.617861938476562500e+01,1.632320404052734375e+02,6.110000000000000000e+02
6.684282684326171875e+01,1.632320404052734375e+02,6.110000000000000000e+02
6.739655303955078125e+01,1.629648895263671875e+02,6.100000000000000000e+02
6.805966949462890625e+01,1.629648895263671875e+02,6.100000000000000000e+02
6.883545684814453125e+01,1.632320404052734375e+02,6.110000000000000000e+02
6.949966430664062500e+01,1.632320404052734375e+02,6.110000000000000000e+02
7.016387176513671875e+01,1.632320404052734375e+02,6.110000000000000000e+02
7.094400024414062500e+01,1.634992065429687500e+02,6.120000000000000000e+02
7.160929870605468750e+01,1.634992065429687500e+02,6.120000000000000000e+02
7.239269256591796875e+01,1.637663574218750000e+02,6.130000000000000000e+02
7.305907440185546875e+01,1.637663574218750000e+02,6.130000000000000000e+02
7.372545623779296875e+01,1.637663574218750000e+02,6.130000000000000000e+02
7.439183807373046875e+01,1.637663574218750000e+02,6.130000000000000000e+02
7.518067169189453125e+01,1.640335083007812500e+02,6.140000000000000000e+02
7.584813690185546875e+01,1.640335083007812500e+02,6.140000000000000000e+02
7.664022827148437500e+01,1.643006744384765625e+02,6.150000000000000000e+02
7.743448638916015625e+01,1.645678253173828125e+02,6.160000000000000000e+02
7.810412597656250000e+01,1.645678253173828125e+02,6.160000000000000000e+02
7.877377319335937500e+01,1.645678253173828125e+02,6.160000000000000000e+02
7.957239532470703125e+01,1.648349761962890625e+02,6.170000000000000000e+02
8.024312591552734375e+01,1.648349761962890625e+02,6.170000000000000000e+02
8.104499816894531250e+01,1.651021423339843750e+02,6.180000000000000000e+02
8.171681213378906250e+01,1.651021423339843750e+02,6.180000000000000000e+02
8.238863372802734375e+01,1.651021423339843750e+02,6.180000000000000000e+02
8.306044769287109375e+01,1.651021423339843750e+02,6.180000000000000000e+02
8.373226928710937500e+01,1.651021423339843750e+02,6.180000000000000000e+02
8.440408325195312500e+01,1.651021423339843750e+02,6.180000000000000000e+02
8.521356964111328125e+01,1.653692932128906250e+02,6.190000000000000000e+02
8.588647460937500000e+01,1.653692932128906250e+02,6.190000000000000000e+02
8.655937957763671875e+01,1.653692932128906250e+02,6.190000000000000000e+02
8.723228454589843750e+01,1.653692932128906250e+02,6.190000000000000000e+02
8.790518951416015625e+01,1.653692932128906250e+02,6.190000000000000000e+02
8.857809448242187500e+01,1.653692932128906250e+02,6.190000000000000000e+02
8.925099945068359375e+01,1.653692932128906250e+02,6.190000000000000000e+02
8.977863311767578125e+01,1.651021423339843750e+02,6.180000000000000000e+02
9.045044708251953125e+01,1.651021423339843750e+02,6.180000000000000000e+02
9.112226867675781250e+01,1.651021423339843750e+02,6.180000000000000000e+02
9.179408264160156250e+01,1.651021423339843750e+02,6.180000000000000000e+02
9.246590423583984375e+01,1.651021423339843750e+02,6.180000000000000000e+02
9.313771820068359375e+01,1.651021423339843750e+02,6.180000000000000000e+02
9.380953979492187500e+01,1.651021423339843750e+02,6.180000000000000000e+02
9.432847595214843750e+01,1.648349761962890625e+02,6.170000000000000000e+02
9.499920654296875000e+01,1.648349761962890625e+02,6.170000000000000000e+02
9.566993713378906250e+01,1.648349761962890625e+02,6.170000000000000000e+02
9.634066772460937500e+01,1.648349761962890625e+02,6.170000000000000000e+02
9.701139831542968750e+01,1.648349761962890625e+02,6.170000000000000000e+02
9.768212890625000000e+01,1.648349761962890625e+02,6.170000000000000000e+02
9.835285949707031250e+01,1.648349761962890625e+02,6.170000000000000000e+02
9.902359008789062500e+01,1.648349761962890625e+02,6.170000000000000000e+02
9.969432067871093750e+01,1.648349761962890625e+02,6.170000000000000000e+02
1.003650665283203125e+02,1.648349761962890625e+02,6.170000000000000000e+02
1.010357971191406250e+02,1.648349761962890625e+02,6.170000000000000000e+02
1.017065277099609375e+02,1.648349761962890625e+02,6.170000000000000000e+02
1.022113342285156250e+02,1.645678253173828125e+02,6.160000000000000000e+02
1.028809738159179688e+02,1.645678253173828125e+02,6.160000000000000000e+02
1.035506210327148438e+02,1.645678253173828125e+02,6.160000000000000000e+02
1.042202606201171875e+02,1.645678253173828125e+02,6.160000000000000000e+02
1.048899078369140625e+02,1.645678253173828125e+02,6.160000000000000000e+02
1.053881912231445312e+02,1.643006744384765625e+02,6.150000000000000000e+02
1.060567474365234375e+02,1.643006744384765625e+02,6.150000000000000000e+02
1.065517654418945312e+02,1.640335083007812500e+02,6.140000000000000000e+02
1.072192306518554688e+02,1.640335083007812500e+02,6.140000000000000000e+02
1.078867034912109375e+02,1.640335083007812500e+02,6.140000000000000000e+02
1.083773727416992188e+02,1.637663574218750000e+02,6.130000000000000000e+02
1.088658752441406250e+02,1.634992065429687500e+02,6.120000000000000000e+02
1.095311660766601562e+02,1.634992065429687500e+02,6.120000000000000000e+02
1.100164031982421875e+02,1.632320404052734375e+02,6.110000000000000000e+02
1.106806106567382812e+02,1.632320404052734375e+02,6.110000000000000000e+02
1.113448181152343750e+02,1.632320404052734375e+02,6.110000000000000000e+02
1.118257064819335938e+02,1.629648895263671875e+02,6.100000000000000000e+02
1.124888305664062500e+02,1.629648895263671875e+02,6.100000000000000000e+02
1.131519546508789062e+02,1.629648895263671875e+02,6.100000000000000000e+02
1.138150711059570312e+02,1.629648895263671875e+02,6.100000000000000000e+02
1.144781951904296875e+02,1.629648895263671875e+02,6.100000000000000000e+02
1.153300704956054688e+02,1.632320404052734375e+02,6.110000000000000000e+02
1.161841278076171875e+02,1.634992065429687500e+02,6.120000000000000000e+02
1.168494186401367188e+02,1.634992065429687500e+02,6.120000000000000000e+02
1.177067337036132812e+02,1.637663574218750000e+02,6.130000000000000000e+02
6.684282684326171875e+01,1.638965301513671875e+02,6.110000000000000000e+02
6.750703430175781250e+01,1.638965301513671875e+02,6.110000000000000000e+02
6.805966949462890625e+01,1.636282958984375000e+02,6.100000000000000000e+02
6.872279357910156250e+01,1.636282958984375000e+02,6.100000000000000000e+02
6.938591766357421875e+01,1.636282958984375000e+02,6.100000000000000000e+02
7.004903411865234375e+01,1.636282958984375000e+02,6.100000000000000000e+02
7.071215820312500000e+01,1.636282958984375000e+02,6.100000000000000000e+02
7.149228668212890625e+01,1.638965301513671875e+02,6.110000000000000000e+02
7.215649414062500000e+01,1.638965301513671875e+02,6.110000000000000000e+02
7.293988800048828125e+01,1.641647796630859375e+02,6.120000000000000000e+02
7.360518646240234375e+01,1.641647796630859375e+02,6.120000000000000000e+02
7.439183807373046875e+01,1.644330291748046875e+02,6.130000000000000000e+02
7.505822753906250000e+01,1.644330291748046875e+02,6.130000000000000000e+02
7.584813690185546875e+01,1.647012634277343750e+02,6.140000000000000000e+02
7.651560974121093750e+01,1.647012634277343750e+02,6.140000000000000000e+02
7.730877685546875000e+01,1.649695129394531250e+02,6.150000000000000000e+02
7.797733306884765625e+01,1.649695129394531250e+02,6.150000000000000000e+02
7.864588928222656250e+01,1.649695129394531250e+02,6.150000000000000000e+02
7.944342803955078125e+01,1.652377471923828125e+02,6.160000000000000000e+02
8.011306762695312500e+01,1.652377471923828125e+02,6.160000000000000000e+02
8.078271484375000000e+01,1.652377471923828125e+02,6.160000000000000000e+02
8.158458709716796875e+01,1.655059967041015625e+02,6.170000000000000000e+02
8.225531768798828125e+01,1.655059967041015625e+02,6.170000000000000000e+02
8.292604827880859375e+01,1.655059967041015625e+02,6.170000000000000000e+02
8.359677886962890625e+01,1.655059967041015625e+02,6.170000000000000000e+02
8.426750946044921875e+01,1.655059967041015625e+02,6.170000000000000000e+02
8.507590484619140625e+01,1.657742309570312500e+02,6.180000000000000000e+02
8.560897064208984375e+01,1.655059967041015625e+02,6.170000000000000000e+02
8.641954040527343750e+01,1.657742309570312500e+02,6.180000000000000000e+02
8.709136199951171875e+01,1.657742309570312500e+02,6.180000000000000000e+02
8.776317596435546875e+01,1.657742309570312500e+02,6.180000000000000000e+02
8.843499755859375000e+01,1.657742309570312500e+02,6.180000000000000000e+02
8.910681152343750000e+01,1.657742309570312500e+02,6.180000000000000000e+02
8.977863311767578125e+01,1.657742309570312500e+02,6.180000000000000000e+02
9.030409240722656250e+01,1.655059967041015625e+02,6.170000000000000000e+02
9.097482299804687500e+01,1.655059967041015625e+02,6.170000000000000000e+02
9.164555358886718750e+01,1.655059967041015625e+02,6.170000000000000000e+02
9.231628417968750000e+01,1.655059967041015625e+02,6.170000000000000000e+02
9.298701477050781250e+01,1.655059967041015625e+02,6.170000000000000000e+02
9.365774536132812500e+01,1.655059967041015625e+02,6.170000000000000000e+02
9.417559051513671875e+01,1.652377471923828125e+02,6.160000000000000000e+02
9.484523773193359375e+01,1.652377471923828125e+02,6.160000000000000000e+02
9.551488494873046875e+01,1.652377471923828125e+02,6.160000000000000000e+02
9.618452453613281250e+01,1.652377471923828125e+02,6.160000000000000000e+02
9.685417175292968750e+01,1.652377471923828125e+02,6.160000000000000000e+02
9.752381134033203125e+01,1.652377471923828125e+02,6.160000000000000000e+02
9.819345855712890625e+01,1.652377471923828125e+02,6.160000000000000000e+02
9.886309814453125000e+01,1.652377471923828125e+02,6.160000000000000000e+02
9.953274536132812500e+01,1.652377471923828125e+02,6.160000000000000000e+02
1.002024002075195312e+02,1.652377471923828125e+02,6.160000000000000000e+02
1.008720397949218750e+02,1.652377471923828125e+02,6.160000000000000000e+02
1.015416870117187500e+02,1.652377471923828125e+02,6.160000000000000000e+02
1.022113342285156250e+02,1.652377471923828125e+02,6.160000000000000000e+02
1.027139587402343750e+02,1.649695129394531250e+02,6.150000000000000000e+02
1.033825149536132812e+02,1.649695129394531250e+02,6.150000000000000000e+02
1.040510711669921875e+02,1.649695129394531250e+02,6.150000000000000000e+02
1.047196273803710938e+02,1.649695129394531250e+02,6.150000000000000000e+02
1.052168273925781250e+02,1.647012634277343750e+02,6.140000000000000000e+02
1.058842926025390625e+02,1.647012634277343750e+02,6.140000000000000000e+02
1.063782272338867188e+02,1.644330291748046875e+02,6.130000000000000000e+02
1.070446090698242188e+02,1.644330291748046875e+02,6.130000000000000000e+02
1.077109909057617188e+02,1.644330291748046875e+02,6.130000000000000000e+02
1.082005767822265625e+02,1.641647796630859375e+02,6.120000000000000000e+02
1.088658752441406250e+02,1.641647796630859375e+02,6.120000000000000000e+02
1.095311660766601562e+02,1.641647796630859375e+02,6.120000000000000000e+02
1.100164031982421875e+02,1.638965301513671875e+02,6.110000000000000000e+02
1.106806106567382812e+02,1.638965301513671875e+02,6.110000000000000000e+02
1.113448181152343750e+02,1.638965301513671875e+02,6.110000000000000000e+02
1.120090332031250000e+02,1.638965301513671875e+02,6.110000000000000000e+02
1.126732406616210938e+02,1.638965301513671875e+02,6.110000000000000000e+02
1.133374481201171875e+02,1.638965301513671875e+02,6.110000000000000000e+02
1.140016555786132812e+02,1.638965301513671875e+02,6.110000000000000000e+02
1.148535308837890625e+02,1.641647796630859375e+02,6.120000000000000000e+02
1.155188293457031250e+02,1.641647796630859375e+02,6.120000000000000000e+02
1.161841278076171875e+02,1.641647796630859375e+02,6.120000000000000000e+02
1.172312850952148438e+02,1.647012634277343750e+02,6.140000000000000000e+02
6.817124938964843750e+01,1.645610198974609375e+02,6.110000000000000000e+02
6.872279357910156250e+01,1.642917022705078125e+02,6.100000000000000000e+02
6.938591766357421875e+01,1.642917022705078125e+02,6.100000000000000000e+02
7.004903411865234375e+01,1.642917022705078125e+02,6.100000000000000000e+02
7.071215820312500000e+01,1.642917022705078125e+02,6.100000000000000000e+02
7.137528228759765625e+01,1.642917022705078125e+02,6.100000000000000000e+02
7.215649414062500000e+01,1.645610198974609375e+02,6.110000000000000000e+02
7.282070922851562500e+01,1.645610198974609375e+02,6.110000000000000000e+02
7.360518646240234375e+01,1.648303527832031250e+02,6.120000000000000000e+02
7.427048492431640625e+01,1.648303527832031250e+02,6.120000000000000000e+02
7.493578338623046875e+01,1.648303527832031250e+02,6.120000000000000000e+02
7.572460937500000000e+01,1.650996856689453125e+02,6.130000000000000000e+02
7.651560974121093750e+01,1.653690185546875000e+02,6.140000000000000000e+02
7.718307495117187500e+01,1.653690185546875000e+02,6.140000000000000000e+02
7.785054016113281250e+01,1.653690185546875000e+02,6.140000000000000000e+02
7.851801300048828125e+01,1.653690185546875000e+02,6.140000000000000000e+02
7.931446075439453125e+01,1.656383514404296875e+02,6.150000000000000000e+02
7.998301696777343750e+01,1.656383514404296875e+02,6.150000000000000000e+02
8.065157318115234375e+01,1.656383514404296875e+02,6.150000000000000000e+02
8.145235443115234375e+01,1.659076843261718750e+02,6.160000000000000000e+02
8.212200164794921875e+01,1.659076843261718750e+02,6.160000000000000000e+02
8.279164886474609375e+01,1.659076843261718750e+02,6.160000000000000000e+02
8.346128845214843750e+01,1.659076843261718750e+02,6.160000000000000000e+02
8.413093566894531250e+01,1.659076843261718750e+02,6.160000000000000000e+02
8.480057525634765625e+01,1.659076843261718750e+02,6.160000000000000000e+02
8.547022247314453125e+01,1.659076843261718750e+02,6.160000000000000000e+02
8.613986206054687500e+01,1.659076843261718750e+02,6.160000000000000000e+02
8.680950927734375000e+01,1.659076843261718750e+02,6.160000000000000000e+02
8.747915649414062500e+01,1.659076843261718750e+02,6.160000000000000000e+02
8.814879608154296875e+01,1.659076843261718750e+02,6.160000000000000000e+02
8.881844329833984375e+01,1.659076843261718750e+02,6.160000000000000000e+02
8.948808288574218750e+01,1.659076843261718750e+02,6.160000000000000000e+02
9.015773010253906250e+01,1.659076843261718750e+02,6.160000000000000000e+02
9.082736968994140625e+01,1.659076843261718750e+02,6.160000000000000000e+02
9.149701690673828125e+01,1.659076843261718750e+02,6.160000000000000000e+02
9.216666412353515625e+01,1.659076843261718750e+02,6.160000000000000000e+02
9.283630371093750000e+01,1.659076843261718750e+02,6.160000000000000000e+02
9.335415649414062500e+01,1.656383514404296875e+02,6.150000000000000000e+02
9.402271270751953125e+01,1.656383514404296875e+02,6.150000000000000000e+02
9.469126892089843750e+01,1.656383514404296875e+02,6.150000000000000000e+02
9.535982513427734375e+01,1.656383514404296875e+02,6.150000000000000000e+02
9.602838134765625000e+01,1.656383514404296875e+02,6.150000000000000000e+02
9.669693756103515625e+01,1.656383514404296875e+02,6.150000000000000000e+02
9.736549377441406250e+01,1.656383514404296875e+02,6.150000000000000000e+02
9.803404998779296875e+01,1.656383514404296875e+02,6.150000000000000000e+02
9.870260620117187500e+01,1.656383514404296875e+02,6.150000000000000000e+02
9.937117004394531250e+01,1.656383514404296875e+02,6.150000000000000000e+02
1.000397338867187500e+02,1.656383514404296875e+02,6.150000000000000000e+02
1.007082901000976562e+02,1.656383514404296875e+02,6.150000000000000000e+02
1.013768463134765625e+02,1.656383514404296875e+02,6.150000000000000000e+02
1.018794784545898438e+02,1.653690185546875000e+02,6.140000000000000000e+02
1.025469436645507812e+02,1.653690185546875000e+02,6.140000000000000000e+02
1.032144165039062500e+02,1.653690185546875000e+02,6.140000000000000000e+02
1.038818817138671875e+02,1.653690185546875000e+02,6.140000000000000000e+02
1.045493545532226562e+02,1.653690185546875000e+02,6.140000000000000000e+02
1.050454635620117188e+02,1.650996856689453125e+02,6.130000000000000000e+02
1.057118453979492188e+02,1.650996856689453125e+02,6.130000000000000000e+02
1.063782272338867188e+02,1.650996856689453125e+02,6.130000000000000000e+02
1.068699874877929688e+02,1.648303527832031250e+02,6.120000000000000000e+02
1.075352783203125000e+02,1.648303527832031250e+02,6.120000000000000000e+02
1.082005767822265625e+02,1.648303527832031250e+02,6.120000000000000000e+02
1.086879882812500000e+02,1.645610198974609375e+02,6.110000000000000000e+02
1.093521957397460938e+02,1.645610198974609375e+02,6.110000000000000000e+02
1.100164031982421875e+02,1.645610198974609375e+02,6.110000000000000000e+02
1.106806106567382812e+02,1.645610198974609375e+02,6.110000000000000000e+02
1.113448181152343750e+02,1.645610198974609375e+02,6.110000000000000000e+02
1.120090332031250000e+02,1.645610198974609375e+02,6.110000000000000000e+02
1.126732406616210938e+02,1.645610198974609375e+02,6.110000000000000000e+02
1.135229415893554688e+02,1.648303527832031250e+02,6.120000000000000000e+02
1.141882400512695312e+02,1.648303527832031250e+02,6.120000000000000000e+02
1.148535308837890625e+02,1.648303527832031250e+02,6.120000000000000000e+02
1.157075881958007812e+02,1.650996856689453125e+02,6.130000000000000000e+02
7.004903411865234375e+01,1.649550781250000000e+02,6.100000000000000000e+02
7.071215820312500000e+01,1.649550781250000000e+02,6.100000000000000000e+02
7.137528228759765625e+01,1.649550781250000000e+02,6.100000000000000000e+02
7.215649414062500000e+01,1.652254943847656250e+02,6.110000000000000000e+02
7.282070922851562500e+01,1.652254943847656250e+02,6.110000000000000000e+02
7.348491668701171875e+01,1.652254943847656250e+02,6.110000000000000000e+02
7.427048492431640625e+01,1.654959106445312500e+02,6.120000000000000000e+02
7.493578338623046875e+01,1.654959106445312500e+02,6.120000000000000000e+02
7.560107421875000000e+01,1.654959106445312500e+02,6.120000000000000000e+02
7.639099121093750000e+01,1.657663421630859375e+02,6.130000000000000000e+02
7.705736541748046875e+01,1.657663421630859375e+02,6.130000000000000000e+02
7.785054016113281250e+01,1.660367584228515625e+02,6.140000000000000000e+02
7.851801300048828125e+01,1.660367584228515625e+02,6.140000000000000000e+02
7.918549346923828125e+01,1.660367584228515625e+02,6.140000000000000000e+02
7.985295867919921875e+01,1.660367584228515625e+02,6.140000000000000000e+02
8.052043151855468750e+01,1.660367584228515625e+02,6.140000000000000000e+02
8.132012939453125000e+01,1.663071746826171875e+02,6.150000000000000000e+02
8.198868560791015625e+01,1.663071746826171875e+02,6.150000000000000000e+02
8.265724182128906250e+01,1.663071746826171875e+02,6.150000000000000000e+02
8.332579803466796875e+01,1.663071746826171875e+02,6.150000000000000000e+02
8.399435424804687500e+01,1.663071746826171875e+02,6.150000000000000000e+02
8.466291046142578125e+01,1.663071746826171875e+02,6.150000000000000000e+02
8.533147430419921875e+01,1.663071746826171875e+02,6.150000000000000000e+02
8.600003051757812500e+01,1.663071746826171875e+02,6.150000000000000000e+02
8.666858673095703125e+01,1.663071746826171875e+02,6.150000000000000000e+02
8.733714294433593750e+01,1.663071746826171875e+02,6.150000000000000000e+02
8.800569915771484375e+01,1.663071746826171875e+02,6.150000000000000000e+02
8.867425537109375000e+01,1.663071746826171875e+02,6.150000000000000000e+02
8.934281158447265625e+01,1.663071746826171875e+02,6.150000000000000000e+02
9.001136779785156250e+01,1.663071746826171875e+02,6.150000000000000000e+02
9.067992401123046875e+01,1.663071746826171875e+02,6.150000000000000000e+02
9.134848022460937500e+01,1.663071746826171875e+02,6.150000000000000000e+02
9.186741638183593750e+01,1.660367584228515625e+02,6.140000000000000000e+02
9.253488922119140625e+01,1.660367584228515625e+02,6.140000000000000000e+02
9.320236206054687500e+01,1.660367584228515625e+02,6.140000000000000000e+02
9.386982727050781250e+01,1.660367584228515625e+02,6.140000000000000000e+02
9.453730010986328125e+01,1.660367584228515625e+02,6.140000000000000000e+02
9.520476531982421875e+01,1.660367584228515625e+02,6.140000000000000000e+02
9.587223815917968750e+01,1.660367584228515625e+02,6.140000000000000000e+02
9.653971099853515625e+01,1.660367584228515625e+02,6.140000000000000000e+02
9.720717620849609375e+01,1.660367584228515625e+02,6.140000000000000000e+02
9.787464904785156250e+01,1.660367584228515625e+02,6.140000000000000000e+02
9.854211425781250000e+01,1.660367584228515625e+02,6.140000000000000000e+02
9.920958709716796875e+01,1.660367584228515625e+02,6.140000000000000000e+02
9.987706756591796875e+01,1.660367584228515625e+02,6.140000000000000000e+02
1.005445327758789062e+02,1.660367584228515625e+02,6.140000000000000000e+02
1.012120056152343750e+02,1.660367584228515625e+02,6.140000000000000000e+02
1.018794784545898438e+02,1.660367584228515625e+02,6.140000000000000000e+02
1.025469436645507812e+02,1.660367584228515625e+02,6.140000000000000000e+02
1.030463104248046875e+02,1.657663421630859375e+02,6.130000000000000000e+02
1.037126998901367188e+02,1.657663421630859375e+02,6.130000000000000000e+02
1.043790817260742188e+02,1.657663421630859375e+02,6.130000000000000000e+02
1.050454635620117188e+02,1.657663421630859375e+02,6.130000000000000000e+02
1.055393981933593750e+02,1.654959106445312500e+02,6.120000000000000000e+02
1.062046890258789062e+02,1.654959106445312500e+02,6.120000000000000000e+02
1.068699874877929688e+02,1.654959106445312500e+02,6.120000000000000000e+02
1.075352783203125000e+02,1.654959106445312500e+02,6.120000000000000000e+02
1.082005767822265625e+02,1.654959106445312500e+02,6.120000000000000000e+02
1.086879882812500000e+02,1.652254943847656250e+02,6.110000000000000000e+02
1.093521957397460938e+02,1.652254943847656250e+02,6.110000000000000000e+02
1.100164031982421875e+02,1.652254943847656250e+02,6.110000000000000000e+02
1.106806106567382812e+02,1.652254943847656250e+02,6.110000000000000000e+02
1.115270538330078125e+02,1.654959106445312500e+02,6.120000000000000000e+02
1.121923522949218750e+02,1.654959106445312500e+02,6.120000000000000000e+02
1.128576431274414062e+02,1.654959106445312500e+02,6.120000000000000000e+02
1.135229415893554688e+02,1.654959106445312500e+02,6.120000000000000000e+02
7.215649414062500000e+01,1.658899841308593750e+02,6.110000000000000000e+02
7.282070922851562500e+01,1.658899841308593750e+02,6.110000000000000000e+02
7.348491668701171875e+01,1.658899841308593750e+02,6.110000000000000000e+02
7.427048492431640625e+01,1.661614990234375000e+02,6.120000000000000000e+02
7.493578338623046875e+01,1.661614990234375000e+02,6.120000000000000000e+02
7.560107421875000000e+01,1.661614990234375000e+02,6.120000000000000000e+02
7.639099121093750000e+01,1.664329986572265625e+02,6.130000000000000000e+02
7.705736541748046875e+01,1.664329986572265625e+02,6.130000000000000000e+02
7.772374725341796875e+01,1.664329986572265625e+02,6.130000000000000000e+02
7.839013671875000000e+01,1.664329986572265625e+02,6.130000000000000000e+02
7.918549346923828125e+01,1.667045135498046875e+02,6.140000000000000000e+02
7.985295867919921875e+01,1.667045135498046875e+02,6.140000000000000000e+02
8.052043151855468750e+01,1.667045135498046875e+02,6.140000000000000000e+02
8.118790435791015625e+01,1.667045135498046875e+02,6.140000000000000000e+02
8.185536956787109375e+01,1.667045135498046875e+02,6.140000000000000000e+02
8.252284240722656250e+01,1.667045135498046875e+02,6.140000000000000000e+02
8.319030761718750000e+01,1.667045135498046875e+02,6.140000000000000000e+02
8.385778045654296875e+01,1.667045135498046875e+02,6.140000000000000000e+02
8.452525329589843750e+01,1.667045135498046875e+02,6.140000000000000000e+02
8.519271850585937500e+01,1.667045135498046875e+02,6.140000000000000000e+02
8.586019134521484375e+01,1.667045135498046875e+02,6.140000000000000000e+02
8.652765655517578125e+01,1.667045135498046875e+02,6.140000000000000000e+02
8.705311584472656250e+01,1.664329986572265625e+02,6.130000000000000000e+02
8.771949768066406250e+01,1.664329986572265625e+02,6.130000000000000000e+02
8.853006744384765625e+01,1.667045135498046875e+02,6.140000000000000000e+02
8.919754028320312500e+01,1.667045135498046875e+02,6.140000000000000000e+02
8.986501312255859375e+01,1.667045135498046875e+02,6.140000000000000000e+02
9.053247833251953125e+01,1.667045135498046875e+02,6.140000000000000000e+02
9.119995117187500000e+01,1.667045135498046875e+02,6.140000000000000000e+02
9.171779632568359375e+01,1.664329986572265625e+02,6.130000000000000000e+02
9.238417816162109375e+01,1.664329986572265625e+02,6.130000000000000000e+02
9.305055999755859375e+01,1.664329986572265625e+02,6.130000000000000000e+02
9.371694946289062500e+01,1.664329986572265625e+02,6.130000000000000000e+02
9.438333129882812500e+01,1.664329986572265625e+02,6.130000000000000000e+02
9.504971313476562500e+01,1.664329986572265625e+02,6.130000000000000000e+02
9.571609497070312500e+01,1.664329986572265625e+02,6.130000000000000000e+02
9.638247680664062500e+01,1.664329986572265625e+02,6.130000000000000000e+02
9.704885864257812500e+01,1.664329986572265625e+02,6.130000000000000000e+02
9.771524047851562500e+01,1.664329986572265625e+02,6.130000000000000000e+02
9.838162231445312500e+01,1.664329986572265625e+02,6.130000000000000000e+02
9.904800415039062500e+01,1.664329986572265625e+02,6.130000000000000000e+02
9.987706756591796875e+01,1.667045135498046875e+02,6.140000000000000000e+02
1.005445327758789062e+02,1.667045135498046875e+02,6.140000000000000000e+02
1.012120056152343750e+02,1.667045135498046875e+02,6.140000000000000000e+02
1.017135467529296875e+02,1.664329986572265625e+02,6.130000000000000000e+02
1.023799285888671875e+02,1.664329986572265625e+02,6.130000000000000000e+02
1.030463104248046875e+02,1.664329986572265625e+02,6.130000000000000000e+02
1.037126998901367188e+02,1.664329986572265625e+02,6.130000000000000000e+02
1.043790817260742188e+02,1.664329986572265625e+02,6.130000000000000000e+02
1.048740997314453125e+02,1.661614990234375000e+02,6.120000000000000000e+02
1.055393981933593750e+02,1.661614990234375000e+02,6.120000000000000000e+02
1.062046890258789062e+02,1.661614990234375000e+02,6.120000000000000000e+02
1.068699874877929688e+02,1.661614990234375000e+02,6.120000000000000000e+02
1.075352783203125000e+02,1.661614990234375000e+02,6.120000000000000000e+02
1.082005767822265625e+02,1.661614990234375000e+02,6.120000000000000000e+02
1.088658752441406250e+02,1.661614990234375000e+02,6.120000000000000000e+02
1.095311660766601562e+02,1.661614990234375000e+02,6.120000000000000000e+02
1.101964645385742188e+02,1.661614990234375000e+02,6.120000000000000000e+02
1.108617630004882812e+02,1.661614990234375000e+02,6.120000000000000000e+02
1.115270538330078125e+02,1.661614990234375000e+02,6.120000000000000000e+02
7.427048492431640625e+01,1.668270568847656250e+02,6.120000000000000000e+02
7.493578338623046875e+01,1.668270568847656250e+02,6.120000000000000000e+02
7.560107421875000000e+01,1.668270568847656250e+02,6.120000000000000000e+02
7.626637268066406250e+01,1.668270568847656250e+02,6.120000000000000000e+02
7.705736541748046875e+01,1.670996551513671875e+02,6.130000000000000000e+02
7.772374725341796875e+01,1.670996551513671875e+02,6.130000000000000000e+02
7.839013671875000000e+01,1.670996551513671875e+02,6.130000000000000000e+02
7.905652618408203125e+01,1.670996551513671875e+02,6.130000000000000000e+02
7.972290802001953125e+01,1.670996551513671875e+02,6.130000000000000000e+02
8.038928985595703125e+01,1.670996551513671875e+02,6.130000000000000000e+02
8.118790435791015625e+01,1.673722381591796875e+02,6.140000000000000000e+02
8.185536956787109375e+01,1.673722381591796875e+02,6.140000000000000000e+02
8.238844299316406250e+01,1.670996551513671875e+02,6.130000000000000000e+02
8.305482482910156250e+01,1.670996551513671875e+02,6.130000000000000000e+02
8.372120666503906250e+01,1.670996551513671875e+02,6.130000000000000000e+02
8.438758850097656250e+01,1.670996551513671875e+02,6.130000000000000000e+02
8.505397033691406250e+01,1.670996551513671875e+02,6.130000000000000000e+02
8.572035217285156250e+01,1.670996551513671875e+02,6.130000000000000000e+02
8.624581146240234375e+01,1.668270568847656250e+02,6.120000000000000000e+02
8.691110992431640625e+01,1.668270568847656250e+02,6.120000000000000000e+02
8.757640075683593750e+01,1.668270568847656250e+02,6.120000000000000000e+02
8.824169921875000000e+01,1.668270568847656250e+02,6.120000000000000000e+02
8.890699768066406250e+01,1.668270568847656250e+02,6.120000000000000000e+02
8.957228851318359375e+01,1.668270568847656250e+02,6.120000000000000000e+02
9.038503265380859375e+01,1.670996551513671875e+02,6.130000000000000000e+02
9.090287780761718750e+01,1.668270568847656250e+02,6.120000000000000000e+02
9.156817626953125000e+01,1.668270568847656250e+02,6.120000000000000000e+02
9.223347473144531250e+01,1.668270568847656250e+02,6.120000000000000000e+02
9.289876556396484375e+01,1.668270568847656250e+02,6.120000000000000000e+02
9.356406402587890625e+01,1.668270568847656250e+02,6.120000000000000000e+02
9.422936248779296875e+01,1.668270568847656250e+02,6.120000000000000000e+02
9.489465332031250000e+01,1.668270568847656250e+02,6.120000000000000000e+02
9.555995178222656250e+01,1.668270568847656250e+02,6.120000000000000000e+02
9.622524261474609375e+01,1.668270568847656250e+02,6.120000000000000000e+02
9.704885864257812500e+01,1.670996551513671875e+02,6.130000000000000000e+02
9.771524047851562500e+01,1.670996551513671875e+02,6.130000000000000000e+02
9.838162231445312500e+01,1.670996551513671875e+02,6.130000000000000000e+02
9.904800415039062500e+01,1.670996551513671875e+02,6.130000000000000000e+02
9.971440124511718750e+01,1.670996551513671875e+02,6.130000000000000000e+02
1.003807830810546875e+02,1.670996551513671875e+02,6.130000000000000000e+02
1.010471649169921875e+02,1.670996551513671875e+02,6.130000000000000000e+02
1.017135467529296875e+02,1.670996551513671875e+02,6.130000000000000000e+02
1.023799285888671875e+02,1.670996551513671875e+02,6.130000000000000000e+02
1.030463104248046875e+02,1.670996551513671875e+02,6.130000000000000000e+02
1.037126998901367188e+02,1.670996551513671875e+02,6.130000000000000000e+02
1.043790817260742188e+02,1.670996551513671875e+02,6.130000000000000000e+02
1.050454635620117188e+02,1.670996551513671875e+02,6.130000000000000000e+02
1.055393981933593750e+02,1.668270568847656250e+02,6.120000000000000000e+02
1.062046890258789062e+02,1.668270568847656250e+02,6.120000000000000000e+02
1.068699874877929688e+02,1.668270568847656250e+02,6.120000000000000000e+02
1.075352783203125000e+02,1.668270568847656250e+02,6.120000000000000000e+02
1.082005767822265625e+02,1.668270568847656250e+02,6.120000000000000000e+02
1.088658752441406250e+02,1.668270568847656250e+02,6.120000000000000000e+02
7.626637268066406250e+01,1.674926300048828125e+02,6.120000000000000000e+02
7.705736541748046875e+01,1.677663116455078125e+02,6.130000000000000000e+02
7.772374725341796875e+01,1.677663116455078125e+02,6.130000000000000000e+02
7.839013671875000000e+01,1.677663116455078125e+02,6.130000000000000000e+02
7.905652618408203125e+01,1.677663116455078125e+02,6.130000000000000000e+02
7.972290802001953125e+01,1.677663116455078125e+02,6.130000000000000000e+02
8.038928985595703125e+01,1.677663116455078125e+02,6.130000000000000000e+02
8.105567169189453125e+01,1.677663116455078125e+02,6.130000000000000000e+02
8.172205352783203125e+01,1.677663116455078125e+02,6.130000000000000000e+02
8.238844299316406250e+01,1.677663116455078125e+02,6.130000000000000000e+02
8.291933441162109375e+01,1.674926300048828125e+02,6.120000000000000000e+02
8.358462524414062500e+01,1.674926300048828125e+02,6.120000000000000000e+02
8.424992370605468750e+01,1.674926300048828125e+02,6.120000000000000000e+02
8.491522216796875000e+01,1.674926300048828125e+02,6.120000000000000000e+02
8.558051300048828125e+01,1.674926300048828125e+02,6.120000000000000000e+02
8.624581146240234375e+01,1.674926300048828125e+02,6.120000000000000000e+02
8.676909637451171875e+01,1.672189483642578125e+02,6.110000000000000000e+02
8.743330383300781250e+01,1.672189483642578125e+02,6.110000000000000000e+02
8.824169921875000000e+01,1.674926300048828125e+02,6.120000000000000000e+02
8.890699768066406250e+01,1.674926300048828125e+02,6.120000000000000000e+02
8.957228851318359375e+01,1.674926300048828125e+02,6.120000000000000000e+02
9.023758697509765625e+01,1.674926300048828125e+02,6.120000000000000000e+02
9.090287780761718750e+01,1.674926300048828125e+02,6.120000000000000000e+02
9.156817626953125000e+01,1.674926300048828125e+02,6.120000000000000000e+02
9.223347473144531250e+01,1.674926300048828125e+02,6.120000000000000000e+02
9.289876556396484375e+01,1.674926300048828125e+02,6.120000000000000000e+02
9.356406402587890625e+01,1.674926300048828125e+02,6.120000000000000000e+02
9.422936248779296875e+01,1.674926300048828125e+02,6.120000000000000000e+02
9.489465332031250000e+01,1.674926300048828125e+02,6.120000000000000000e+02
9.555995178222656250e+01,1.674926300048828125e+02,6.120000000000000000e+02
9.622524261474609375e+01,1.674926300048828125e+02,6.120000000000000000e+02
9.689054107666015625e+01,1.674926300048828125e+02,6.120000000000000000e+02
9.755583953857421875e+01,1.674926300048828125e+02,6.120000000000000000e+02
9.822113037109375000e+01,1.674926300048828125e+02,6.120000000000000000e+02
9.888642883300781250e+01,1.674926300048828125e+02,6.120000000000000000e+02
9.955173492431640625e+01,1.674926300048828125e+02,6.120000000000000000e+02
1.003807830810546875e+02,1.677663116455078125e+02,6.130000000000000000e+02
1.010471649169921875e+02,1.677663116455078125e+02,6.130000000000000000e+02
1.017135467529296875e+02,1.677663116455078125e+02,6.130000000000000000e+02
1.023799285888671875e+02,1.677663116455078125e+02,6.130000000000000000e+02
1.030463104248046875e+02,1.677663116455078125e+02,6.130000000000000000e+02
1.037126998901367188e+02,1.677663116455078125e+02,6.130000000000000000e+02
1.042088012695312500e+02,1.674926300048828125e+02,6.120000000000000000e+02
1.048740997314453125e+02,1.674926300048828125e+02,6.120000000000000000e+02
1.055393981933593750e+02,1.674926300048828125e+02,6.120000000000000000e+02
1.062046890258789062e+02,1.674926300048828125e+02,6.120000000000000000e+02
1.068699874877929688e+02,1.674926300048828125e+02,6.120000000000000000e+02
1.075352783203125000e+02,1.674926300048828125e+02,6.120000000000000000e+02
7.905652618408203125e+01,1.684329681396484375e+02,6.130000000000000000e+02
7.972290802001953125e+01,1.684329681396484375e+02,6.130000000000000000e+02
8.038928985595703125e+01,1.684329681396484375e+02,6.130000000000000000e+02
8.092344665527343750e+01,1.681581878662109375e+02,6.120000000000000000e+02
8.172205352783203125e+01,1.684329681396484375e+02,6.130000000000000000e+02
8.225403594970703125e+01,1.681581878662109375e+02,6.120000000000000000e+02
8.291933441162109375e+01,1.681581878662109375e+02,6.120000000000000000e+02
8.358462524414062500e+01,1.681581878662109375e+02,6.120000000000000000e+02
8.424992370605468750e+01,1.681581878662109375e+02,6.120000000000000000e+02
8.477646636962890625e+01,1.678834228515625000e+02,6.110000000000000000e+02
8.544068145751953125e+01,1.678834228515625000e+02,6.110000000000000000e+02
8.610488891601562500e+01,1.678834228515625000e+02,6.110000000000000000e+02
8.676909637451171875e+01,1.678834228515625000e+02,6.110000000000000000e+02
8.743330383300781250e+01,1.678834228515625000e+02,6.110000000000000000e+02
8.809751129150390625e+01,1.678834228515625000e+02,6.110000000000000000e+02
8.876171875000000000e+01,1.678834228515625000e+02,6.110000000000000000e+02
8.942592620849609375e+01,1.678834228515625000e+02,6.110000000000000000e+02
9.009014129638671875e+01,1.678834228515625000e+02,6.110000000000000000e+02
9.075434875488281250e+01,1.678834228515625000e+02,6.110000000000000000e+02
9.156817626953125000e+01,1.681581878662109375e+02,6.120000000000000000e+02
9.223347473144531250e+01,1.681581878662109375e+02,6.120000000000000000e+02
9.289876556396484375e+01,1.681581878662109375e+02,6.120000000000000000e+02
9.356406402587890625e+01,1.681581878662109375e+02,6.120000000000000000e+02
9.407538604736328125e+01,1.678834228515625000e+02,6.110000000000000000e+02
9.473960113525390625e+01,1.678834228515625000e+02,6.110000000000000000e+02
9.540380859375000000e+01,1.678834228515625000e+02,6.110000000000000000e+02
9.606801605224609375e+01,1.678834228515625000e+02,6.110000000000000000e+02
9.689054107666015625e+01,1.681581878662109375e+02,6.120000000000000000e+02
9.755583953857421875e+01,1.681581878662109375e+02,6.120000000000000000e+02
9.822113037109375000e+01,1.681581878662109375e+02,6.120000000000000000e+02
9.888642883300781250e+01,1.681581878662109375e+02,6.120000000000000000e+02
9.955173492431640625e+01,1.681581878662109375e+02,6.120000000000000000e+02
1.002170257568359375e+02,1.681581878662109375e+02,6.120000000000000000e+02
1.008823242187500000e+02,1.681581878662109375e+02,6.120000000000000000e+02
1.015476226806640625e+02,1.681581878662109375e+02,6.120000000000000000e+02
1.023799285888671875e+02,1.684329681396484375e+02,6.130000000000000000e+02
1.030463104248046875e+02,1.684329681396484375e+02,6.130000000000000000e+02
1.037126998901367188e+02,1.684329681396484375e+02,6.130000000000000000e+02
1.043790817260742188e+02,1.684329681396484375e+02,6.130000000000000000e+02
1.050454635620117188e+02,1.684329681396484375e+02,6.130000000000000000e+02
1.057118453979492188e+02,1.684329681396484375e+02,6.130000000000000000e+02
8.291933441162109375e+01,1.688237762451171875e+02,6.120000000000000000e+02
8.358462524414062500e+01,1.688237762451171875e+02,6.120000000000000000e+02
8.411225891113281250e+01,1.685479125976562500e+02,6.110000000000000000e+02
8.477646636962890625e+01,1.685479125976562500e+02,6.110000000000000000e+02
8.544068145751953125e+01,1.685479125976562500e+02,6.110000000000000000e+02
8.610488891601562500e+01,1.685479125976562500e+02,6.110000000000000000e+02
8.676909637451171875e+01,1.685479125976562500e+02,6.110000000000000000e+02
8.743330383300781250e+01,1.685479125976562500e+02,6.110000000000000000e+02
8.809751129150390625e+01,1.685479125976562500e+02,6.110000000000000000e+02
8.876171875000000000e+01,1.685479125976562500e+02,6.110000000000000000e+02
8.942592620849609375e+01,1.685479125976562500e+02,6.110000000000000000e+02
9.009014129638671875e+01,1.685479125976562500e+02,6.110000000000000000e+02
9.075434875488281250e+01,1.685479125976562500e+02,6.110000000000000000e+02
9.141855621337890625e+01,1.685479125976562500e+02,6.110000000000000000e+02
9.208276367187500000e+01,1.685479125976562500e+02,6.110000000000000000e+02
9.274697113037109375e+01,1.685479125976562500e+02,6.110000000000000000e+02
9.341117858886718750e+01,1.685479125976562500e+02,6.110000000000000000e+02
9.407538604736328125e+01,1.685479125976562500e+02,6.110000000000000000e+02
9.473960113525390625e+01,1.685479125976562500e+02,6.110000000000000000e+02
9.540380859375000000e+01,1.685479125976562500e+02,6.110000000000000000e+02
9.606801605224609375e+01,1.685479125976562500e+02,6.110000000000000000e+02
9.673222351074218750e+01,1.685479125976562500e+02,6.110000000000000000e+02
9.739643096923828125e+01,1.685479125976562500e+02,6.110000000000000000e+02
9.822113037109375000e+01,1.688237762451171875e+02,6.120000000000000000e+02
9.888642883300781250e+01,1.688237762451171875e+02,6.120000000000000000e+02
9.955173492431640625e+01,1.688237762451171875e+02,6.120000000000000000e+02
1.002170257568359375e+02,1.688237762451171875e+02,6.120000000000000000e+02
1.010471649169921875e+02,1.690996246337890625e+02,6.130000000000000000e+02
1.015476226806640625e+02,1.688237762451171875e+02,6.120000000000000000e+02
