-3.609413909912109375e+01,3.480398178100585938e+01,7.010000000000000000e+02
-3.538249588012695312e+01,3.485363006591796875e+01,7.020000000000000000e+02
-3.461936187744140625e+01,3.485363006591796875e+01,7.020000000000000000e+02
-3.390445709228515625e+01,3.490327835083007812e+01,7.030000000000000000e+02
-3.318737792968750000e+01,3.495292663574218750e+01,7.040000000000000000e+02
-3.242206954956054688e+01,3.495292663574218750e+01,7.040000000000000000e+02
-3.170172882080078125e+01,3.500257492065429688e+01,7.050000000000000000e+02
-3.097921562194824219e+01,3.505222702026367188e+01,7.060000000000000000e+02
-3.021173095703125000e+01,3.505222702026367188e+01,7.060000000000000000e+02
-3.734991455078125000e+01,3.531265640258789062e+01,6.960000000000000000e+02
-3.654072952270507812e+01,3.526192092895507812e+01,6.950000000000000000e+02
-3.583669281005859375e+01,3.531265640258789062e+01,6.960000000000000000e+02
-3.508008193969726562e+01,3.531265640258789062e+01,6.960000000000000000e+02
-3.437278366088867188e+01,3.536339187622070312e+01,6.970000000000000000e+02
-3.366331481933593750e+01,3.541413116455078125e+01,6.980000000000000000e+02
-3.290452957153320312e+01,3.541413116455078125e+01,6.980000000000000000e+02
-3.219179916381835938e+01,3.546486663818359375e+01,6.990000000000000000e+02
-3.152186203002929688e+01,3.556634140014648438e+01,7.010000000000000000e+02
-3.080369567871093750e+01,3.561707687377929688e+01,7.020000000000000000e+02
-3.008335113525390625e+01,3.566781234741210938e+01,7.030000000000000000e+02
-2.936083793640136719e+01,3.571855163574218750e+01,7.040000000000000000e+02
-2.863614845275878906e+01,3.576928710937500000e+01,7.050000000000000000e+02
-2.786975479125976562e+01,3.576928710937500000e+01,7.050000000000000000e+02
-3.858394622802734375e+01,3.581045913696289062e+01,6.910000000000000000e+02
-3.783277130126953125e+01,3.581045913696289062e+01,6.910000000000000000e+02
-3.702793121337890625e+01,3.575863647460937500e+01,6.900000000000000000e+02
-3.627784347534179688e+01,3.575863647460937500e+01,6.900000000000000000e+02
-3.557924270629882812e+01,3.581045913696289062e+01,6.910000000000000000e+02
-3.482806777954101562e+01,3.581045913696289062e+01,6.910000000000000000e+02
-3.407689285278320312e+01,3.581045913696289062e+01,6.910000000000000000e+02
-3.337394714355468750e+01,3.586228561401367188e+01,6.920000000000000000e+02
-3.266882324218750000e+01,3.591410827636718750e+01,6.930000000000000000e+02
-3.191547584533691406e+01,3.591410827636718750e+01,6.930000000000000000e+02
-3.125205993652343750e+01,3.601775741577148438e+01,6.950000000000000000e+02
-3.049653625488281250e+01,3.601775741577148438e+01,6.950000000000000000e+02
-2.982659530639648438e+01,3.612140655517578125e+01,6.970000000000000000e+02
-2.915230941772460938e+01,3.622505569458007812e+01,6.990000000000000000e+02
-2.843305587768554688e+01,3.627687835693359375e+01,7.000000000000000000e+02
-2.771162796020507812e+01,3.632870101928710938e+01,7.010000000000000000e+02
-2.698802566528320312e+01,3.638052749633789062e+01,7.020000000000000000e+02
-2.626225090026855469e+01,3.643235015869140625e+01,7.030000000000000000e+02
-0.000000000000000000e+00,0.000000000000000000e+00,0.000000000000000000e+00
-4.054197692871093750e+01,3.629738616943359375e+01,6.860000000000000000e+02
-3.979623794555664062e+01,3.629738616943359375e+01,6.860000000000000000e+02
-3.899357223510742188e+01,3.624447631835937500e+01,6.850000000000000000e+02
-3.824892044067382812e+01,3.624447631835937500e+01,6.850000000000000000e+02
-3.750426864624023438e+01,3.624447631835937500e+01,6.850000000000000000e+02
-3.675961303710937500e+01,3.624447631835937500e+01,6.850000000000000000e+02
-3.601496124267578125e+01,3.624447631835937500e+01,6.850000000000000000e+02
-3.532179641723632812e+01,3.629738616943359375e+01,6.860000000000000000e+02
-3.462645721435546875e+01,3.635029983520507812e+01,6.870000000000000000e+02
-3.383031463623046875e+01,3.629738616943359375e+01,6.860000000000000000e+02
-3.313280487060546875e+01,3.635029983520507812e+01,6.870000000000000000e+02
-3.238597869873046875e+01,3.635029983520507812e+01,6.870000000000000000e+02
-3.168520545959472656e+01,3.640320968627929688e+01,6.880000000000000000e+02
-3.098225784301757812e+01,3.645612335205078125e+01,6.890000000000000000e+02
-3.027713584899902344e+01,3.650903320312500000e+01,6.900000000000000000e+02
-2.961263084411621094e+01,3.661485671997070312e+01,6.920000000000000000e+02
-2.890207481384277344e+01,3.666777038574218750e+01,6.930000000000000000e+02
-2.818934440612792969e+01,3.672068023681640625e+01,6.940000000000000000e+02
-2.751396942138671875e+01,3.682650375366210938e+01,6.960000000000000000e+02
-2.683424758911132812e+01,3.693232727050781250e+01,6.980000000000000000e+02
-2.611282157897949219e+01,3.698523712158203125e+01,6.990000000000000000e+02
-2.538921928405761719e+01,3.703815078735351562e+01,7.000000000000000000e+02
-2.469862365722656250e+01,3.714397430419921875e+01,7.020000000000000000e+02
-4.265447998046875000e+01,3.693543624877929688e+01,6.840000000000000000e+02
-4.178836822509765625e+01,3.682743835449218750e+01,6.820000000000000000e+02
-4.098678588867187500e+01,3.677343750000000000e+01,6.810000000000000000e+02
-4.024648284912109375e+01,3.677343750000000000e+01,6.810000000000000000e+02
-3.950617980957031250e+01,3.677343750000000000e+01,6.810000000000000000e+02
-3.870895004272460938e+01,3.671944046020507812e+01,6.800000000000000000e+02
-3.802556991577148438e+01,3.677343750000000000e+01,6.810000000000000000e+02
-3.728526306152343750e+01,3.677343750000000000e+01,6.810000000000000000e+02
-3.654496002197265625e+01,3.677343750000000000e+01,6.810000000000000000e+02
-3.580465698242187500e+01,3.677343750000000000e+01,6.810000000000000000e+02
-3.511583709716796875e+01,3.682743835449218750e+01,6.820000000000000000e+02
-3.437444686889648438e+01,3.682743835449218750e+01,6.820000000000000000e+02
-3.363305664062500000e+01,3.682743835449218750e+01,6.820000000000000000e+02
-3.293989181518554688e+01,3.688143539428710938e+01,6.830000000000000000e+02
-3.219741439819335938e+01,3.688143539428710938e+01,6.830000000000000000e+02
-3.150098800659179688e+01,3.693543624877929688e+01,6.840000000000000000e+02
-3.080238914489746094e+01,3.698943328857421875e+01,6.850000000000000000e+02
-3.005773735046386719e+01,3.698943328857421875e+01,6.850000000000000000e+02
-2.939866638183593750e+01,3.709743118286132812e+01,6.870000000000000000e+02
-2.869354629516601562e+01,3.715143203735351562e+01,6.880000000000000000e+02
-2.798624992370605469e+01,3.720543289184570312e+01,6.890000000000000000e+02
-2.727678108215332031e+01,3.725942993164062500e+01,6.900000000000000000e+02
-2.656513786315917969e+01,3.731343078613281250e+01,6.910000000000000000e+02
-2.592603302001953125e+01,3.747542572021484375e+01,6.940000000000000000e+02
-2.524413871765136719e+01,3.758342361450195312e+01,6.960000000000000000e+02
-2.455789184570312500e+01,3.769142532348632812e+01,6.980000000000000000e+02
-2.386729812622070312e+01,3.779942321777343750e+01,7.000000000000000000e+02
-0.000000000000000000e+00,0.000000000000000000e+00,0.000000000000000000e+00
-4.246739959716796875e+01,3.751404571533203125e+01,6.810000000000000000e+02
-4.166582107543945312e+01,3.745896148681640625e+01,6.800000000000000000e+02
-4.080622863769531250e+01,3.734878540039062500e+01,6.780000000000000000e+02
-4.006918334960937500e+01,3.734878540039062500e+01,6.780000000000000000e+02
-3.927413177490234375e+01,3.729370117187500000e+01,6.770000000000000000e+02
-3.853817367553710938e+01,3.729370117187500000e+01,6.770000000000000000e+02
-3.780221939086914062e+01,3.729370117187500000e+01,6.770000000000000000e+02
-3.706626129150390625e+01,3.729370117187500000e+01,6.770000000000000000e+02
-3.638396835327148438e+01,3.734878540039062500e+01,6.780000000000000000e+02
-3.564692687988281250e+01,3.734878540039062500e+01,6.780000000000000000e+02
-3.490988159179687500e+01,3.734878540039062500e+01,6.780000000000000000e+02
-3.422323989868164062e+01,3.740387344360351562e+01,6.790000000000000000e+02
-3.348510742187500000e+01,3.740387344360351562e+01,6.790000000000000000e+02
-3.274697875976562500e+01,3.740387344360351562e+01,6.790000000000000000e+02
-3.200885009765625000e+01,3.740387344360351562e+01,6.790000000000000000e+02
-3.131677246093750000e+01,3.745896148681640625e+01,6.800000000000000000e+02
-3.062252235412597656e+01,3.751404571533203125e+01,6.810000000000000000e+02
-2.992609786987304688e+01,3.756913375854492188e+01,6.820000000000000000e+02
-2.918470191955566406e+01,3.756913375854492188e+01,6.820000000000000000e+02
-2.848501777648925781e+01,3.762422180175781250e+01,6.830000000000000000e+02
-2.778315734863281250e+01,3.767930603027343750e+01,6.840000000000000000e+02
-2.707912254333496094e+01,3.773439407348632812e+01,6.850000000000000000e+02
-2.641135978698730469e+01,3.784456634521484375e+01,6.870000000000000000e+02
-2.570188903808593750e+01,3.789965438842773438e+01,6.880000000000000000e+02
-2.502651596069335938e+01,3.800982666015625000e+01,6.900000000000000000e+02
-2.431160926818847656e+01,3.806491470336914062e+01,6.910000000000000000e+02
-2.373091316223144531e+01,3.834034729003906250e+01,6.960000000000000000e+02
-2.304032135009765625e+01,3.845051956176757812e+01,6.980000000000000000e+02
-4.394800567626953125e+01,3.825465774536132812e+01,6.810000000000000000e+02
-4.301735687255859375e+01,3.808613586425781250e+01,6.780000000000000000e+02
-4.221795654296875000e+01,3.802996063232421875e+01,6.770000000000000000e+02
-4.135945510864257812e+01,3.791761398315429688e+01,6.750000000000000000e+02
-4.062567138671875000e+01,3.791761398315429688e+01,6.750000000000000000e+02
-3.983279037475585938e+01,3.786143875122070312e+01,6.740000000000000000e+02
-3.910009384155273438e+01,3.786143875122070312e+01,6.740000000000000000e+02
-3.836739730834960938e+01,3.786143875122070312e+01,6.740000000000000000e+02
-3.763470458984375000e+01,3.786143875122070312e+01,6.740000000000000000e+02
-3.695676040649414062e+01,3.791761398315429688e+01,6.750000000000000000e+02
-3.622297668457031250e+01,3.791761398315429688e+01,6.750000000000000000e+02
-3.548919677734375000e+01,3.791761398315429688e+01,6.750000000000000000e+02
-3.475541305541992188e+01,3.791761398315429688e+01,6.750000000000000000e+02
-3.402162933349609375e+01,3.791761398315429688e+01,6.750000000000000000e+02
-3.333716201782226562e+01,3.797378540039062500e+01,6.760000000000000000e+02
-3.260229492187500000e+01,3.797378540039062500e+01,6.760000000000000000e+02
-3.191456604003906250e+01,3.802996063232421875e+01,6.770000000000000000e+02
-3.117860984802246094e+01,3.802996063232421875e+01,6.770000000000000000e+02
-3.048762130737304688e+01,3.808613586425781250e+01,6.780000000000000000e+02
-2.975057792663574219e+01,3.808613586425781250e+01,6.780000000000000000e+02
-2.905632400512695312e+01,3.814231109619140625e+01,6.790000000000000000e+02
-2.831819343566894531e+01,3.814231109619140625e+01,6.790000000000000000e+02
-2.762068176269531250e+01,3.819848251342773438e+01,6.800000000000000000e+02
-2.696052742004394531e+01,3.831083297729492188e+01,6.820000000000000000e+02
-2.621913719177246094e+01,3.831083297729492188e+01,6.820000000000000000e+02
-2.555245971679687500e+01,3.842317962646484375e+01,6.840000000000000000e+02
-2.484516525268554688e+01,3.847935485839843750e+01,6.850000000000000000e+02
-2.417087554931640625e+01,3.859170532226562500e+01,6.870000000000000000e+02
-2.352633666992187500e+01,3.876022720336914062e+01,6.900000000000000000e+02
-2.294129371643066406e+01,3.904109573364257812e+01,6.950000000000000000e+02
-2.224961471557617188e+01,3.915344619750976562e+01,6.970000000000000000e+02
-4.542861938476562500e+01,3.899526596069335938e+01,6.810000000000000000e+02
-4.455707168579101562e+01,3.888074493408203125e+01,6.790000000000000000e+02
-4.362533187866210938e+01,3.870895767211914062e+01,6.760000000000000000e+02
-4.276356887817382812e+01,3.859443283081054688e+01,6.740000000000000000e+02
-4.196851730346679688e+01,3.853717422485351562e+01,6.730000000000000000e+02
-4.117563629150390625e+01,3.847991180419921875e+01,6.720000000000000000e+02
-4.044511032104492188e+01,3.847991180419921875e+01,6.720000000000000000e+02
-3.971459197998046875e+01,3.847991180419921875e+01,6.720000000000000000e+02
-3.898406982421875000e+01,3.847991180419921875e+01,6.720000000000000000e+02
-3.825354766845703125e+01,3.847991180419921875e+01,6.720000000000000000e+02
-3.752302932739257812e+01,3.847991180419921875e+01,6.720000000000000000e+02
-3.679250717163085938e+01,3.847991180419921875e+01,6.720000000000000000e+02
-3.606198883056640625e+01,3.847991180419921875e+01,6.720000000000000000e+02
-3.533146667480468750e+01,3.847991180419921875e+01,6.720000000000000000e+02
-3.465243148803710938e+01,3.853717422485351562e+01,6.730000000000000000e+02
-3.392082595825195312e+01,3.853717422485351562e+01,6.730000000000000000e+02
-3.323853302001953125e+01,3.859443283081054688e+01,6.740000000000000000e+02
-3.250583648681640625e+01,3.859443283081054688e+01,6.740000000000000000e+02
-3.177314186096191406e+01,3.859443283081054688e+01,6.740000000000000000e+02
-3.108650207519531250e+01,3.865169525146484375e+01,6.750000000000000000e+02
-3.035272026062011719e+01,3.865169525146484375e+01,6.750000000000000000e+02
-2.966281700134277344e+01,3.870895767211914062e+01,6.760000000000000000e+02
-2.892794609069824219e+01,3.870895767211914062e+01,6.760000000000000000e+02
-2.819307708740234375e+01,3.870895767211914062e+01,6.760000000000000000e+02
-2.749882698059082031e+01,3.876622009277343750e+01,6.770000000000000000e+02
-2.680240249633789062e+01,3.882348251342773438e+01,6.780000000000000000e+02
-2.610380363464355469e+01,3.888074493408203125e+01,6.790000000000000000e+02
-2.540303039550781250e+01,3.893800354003906250e+01,6.800000000000000000e+02
-2.473635292053222656e+01,3.905252838134765625e+01,6.820000000000000000e+02
-2.403014183044433594e+01,3.910979080200195312e+01,6.830000000000000000e+02
-2.335585594177246094e+01,3.922431564331054688e+01,6.850000000000000000e+02
-2.274324035644531250e+01,3.945336151123046875e+01,6.890000000000000000e+02
-2.215384864807128906e+01,3.973966979980468750e+01,6.940000000000000000e+02
-4.603333282470703125e+01,3.961917877197265625e+01,6.790000000000000000e+02
-4.516178512573242188e+01,3.950247955322265625e+01,6.770000000000000000e+02
-4.429458618164062500e+01,3.938578033447265625e+01,6.750000000000000000e+02
-4.343172836303710938e+01,3.926908111572265625e+01,6.730000000000000000e+02
-4.263667297363281250e+01,3.921073150634765625e+01,6.720000000000000000e+02
-4.184379577636718750e+01,3.915238189697265625e+01,6.710000000000000000e+02
-4.111436080932617188e+01,3.915238189697265625e+01,6.710000000000000000e+02
-4.038492584228515625e+01,3.915238189697265625e+01,6.710000000000000000e+02
-3.965549087524414062e+01,3.915238189697265625e+01,6.710000000000000000e+02
-3.892605590820312500e+01,3.915238189697265625e+01,6.710000000000000000e+02
-3.819662475585937500e+01,3.915238189697265625e+01,6.710000000000000000e+02
-3.746718978881835938e+01,3.915238189697265625e+01,6.710000000000000000e+02
-3.673775863647460938e+01,3.915238189697265625e+01,6.710000000000000000e+02
-3.600832366943359375e+01,3.915238189697265625e+01,6.710000000000000000e+02
-3.527888870239257812e+01,3.915238189697265625e+01,6.710000000000000000e+02
-3.454945373535156250e+01,3.915238189697265625e+01,6.710000000000000000e+02
-3.382001876831054688e+01,3.915238189697265625e+01,6.710000000000000000e+02
-3.313990020751953125e+01,3.921073150634765625e+01,6.720000000000000000e+02
-3.240938186645507812e+01,3.921073150634765625e+01,6.720000000000000000e+02
-3.167885971069335938e+01,3.921073150634765625e+01,6.720000000000000000e+02
-3.094833946228027344e+01,3.921073150634765625e+01,6.720000000000000000e+02
-3.026278495788574219e+01,3.926908111572265625e+01,6.730000000000000000e+02
-2.957505798339843750e+01,3.932743072509765625e+01,6.740000000000000000e+02
-2.884235954284667969e+01,3.932743072509765625e+01,6.740000000000000000e+02
-2.810966491699218750e+01,3.932743072509765625e+01,6.740000000000000000e+02
-2.741758918762207031e+01,3.938578033447265625e+01,6.750000000000000000e+02
-2.668380737304687500e+01,3.938578033447265625e+01,6.750000000000000000e+02
-2.602691459655761719e+01,3.950247955322265625e+01,6.770000000000000000e+02
-2.529095840454101562e+01,3.950247955322265625e+01,6.770000000000000000e+02
-2.459127235412597656e+01,3.956082916259765625e+01,6.780000000000000000e+02
-2.392459297180175781e+01,3.967752838134765625e+01,6.800000000000000000e+02
-2.325356864929199219e+01,3.979422378540039062e+01,6.820000000000000000e+02
-2.261120414733886719e+01,3.996927261352539062e+01,6.850000000000000000e+02
-2.196231651306152344e+01,4.014432144165039062e+01,6.880000000000000000e+02
-2.139941215515136719e+01,4.049441528320312500e+01,6.940000000000000000e+02
-4.670257949829101562e+01,4.029817581176757812e+01,6.780000000000000000e+02
-4.582994461059570312e+01,4.017930221557617188e+01,6.760000000000000000e+02
-4.496165847778320312e+01,4.006042861938476562e+01,6.740000000000000000e+02
-4.416334152221679688e+01,4.000099182128906250e+01,6.730000000000000000e+02
-4.336719512939453125e+01,3.994155502319335938e+01,6.720000000000000000e+02
-4.250977706909179688e+01,3.982268142700195312e+01,6.700000000000000000e+02
-4.178143310546875000e+01,3.982268142700195312e+01,6.700000000000000000e+02
-4.105308914184570312e+01,3.982268142700195312e+01,6.700000000000000000e+02
-4.032473754882812500e+01,3.982268142700195312e+01,6.700000000000000000e+02
-3.959639358520507812e+01,3.982268142700195312e+01,6.700000000000000000e+02
-3.881003570556640625e+01,3.976324462890625000e+01,6.690000000000000000e+02
-3.808277511596679688e+01,3.976324462890625000e+01,6.690000000000000000e+02
-3.735551452636718750e+01,3.976324462890625000e+01,6.690000000000000000e+02
-3.662825393676757812e+01,3.976324462890625000e+01,6.690000000000000000e+02
-3.590099716186523438e+01,3.976324462890625000e+01,6.690000000000000000e+02
-3.517373657226562500e+01,3.976324462890625000e+01,6.690000000000000000e+02
-3.444647598266601562e+01,3.976324462890625000e+01,6.690000000000000000e+02
-3.376961898803710938e+01,3.982268142700195312e+01,6.700000000000000000e+02
-3.304127120971679688e+01,3.982268142700195312e+01,6.700000000000000000e+02
-3.231292343139648438e+01,3.982268142700195312e+01,6.700000000000000000e+02
-3.163171958923339844e+01,3.988211822509765625e+01,6.710000000000000000e+02
-3.090228462219238281e+01,3.988211822509765625e+01,6.710000000000000000e+02
-3.017285156250000000e+01,3.988211822509765625e+01,6.710000000000000000e+02
-2.948729705810546875e+01,3.994155502319335938e+01,6.720000000000000000e+02
-2.875677490234375000e+01,3.994155502319335938e+01,6.720000000000000000e+02
-2.802625465393066406e+01,3.994155502319335938e+01,6.720000000000000000e+02
-2.733635139465332031e+01,4.000099182128906250e+01,6.730000000000000000e+02
-2.664427566528320312e+01,4.006042861938476562e+01,6.740000000000000000e+02
-2.591158103942871094e+01,4.006042861938476562e+01,6.740000000000000000e+02
-2.521624374389648438e+01,4.011986541748046875e+01,6.750000000000000000e+02
-2.451873207092285156e+01,4.017930221557617188e+01,6.760000000000000000e+02
-2.385422706604003906e+01,4.029817581176757812e+01,6.780000000000000000e+02
-2.318537521362304688e+01,4.041704940795898438e+01,6.800000000000000000e+02
-2.251217651367187500e+01,4.053592300415039062e+01,6.820000000000000000e+02
-2.186655044555664062e+01,4.071423339843750000e+01,6.850000000000000000e+02
-2.121440315246582031e+01,4.089254379272460938e+01,6.880000000000000000e+02
-2.061522674560546875e+01,4.118972778320312500e+01,6.930000000000000000e+02
-4.729968261718750000e+01,4.091447448730468750e+01,6.760000000000000000e+02
-4.642704772949218750e+01,4.079342651367187500e+01,6.740000000000000000e+02
-4.562655639648437500e+01,4.073290252685546875e+01,6.730000000000000000e+02
-4.482823944091796875e+01,4.067237854003906250e+01,6.720000000000000000e+02
-4.403209686279296875e+01,4.061185073852539062e+01,6.710000000000000000e+02
-4.323812484741210938e+01,4.055132675170898438e+01,6.700000000000000000e+02
-4.250977706909179688e+01,4.055132675170898438e+01,6.700000000000000000e+02
-4.171907424926757812e+01,4.049080276489257812e+01,6.690000000000000000e+02
-4.099181365966796875e+01,4.049080276489257812e+01,6.690000000000000000e+02
-4.026455307006835938e+01,4.049080276489257812e+01,6.690000000000000000e+02
-3.953729248046875000e+01,4.049080276489257812e+01,6.690000000000000000e+02
-3.875202178955078125e+01,4.043027877807617188e+01,6.680000000000000000e+02
-3.802584838867187500e+01,4.043027877807617188e+01,6.680000000000000000e+02
-3.729967880249023438e+01,4.043027877807617188e+01,6.680000000000000000e+02
-3.657350540161132812e+01,4.043027877807617188e+01,6.680000000000000000e+02
-3.584733200073242188e+01,4.043027877807617188e+01,6.680000000000000000e+02
-3.512115859985351562e+01,4.043027877807617188e+01,6.680000000000000000e+02
-3.439498519897460938e+01,4.043027877807617188e+01,6.680000000000000000e+02
-3.366881179809570312e+01,4.043027877807617188e+01,6.680000000000000000e+02
-3.294263839721679688e+01,4.043027877807617188e+01,6.680000000000000000e+02
-3.226469421386718750e+01,4.049080276489257812e+01,6.690000000000000000e+02
-3.153743743896484375e+01,4.049080276489257812e+01,6.690000000000000000e+02
-3.081017684936523438e+01,4.049080276489257812e+01,6.690000000000000000e+02
-3.012788391113281250e+01,4.055132675170898438e+01,6.700000000000000000e+02
-2.939953804016113281e+01,4.055132675170898438e+01,6.700000000000000000e+02
-2.871398162841796875e+01,4.061185073852539062e+01,6.710000000000000000e+02
-2.798454856872558594e+01,4.061185073852539062e+01,6.710000000000000000e+02
-2.729573249816894531e+01,4.067237854003906250e+01,6.720000000000000000e+02
-2.656521224975585938e+01,4.067237854003906250e+01,6.720000000000000000e+02
-2.587313652038574219e+01,4.073290252685546875e+01,6.730000000000000000e+02
-2.517888641357421875e+01,4.079342651367187500e+01,6.740000000000000000e+02
-2.444619178771972656e+01,4.079342651367187500e+01,6.740000000000000000e+02
-2.374867630004882812e+01,4.085395050048828125e+01,6.750000000000000000e+02
-2.311718368530273438e+01,4.103552246093750000e+01,6.780000000000000000e+02
-2.244615745544433594e+01,4.115657043457031250e+01,6.800000000000000000e+02
-2.177078437805175781e+01,4.127762222290039062e+01,6.820000000000000000e+02
-2.112189865112304688e+01,4.145919418334960938e+01,6.850000000000000000e+02
-2.055573081970214844e+01,4.182234191894531250e+01,6.910000000000000000e+02
-1.989053726196289062e+01,4.200391387939453125e+01,6.940000000000000000e+02
-4.876942062377929688e+01,4.164964675903320312e+01,6.760000000000000000e+02
-4.789243698120117188e+01,4.152642059326171875e+01,6.740000000000000000e+02
-4.708977127075195312e+01,4.146480941772460938e+01,6.730000000000000000e+02
-4.628928375244140625e+01,4.140319824218750000e+01,6.720000000000000000e+02
-4.549096679687500000e+01,4.134158706665039062e+01,6.710000000000000000e+02
-4.469482421875000000e+01,4.127997589111328125e+01,6.700000000000000000e+02
-4.396647644042968750e+01,4.127997589111328125e+01,6.700000000000000000e+02
-4.323812484741210938e+01,4.127997589111328125e+01,6.700000000000000000e+02
-4.244633102416992188e+01,4.121836090087890625e+01,6.690000000000000000e+02
-4.171907424926757812e+01,4.121836090087890625e+01,6.690000000000000000e+02
-4.093054199218750000e+01,4.115674972534179688e+01,6.680000000000000000e+02
-4.020436477661132812e+01,4.115674972534179688e+01,6.680000000000000000e+02
-3.947819519042968750e+01,4.115674972534179688e+01,6.680000000000000000e+02
-3.869400787353515625e+01,4.109513854980468750e+01,6.670000000000000000e+02
-3.796892547607421875e+01,4.109513854980468750e+01,6.670000000000000000e+02
-3.724383926391601562e+01,4.109513854980468750e+01,6.670000000000000000e+02
-3.651875305175781250e+01,4.109513854980468750e+01,6.670000000000000000e+02
-3.579366683959960938e+01,4.109513854980468750e+01,6.670000000000000000e+02
-3.506858444213867188e+01,4.109513854980468750e+01,6.670000000000000000e+02
-3.434349441528320312e+01,4.109513854980468750e+01,6.670000000000000000e+02
-3.361841201782226562e+01,4.109513854980468750e+01,6.670000000000000000e+02
-3.289332580566406250e+01,4.109513854980468750e+01,6.670000000000000000e+02
-3.216823959350585938e+01,4.109513854980468750e+01,6.670000000000000000e+02
-3.144315338134765625e+01,4.109513854980468750e+01,6.670000000000000000e+02
-3.076412391662597656e+01,4.115674972534179688e+01,6.680000000000000000e+02
-3.003795051574707031e+01,4.115674972534179688e+01,6.680000000000000000e+02
-2.935565757751464844e+01,4.121836090087890625e+01,6.690000000000000000e+02
-2.862839698791503906e+01,4.121836090087890625e+01,6.690000000000000000e+02
-2.794284248352050781e+01,4.127997589111328125e+01,6.700000000000000000e+02
-2.721449661254882812e+01,4.127997589111328125e+01,6.700000000000000000e+02
-2.652568054199218750e+01,4.134158706665039062e+01,6.710000000000000000e+02
-2.579624748229980469e+01,4.134158706665039062e+01,6.710000000000000000e+02
-2.510417175292968750e+01,4.140319824218750000e+01,6.720000000000000000e+02
-2.440991973876953125e+01,4.146480941772460938e+01,6.730000000000000000e+02
-2.371349334716796875e+01,4.152642059326171875e+01,6.740000000000000000e+02
-2.301489448547363281e+01,4.158803558349609375e+01,6.750000000000000000e+02
-2.234713172912597656e+01,4.171125793457031250e+01,6.770000000000000000e+02
-2.170694160461425781e+01,4.189609146118164062e+01,6.800000000000000000e+02
-2.102939224243164062e+01,4.201931762695312500e+01,6.820000000000000000e+02
-2.037724494934082031e+01,4.220415115356445312e+01,6.850000000000000000e+02
-1.980455589294433594e+01,4.257382583618164062e+01,6.910000000000000000e+02
-4.935782623291015625e+01,4.225942230224609375e+01,6.740000000000000000e+02
-4.855298995971679688e+01,4.219672012329101562e+01,6.730000000000000000e+02
-4.775032424926757812e+01,4.213402175903320312e+01,6.720000000000000000e+02
-4.694983291625976562e+01,4.207132339477539062e+01,6.710000000000000000e+02
-4.615151596069335938e+01,4.200862121582031250e+01,6.700000000000000000e+02
-4.542316818237304688e+01,4.200862121582031250e+01,6.700000000000000000e+02
-4.469482421875000000e+01,4.200862121582031250e+01,6.700000000000000000e+02
-4.390085601806640625e+01,4.194592285156250000e+01,6.690000000000000000e+02
-4.317359161376953125e+01,4.194592285156250000e+01,6.690000000000000000e+02
-4.238288497924804688e+01,4.188322448730468750e+01,6.680000000000000000e+02
-4.165671539306640625e+01,4.188322448730468750e+01,6.680000000000000000e+02
-4.086926651000976562e+01,4.182052612304687500e+01,6.670000000000000000e+02
-4.014418029785156250e+01,4.182052612304687500e+01,6.670000000000000000e+02
-3.941909408569335938e+01,4.182052612304687500e+01,6.670000000000000000e+02
-3.863599777221679688e+01,4.175782394409179688e+01,6.660000000000000000e+02
-3.791199874877929688e+01,4.175782394409179688e+01,6.660000000000000000e+02
-3.718799972534179688e+01,4.175782394409179688e+01,6.660000000000000000e+02
-3.646400451660156250e+01,4.175782394409179688e+01,6.660000000000000000e+02
-3.568634033203125000e+01,4.169512557983398438e+01,6.650000000000000000e+02
-3.496342849731445312e+01,4.169512557983398438e+01,6.650000000000000000e+02
-3.424051666259765625e+01,4.169512557983398438e+01,6.650000000000000000e+02
-3.351760482788085938e+01,4.169512557983398438e+01,6.650000000000000000e+02
-3.279469299316406250e+01,4.169512557983398438e+01,6.650000000000000000e+02
-3.207178497314453125e+01,4.169512557983398438e+01,6.650000000000000000e+02
-3.139601325988769531e+01,4.175782394409179688e+01,6.660000000000000000e+02
-3.067201423645019531e+01,4.175782394409179688e+01,6.660000000000000000e+02
-2.999298286437988281e+01,4.182052612304687500e+01,6.670000000000000000e+02
-2.926789855957031250e+01,4.182052612304687500e+01,6.670000000000000000e+02
-2.858560371398925781e+01,4.188322448730468750e+01,6.680000000000000000e+02
-2.785943031311035156e+01,4.188322448730468750e+01,6.680000000000000000e+02
-2.717387771606445312e+01,4.194592285156250000e+01,6.690000000000000000e+02
-2.644661712646484375e+01,4.194592285156250000e+01,6.690000000000000000e+02
-2.575780296325683594e+01,4.200862121582031250e+01,6.700000000000000000e+02
-2.506681442260742188e+01,4.207132339477539062e+01,6.710000000000000000e+02
-2.437364959716796875e+01,4.213402175903320312e+01,6.720000000000000000e+02
-2.367831039428710938e+01,4.219672012329101562e+01,6.730000000000000000e+02
-2.298079872131347656e+01,4.225942230224609375e+01,6.740000000000000000e+02
-2.231412124633789062e+01,4.238481903076171875e+01,6.760000000000000000e+02
-2.164309692382812500e+01,4.251021957397460938e+01,6.780000000000000000e+02
-2.096772384643554688e+01,4.263561630249023438e+01,6.800000000000000000e+02
-2.031774902343750000e+01,4.282371520996093750e+01,6.830000000000000000e+02
-1.966125106811523438e+01,4.301181411743164062e+01,6.860000000000000000e+02
-1.908095359802246094e+01,4.338801193237304688e+01,6.920000000000000000e+02
-4.921136474609375000e+01,4.286484146118164062e+01,6.720000000000000000e+02
-4.840869903564453125e+01,4.280105590820312500e+01,6.710000000000000000e+02
-4.760820770263671875e+01,4.273727035522460938e+01,6.700000000000000000e+02
-4.687986373901367188e+01,4.273727035522460938e+01,6.700000000000000000e+02
-4.608263397216796875e+01,4.267348098754882812e+01,6.690000000000000000e+02
-4.535537338256835938e+01,4.267348098754882812e+01,6.690000000000000000e+02
-4.462811279296875000e+01,4.267348098754882812e+01,6.690000000000000000e+02
-4.383523178100585938e+01,4.260969543457031250e+01,6.680000000000000000e+02
-4.310905456542968750e+01,4.260969543457031250e+01,6.680000000000000000e+02
-4.231943511962890625e+01,4.254590988159179688e+01,6.670000000000000000e+02
-4.159435272216796875e+01,4.254590988159179688e+01,6.670000000000000000e+02
-4.086926651000976562e+01,4.254590988159179688e+01,6.670000000000000000e+02
-4.008399581909179688e+01,4.248212051391601562e+01,6.660000000000000000e+02
-3.935999679565429688e+01,4.248212051391601562e+01,6.660000000000000000e+02
-3.857798767089843750e+01,4.241833496093750000e+01,6.650000000000000000e+02
-3.785507583618164062e+01,4.241833496093750000e+01,6.650000000000000000e+02
-3.713216400146484375e+01,4.241833496093750000e+01,6.650000000000000000e+02
-3.640925216674804688e+01,4.241833496093750000e+01,6.650000000000000000e+02
-3.563267898559570312e+01,4.235454559326171875e+01,6.640000000000000000e+02
-3.491085433959960938e+01,4.235454559326171875e+01,6.640000000000000000e+02
-3.418902587890625000e+01,4.235454559326171875e+01,6.640000000000000000e+02
-3.346720123291015625e+01,4.235454559326171875e+01,6.640000000000000000e+02
-3.274538040161132812e+01,4.235454559326171875e+01,6.640000000000000000e+02
-3.202355575561523438e+01,4.235454559326171875e+01,6.640000000000000000e+02
-3.134887123107910156e+01,4.241833496093750000e+01,6.650000000000000000e+02
-3.062596130371093750e+01,4.241833496093750000e+01,6.650000000000000000e+02
-2.990304946899414062e+01,4.241833496093750000e+01,6.650000000000000000e+02
-2.922401809692382812e+01,4.248212051391601562e+01,6.660000000000000000e+02
-2.854281044006347656e+01,4.254590988159179688e+01,6.670000000000000000e+02
-2.781772613525390625e+01,4.254590988159179688e+01,6.670000000000000000e+02
-2.713325881958007812e+01,4.260969543457031250e+01,6.680000000000000000e+02
-2.640708541870117188e+01,4.260969543457031250e+01,6.680000000000000000e+02
-2.571935844421386719e+01,4.267348098754882812e+01,6.690000000000000000e+02
-2.502945709228515625e+01,4.273727035522460938e+01,6.700000000000000000e+02
-2.433737945556640625e+01,4.280105590820312500e+01,6.710000000000000000e+02
-2.364312744140625000e+01,4.286484146118164062e+01,6.720000000000000000e+02
-2.294670295715332031e+01,4.292863082885742188e+01,6.730000000000000000e+02
-2.228111267089843750e+01,4.305620193481445312e+01,6.750000000000000000e+02
-2.157925224304199219e+01,4.311999130249023438e+01,6.760000000000000000e+02
-2.090605354309082031e+01,4.324756622314453125e+01,6.780000000000000000e+02
-2.025825309753417969e+01,4.343892669677734375e+01,6.810000000000000000e+02
-1.960392951965332031e+01,4.363028717041015625e+01,6.840000000000000000e+02
-1.902580642700195312e+01,4.401300811767578125e+01,6.900000000000000000e+02
-5.082321548461914062e+01,4.372541427612304688e+01,6.740000000000000000e+02
-4.994188690185546875e+01,4.359566497802734375e+01,6.720000000000000000e+02
-4.913813400268554688e+01,4.353078842163085938e+01,6.710000000000000000e+02
-4.833655548095703125e+01,4.346591567993164062e+01,6.700000000000000000e+02
-4.753715133666992188e+01,4.340103912353515625e+01,6.690000000000000000e+02
-4.680989456176757812e+01,4.340103912353515625e+01,6.690000000000000000e+02
-4.608263397216796875e+01,4.340103912353515625e+01,6.690000000000000000e+02
-4.528757858276367188e+01,4.333616638183593750e+01,6.680000000000000000e+02
-4.456140518188476562e+01,4.333616638183593750e+01,6.680000000000000000e+02
-4.376961135864257812e+01,4.327128982543945312e+01,6.670000000000000000e+02
-4.304452133178710938e+01,4.327128982543945312e+01,6.670000000000000000e+02
-4.231943511962890625e+01,4.327128982543945312e+01,6.670000000000000000e+02
-4.153199386596679688e+01,4.320641708374023438e+01,6.660000000000000000e+02
-4.080799484252929688e+01,4.320641708374023438e+01,6.660000000000000000e+02
-4.002380752563476562e+01,4.314154434204101562e+01,6.650000000000000000e+02
-3.930089569091796875e+01,4.314154434204101562e+01,6.650000000000000000e+02
-3.857798767089843750e+01,4.314154434204101562e+01,6.650000000000000000e+02
-3.779814910888671875e+01,4.307666778564453125e+01,6.640000000000000000e+02
-3.707632446289062500e+01,4.307666778564453125e+01,6.640000000000000000e+02
-3.635449981689453125e+01,4.307666778564453125e+01,6.640000000000000000e+02
-3.563267898559570312e+01,4.307666778564453125e+01,6.640000000000000000e+02
-3.485827636718750000e+01,4.301179504394531250e+01,6.630000000000000000e+02
-3.413753890991210938e+01,4.301179504394531250e+01,6.630000000000000000e+02
-3.341680145263671875e+01,4.301179504394531250e+01,6.630000000000000000e+02
-3.269606399536132812e+01,4.301179504394531250e+01,6.630000000000000000e+02
-3.197532653808593750e+01,4.301179504394531250e+01,6.630000000000000000e+02
-3.125458908081054688e+01,4.301179504394531250e+01,6.630000000000000000e+02
-3.057990646362304688e+01,4.307666778564453125e+01,6.640000000000000000e+02
-2.985808181762695312e+01,4.307666778564453125e+01,6.640000000000000000e+02
-2.918013763427734375e+01,4.314154434204101562e+01,6.650000000000000000e+02
-2.845722579956054688e+01,4.314154434204101562e+01,6.650000000000000000e+02
-2.777602005004882812e+01,4.320641708374023438e+01,6.660000000000000000e+02
-2.709263992309570312e+01,4.327128982543945312e+01,6.670000000000000000e+02
-2.636755371093750000e+01,4.327128982543945312e+01,6.670000000000000000e+02
-2.568091392517089844e+01,4.333616638183593750e+01,6.680000000000000000e+02
-2.499209976196289062e+01,4.340103912353515625e+01,6.690000000000000000e+02
-2.430110931396484375e+01,4.346591567993164062e+01,6.700000000000000000e+02
-2.360794448852539062e+01,4.353078842163085938e+01,6.710000000000000000e+02
-2.291260719299316406e+01,4.359566497802734375e+01,6.720000000000000000e+02
-2.221509552001953125e+01,4.366053771972656250e+01,6.730000000000000000e+02
-2.154733085632324219e+01,4.379028701782226562e+01,6.750000000000000000e+02
-2.087521934509277344e+01,4.392003631591796875e+01,6.770000000000000000e+02
-2.019875717163085938e+01,4.404978561401367188e+01,6.790000000000000000e+02
-1.954660797119140625e+01,4.424440765380859375e+01,6.820000000000000000e+02
-1.888793754577636719e+01,4.443903350830078125e+01,6.850000000000000000e+02
-1.830220413208007812e+01,4.482828140258789062e+01,6.910000000000000000e+02
-5.147941970825195312e+01,4.439244842529296875e+01,6.730000000000000000e+02
-5.059700012207031250e+01,4.426052474975585938e+01,6.710000000000000000e+02
-4.979325103759765625e+01,4.419456100463867188e+01,6.700000000000000000e+02
-4.899167251586914062e+01,4.412859725952148438e+01,6.690000000000000000e+02
-4.826441192626953125e+01,4.412859725952148438e+01,6.690000000000000000e+02
-4.746609497070312500e+01,4.406263732910156250e+01,6.680000000000000000e+02
-4.673992156982421875e+01,4.406263732910156250e+01,6.680000000000000000e+02
-4.601375198364257812e+01,4.406263732910156250e+01,6.680000000000000000e+02
-4.521978378295898438e+01,4.399667358398437500e+01,6.670000000000000000e+02
-4.449469757080078125e+01,4.399667358398437500e+01,6.670000000000000000e+02
-4.376961135864257812e+01,4.399667358398437500e+01,6.670000000000000000e+02
-4.297998809814453125e+01,4.393071365356445312e+01,6.660000000000000000e+02
-4.225598907470703125e+01,4.393071365356445312e+01,6.660000000000000000e+02
-4.146963119506835938e+01,4.386474990844726562e+01,6.650000000000000000e+02
-4.074672317504882812e+01,4.386474990844726562e+01,6.650000000000000000e+02
-4.002380752563476562e+01,4.386474990844726562e+01,6.650000000000000000e+02
-3.924179840087890625e+01,4.379878997802734375e+01,6.640000000000000000e+02
-3.851997375488281250e+01,4.379878997802734375e+01,6.640000000000000000e+02
-3.779814910888671875e+01,4.379878997802734375e+01,6.640000000000000000e+02
-3.702048873901367188e+01,4.373282623291015625e+01,6.630000000000000000e+02
-3.629975128173828125e+01,4.373282623291015625e+01,6.630000000000000000e+02
-3.557901382446289062e+01,4.373282623291015625e+01,6.630000000000000000e+02
-3.480570220947265625e+01,4.366686630249023438e+01,6.620000000000000000e+02
-3.408604812622070312e+01,4.366686630249023438e+01,6.620000000000000000e+02
-3.336639785766601562e+01,4.366686630249023438e+01,6.620000000000000000e+02
-3.264674758911132812e+01,4.366686630249023438e+01,6.620000000000000000e+02
-3.192709922790527344e+01,4.366686630249023438e+01,6.620000000000000000e+02
-3.120744895935058594e+01,4.366686630249023438e+01,6.620000000000000000e+02
-3.053385353088378906e+01,4.373282623291015625e+01,6.630000000000000000e+02
-2.981311607360839844e+01,4.373282623291015625e+01,6.630000000000000000e+02
-2.909237861633300781e+01,4.373282623291015625e+01,6.630000000000000000e+02
-2.841443252563476562e+01,4.379878997802734375e+01,6.640000000000000000e+02
-2.769260787963867188e+01,4.379878997802734375e+01,6.640000000000000000e+02
-2.705202102661132812e+01,4.393071365356445312e+01,6.660000000000000000e+02
-2.636755371093750000e+01,4.399667358398437500e+01,6.670000000000000000e+02
-2.564246940612792969e+01,4.399667358398437500e+01,6.670000000000000000e+02
-2.495474052429199219e+01,4.406263732910156250e+01,6.680000000000000000e+02
-2.426483917236328125e+01,4.412859725952148438e+01,6.690000000000000000e+02
-2.357276153564453125e+01,4.419456100463867188e+01,6.700000000000000000e+02
-2.287850952148437500e+01,4.426052474975585938e+01,6.710000000000000000e+02
-2.221509552001953125e+01,4.439244842529296875e+01,6.730000000000000000e+02
-2.151540946960449219e+01,4.445840835571289062e+01,6.740000000000000000e+02
-2.084438323974609375e+01,4.459033203125000000e+01,6.760000000000000000e+02
-2.013926315307617188e+01,4.465629577636718750e+01,6.770000000000000000e+02
-1.948928642272949219e+01,4.485418319702148438e+01,6.800000000000000000e+02
-1.883279037475585938e+01,4.505206680297851562e+01,6.830000000000000000e+02
-1.827571868896484375e+01,4.551380157470703125e+01,6.900000000000000000e+02
-5.213344955444335938e+01,4.505730438232421875e+01,6.720000000000000000e+02
-5.124994277954101562e+01,4.492320632934570312e+01,6.700000000000000000e+02
-5.044618988037109375e+01,4.485615921020507812e+01,6.690000000000000000e+02
-4.964461135864257812e+01,4.478910827636718750e+01,6.680000000000000000e+02
-4.891844177246093750e+01,4.478910827636718750e+01,6.680000000000000000e+02
-4.819226837158203125e+01,4.478910827636718750e+01,6.680000000000000000e+02
-4.739503860473632812e+01,4.472205734252929688e+01,6.670000000000000000e+02
-4.666995239257812500e+01,4.472205734252929688e+01,6.670000000000000000e+02
-4.594486618041992188e+01,4.472205734252929688e+01,6.670000000000000000e+02
-4.521978378295898438e+01,4.472205734252929688e+01,6.670000000000000000e+02
-4.442798995971679688e+01,4.465501022338867188e+01,6.660000000000000000e+02
-4.370399093627929688e+01,4.465501022338867188e+01,6.660000000000000000e+02
-4.291545104980468750e+01,4.458795928955078125e+01,6.650000000000000000e+02
-4.219254302978515625e+01,4.458795928955078125e+01,6.650000000000000000e+02
-4.140727233886718750e+01,4.452090835571289062e+01,6.640000000000000000e+02
-4.068544769287109375e+01,4.452090835571289062e+01,6.640000000000000000e+02
-3.996362304687500000e+01,4.452090835571289062e+01,6.640000000000000000e+02
-3.918269729614257812e+01,4.445386123657226562e+01,6.630000000000000000e+02
-3.846195983886718750e+01,4.445386123657226562e+01,6.630000000000000000e+02
-3.774122619628906250e+01,4.445386123657226562e+01,6.630000000000000000e+02
-3.696464920043945312e+01,4.438681030273437500e+01,6.620000000000000000e+02
-3.624499893188476562e+01,4.438681030273437500e+01,6.620000000000000000e+02
-3.552534866333007812e+01,4.438681030273437500e+01,6.620000000000000000e+02
-3.480570220947265625e+01,4.438681030273437500e+01,6.620000000000000000e+02
-3.403455734252929688e+01,4.431975936889648438e+01,6.610000000000000000e+02
-3.331599426269531250e+01,4.431975936889648438e+01,6.610000000000000000e+02
-3.259743118286132812e+01,4.431975936889648438e+01,6.610000000000000000e+02
-3.187887001037597656e+01,4.431975936889648438e+01,6.610000000000000000e+02
-3.116030693054199219e+01,4.431975936889648438e+01,6.610000000000000000e+02
-3.044174385070800781e+01,4.431975936889648438e+01,6.610000000000000000e+02
-2.976814842224121094e+01,4.438681030273437500e+01,6.620000000000000000e+02
-2.904849815368652344e+01,4.438681030273437500e+01,6.620000000000000000e+02
-2.837163925170898438e+01,4.445386123657226562e+01,6.630000000000000000e+02
-2.765090179443359375e+01,4.445386123657226562e+01,6.630000000000000000e+02
-2.697078323364257812e+01,4.452090835571289062e+01,6.640000000000000000e+02
-2.632802391052246094e+01,4.465501022338867188e+01,6.660000000000000000e+02
-2.564246940612792969e+01,4.472205734252929688e+01,6.670000000000000000e+02
-2.495474052429199219e+01,4.478910827636718750e+01,6.680000000000000000e+02
-2.422856903076171875e+01,4.478910827636718750e+01,6.680000000000000000e+02
-2.357276153564453125e+01,4.492320632934570312e+01,6.700000000000000000e+02
-2.284441375732421875e+01,4.492320632934570312e+01,6.700000000000000000e+02
-2.218208503723144531e+01,4.505730438232421875e+01,6.720000000000000000e+02
-2.148348617553710938e+01,4.512435531616210938e+01,6.730000000000000000e+02
-2.081354904174804688e+01,4.525845336914062500e+01,6.750000000000000000e+02
-2.013926315307617188e+01,4.539255523681640625e+01,6.770000000000000000e+02
-1.946062660217285156e+01,4.552665328979492188e+01,6.790000000000000000e+02
-1.880521774291992188e+01,4.572780227661132812e+01,6.820000000000000000e+02
-1.814328575134277344e+01,4.592895126342773438e+01,6.850000000000000000e+02
-1.755102920532226562e+01,4.633124923706054688e+01,6.910000000000000000e+02
-5.270663452148437500e+01,4.565185928344726562e+01,6.700000000000000000e+02
-5.190071105957031250e+01,4.558372116088867188e+01,6.690000000000000000e+02
-5.109695816040039062e+01,4.551558303833007812e+01,6.680000000000000000e+02
-5.029537963867187500e+01,4.544744873046875000e+01,6.670000000000000000e+02
-4.957029342651367188e+01,4.544744873046875000e+01,6.670000000000000000e+02
-4.884520721435546875e+01,4.544744873046875000e+01,6.670000000000000000e+02
-4.812012481689453125e+01,4.544744873046875000e+01,6.670000000000000000e+02
-4.732398223876953125e+01,4.537931060791015625e+01,6.660000000000000000e+02
-4.659998321533203125e+01,4.537931060791015625e+01,6.660000000000000000e+02
-4.587598419189453125e+01,4.537931060791015625e+01,6.660000000000000000e+02
-4.508419036865234375e+01,4.531117248535156250e+01,6.650000000000000000e+02
-4.436127853393554688e+01,4.531117248535156250e+01,6.650000000000000000e+02
-4.363837051391601562e+01,4.531117248535156250e+01,6.650000000000000000e+02
-4.285091781616210938e+01,4.524303436279296875e+01,6.640000000000000000e+02
-4.212909317016601562e+01,4.524303436279296875e+01,6.640000000000000000e+02
-4.140727233886718750e+01,4.524303436279296875e+01,6.640000000000000000e+02
-4.062417602539062500e+01,4.517490005493164062e+01,6.630000000000000000e+02
-3.990343475341796875e+01,4.517490005493164062e+01,6.630000000000000000e+02
-3.912360000610351562e+01,4.510676193237304688e+01,6.620000000000000000e+02
-3.840394973754882812e+01,4.510676193237304688e+01,6.620000000000000000e+02
-3.768429946899414062e+01,4.510676193237304688e+01,6.620000000000000000e+02
-3.696464920043945312e+01,4.510676193237304688e+01,6.620000000000000000e+02
-3.619025039672851562e+01,4.503862380981445312e+01,6.610000000000000000e+02
-3.547168731689453125e+01,4.503862380981445312e+01,6.610000000000000000e+02
-3.475312423706054688e+01,4.503862380981445312e+01,6.610000000000000000e+02
-3.398307037353515625e+01,4.497048568725585938e+01,6.600000000000000000e+02
-3.326559448242187500e+01,4.497048568725585938e+01,6.600000000000000000e+02
-3.254811859130859375e+01,4.497048568725585938e+01,6.600000000000000000e+02
-3.183064270019531250e+01,4.497048568725585938e+01,6.600000000000000000e+02
-3.111316680908203125e+01,4.497048568725585938e+01,6.600000000000000000e+02
-3.039569091796875000e+01,4.497048568725585938e+01,6.600000000000000000e+02
-2.972318077087402344e+01,4.503862380981445312e+01,6.610000000000000000e+02
-2.900461959838867188e+01,4.503862380981445312e+01,6.610000000000000000e+02
-2.832884597778320312e+01,4.510676193237304688e+01,6.620000000000000000e+02
-2.760919570922851562e+01,4.510676193237304688e+01,6.620000000000000000e+02
-2.693016624450683594e+01,4.517490005493164062e+01,6.630000000000000000e+02
-2.628849220275878906e+01,4.531117248535156250e+01,6.650000000000000000e+02
-2.560402488708496094e+01,4.537931060791015625e+01,6.660000000000000000e+02
-2.491738319396972656e+01,4.544744873046875000e+01,6.670000000000000000e+02
-2.422856903076171875e+01,4.551558303833007812e+01,6.680000000000000000e+02
-2.353757667541503906e+01,4.558372116088867188e+01,6.690000000000000000e+02
-2.284441375732421875e+01,4.565185928344726562e+01,6.700000000000000000e+02
-2.214907646179199219e+01,4.571999359130859375e+01,6.710000000000000000e+02
-2.148348617553710938e+01,4.585626983642578125e+01,6.730000000000000000e+02
-2.078271484375000000e+01,4.592440795898437500e+01,6.740000000000000000e+02
-2.010951423645019531e+01,4.606068038940429688e+01,6.760000000000000000e+02
-1.943196487426757812e+01,4.619695663452148438e+01,6.780000000000000000e+02
-1.875007057189941406e+01,4.633322906494140625e+01,6.800000000000000000e+02
-1.811679840087890625e+01,4.660577774047851562e+01,6.840000000000000000e+02
-1.750023078918457031e+01,4.694646453857421875e+01,6.890000000000000000e+02
-5.327547454833984375e+01,4.624205398559570312e+01,6.680000000000000000e+02
-5.247063446044921875e+01,4.617282867431640625e+01,6.670000000000000000e+02
-5.174555206298828125e+01,4.617282867431640625e+01,6.670000000000000000e+02
-5.094397354125976562e+01,4.610360717773437500e+01,6.660000000000000000e+02
-5.021997451782226562e+01,4.610360717773437500e+01,6.660000000000000000e+02
-4.949597549438476562e+01,4.610360717773437500e+01,6.660000000000000000e+02
-4.877197647094726562e+01,4.610360717773437500e+01,6.660000000000000000e+02
-4.804798126220703125e+01,4.610360717773437500e+01,6.660000000000000000e+02
-4.725292587280273438e+01,4.603438186645507812e+01,6.650000000000000000e+02
-4.653001403808593750e+01,4.603438186645507812e+01,6.650000000000000000e+02
-4.580710220336914062e+01,4.603438186645507812e+01,6.650000000000000000e+02
-4.508419036865234375e+01,4.603438186645507812e+01,6.650000000000000000e+02
-4.429457092285156250e+01,4.596515655517578125e+01,6.640000000000000000e+02
-4.357274627685546875e+01,4.596515655517578125e+01,6.640000000000000000e+02
-4.278638458251953125e+01,4.589593124389648438e+01,6.630000000000000000e+02
-4.206564712524414062e+01,4.589593124389648438e+01,6.630000000000000000e+02
-4.134491348266601562e+01,4.589593124389648438e+01,6.630000000000000000e+02
-4.056290054321289062e+01,4.582670593261718750e+01,6.620000000000000000e+02
-3.984325027465820312e+01,4.582670593261718750e+01,6.620000000000000000e+02
-3.912360000610351562e+01,4.582670593261718750e+01,6.620000000000000000e+02
-3.834593963623046875e+01,4.575748443603515625e+01,6.610000000000000000e+02
-3.762737655639648438e+01,4.575748443603515625e+01,6.610000000000000000e+02
-3.690881347656250000e+01,4.575748443603515625e+01,6.610000000000000000e+02
-3.613549804687500000e+01,4.568825912475585938e+01,6.600000000000000000e+02
-3.541802215576171875e+01,4.568825912475585938e+01,6.600000000000000000e+02
-3.470054626464843750e+01,4.568825912475585938e+01,6.600000000000000000e+02
-3.398307037353515625e+01,4.568825912475585938e+01,6.600000000000000000e+02
-3.326559448242187500e+01,4.568825912475585938e+01,6.600000000000000000e+02
-3.249880218505859375e+01,4.561903381347656250e+01,6.590000000000000000e+02
-3.178241348266601562e+01,4.561903381347656250e+01,6.590000000000000000e+02
-3.106602478027343750e+01,4.561903381347656250e+01,6.590000000000000000e+02
-3.039569091796875000e+01,4.568825912475585938e+01,6.600000000000000000e+02
-2.967821502685546875e+01,4.568825912475585938e+01,6.600000000000000000e+02
-2.896073913574218750e+01,4.568825912475585938e+01,6.600000000000000000e+02
-2.828605270385742188e+01,4.575748443603515625e+01,6.610000000000000000e+02
-2.760919570922851562e+01,4.582670593261718750e+01,6.620000000000000000e+02
-2.688954734802246094e+01,4.582670593261718750e+01,6.620000000000000000e+02
-2.620942878723144531e+01,4.589593124389648438e+01,6.630000000000000000e+02
-2.556558036804199219e+01,4.603438186645507812e+01,6.650000000000000000e+02
-2.491738319396972656e+01,4.617282867431640625e+01,6.670000000000000000e+02
-2.419229888916015625e+01,4.617282867431640625e+01,6.670000000000000000e+02
-2.353757667541503906e+01,4.631127929687500000e+01,6.690000000000000000e+02
-2.284441375732421875e+01,4.638050460815429688e+01,6.700000000000000000e+02
-2.214907646179199219e+01,4.644972991943359375e+01,6.710000000000000000e+02
-2.145156478881835938e+01,4.651895523071289062e+01,6.720000000000000000e+02
-2.078271484375000000e+01,4.665740203857421875e+01,6.740000000000000000e+02
-2.007976722717285156e+01,4.672662734985351562e+01,6.750000000000000000e+02
-1.940330505371093750e+01,4.686507797241210938e+01,6.770000000000000000e+02
-1.875007057189941406e+01,4.707275009155273438e+01,6.800000000000000000e+02
-1.806382560729980469e+01,4.721120071411132812e+01,6.820000000000000000e+02
-1.747483062744140625e+01,4.762654876708984375e+01,6.880000000000000000e+02
-1.679985237121582031e+01,4.783422088623046875e+01,6.910000000000000000e+02
-5.464589691162109375e+01,4.689821243286132812e+01,6.670000000000000000e+02
-5.383996582031250000e+01,4.682789993286132812e+01,6.660000000000000000e+02
-5.303621292114257812e+01,4.675759124755859375e+01,6.650000000000000000e+02
-5.231330108642578125e+01,4.675759124755859375e+01,6.650000000000000000e+02
-5.159038925170898438e+01,4.675759124755859375e+01,6.650000000000000000e+02
-5.086748123168945312e+01,4.675759124755859375e+01,6.650000000000000000e+02
-5.014456939697265625e+01,4.675759124755859375e+01,6.650000000000000000e+02
-4.942165756225585938e+01,4.675759124755859375e+01,6.650000000000000000e+02
-4.869874572753906250e+01,4.675759124755859375e+01,6.650000000000000000e+02
-4.797583389282226562e+01,4.675759124755859375e+01,6.650000000000000000e+02
-4.718186569213867188e+01,4.668727874755859375e+01,6.640000000000000000e+02
-4.646004486083984375e+01,4.668727874755859375e+01,6.640000000000000000e+02
-4.573822021484375000e+01,4.668727874755859375e+01,6.640000000000000000e+02
-4.501639556884765625e+01,4.668727874755859375e+01,6.640000000000000000e+02
-4.422786331176757812e+01,4.661696624755859375e+01,6.630000000000000000e+02
-4.350712585449218750e+01,4.661696624755859375e+01,6.630000000000000000e+02
-4.278638458251953125e+01,4.661696624755859375e+01,6.630000000000000000e+02
-4.200219726562500000e+01,4.654665374755859375e+01,6.620000000000000000e+02
-4.128255081176757812e+01,4.654665374755859375e+01,6.620000000000000000e+02
-4.056290054321289062e+01,4.654665374755859375e+01,6.620000000000000000e+02
-3.978306198120117188e+01,4.647634124755859375e+01,6.610000000000000000e+02
-3.906449890136718750e+01,4.647634124755859375e+01,6.610000000000000000e+02
-3.828792572021484375e+01,4.640602874755859375e+01,6.600000000000000000e+02
-3.757044982910156250e+01,4.640602874755859375e+01,6.600000000000000000e+02
-3.685297393798828125e+01,4.640602874755859375e+01,6.600000000000000000e+02
-3.613549804687500000e+01,4.640602874755859375e+01,6.600000000000000000e+02
-3.541802215576171875e+01,4.640602874755859375e+01,6.600000000000000000e+02
-3.464797210693359375e+01,4.633571624755859375e+01,6.590000000000000000e+02
-3.393157958984375000e+01,4.633571624755859375e+01,6.590000000000000000e+02
-3.321519088745117188e+01,4.633571624755859375e+01,6.590000000000000000e+02
-3.249880218505859375e+01,4.633571624755859375e+01,6.590000000000000000e+02
-3.178241348266601562e+01,4.633571624755859375e+01,6.590000000000000000e+02
-3.106602478027343750e+01,4.633571624755859375e+01,6.590000000000000000e+02
-3.034963607788085938e+01,4.633571624755859375e+01,6.590000000000000000e+02
-2.963324737548828125e+01,4.633571624755859375e+01,6.590000000000000000e+02
-2.896073913574218750e+01,4.640602874755859375e+01,6.600000000000000000e+02
-2.824326133728027344e+01,4.640602874755859375e+01,6.600000000000000000e+02
-2.756749153137207031e+01,4.647634124755859375e+01,6.610000000000000000e+02
-2.688954734802246094e+01,4.654665374755859375e+01,6.620000000000000000e+02
-2.620942878723144531e+01,4.661696624755859375e+01,6.630000000000000000e+02
-2.556558036804199219e+01,4.675759124755859375e+01,6.650000000000000000e+02
-2.488002586364746094e+01,4.682789993286132812e+01,6.660000000000000000e+02
-2.419229888916015625e+01,4.689821243286132812e+01,6.670000000000000000e+02
-2.350239372253417969e+01,4.696852493286132812e+01,6.680000000000000000e+02
-2.284441375732421875e+01,4.710914993286132812e+01,6.700000000000000000e+02
-2.214907646179199219e+01,4.717946243286132812e+01,6.710000000000000000e+02
-2.145156478881835938e+01,4.724977493286132812e+01,6.720000000000000000e+02
-2.075187873840332031e+01,4.732008743286132812e+01,6.730000000000000000e+02
-2.007976722717285156e+01,4.746071243286132812e+01,6.750000000000000000e+02
-1.937464523315429688e+01,4.753102493286132812e+01,6.760000000000000000e+02
-1.869492340087890625e+01,4.767164611816406250e+01,6.780000000000000000e+02
-1.803733825683593750e+01,4.788258361816406250e+01,6.810000000000000000e+02
-1.737323379516601562e+01,4.809352111816406250e+01,6.840000000000000000e+02
-1.675122833251953125e+01,4.844507980346679688e+01,6.890000000000000000e+02
-5.520495223999023438e+01,4.748079681396484375e+01,6.650000000000000000e+02
-5.448204040527343750e+01,4.748079681396484375e+01,6.650000000000000000e+02
-5.367828369140625000e+01,4.740939712524414062e+01,6.640000000000000000e+02
-5.295645904541015625e+01,4.740939712524414062e+01,6.640000000000000000e+02
-5.223463439941406250e+01,4.740939712524414062e+01,6.640000000000000000e+02
-5.151280975341796875e+01,4.740939712524414062e+01,6.640000000000000000e+02
-5.071449661254882812e+01,4.733799743652343750e+01,6.630000000000000000e+02
-5.006916427612304688e+01,4.740939712524414062e+01,6.640000000000000000e+02
-4.934733963012695312e+01,4.740939712524414062e+01,6.640000000000000000e+02
-4.862551498413085938e+01,4.740939712524414062e+01,6.640000000000000000e+02
-4.790369033813476562e+01,4.740939712524414062e+01,6.640000000000000000e+02
-4.711080932617187500e+01,4.733799743652343750e+01,6.630000000000000000e+02
-4.639007186889648438e+01,4.733799743652343750e+01,6.630000000000000000e+02
-4.566933822631835938e+01,4.733799743652343750e+01,6.630000000000000000e+02
-4.494860076904296875e+01,4.733799743652343750e+01,6.630000000000000000e+02
-4.422786331176757812e+01,4.733799743652343750e+01,6.630000000000000000e+02
-4.344150543212890625e+01,4.726659774780273438e+01,6.620000000000000000e+02
-4.272184753417968750e+01,4.726659774780273438e+01,6.620000000000000000e+02
-4.193875122070312500e+01,4.719519805908203125e+01,6.610000000000000000e+02
-4.122019195556640625e+01,4.719519805908203125e+01,6.610000000000000000e+02
-4.050162887573242188e+01,4.719519805908203125e+01,6.610000000000000000e+02
-3.972287750244140625e+01,4.712379837036132812e+01,6.600000000000000000e+02
-3.900540161132812500e+01,4.712379837036132812e+01,6.600000000000000000e+02
-3.828792572021484375e+01,4.712379837036132812e+01,6.600000000000000000e+02
-3.757044982910156250e+01,4.712379837036132812e+01,6.600000000000000000e+02
-3.679713821411132812e+01,4.705239868164062500e+01,6.590000000000000000e+02
-3.608074951171875000e+01,4.705239868164062500e+01,6.590000000000000000e+02
-3.536436080932617188e+01,4.705239868164062500e+01,6.590000000000000000e+02
-3.464797210693359375e+01,4.705239868164062500e+01,6.590000000000000000e+02
-3.393157958984375000e+01,4.705239868164062500e+01,6.590000000000000000e+02
-3.321519088745117188e+01,4.705239868164062500e+01,6.590000000000000000e+02
-3.249880218505859375e+01,4.705239868164062500e+01,6.590000000000000000e+02
-3.178241348266601562e+01,4.705239868164062500e+01,6.590000000000000000e+02
-3.106602478027343750e+01,4.705239868164062500e+01,6.590000000000000000e+02
-3.034963607788085938e+01,4.705239868164062500e+01,6.590000000000000000e+02
-2.963324737548828125e+01,4.705239868164062500e+01,6.590000000000000000e+02
-2.891685867309570312e+01,4.705239868164062500e+01,6.590000000000000000e+02
-2.824326133728027344e+01,4.712379837036132812e+01,6.600000000000000000e+02
-2.752578544616699219e+01,4.712379837036132812e+01,6.600000000000000000e+02
-2.684892845153808594e+01,4.719519805908203125e+01,6.610000000000000000e+02
-2.616989707946777344e+01,4.726659774780273438e+01,6.620000000000000000e+02
-2.548869132995605469e+01,4.733799743652343750e+01,6.630000000000000000e+02
-2.488002586364746094e+01,4.755219650268554688e+01,6.660000000000000000e+02
-2.419229888916015625e+01,4.762359619140625000e+01,6.670000000000000000e+02
-2.350239372253417969e+01,4.769499588012695312e+01,6.680000000000000000e+02
-2.281031799316406250e+01,4.776639556884765625e+01,6.690000000000000000e+02
-2.211606788635253906e+01,4.783779525756835938e+01,6.700000000000000000e+02
-2.145156478881835938e+01,4.798059463500976562e+01,6.720000000000000000e+02
-2.075187873840332031e+01,4.805199432373046875e+01,6.730000000000000000e+02
-2.005001831054687500e+01,4.812339401245117188e+01,6.740000000000000000e+02
-1.934598350524902344e+01,4.819479370117187500e+01,6.750000000000000000e+02
-1.866734886169433594e+01,4.833759307861328125e+01,6.770000000000000000e+02
-1.798436546325683594e+01,4.848039245605468750e+01,6.790000000000000000e+02
-1.732243347167968750e+01,4.869459152221679688e+01,6.820000000000000000e+02
-1.672691535949707031e+01,4.912298965454101562e+01,6.880000000000000000e+02
-5.567555618286132812e+01,4.798654556274414062e+01,6.620000000000000000e+02
-5.495590591430664062e+01,4.798654556274414062e+01,6.620000000000000000e+02
-5.423625564575195312e+01,4.798654556274414062e+01,6.620000000000000000e+02
-5.351660156250000000e+01,4.798654556274414062e+01,6.620000000000000000e+02
-5.279695129394531250e+01,4.798654556274414062e+01,6.620000000000000000e+02
-5.207730102539062500e+01,4.798654556274414062e+01,6.620000000000000000e+02
-5.143523025512695312e+01,4.805903244018554688e+01,6.630000000000000000e+02
-5.071449661254882812e+01,4.805903244018554688e+01,6.630000000000000000e+02
-4.999375915527343750e+01,4.805903244018554688e+01,6.630000000000000000e+02
-4.927302169799804688e+01,4.805903244018554688e+01,6.630000000000000000e+02
-4.855228424072265625e+01,4.805903244018554688e+01,6.630000000000000000e+02
-4.783154678344726562e+01,4.805903244018554688e+01,6.630000000000000000e+02
-4.703975296020507812e+01,4.798654556274414062e+01,6.620000000000000000e+02
-4.632010269165039062e+01,4.798654556274414062e+01,6.620000000000000000e+02
-4.560045242309570312e+01,4.798654556274414062e+01,6.620000000000000000e+02
-4.488080215454101562e+01,4.798654556274414062e+01,6.620000000000000000e+02
-4.416115188598632812e+01,4.798654556274414062e+01,6.620000000000000000e+02
-4.337588119506835938e+01,4.791405868530273438e+01,6.610000000000000000e+02
-4.265731430053710938e+01,4.791405868530273438e+01,6.610000000000000000e+02
-4.187530517578125000e+01,4.784157180786132812e+01,6.600000000000000000e+02
-4.115782928466796875e+01,4.784157180786132812e+01,6.600000000000000000e+02
-4.044035720825195312e+01,4.784157180786132812e+01,6.600000000000000000e+02
-3.972287750244140625e+01,4.784157180786132812e+01,6.600000000000000000e+02
-3.894630050659179688e+01,4.776908111572265625e+01,6.590000000000000000e+02
-3.822991180419921875e+01,4.776908111572265625e+01,6.590000000000000000e+02
-3.751352691650390625e+01,4.776908111572265625e+01,6.590000000000000000e+02
-3.679713821411132812e+01,4.776908111572265625e+01,6.590000000000000000e+02
-3.608074951171875000e+01,4.776908111572265625e+01,6.590000000000000000e+02
-3.531069564819335938e+01,4.769659423828125000e+01,6.580000000000000000e+02
-3.459539413452148438e+01,4.769659423828125000e+01,6.580000000000000000e+02
-3.388008880615234375e+01,4.769659423828125000e+01,6.580000000000000000e+02
-3.316478729248046875e+01,4.769659423828125000e+01,6.580000000000000000e+02
-3.244948577880859375e+01,4.769659423828125000e+01,6.580000000000000000e+02
-3.173418617248535156e+01,4.769659423828125000e+01,6.580000000000000000e+02
-3.101888465881347656e+01,4.769659423828125000e+01,6.580000000000000000e+02
-3.030358314514160156e+01,4.769659423828125000e+01,6.580000000000000000e+02
-2.963324737548828125e+01,4.776908111572265625e+01,6.590000000000000000e+02
-2.891685867309570312e+01,4.776908111572265625e+01,6.590000000000000000e+02
-2.820046806335449219e+01,4.776908111572265625e+01,6.590000000000000000e+02
-2.752578544616699219e+01,4.784157180786132812e+01,6.600000000000000000e+02
-2.684892845153808594e+01,4.791405868530273438e+01,6.610000000000000000e+02
-2.616989707946777344e+01,4.798654556274414062e+01,6.620000000000000000e+02
-2.548869132995605469e+01,4.805903244018554688e+01,6.630000000000000000e+02
-2.484266853332519531e+01,4.820400619506835938e+01,6.650000000000000000e+02
-2.415602874755859375e+01,4.827649307250976562e+01,6.660000000000000000e+02
-2.350239372253417969e+01,4.842146682739257812e+01,6.680000000000000000e+02
-2.281031799316406250e+01,4.849395370483398438e+01,6.690000000000000000e+02
-2.211606788635253906e+01,4.856644439697265625e+01,6.700000000000000000e+02
-2.141964340209960938e+01,4.863893127441406250e+01,6.710000000000000000e+02
-2.072104454040527344e+01,4.871141815185546875e+01,6.720000000000000000e+02
-2.002027130126953125e+01,4.878390502929687500e+01,6.730000000000000000e+02
-1.931732368469238281e+01,4.885639190673828125e+01,6.740000000000000000e+02
-1.861220169067382812e+01,4.892887878417968750e+01,6.750000000000000000e+02
-1.795788002014160156e+01,4.914633941650390625e+01,6.780000000000000000e+02
-1.727163505554199219e+01,4.929131317138671875e+01,6.800000000000000000e+02
-1.662966537475585938e+01,4.958126449584960938e+01,6.840000000000000000e+02
-5.631001663208007812e+01,4.863291549682617188e+01,6.610000000000000000e+02
-5.567555618286132812e+01,4.870648956298828125e+01,6.620000000000000000e+02
-5.495590591430664062e+01,4.870648956298828125e+01,6.620000000000000000e+02
-5.415432739257812500e+01,4.863291549682617188e+01,6.610000000000000000e+02
-5.351660156250000000e+01,4.870648956298828125e+01,6.620000000000000000e+02
-5.279695129394531250e+01,4.870648956298828125e+01,6.620000000000000000e+02
-5.207730102539062500e+01,4.870648956298828125e+01,6.620000000000000000e+02
-5.135765075683593750e+01,4.870648956298828125e+01,6.620000000000000000e+02
-5.063800430297851562e+01,4.870648956298828125e+01,6.620000000000000000e+02
-4.991835403442382812e+01,4.870648956298828125e+01,6.620000000000000000e+02
-4.919870376586914062e+01,4.870648956298828125e+01,6.620000000000000000e+02
-4.847905349731445312e+01,4.870648956298828125e+01,6.620000000000000000e+02
-4.775940322875976562e+01,4.870648956298828125e+01,6.620000000000000000e+02
-4.703975296020507812e+01,4.870648956298828125e+01,6.620000000000000000e+02
-4.625013351440429688e+01,4.863291549682617188e+01,6.610000000000000000e+02
-4.553157043457031250e+01,4.863291549682617188e+01,6.610000000000000000e+02
-4.481300735473632812e+01,4.863291549682617188e+01,6.610000000000000000e+02
-4.409444427490234375e+01,4.863291549682617188e+01,6.610000000000000000e+02
-4.331026077270507812e+01,4.855934143066406250e+01,6.600000000000000000e+02
-4.259278106689453125e+01,4.855934143066406250e+01,6.600000000000000000e+02
-4.187530517578125000e+01,4.855934143066406250e+01,6.600000000000000000e+02
-4.109547042846679688e+01,4.848576736450195312e+01,6.590000000000000000e+02
-4.037908172607421875e+01,4.848576736450195312e+01,6.590000000000000000e+02
-3.966268920898437500e+01,4.848576736450195312e+01,6.590000000000000000e+02
-3.894630050659179688e+01,4.848576736450195312e+01,6.590000000000000000e+02
-3.817190170288085938e+01,4.841219329833984375e+01,6.580000000000000000e+02
-3.745660018920898438e+01,4.841219329833984375e+01,6.580000000000000000e+02
-3.674129867553710938e+01,4.841219329833984375e+01,6.580000000000000000e+02
-3.602599716186523438e+01,4.841219329833984375e+01,6.580000000000000000e+02
-3.531069564819335938e+01,4.841219329833984375e+01,6.580000000000000000e+02
-3.459539413452148438e+01,4.841219329833984375e+01,6.580000000000000000e+02
-3.388008880615234375e+01,4.841219329833984375e+01,6.580000000000000000e+02
-3.316478729248046875e+01,4.841219329833984375e+01,6.580000000000000000e+02
-3.244948577880859375e+01,4.841219329833984375e+01,6.580000000000000000e+02
-3.173418617248535156e+01,4.841219329833984375e+01,6.580000000000000000e+02
-3.101888465881347656e+01,4.841219329833984375e+01,6.580000000000000000e+02
-3.030358314514160156e+01,4.841219329833984375e+01,6.580000000000000000e+02
-2.958828163146972656e+01,4.841219329833984375e+01,6.580000000000000000e+02
-2.891685867309570312e+01,4.848576736450195312e+01,6.590000000000000000e+02
-2.820046806335449219e+01,4.848576736450195312e+01,6.590000000000000000e+02
-2.752578544616699219e+01,4.855934143066406250e+01,6.600000000000000000e+02
-2.680830955505371094e+01,4.855934143066406250e+01,6.600000000000000000e+02
-2.613036537170410156e+01,4.863291549682617188e+01,6.610000000000000000e+02
-2.545024681091308594e+01,4.870648956298828125e+01,6.620000000000000000e+02
-2.484266853332519531e+01,4.892721557617187500e+01,6.650000000000000000e+02
-2.415602874755859375e+01,4.900078964233398438e+01,6.660000000000000000e+02
-2.346721076965332031e+01,4.907436370849609375e+01,6.670000000000000000e+02
-2.277622222900390625e+01,4.914793777465820312e+01,6.680000000000000000e+02
-2.208305931091308594e+01,4.922151565551757812e+01,6.690000000000000000e+02
-2.138772010803222656e+01,4.929508972167968750e+01,6.700000000000000000e+02
-2.069020843505859375e+01,4.936866378784179688e+01,6.710000000000000000e+02
-1.999052429199218750e+01,4.944223785400390625e+01,6.720000000000000000e+02
-1.928866195678710938e+01,4.951581192016601562e+01,6.730000000000000000e+02
-1.858462715148925781e+01,4.958938598632812500e+01,6.740000000000000000e+02
-1.790490531921386719e+01,4.973653793334960938e+01,6.760000000000000000e+02
-1.724623489379882812e+01,4.995726013183593750e+01,6.790000000000000000e+02
-1.658104133605957031e+01,5.017798614501953125e+01,6.820000000000000000e+02
-5.792187118530273438e+01,4.950110244750976562e+01,6.630000000000000000e+02
-5.702857971191406250e+01,4.935177993774414062e+01,6.610000000000000000e+02
-5.622482681274414062e+01,4.927711486816406250e+01,6.600000000000000000e+02
-5.550735092163085938e+01,4.927711486816406250e+01,6.600000000000000000e+02
-5.478987884521484375e+01,4.927711486816406250e+01,6.600000000000000000e+02
-5.407240295410156250e+01,4.927711486816406250e+01,6.600000000000000000e+02
-5.335491943359375000e+01,4.927711486816406250e+01,6.600000000000000000e+02
-5.263744354248046875e+01,4.927711486816406250e+01,6.600000000000000000e+02
-5.191996765136718750e+01,4.927711486816406250e+01,6.600000000000000000e+02
-5.120249176025390625e+01,4.927711486816406250e+01,6.600000000000000000e+02
-5.048501586914062500e+01,4.927711486816406250e+01,6.600000000000000000e+02
-4.976754379272460938e+01,4.927711486816406250e+01,6.600000000000000000e+02
-4.905006790161132812e+01,4.927711486816406250e+01,6.600000000000000000e+02
-4.833259201049804688e+01,4.927711486816406250e+01,6.600000000000000000e+02
-4.761511611938476562e+01,4.927711486816406250e+01,6.600000000000000000e+02
-4.689764022827148438e+01,4.927711486816406250e+01,6.600000000000000000e+02
-4.618016433715820312e+01,4.927711486816406250e+01,6.600000000000000000e+02
-4.546268844604492188e+01,4.927711486816406250e+01,6.600000000000000000e+02
-4.474521255493164062e+01,4.927711486816406250e+01,6.600000000000000000e+02
-4.402773666381835938e+01,4.927711486816406250e+01,6.600000000000000000e+02
-4.324464035034179688e+01,4.920245361328125000e+01,6.590000000000000000e+02
-4.252824401855468750e+01,4.920245361328125000e+01,6.590000000000000000e+02
-4.181185531616210938e+01,4.920245361328125000e+01,6.590000000000000000e+02
-4.109547042846679688e+01,4.920245361328125000e+01,6.590000000000000000e+02
-4.031781005859375000e+01,4.912779235839843750e+01,6.580000000000000000e+02
-3.960250473022460938e+01,4.912779235839843750e+01,6.580000000000000000e+02
-3.888720321655273438e+01,4.912779235839843750e+01,6.580000000000000000e+02
-3.817190170288085938e+01,4.912779235839843750e+01,6.580000000000000000e+02
-3.745660018920898438e+01,4.912779235839843750e+01,6.580000000000000000e+02
-3.674129867553710938e+01,4.912779235839843750e+01,6.580000000000000000e+02
-3.602599716186523438e+01,4.912779235839843750e+01,6.580000000000000000e+02
-3.531069564819335938e+01,4.912779235839843750e+01,6.580000000000000000e+02
-3.459539413452148438e+01,4.912779235839843750e+01,6.580000000000000000e+02
-3.388008880615234375e+01,4.912779235839843750e+01,6.580000000000000000e+02
-3.316478729248046875e+01,4.912779235839843750e+01,6.580000000000000000e+02
-3.244948577880859375e+01,4.912779235839843750e+01,6.580000000000000000e+02
-3.173418617248535156e+01,4.912779235839843750e+01,6.580000000000000000e+02
-3.101888465881347656e+01,4.912779235839843750e+01,6.580000000000000000e+02
-3.030358314514160156e+01,4.912779235839843750e+01,6.580000000000000000e+02
-2.963324737548828125e+01,4.920245361328125000e+01,6.590000000000000000e+02
-2.891685867309570312e+01,4.920245361328125000e+01,6.590000000000000000e+02
-2.820046806335449219e+01,4.920245361328125000e+01,6.590000000000000000e+02
-2.752578544616699219e+01,4.927711486816406250e+01,6.600000000000000000e+02
-2.680830955505371094e+01,4.927711486816406250e+01,6.600000000000000000e+02
-2.613036537170410156e+01,4.935177993774414062e+01,6.610000000000000000e+02
-2.545024681091308594e+01,4.942644119262695312e+01,6.620000000000000000e+02
-2.480531120300292969e+01,4.957576751708984375e+01,6.640000000000000000e+02
-2.411975860595703125e+01,4.965042877197265625e+01,6.650000000000000000e+02
-2.343202781677246094e+01,4.972509002685546875e+01,6.660000000000000000e+02
-2.274212646484375000e+01,4.979975128173828125e+01,6.670000000000000000e+02
-2.205004882812500000e+01,4.987441635131835938e+01,6.680000000000000000e+02
-2.135579872131347656e+01,4.994907760620117188e+01,6.690000000000000000e+02
-2.065937423706054688e+01,5.002373886108398438e+01,6.700000000000000000e+02
-1.996077537536621094e+01,5.009840011596679688e+01,6.710000000000000000e+02
-1.926000213623046875e+01,5.017306518554687500e+01,6.720000000000000000e+02
-1.855705451965332031e+01,5.024772644042968750e+01,6.730000000000000000e+02
-1.787841987609863281e+01,5.039705276489257812e+01,6.750000000000000000e+02
-1.722083663940429688e+01,5.062103652954101562e+01,6.780000000000000000e+02
-1.655672836303710938e+01,5.084502410888671875e+01,6.810000000000000000e+02
-5.990056991577148438e+01,5.067663574218750000e+01,6.690000000000000000e+02
-5.864260482788085938e+01,5.022213745117187500e+01,6.630000000000000000e+02
-5.783450698852539062e+01,5.014638519287109375e+01,6.620000000000000000e+02
-5.694230270385742188e+01,4.999488830566406250e+01,6.600000000000000000e+02
-5.613964080810546875e+01,4.991913604736328125e+01,6.590000000000000000e+02
-5.542325210571289062e+01,4.991913604736328125e+01,6.590000000000000000e+02
-5.470686340332031250e+01,4.991913604736328125e+01,6.590000000000000000e+02
-5.399047470092773438e+01,4.991913604736328125e+01,6.590000000000000000e+02
-5.327407836914062500e+01,4.991913604736328125e+01,6.590000000000000000e+02
-5.255768966674804688e+01,4.991913604736328125e+01,6.590000000000000000e+02
-5.184130096435546875e+01,4.991913604736328125e+01,6.590000000000000000e+02
-5.112491226196289062e+01,4.991913604736328125e+01,6.590000000000000000e+02
-5.040852355957031250e+01,4.991913604736328125e+01,6.590000000000000000e+02
-4.969213485717773438e+01,4.991913604736328125e+01,6.590000000000000000e+02
-4.905006790161132812e+01,4.999488830566406250e+01,6.600000000000000000e+02
-4.833259201049804688e+01,4.999488830566406250e+01,6.600000000000000000e+02
-4.761511611938476562e+01,4.999488830566406250e+01,6.600000000000000000e+02
-4.682658386230468750e+01,4.991913604736328125e+01,6.590000000000000000e+02
-4.611019515991210938e+01,4.991913604736328125e+01,6.590000000000000000e+02
-4.539380645751953125e+01,4.991913604736328125e+01,6.590000000000000000e+02
-4.467741775512695312e+01,4.991913604736328125e+01,6.590000000000000000e+02
-4.396102905273437500e+01,4.991913604736328125e+01,6.590000000000000000e+02
-4.324464035034179688e+01,4.991913604736328125e+01,6.590000000000000000e+02
-4.246371078491210938e+01,4.984338760375976562e+01,6.580000000000000000e+02
-4.174840927124023438e+01,4.984338760375976562e+01,6.580000000000000000e+02
-4.103311157226562500e+01,4.984338760375976562e+01,6.580000000000000000e+02
-4.031781005859375000e+01,4.984338760375976562e+01,6.580000000000000000e+02
-3.960250473022460938e+01,4.984338760375976562e+01,6.580000000000000000e+02
-3.888720321655273438e+01,4.984338760375976562e+01,6.580000000000000000e+02
-3.817190170288085938e+01,4.984338760375976562e+01,6.580000000000000000e+02
-3.745660018920898438e+01,4.984338760375976562e+01,6.580000000000000000e+02
-3.674129867553710938e+01,4.984338760375976562e+01,6.580000000000000000e+02
-3.602599716186523438e+01,4.984338760375976562e+01,6.580000000000000000e+02
-3.531069564819335938e+01,4.984338760375976562e+01,6.580000000000000000e+02
-3.459539413452148438e+01,4.984338760375976562e+01,6.580000000000000000e+02
-3.388008880615234375e+01,4.984338760375976562e+01,6.580000000000000000e+02
-3.316478729248046875e+01,4.984338760375976562e+01,6.580000000000000000e+02
-3.244948577880859375e+01,4.984338760375976562e+01,6.580000000000000000e+02
-3.173418617248535156e+01,4.984338760375976562e+01,6.580000000000000000e+02
-3.106602478027343750e+01,4.991913604736328125e+01,6.590000000000000000e+02
-3.034963607788085938e+01,4.991913604736328125e+01,6.590000000000000000e+02
-2.963324737548828125e+01,4.991913604736328125e+01,6.590000000000000000e+02
-2.891685867309570312e+01,4.991913604736328125e+01,6.590000000000000000e+02
-2.820046806335449219e+01,4.991913604736328125e+01,6.590000000000000000e+02
-2.752578544616699219e+01,4.999488830566406250e+01,6.600000000000000000e+02
-2.680830955505371094e+01,4.999488830566406250e+01,6.600000000000000000e+02
-2.613036537170410156e+01,5.007063674926757812e+01,6.610000000000000000e+02
-2.545024681091308594e+01,5.014638519287109375e+01,6.620000000000000000e+02
-2.473059654235839844e+01,5.014638519287109375e+01,6.620000000000000000e+02
-2.408348846435546875e+01,5.029788589477539062e+01,6.640000000000000000e+02
-2.339684486389160156e+01,5.037363815307617188e+01,6.650000000000000000e+02
-2.274212646484375000e+01,5.052513504028320312e+01,6.670000000000000000e+02
-2.201704025268554688e+01,5.052513504028320312e+01,6.670000000000000000e+02
-2.132387733459472656e+01,5.060088729858398438e+01,6.680000000000000000e+02
-2.062854003906250000e+01,5.067663574218750000e+01,6.690000000000000000e+02
-1.993102836608886719e+01,5.075238418579101562e+01,6.700000000000000000e+02
-1.923134040832519531e+01,5.082813644409179688e+01,6.710000000000000000e+02
-1.852947998046875000e+01,5.090388488769531250e+01,6.720000000000000000e+02
-1.785193252563476562e+01,5.105538558959960938e+01,6.740000000000000000e+02
-1.719543647766113281e+01,5.128263473510742188e+01,6.770000000000000000e+02
-1.653241729736328125e+01,5.150988388061523438e+01,6.800000000000000000e+02
-0.000000000000000000e+00,0.000000000000000000e+00,0.000000000000000000e+00
-0.000000000000000000e+00,0.000000000000000000e+00,0.000000000000000000e+00
-5.846570587158203125e+01,5.078949737548828125e+01,6.610000000000000000e+02
-5.765977859497070312e+01,5.071265792846679688e+01,6.600000000000000000e+02
-5.685602951049804688e+01,5.063582229614257812e+01,6.590000000000000000e+02
-5.613964080810546875e+01,5.063582229614257812e+01,6.590000000000000000e+02
-5.542325210571289062e+01,5.063582229614257812e+01,6.590000000000000000e+02
-5.462384796142578125e+01,5.055898284912109375e+01,6.580000000000000000e+02
-5.399047470092773438e+01,5.063582229614257812e+01,6.590000000000000000e+02
-5.327407836914062500e+01,5.063582229614257812e+01,6.590000000000000000e+02
-5.255768966674804688e+01,5.063582229614257812e+01,6.590000000000000000e+02
-5.184130096435546875e+01,5.063582229614257812e+01,6.590000000000000000e+02
-5.112491226196289062e+01,5.063582229614257812e+01,6.590000000000000000e+02
-5.040852355957031250e+01,5.063582229614257812e+01,6.590000000000000000e+02
-4.969213485717773438e+01,5.063582229614257812e+01,6.590000000000000000e+02
-4.897574615478515625e+01,5.063582229614257812e+01,6.590000000000000000e+02
-4.825936126708984375e+01,5.063582229614257812e+01,6.590000000000000000e+02
-4.754297256469726562e+01,5.063582229614257812e+01,6.590000000000000000e+02
-4.682658386230468750e+01,5.063582229614257812e+01,6.590000000000000000e+02
-4.611019515991210938e+01,5.063582229614257812e+01,6.590000000000000000e+02
-4.539380645751953125e+01,5.063582229614257812e+01,6.590000000000000000e+02
-4.460961914062500000e+01,5.055898284912109375e+01,6.580000000000000000e+02
-4.389431762695312500e+01,5.055898284912109375e+01,6.580000000000000000e+02
-4.317901611328125000e+01,5.055898284912109375e+01,6.580000000000000000e+02
-4.246371078491210938e+01,5.055898284912109375e+01,6.580000000000000000e+02
-4.174840927124023438e+01,5.055898284912109375e+01,6.580000000000000000e+02
-4.103311157226562500e+01,5.055898284912109375e+01,6.580000000000000000e+02
-4.025653457641601562e+01,5.048214721679687500e+01,6.570000000000000000e+02
-3.954232025146484375e+01,5.048214721679687500e+01,6.570000000000000000e+02
-3.882810592651367188e+01,5.048214721679687500e+01,6.570000000000000000e+02
-3.817190170288085938e+01,5.055898284912109375e+01,6.580000000000000000e+02
-3.745660018920898438e+01,5.055898284912109375e+01,6.580000000000000000e+02
-3.674129867553710938e+01,5.055898284912109375e+01,6.580000000000000000e+02
-3.602599716186523438e+01,5.055898284912109375e+01,6.580000000000000000e+02
-3.531069564819335938e+01,5.055898284912109375e+01,6.580000000000000000e+02
-3.459539413452148438e+01,5.055898284912109375e+01,6.580000000000000000e+02
-3.388008880615234375e+01,5.055898284912109375e+01,6.580000000000000000e+02
-3.316478729248046875e+01,5.055898284912109375e+01,6.580000000000000000e+02
-3.249880218505859375e+01,5.063582229614257812e+01,6.590000000000000000e+02
-3.178241348266601562e+01,5.063582229614257812e+01,6.590000000000000000e+02
-3.106602478027343750e+01,5.063582229614257812e+01,6.590000000000000000e+02
-3.034963607788085938e+01,5.063582229614257812e+01,6.590000000000000000e+02
-2.963324737548828125e+01,5.063582229614257812e+01,6.590000000000000000e+02
-2.891685867309570312e+01,5.063582229614257812e+01,6.590000000000000000e+02
-2.820046806335449219e+01,5.063582229614257812e+01,6.590000000000000000e+02
-2.752578544616699219e+01,5.071265792846679688e+01,6.600000000000000000e+02
-2.680830955505371094e+01,5.071265792846679688e+01,6.600000000000000000e+02
-2.613036537170410156e+01,5.078949737548828125e+01,6.610000000000000000e+02
-2.541180229187011719e+01,5.078949737548828125e+01,6.610000000000000000e+02
-2.473059654235839844e+01,5.086633300781250000e+01,6.620000000000000000e+02
-2.408348846435546875e+01,5.102000808715820312e+01,6.640000000000000000e+02
-2.339684486389160156e+01,5.109684371948242188e+01,6.650000000000000000e+02
-2.270802879333496094e+01,5.117368316650390625e+01,6.660000000000000000e+02
-2.198403167724609375e+01,5.117368316650390625e+01,6.660000000000000000e+02
-2.129195594787597656e+01,5.125051879882812500e+01,6.670000000000000000e+02
-2.059770393371582031e+01,5.132735824584960938e+01,6.680000000000000000e+02
-1.990127944946289062e+01,5.140419387817382812e+01,6.690000000000000000e+02
-1.920268058776855469e+01,5.148103332519531250e+01,6.700000000000000000e+02
-1.850190734863281250e+01,5.155786895751953125e+01,6.710000000000000000e+02
-1.782544708251953125e+01,5.171154403686523438e+01,6.730000000000000000e+02
-1.717003631591796875e+01,5.194205474853515625e+01,6.760000000000000000e+02
-1.650810432434082031e+01,5.217256927490234375e+01,6.790000000000000000e+02
-6.017470550537109375e+01,5.174213027954101562e+01,6.640000000000000000e+02
-5.927380752563476562e+01,5.158627700805664062e+01,6.620000000000000000e+02
-5.837725448608398438e+01,5.143042755126953125e+01,6.600000000000000000e+02
-5.757241821289062500e+01,5.135250473022460938e+01,6.590000000000000000e+02
-5.685602951049804688e+01,5.135250473022460938e+01,6.590000000000000000e+02
-5.613964080810546875e+01,5.135250473022460938e+01,6.590000000000000000e+02
-5.533914947509765625e+01,5.127457809448242188e+01,6.580000000000000000e+02
-5.462384796142578125e+01,5.127457809448242188e+01,6.580000000000000000e+02
-5.390854644775390625e+01,5.127457809448242188e+01,6.580000000000000000e+02
-5.319323730468750000e+01,5.127457809448242188e+01,6.580000000000000000e+02
-5.247793579101562500e+01,5.127457809448242188e+01,6.580000000000000000e+02
-5.176263427734375000e+01,5.127457809448242188e+01,6.580000000000000000e+02
-5.104733276367187500e+01,5.127457809448242188e+01,6.580000000000000000e+02
-5.033203125000000000e+01,5.127457809448242188e+01,6.580000000000000000e+02
-4.961672973632812500e+01,5.127457809448242188e+01,6.580000000000000000e+02
-4.890142822265625000e+01,5.127457809448242188e+01,6.580000000000000000e+02
-4.818612670898437500e+01,5.127457809448242188e+01,6.580000000000000000e+02
-4.747082519531250000e+01,5.127457809448242188e+01,6.580000000000000000e+02
-4.675552368164062500e+01,5.127457809448242188e+01,6.580000000000000000e+02
-4.604022216796875000e+01,5.127457809448242188e+01,6.580000000000000000e+02
-4.532492065429687500e+01,5.127457809448242188e+01,6.580000000000000000e+02
-4.460961914062500000e+01,5.127457809448242188e+01,6.580000000000000000e+02
-4.389431762695312500e+01,5.127457809448242188e+01,6.580000000000000000e+02
-4.317901611328125000e+01,5.127457809448242188e+01,6.580000000000000000e+02
-4.246371078491210938e+01,5.127457809448242188e+01,6.580000000000000000e+02
-4.168496322631835938e+01,5.119665527343750000e+01,6.570000000000000000e+02
-4.097074890136718750e+01,5.119665527343750000e+01,6.570000000000000000e+02
-4.025653457641601562e+01,5.119665527343750000e+01,6.570000000000000000e+02
-3.954232025146484375e+01,5.119665527343750000e+01,6.570000000000000000e+02
-3.882810592651367188e+01,5.119665527343750000e+01,6.570000000000000000e+02
-3.811389160156250000e+01,5.119665527343750000e+01,6.570000000000000000e+02
-3.745660018920898438e+01,5.127457809448242188e+01,6.580000000000000000e+02
-3.674129867553710938e+01,5.127457809448242188e+01,6.580000000000000000e+02
-3.602599716186523438e+01,5.127457809448242188e+01,6.580000000000000000e+02
-3.531069564819335938e+01,5.127457809448242188e+01,6.580000000000000000e+02
-3.459539413452148438e+01,5.127457809448242188e+01,6.580000000000000000e+02
-3.388008880615234375e+01,5.127457809448242188e+01,6.580000000000000000e+02
-3.321519088745117188e+01,5.135250473022460938e+01,6.590000000000000000e+02
-3.249880218505859375e+01,5.135250473022460938e+01,6.590000000000000000e+02
-3.178241348266601562e+01,5.135250473022460938e+01,6.590000000000000000e+02
-3.106602478027343750e+01,5.135250473022460938e+01,6.590000000000000000e+02
-3.034963607788085938e+01,5.135250473022460938e+01,6.590000000000000000e+02
-2.967821502685546875e+01,5.143042755126953125e+01,6.600000000000000000e+02
-2.896073913574218750e+01,5.143042755126953125e+01,6.600000000000000000e+02
-2.824326133728027344e+01,5.143042755126953125e+01,6.600000000000000000e+02
-2.752578544616699219e+01,5.143042755126953125e+01,6.600000000000000000e+02
-2.680830955505371094e+01,5.143042755126953125e+01,6.600000000000000000e+02
-2.613036537170410156e+01,5.150835418701171875e+01,6.610000000000000000e+02
-2.541180229187011719e+01,5.150835418701171875e+01,6.610000000000000000e+02
-2.473059654235839844e+01,5.158627700805664062e+01,6.620000000000000000e+02
-2.404721832275390625e+01,5.166420364379882812e+01,6.630000000000000000e+02
-2.336166191101074219e+01,5.174213027954101562e+01,6.640000000000000000e+02
-2.267393302917480469e+01,5.182005310058593750e+01,6.650000000000000000e+02
-2.195102310180664062e+01,5.182005310058593750e+01,6.650000000000000000e+02
-2.126003265380859375e+01,5.189797973632812500e+01,6.660000000000000000e+02
-2.056686973571777344e+01,5.197590255737304688e+01,6.670000000000000000e+02
-1.987153244018554688e+01,5.205382919311523438e+01,6.680000000000000000e+02
-1.917401885986328125e+01,5.213175201416015625e+01,6.690000000000000000e+02
-1.850190734863281250e+01,5.228760147094726562e+01,6.710000000000000000e+02
-1.782544708251953125e+01,5.244345092773437500e+01,6.730000000000000000e+02
-1.717003631591796875e+01,5.267722702026367188e+01,6.760000000000000000e+02
-0.000000000000000000e+00,0.000000000000000000e+00,0.000000000000000000e+00
-5.999345779418945312e+01,5.230622482299804688e+01,6.620000000000000000e+02
-5.909473037719726562e+01,5.214820098876953125e+01,6.600000000000000000e+02
-5.828880691528320312e+01,5.206918716430664062e+01,6.590000000000000000e+02
-5.757241821289062500e+01,5.206918716430664062e+01,6.590000000000000000e+02
-5.676975250244140625e+01,5.199017333984375000e+01,6.580000000000000000e+02
-5.605445098876953125e+01,5.199017333984375000e+01,6.580000000000000000e+02
-5.533914947509765625e+01,5.199017333984375000e+01,6.580000000000000000e+02
-5.462384796142578125e+01,5.199017333984375000e+01,6.580000000000000000e+02
-5.382661819458007812e+01,5.191116333007812500e+01,6.570000000000000000e+02
-5.311240005493164062e+01,5.191116333007812500e+01,6.570000000000000000e+02
-5.239818191528320312e+01,5.191116333007812500e+01,6.570000000000000000e+02
-5.168396759033203125e+01,5.191116333007812500e+01,6.570000000000000000e+02
-5.096975326538085938e+01,5.191116333007812500e+01,6.570000000000000000e+02
-5.025553894042968750e+01,5.191116333007812500e+01,6.570000000000000000e+02
-4.954132461547851562e+01,5.191116333007812500e+01,6.570000000000000000e+02
-4.882711029052734375e+01,5.191116333007812500e+01,6.570000000000000000e+02
-4.818612670898437500e+01,5.199017333984375000e+01,6.580000000000000000e+02
-4.747082519531250000e+01,5.199017333984375000e+01,6.580000000000000000e+02
-4.675552368164062500e+01,5.199017333984375000e+01,6.580000000000000000e+02
-4.604022216796875000e+01,5.199017333984375000e+01,6.580000000000000000e+02
-4.525603866577148438e+01,5.191116333007812500e+01,6.570000000000000000e+02
-4.460961914062500000e+01,5.199017333984375000e+01,6.580000000000000000e+02
-4.382761001586914062e+01,5.191116333007812500e+01,6.570000000000000000e+02
-4.311339569091796875e+01,5.191116333007812500e+01,6.570000000000000000e+02
-4.239917755126953125e+01,5.191116333007812500e+01,6.570000000000000000e+02
-4.168496322631835938e+01,5.191116333007812500e+01,6.570000000000000000e+02
-4.097074890136718750e+01,5.191116333007812500e+01,6.570000000000000000e+02
-4.025653457641601562e+01,5.191116333007812500e+01,6.570000000000000000e+02
-3.954232025146484375e+01,5.191116333007812500e+01,6.570000000000000000e+02
-3.882810592651367188e+01,5.191116333007812500e+01,6.570000000000000000e+02
-3.811389160156250000e+01,5.191116333007812500e+01,6.570000000000000000e+02
-3.745660018920898438e+01,5.199017333984375000e+01,6.580000000000000000e+02
-3.674129867553710938e+01,5.199017333984375000e+01,6.580000000000000000e+02
-3.602599716186523438e+01,5.199017333984375000e+01,6.580000000000000000e+02
-3.531069564819335938e+01,5.199017333984375000e+01,6.580000000000000000e+02
-3.464797210693359375e+01,5.206918716430664062e+01,6.590000000000000000e+02
-3.393157958984375000e+01,5.206918716430664062e+01,6.590000000000000000e+02
-3.321519088745117188e+01,5.206918716430664062e+01,6.590000000000000000e+02
-3.249880218505859375e+01,5.206918716430664062e+01,6.590000000000000000e+02
-3.178241348266601562e+01,5.206918716430664062e+01,6.590000000000000000e+02
-3.111316680908203125e+01,5.214820098876953125e+01,6.600000000000000000e+02
-3.039569091796875000e+01,5.214820098876953125e+01,6.600000000000000000e+02
-2.967821502685546875e+01,5.214820098876953125e+01,6.600000000000000000e+02
-2.896073913574218750e+01,5.214820098876953125e+01,6.600000000000000000e+02
-2.824326133728027344e+01,5.214820098876953125e+01,6.600000000000000000e+02
-2.752578544616699219e+01,5.214820098876953125e+01,6.600000000000000000e+02
-2.680830955505371094e+01,5.214820098876953125e+01,6.600000000000000000e+02
-2.613036537170410156e+01,5.222721099853515625e+01,6.610000000000000000e+02
-2.541180229187011719e+01,5.222721099853515625e+01,6.610000000000000000e+02
-2.473059654235839844e+01,5.230622482299804688e+01,6.620000000000000000e+02
-2.401094627380371094e+01,5.230622482299804688e+01,6.620000000000000000e+02
-2.332647895812988281e+01,5.238523864746093750e+01,6.630000000000000000e+02
-2.263983726501464844e+01,5.246424865722656250e+01,6.640000000000000000e+02
-2.191801261901855469e+01,5.246424865722656250e+01,6.640000000000000000e+02
-2.122811126708984375e+01,5.254326248168945312e+01,6.650000000000000000e+02
-2.053603553771972656e+01,5.262227249145507812e+01,6.660000000000000000e+02
-1.984178352355957031e+01,5.270128631591796875e+01,6.670000000000000000e+02
-1.917401885986328125e+01,5.285931015014648438e+01,6.690000000000000000e+02
-1.850190734863281250e+01,5.301733779907226562e+01,6.710000000000000000e+02
-1.782544708251953125e+01,5.317536163330078125e+01,6.730000000000000000e+02
-1.719543647766113281e+01,5.349140930175781250e+01,6.770000000000000000e+02
-6.171115112304687500e+01,5.326647186279296875e+01,6.650000000000000000e+02
-6.080481719970703125e+01,5.310626983642578125e+01,6.630000000000000000e+02
-5.990283203125000000e+01,5.294607162475585938e+01,6.610000000000000000e+02
-5.900519561767578125e+01,5.278586959838867188e+01,6.590000000000000000e+02
-5.820035552978515625e+01,5.270577239990234375e+01,6.580000000000000000e+02
-5.748505401611328125e+01,5.270577239990234375e+01,6.580000000000000000e+02
-5.676975250244140625e+01,5.270577239990234375e+01,6.580000000000000000e+02
-5.605445098876953125e+01,5.270577239990234375e+01,6.580000000000000000e+02
-5.525504684448242188e+01,5.262567138671875000e+01,6.570000000000000000e+02
-5.454083251953125000e+01,5.262567138671875000e+01,6.570000000000000000e+02
-5.382661819458007812e+01,5.262567138671875000e+01,6.570000000000000000e+02
-5.311240005493164062e+01,5.262567138671875000e+01,6.570000000000000000e+02
-5.239818191528320312e+01,5.262567138671875000e+01,6.570000000000000000e+02
-5.168396759033203125e+01,5.262567138671875000e+01,6.570000000000000000e+02
-5.096975326538085938e+01,5.262567138671875000e+01,6.570000000000000000e+02
-5.025553894042968750e+01,5.262567138671875000e+01,6.570000000000000000e+02
-4.954132461547851562e+01,5.262567138671875000e+01,6.570000000000000000e+02
-4.882711029052734375e+01,5.262567138671875000e+01,6.570000000000000000e+02
-4.811289596557617188e+01,5.262567138671875000e+01,6.570000000000000000e+02
-4.739868164062500000e+01,5.262567138671875000e+01,6.570000000000000000e+02
-4.668446731567382812e+01,5.262567138671875000e+01,6.570000000000000000e+02
-4.597025299072265625e+01,5.262567138671875000e+01,6.570000000000000000e+02
-4.525603866577148438e+01,5.262567138671875000e+01,6.570000000000000000e+02
-4.454182434082031250e+01,5.262567138671875000e+01,6.570000000000000000e+02
-4.382761001586914062e+01,5.262567138671875000e+01,6.570000000000000000e+02
-4.311339569091796875e+01,5.262567138671875000e+01,6.570000000000000000e+02
-4.239917755126953125e+01,5.262567138671875000e+01,6.570000000000000000e+02
-4.168496322631835938e+01,5.262567138671875000e+01,6.570000000000000000e+02
-4.097074890136718750e+01,5.262567138671875000e+01,6.570000000000000000e+02
-4.025653457641601562e+01,5.262567138671875000e+01,6.570000000000000000e+02
-3.954232025146484375e+01,5.262567138671875000e+01,6.570000000000000000e+02
-3.882810592651367188e+01,5.262567138671875000e+01,6.570000000000000000e+02
-3.811389160156250000e+01,5.262567138671875000e+01,6.570000000000000000e+02
-3.745660018920898438e+01,5.270577239990234375e+01,6.580000000000000000e+02
-3.674129867553710938e+01,5.270577239990234375e+01,6.580000000000000000e+02
-3.602599716186523438e+01,5.270577239990234375e+01,6.580000000000000000e+02
-3.531069564819335938e+01,5.270577239990234375e+01,6.580000000000000000e+02
-3.464797210693359375e+01,5.278586959838867188e+01,6.590000000000000000e+02
-3.393157958984375000e+01,5.278586959838867188e+01,6.590000000000000000e+02
-3.321519088745117188e+01,5.278586959838867188e+01,6.590000000000000000e+02
-3.254811859130859375e+01,5.286597061157226562e+01,6.600000000000000000e+02
-3.183064270019531250e+01,5.286597061157226562e+01,6.600000000000000000e+02
-3.111316680908203125e+01,5.286597061157226562e+01,6.600000000000000000e+02
-3.039569091796875000e+01,5.286597061157226562e+01,6.600000000000000000e+02
-2.967821502685546875e+01,5.286597061157226562e+01,6.600000000000000000e+02
-2.896073913574218750e+01,5.286597061157226562e+01,6.600000000000000000e+02
-2.824326133728027344e+01,5.286597061157226562e+01,6.600000000000000000e+02
-2.752578544616699219e+01,5.286597061157226562e+01,6.600000000000000000e+02
-2.684892845153808594e+01,5.294607162475585938e+01,6.610000000000000000e+02
-2.613036537170410156e+01,5.294607162475585938e+01,6.610000000000000000e+02
-2.541180229187011719e+01,5.294607162475585938e+01,6.610000000000000000e+02
-2.473059654235839844e+01,5.302616882324218750e+01,6.620000000000000000e+02
-2.401094627380371094e+01,5.302616882324218750e+01,6.620000000000000000e+02
-2.332647895812988281e+01,5.310626983642578125e+01,6.630000000000000000e+02
-2.260574150085449219e+01,5.310626983642578125e+01,6.630000000000000000e+02
-2.191801261901855469e+01,5.318637084960937500e+01,6.640000000000000000e+02
-2.119618988037109375e+01,5.318637084960937500e+01,6.640000000000000000e+02
-2.053603553771972656e+01,5.334656906127929688e+01,6.660000000000000000e+02
-1.984178352355957031e+01,5.342667007446289062e+01,6.670000000000000000e+02
-1.917401885986328125e+01,5.358686828613281250e+01,6.690000000000000000e+02
-1.850190734863281250e+01,5.374707031250000000e+01,6.710000000000000000e+02
-1.785193252563476562e+01,5.398736953735351562e+01,6.740000000000000000e+02
-1.719543647766113281e+01,5.422766876220703125e+01,6.770000000000000000e+02
-6.243406295776367188e+01,5.398968505859375000e+01,6.650000000000000000e+02
-6.152555465698242188e+01,5.382730865478515625e+01,6.630000000000000000e+02
-6.062139511108398438e+01,5.366493225097656250e+01,6.610000000000000000e+02
-5.972158050537109375e+01,5.350255966186523438e+01,6.590000000000000000e+02
-5.891565704345703125e+01,5.342137145996093750e+01,6.580000000000000000e+02
-5.820035552978515625e+01,5.342137145996093750e+01,6.580000000000000000e+02
-5.748505401611328125e+01,5.342137145996093750e+01,6.580000000000000000e+02
-5.668347549438476562e+01,5.334018325805664062e+01,6.570000000000000000e+02
-5.596926116943359375e+01,5.334018325805664062e+01,6.570000000000000000e+02
-5.525504684448242188e+01,5.334018325805664062e+01,6.570000000000000000e+02
-5.454083251953125000e+01,5.334018325805664062e+01,6.570000000000000000e+02
-5.374468994140625000e+01,5.325899505615234375e+01,6.560000000000000000e+02
-5.303155899047851562e+01,5.325899505615234375e+01,6.560000000000000000e+02
-5.231843185424804688e+01,5.325899505615234375e+01,6.560000000000000000e+02
-5.160530090332031250e+01,5.325899505615234375e+01,6.560000000000000000e+02
-5.089217376708984375e+01,5.325899505615234375e+01,6.560000000000000000e+02
-5.017904663085937500e+01,5.325899505615234375e+01,6.560000000000000000e+02
-4.946591949462890625e+01,5.325899505615234375e+01,6.560000000000000000e+02
-4.875279235839843750e+01,5.325899505615234375e+01,6.560000000000000000e+02
-4.803966522216796875e+01,5.325899505615234375e+01,6.560000000000000000e+02
-4.739868164062500000e+01,5.334018325805664062e+01,6.570000000000000000e+02
-4.668446731567382812e+01,5.334018325805664062e+01,6.570000000000000000e+02
-4.597025299072265625e+01,5.334018325805664062e+01,6.570000000000000000e+02
-4.525603866577148438e+01,5.334018325805664062e+01,6.570000000000000000e+02
-4.454182434082031250e+01,5.334018325805664062e+01,6.570000000000000000e+02
-4.382761001586914062e+01,5.334018325805664062e+01,6.570000000000000000e+02
-4.311339569091796875e+01,5.334018325805664062e+01,6.570000000000000000e+02
-4.239917755126953125e+01,5.334018325805664062e+01,6.570000000000000000e+02
-4.168496322631835938e+01,5.334018325805664062e+01,6.570000000000000000e+02
-4.097074890136718750e+01,5.334018325805664062e+01,6.570000000000000000e+02
-4.025653457641601562e+01,5.334018325805664062e+01,6.570000000000000000e+02
-3.954232025146484375e+01,5.334018325805664062e+01,6.570000000000000000e+02
-3.882810592651367188e+01,5.334018325805664062e+01,6.570000000000000000e+02
-3.811389160156250000e+01,5.334018325805664062e+01,6.570000000000000000e+02
-3.745660018920898438e+01,5.342137145996093750e+01,6.580000000000000000e+02
-3.674129867553710938e+01,5.342137145996093750e+01,6.580000000000000000e+02
-3.602599716186523438e+01,5.342137145996093750e+01,6.580000000000000000e+02
-3.531069564819335938e+01,5.342137145996093750e+01,6.580000000000000000e+02
-3.464797210693359375e+01,5.350255966186523438e+01,6.590000000000000000e+02
-3.393157958984375000e+01,5.350255966186523438e+01,6.590000000000000000e+02
-3.321519088745117188e+01,5.350255966186523438e+01,6.590000000000000000e+02
-3.254811859130859375e+01,5.358374786376953125e+01,6.600000000000000000e+02
-3.183064270019531250e+01,5.358374786376953125e+01,6.600000000000000000e+02
-3.111316680908203125e+01,5.358374786376953125e+01,6.600000000000000000e+02
-3.039569091796875000e+01,5.358374786376953125e+01,6.600000000000000000e+02
-2.967821502685546875e+01,5.358374786376953125e+01,6.600000000000000000e+02
-2.896073913574218750e+01,5.358374786376953125e+01,6.600000000000000000e+02
-2.824326133728027344e+01,5.358374786376953125e+01,6.600000000000000000e+02
-2.756749153137207031e+01,5.366493225097656250e+01,6.610000000000000000e+02
-2.684892845153808594e+01,5.366493225097656250e+01,6.610000000000000000e+02
-2.613036537170410156e+01,5.366493225097656250e+01,6.610000000000000000e+02
-2.541180229187011719e+01,5.366493225097656250e+01,6.610000000000000000e+02
-2.473059654235839844e+01,5.374612045288085938e+01,6.620000000000000000e+02
-2.401094627380371094e+01,5.374612045288085938e+01,6.620000000000000000e+02
-2.329129409790039062e+01,5.374612045288085938e+01,6.620000000000000000e+02
-2.260574150085449219e+01,5.382730865478515625e+01,6.630000000000000000e+02
-2.188500404357910156e+01,5.382730865478515625e+01,6.630000000000000000e+02
-2.119618988037109375e+01,5.390849685668945312e+01,6.640000000000000000e+02
-2.050519943237304688e+01,5.398968505859375000e+01,6.650000000000000000e+02
-1.984178352355957031e+01,5.415205764770507812e+01,6.670000000000000000e+02
-1.917401885986328125e+01,5.431443405151367188e+01,6.690000000000000000e+02
-1.852947998046875000e+01,5.455799484252929688e+01,6.720000000000000000e+02
-1.785193252563476562e+01,5.472037124633789062e+01,6.740000000000000000e+02
-6.296702957153320312e+01,5.454834365844726562e+01,6.630000000000000000e+02
-6.215240478515625000e+01,5.446606826782226562e+01,6.620000000000000000e+02
-6.124715805053710938e+01,5.430151748657226562e+01,6.600000000000000000e+02
-6.043796920776367188e+01,5.421924209594726562e+01,6.590000000000000000e+02
-5.963095855712890625e+01,5.413696670532226562e+01,6.580000000000000000e+02
-5.891565704345703125e+01,5.413696670532226562e+01,6.580000000000000000e+02
-5.820035552978515625e+01,5.413696670532226562e+01,6.580000000000000000e+02
-5.739768981933593750e+01,5.405469131469726562e+01,6.570000000000000000e+02
-5.668347549438476562e+01,5.405469131469726562e+01,6.570000000000000000e+02
-5.596926116943359375e+01,5.405469131469726562e+01,6.570000000000000000e+02
-5.517094421386718750e+01,5.397241592407226562e+01,6.560000000000000000e+02
-5.445781707763671875e+01,5.397241592407226562e+01,6.560000000000000000e+02
-5.374468994140625000e+01,5.397241592407226562e+01,6.560000000000000000e+02
-5.303155899047851562e+01,5.397241592407226562e+01,6.560000000000000000e+02
-5.231843185424804688e+01,5.397241592407226562e+01,6.560000000000000000e+02
-5.160530090332031250e+01,5.397241592407226562e+01,6.560000000000000000e+02
-5.089217376708984375e+01,5.397241592407226562e+01,6.560000000000000000e+02
-5.017904663085937500e+01,5.397241592407226562e+01,6.560000000000000000e+02
-4.946591949462890625e+01,5.397241592407226562e+01,6.560000000000000000e+02
-4.875279235839843750e+01,5.397241592407226562e+01,6.560000000000000000e+02
-4.803966522216796875e+01,5.397241592407226562e+01,6.560000000000000000e+02
-4.732653808593750000e+01,5.397241592407226562e+01,6.560000000000000000e+02
-4.661341094970703125e+01,5.397241592407226562e+01,6.560000000000000000e+02
-4.590028381347656250e+01,5.397241592407226562e+01,6.560000000000000000e+02
-4.518715667724609375e+01,5.397241592407226562e+01,6.560000000000000000e+02
-4.447402954101562500e+01,5.397241592407226562e+01,6.560000000000000000e+02
-4.382761001586914062e+01,5.405469131469726562e+01,6.570000000000000000e+02
-4.311339569091796875e+01,5.405469131469726562e+01,6.570000000000000000e+02
-4.239917755126953125e+01,5.405469131469726562e+01,6.570000000000000000e+02
-4.168496322631835938e+01,5.405469131469726562e+01,6.570000000000000000e+02
-4.097074890136718750e+01,5.405469131469726562e+01,6.570000000000000000e+02
-4.025653457641601562e+01,5.405469131469726562e+01,6.570000000000000000e+02
-3.954232025146484375e+01,5.405469131469726562e+01,6.570000000000000000e+02
-3.882810592651367188e+01,5.405469131469726562e+01,6.570000000000000000e+02
-3.811389160156250000e+01,5.405469131469726562e+01,6.570000000000000000e+02
-3.745660018920898438e+01,5.413696670532226562e+01,6.580000000000000000e+02
-3.674129867553710938e+01,5.413696670532226562e+01,6.580000000000000000e+02
-3.602599716186523438e+01,5.413696670532226562e+01,6.580000000000000000e+02
-3.531069564819335938e+01,5.413696670532226562e+01,6.580000000000000000e+02
-3.464797210693359375e+01,5.421924209594726562e+01,6.590000000000000000e+02
-3.393157958984375000e+01,5.421924209594726562e+01,6.590000000000000000e+02
-3.321519088745117188e+01,5.421924209594726562e+01,6.590000000000000000e+02
-3.254811859130859375e+01,5.430151748657226562e+01,6.600000000000000000e+02
-3.183064270019531250e+01,5.430151748657226562e+01,6.600000000000000000e+02
-3.111316680908203125e+01,5.430151748657226562e+01,6.600000000000000000e+02
-3.039569091796875000e+01,5.430151748657226562e+01,6.600000000000000000e+02
-2.967821502685546875e+01,5.430151748657226562e+01,6.600000000000000000e+02
-2.896073913574218750e+01,5.430151748657226562e+01,6.600000000000000000e+02
-2.828605270385742188e+01,5.438379287719726562e+01,6.610000000000000000e+02
-2.756749153137207031e+01,5.438379287719726562e+01,6.610000000000000000e+02
-2.684892845153808594e+01,5.438379287719726562e+01,6.610000000000000000e+02
-2.613036537170410156e+01,5.438379287719726562e+01,6.610000000000000000e+02
-2.541180229187011719e+01,5.438379287719726562e+01,6.610000000000000000e+02
-2.469323921203613281e+01,5.438379287719726562e+01,6.610000000000000000e+02
-2.401094627380371094e+01,5.446606826782226562e+01,6.620000000000000000e+02
-2.329129409790039062e+01,5.446606826782226562e+01,6.620000000000000000e+02
-2.257164573669433594e+01,5.446606826782226562e+01,6.620000000000000000e+02
-2.188500404357910156e+01,5.454834365844726562e+01,6.630000000000000000e+02
-2.119618988037109375e+01,5.463061523437500000e+01,6.640000000000000000e+02
-2.050519943237304688e+01,5.471289062500000000e+01,6.650000000000000000e+02
-1.984178352355957031e+01,5.487744140625000000e+01,6.670000000000000000e+02
-1.920268058776855469e+01,5.512426757812500000e+01,6.700000000000000000e+02
-1.852947998046875000e+01,5.528881835937500000e+01,6.720000000000000000e+02
-1.787841987609863281e+01,5.553564071655273438e+01,6.750000000000000000e+02
-6.368776702880859375e+01,5.526937484741210938e+01,6.630000000000000000e+02
-6.277708435058593750e+01,5.510264968872070312e+01,6.610000000000000000e+02
-6.187074661254882812e+01,5.493592453002929688e+01,6.590000000000000000e+02
-6.106156158447265625e+01,5.485256195068359375e+01,6.580000000000000000e+02
-6.034626007080078125e+01,5.485256195068359375e+01,6.580000000000000000e+02
-5.954033279418945312e+01,5.476919937133789062e+01,6.570000000000000000e+02
-5.882611846923828125e+01,5.476919937133789062e+01,6.570000000000000000e+02
-5.811190414428710938e+01,5.476919937133789062e+01,6.570000000000000000e+02
-5.739768981933593750e+01,5.476919937133789062e+01,6.570000000000000000e+02
-5.668347549438476562e+01,5.476919937133789062e+01,6.570000000000000000e+02
-5.588407135009765625e+01,5.468583679199218750e+01,6.560000000000000000e+02
-5.517094421386718750e+01,5.468583679199218750e+01,6.560000000000000000e+02
-5.445781707763671875e+01,5.468583679199218750e+01,6.560000000000000000e+02
-5.374468994140625000e+01,5.468583679199218750e+01,6.560000000000000000e+02
-5.295071792602539062e+01,5.460247421264648438e+01,6.550000000000000000e+02
-5.223867797851562500e+01,5.460247421264648438e+01,6.550000000000000000e+02
-5.152663421630859375e+01,5.460247421264648438e+01,6.550000000000000000e+02
-5.081459426879882812e+01,5.460247421264648438e+01,6.550000000000000000e+02
-5.010255432128906250e+01,5.460247421264648438e+01,6.550000000000000000e+02
-4.946591949462890625e+01,5.468583679199218750e+01,6.560000000000000000e+02
-4.875279235839843750e+01,5.468583679199218750e+01,6.560000000000000000e+02
-4.803966522216796875e+01,5.468583679199218750e+01,6.560000000000000000e+02
-4.732653808593750000e+01,5.468583679199218750e+01,6.560000000000000000e+02
-4.661341094970703125e+01,5.468583679199218750e+01,6.560000000000000000e+02
-4.590028381347656250e+01,5.468583679199218750e+01,6.560000000000000000e+02
-4.518715667724609375e+01,5.468583679199218750e+01,6.560000000000000000e+02
-4.447402954101562500e+01,5.468583679199218750e+01,6.560000000000000000e+02
-4.376090240478515625e+01,5.468583679199218750e+01,6.560000000000000000e+02
-4.304777526855468750e+01,5.468583679199218750e+01,6.560000000000000000e+02
-4.233464050292968750e+01,5.468583679199218750e+01,6.560000000000000000e+02
-4.168496322631835938e+01,5.476919937133789062e+01,6.570000000000000000e+02
-4.097074890136718750e+01,5.476919937133789062e+01,6.570000000000000000e+02
-4.025653457641601562e+01,5.476919937133789062e+01,6.570000000000000000e+02
-3.954232025146484375e+01,5.476919937133789062e+01,6.570000000000000000e+02
-3.882810592651367188e+01,5.476919937133789062e+01,6.570000000000000000e+02
-3.811389160156250000e+01,5.476919937133789062e+01,6.570000000000000000e+02
-3.745660018920898438e+01,5.485256195068359375e+01,6.580000000000000000e+02
-3.674129867553710938e+01,5.485256195068359375e+01,6.580000000000000000e+02
-3.602599716186523438e+01,5.485256195068359375e+01,6.580000000000000000e+02
-3.531069564819335938e+01,5.485256195068359375e+01,6.580000000000000000e+02
-3.464797210693359375e+01,5.493592453002929688e+01,6.590000000000000000e+02
-3.393157958984375000e+01,5.493592453002929688e+01,6.590000000000000000e+02
-3.321519088745117188e+01,5.493592453002929688e+01,6.590000000000000000e+02
-3.254811859130859375e+01,5.501928710937500000e+01,6.600000000000000000e+02
-3.183064270019531250e+01,5.501928710937500000e+01,6.600000000000000000e+02
-3.111316680908203125e+01,5.501928710937500000e+01,6.600000000000000000e+02
-3.039569091796875000e+01,5.501928710937500000e+01,6.600000000000000000e+02
-2.967821502685546875e+01,5.501928710937500000e+01,6.600000000000000000e+02
-2.896073913574218750e+01,5.501928710937500000e+01,6.600000000000000000e+02
-2.828605270385742188e+01,5.510264968872070312e+01,6.610000000000000000e+02
-2.756749153137207031e+01,5.510264968872070312e+01,6.610000000000000000e+02
-2.684892845153808594e+01,5.510264968872070312e+01,6.610000000000000000e+02
-2.613036537170410156e+01,5.510264968872070312e+01,6.610000000000000000e+02
-2.541180229187011719e+01,5.510264968872070312e+01,6.610000000000000000e+02
-2.469323921203613281e+01,5.510264968872070312e+01,6.610000000000000000e+02
-2.401094627380371094e+01,5.518601226806640625e+01,6.620000000000000000e+02
-2.329129409790039062e+01,5.518601226806640625e+01,6.620000000000000000e+02
-2.260574150085449219e+01,5.526937484741210938e+01,6.630000000000000000e+02
-2.188500404357910156e+01,5.526937484741210938e+01,6.630000000000000000e+02
-2.119618988037109375e+01,5.535273742675781250e+01,6.640000000000000000e+02
-2.053603553771972656e+01,5.551946258544921875e+01,6.660000000000000000e+02
-1.987153244018554688e+01,5.568618774414062500e+01,6.680000000000000000e+02
-1.923134040832519531e+01,5.593627548217773438e+01,6.710000000000000000e+02
-1.861220169067382812e+01,5.626972579956054688e+01,6.750000000000000000e+02
-6.431135559082031250e+01,5.590596008300781250e+01,6.620000000000000000e+02
-6.339958572387695312e+01,5.573705673217773438e+01,6.600000000000000000e+02
-6.258713531494140625e+01,5.565260696411132812e+01,6.590000000000000000e+02
-6.177686309814453125e+01,5.556815719604492188e+01,6.580000000000000000e+02
-6.096876144409179688e+01,5.548370742797851562e+01,6.570000000000000000e+02
-6.025454711914062500e+01,5.548370742797851562e+01,6.570000000000000000e+02
-5.954033279418945312e+01,5.548370742797851562e+01,6.570000000000000000e+02
-5.882611846923828125e+01,5.548370742797851562e+01,6.570000000000000000e+02
-5.811190414428710938e+01,5.548370742797851562e+01,6.570000000000000000e+02
-5.731032562255859375e+01,5.539925765991210938e+01,6.560000000000000000e+02
-5.659719848632812500e+01,5.539925765991210938e+01,6.560000000000000000e+02
-5.588407135009765625e+01,5.539925765991210938e+01,6.560000000000000000e+02
-5.517094421386718750e+01,5.539925765991210938e+01,6.560000000000000000e+02
-5.437480163574218750e+01,5.531480789184570312e+01,6.550000000000000000e+02
-5.366276168823242188e+01,5.531480789184570312e+01,6.550000000000000000e+02
-5.295071792602539062e+01,5.531480789184570312e+01,6.550000000000000000e+02
-5.223867797851562500e+01,5.531480789184570312e+01,6.550000000000000000e+02
-5.152663421630859375e+01,5.531480789184570312e+01,6.550000000000000000e+02
-5.081459426879882812e+01,5.531480789184570312e+01,6.550000000000000000e+02
-5.010255432128906250e+01,5.531480789184570312e+01,6.550000000000000000e+02
-4.939051437377929688e+01,5.531480789184570312e+01,6.550000000000000000e+02
-4.867847442626953125e+01,5.531480789184570312e+01,6.550000000000000000e+02
-4.796643447875976562e+01,5.531480789184570312e+01,6.550000000000000000e+02
-4.725439453125000000e+01,5.531480789184570312e+01,6.550000000000000000e+02
-4.654235458374023438e+01,5.531480789184570312e+01,6.550000000000000000e+02
-4.590028381347656250e+01,5.539925765991210938e+01,6.560000000000000000e+02
-4.518715667724609375e+01,5.539925765991210938e+01,6.560000000000000000e+02
-4.447402954101562500e+01,5.539925765991210938e+01,6.560000000000000000e+02
-4.376090240478515625e+01,5.539925765991210938e+01,6.560000000000000000e+02
-4.304777526855468750e+01,5.539925765991210938e+01,6.560000000000000000e+02
-4.233464050292968750e+01,5.539925765991210938e+01,6.560000000000000000e+02
-4.162151336669921875e+01,5.539925765991210938e+01,6.560000000000000000e+02
-4.090839004516601562e+01,5.539925765991210938e+01,6.560000000000000000e+02
-4.019526290893554688e+01,5.539925765991210938e+01,6.560000000000000000e+02
-3.954232025146484375e+01,5.548370742797851562e+01,6.570000000000000000e+02
-3.882810592651367188e+01,5.548370742797851562e+01,6.570000000000000000e+02
-3.811389160156250000e+01,5.548370742797851562e+01,6.570000000000000000e+02
-3.739967346191406250e+01,5.548370742797851562e+01,6.570000000000000000e+02
-3.674129867553710938e+01,5.556815719604492188e+01,6.580000000000000000e+02
-3.602599716186523438e+01,5.556815719604492188e+01,6.580000000000000000e+02
-3.531069564819335938e+01,5.556815719604492188e+01,6.580000000000000000e+02
-3.459539413452148438e+01,5.556815719604492188e+01,6.580000000000000000e+02
-3.393157958984375000e+01,5.565260696411132812e+01,6.590000000000000000e+02
-3.321519088745117188e+01,5.565260696411132812e+01,6.590000000000000000e+02
-3.249880218505859375e+01,5.565260696411132812e+01,6.590000000000000000e+02
-3.183064270019531250e+01,5.573705673217773438e+01,6.600000000000000000e+02
-3.111316680908203125e+01,5.573705673217773438e+01,6.600000000000000000e+02
-3.039569091796875000e+01,5.573705673217773438e+01,6.600000000000000000e+02
-2.967821502685546875e+01,5.573705673217773438e+01,6.600000000000000000e+02
-2.896073913574218750e+01,5.573705673217773438e+01,6.600000000000000000e+02
-2.824326133728027344e+01,5.573705673217773438e+01,6.600000000000000000e+02
-2.752578544616699219e+01,5.573705673217773438e+01,6.600000000000000000e+02
-2.684892845153808594e+01,5.582151031494140625e+01,6.610000000000000000e+02
-2.613036537170410156e+01,5.582151031494140625e+01,6.610000000000000000e+02
-2.541180229187011719e+01,5.582151031494140625e+01,6.610000000000000000e+02
-2.469323921203613281e+01,5.582151031494140625e+01,6.610000000000000000e+02
-2.401094627380371094e+01,5.590596008300781250e+01,6.620000000000000000e+02
-2.329129409790039062e+01,5.590596008300781250e+01,6.620000000000000000e+02
-2.260574150085449219e+01,5.599040985107421875e+01,6.630000000000000000e+02
-2.191801261901855469e+01,5.607485961914062500e+01,6.640000000000000000e+02
-2.122811126708984375e+01,5.615930938720703125e+01,6.650000000000000000e+02
-2.059770393371582031e+01,5.641265869140625000e+01,6.680000000000000000e+02
-1.993102836608886719e+01,5.658155822753906250e+01,6.700000000000000000e+02
-1.928866195678710938e+01,5.683491134643554688e+01,6.730000000000000000e+02
-1.863977622985839844e+01,5.708826065063476562e+01,6.760000000000000000e+02
-6.594930267333984375e+01,5.679697799682617188e+01,6.640000000000000000e+02
-6.503100585937500000e+01,5.662590408325195312e+01,6.620000000000000000e+02
-6.411705780029296875e+01,5.645483016967773438e+01,6.600000000000000000e+02
-6.320746612548828125e+01,5.628375244140625000e+01,6.580000000000000000e+02
-6.239719009399414062e+01,5.619821548461914062e+01,6.570000000000000000e+02
-6.168297576904296875e+01,5.619821548461914062e+01,6.570000000000000000e+02
-6.096876144409179688e+01,5.619821548461914062e+01,6.570000000000000000e+02
-6.025454711914062500e+01,5.619821548461914062e+01,6.570000000000000000e+02
-5.954033279418945312e+01,5.619821548461914062e+01,6.570000000000000000e+02
-5.873657989501953125e+01,5.611267852783203125e+01,6.560000000000000000e+02
-5.802345275878906250e+01,5.611267852783203125e+01,6.560000000000000000e+02
-5.731032562255859375e+01,5.611267852783203125e+01,6.560000000000000000e+02
-5.651092147827148438e+01,5.602714157104492188e+01,6.550000000000000000e+02
-5.579888153076171875e+01,5.602714157104492188e+01,6.550000000000000000e+02
-5.508684158325195312e+01,5.602714157104492188e+01,6.550000000000000000e+02
-5.437480163574218750e+01,5.602714157104492188e+01,6.550000000000000000e+02
-5.366276168823242188e+01,5.602714157104492188e+01,6.550000000000000000e+02
-5.295071792602539062e+01,5.602714157104492188e+01,6.550000000000000000e+02
-5.223867797851562500e+01,5.602714157104492188e+01,6.550000000000000000e+02
-5.152663421630859375e+01,5.602714157104492188e+01,6.550000000000000000e+02
-5.081459426879882812e+01,5.602714157104492188e+01,6.550000000000000000e+02
-5.010255432128906250e+01,5.602714157104492188e+01,6.550000000000000000e+02
-4.939051437377929688e+01,5.602714157104492188e+01,6.550000000000000000e+02
-4.867847442626953125e+01,5.602714157104492188e+01,6.550000000000000000e+02
-4.796643447875976562e+01,5.602714157104492188e+01,6.550000000000000000e+02
-4.725439453125000000e+01,5.602714157104492188e+01,6.550000000000000000e+02
-4.654235458374023438e+01,5.602714157104492188e+01,6.550000000000000000e+02
-4.583031463623046875e+01,5.602714157104492188e+01,6.550000000000000000e+02
-4.511827468872070312e+01,5.602714157104492188e+01,6.550000000000000000e+02
-4.440623474121093750e+01,5.602714157104492188e+01,6.550000000000000000e+02
-4.369419097900390625e+01,5.602714157104492188e+01,6.550000000000000000e+02
-4.304777526855468750e+01,5.611267852783203125e+01,6.560000000000000000e+02
-4.233464050292968750e+01,5.611267852783203125e+01,6.560000000000000000e+02
-4.162151336669921875e+01,5.611267852783203125e+01,6.560000000000000000e+02
-4.090839004516601562e+01,5.611267852783203125e+01,6.560000000000000000e+02
-4.019526290893554688e+01,5.611267852783203125e+01,6.560000000000000000e+02
-3.948213195800781250e+01,5.611267852783203125e+01,6.560000000000000000e+02
-3.882810592651367188e+01,5.619821548461914062e+01,6.570000000000000000e+02
-3.811389160156250000e+01,5.619821548461914062e+01,6.570000000000000000e+02
-3.739967346191406250e+01,5.619821548461914062e+01,6.570000000000000000e+02
-3.668545913696289062e+01,5.619821548461914062e+01,6.570000000000000000e+02
-3.602599716186523438e+01,5.628375244140625000e+01,6.580000000000000000e+02
-3.531069564819335938e+01,5.628375244140625000e+01,6.580000000000000000e+02
-3.459539413452148438e+01,5.628375244140625000e+01,6.580000000000000000e+02
-3.388008880615234375e+01,5.628375244140625000e+01,6.580000000000000000e+02
-3.316478729248046875e+01,5.628375244140625000e+01,6.580000000000000000e+02
-3.249880218505859375e+01,5.636929321289062500e+01,6.590000000000000000e+02
-3.178241348266601562e+01,5.636929321289062500e+01,6.590000000000000000e+02
-3.106602478027343750e+01,5.636929321289062500e+01,6.590000000000000000e+02
-3.034963607788085938e+01,5.636929321289062500e+01,6.590000000000000000e+02
-2.967821502685546875e+01,5.645483016967773438e+01,6.600000000000000000e+02
-2.896073913574218750e+01,5.645483016967773438e+01,6.600000000000000000e+02
-2.824326133728027344e+01,5.645483016967773438e+01,6.600000000000000000e+02
-2.752578544616699219e+01,5.645483016967773438e+01,6.600000000000000000e+02
-2.680830955505371094e+01,5.645483016967773438e+01,6.600000000000000000e+02
-2.613036537170410156e+01,5.654036712646484375e+01,6.610000000000000000e+02
-2.541180229187011719e+01,5.654036712646484375e+01,6.610000000000000000e+02
-2.473059654235839844e+01,5.662590408325195312e+01,6.620000000000000000e+02
-2.401094627380371094e+01,5.662590408325195312e+01,6.620000000000000000e+02
-2.329129409790039062e+01,5.662590408325195312e+01,6.620000000000000000e+02
-2.263983726501464844e+01,5.679697799682617188e+01,6.640000000000000000e+02
-2.195102310180664062e+01,5.688251876831054688e+01,6.650000000000000000e+02
-2.129195594787597656e+01,5.705359268188476562e+01,6.670000000000000000e+02
-2.065937423706054688e+01,5.731020355224609375e+01,6.700000000000000000e+02
-1.999052429199218750e+01,5.748128128051757812e+01,6.720000000000000000e+02
-1.934598350524902344e+01,5.773789215087890625e+01,6.750000000000000000e+02
-0.000000000000000000e+00,0.000000000000000000e+00,0.000000000000000000e+00
-6.667112731933593750e+01,5.751910018920898438e+01,6.640000000000000000e+02
-6.565133666992187500e+01,5.725922393798828125e+01,6.610000000000000000e+02
-6.473630523681640625e+01,5.708597564697265625e+01,6.590000000000000000e+02
-6.392276763916015625e+01,5.699934768676757812e+01,6.580000000000000000e+02
-6.311140441894531250e+01,5.691272354125976562e+01,6.570000000000000000e+02
-6.230221939086914062e+01,5.682609939575195312e+01,6.560000000000000000e+02
-6.158909225463867188e+01,5.682609939575195312e+01,6.560000000000000000e+02
-6.087596511840820312e+01,5.682609939575195312e+01,6.560000000000000000e+02
-6.016283416748046875e+01,5.682609939575195312e+01,6.560000000000000000e+02
-5.944970703125000000e+01,5.682609939575195312e+01,6.560000000000000000e+02
-5.873657989501953125e+01,5.682609939575195312e+01,6.560000000000000000e+02
-5.793500518798828125e+01,5.673947525024414062e+01,6.550000000000000000e+02
-5.722296142578125000e+01,5.673947525024414062e+01,6.550000000000000000e+02
-5.651092147827148438e+01,5.673947525024414062e+01,6.550000000000000000e+02
-5.579888153076171875e+01,5.673947525024414062e+01,6.550000000000000000e+02
-5.500273895263671875e+01,5.665284729003906250e+01,6.540000000000000000e+02
-5.429178619384765625e+01,5.665284729003906250e+01,6.540000000000000000e+02
-5.358083343505859375e+01,5.665284729003906250e+01,6.540000000000000000e+02
-5.286987686157226562e+01,5.665284729003906250e+01,6.540000000000000000e+02
-5.215892410278320312e+01,5.665284729003906250e+01,6.540000000000000000e+02
-5.144797134399414062e+01,5.665284729003906250e+01,6.540000000000000000e+02
-5.073701477050781250e+01,5.665284729003906250e+01,6.540000000000000000e+02
-5.002606201171875000e+01,5.665284729003906250e+01,6.540000000000000000e+02
-4.931510925292968750e+01,5.665284729003906250e+01,6.540000000000000000e+02
-4.860415649414062500e+01,5.665284729003906250e+01,6.540000000000000000e+02
-4.789320373535156250e+01,5.665284729003906250e+01,6.540000000000000000e+02
-4.718225097656250000e+01,5.665284729003906250e+01,6.540000000000000000e+02
-4.647129821777343750e+01,5.665284729003906250e+01,6.540000000000000000e+02
-4.576034545898437500e+01,5.665284729003906250e+01,6.540000000000000000e+02
-4.511827468872070312e+01,5.673947525024414062e+01,6.550000000000000000e+02
-4.440623474121093750e+01,5.673947525024414062e+01,6.550000000000000000e+02
-4.369419097900390625e+01,5.673947525024414062e+01,6.550000000000000000e+02
-4.298215103149414062e+01,5.673947525024414062e+01,6.550000000000000000e+02
-4.227010726928710938e+01,5.673947525024414062e+01,6.550000000000000000e+02
-4.162151336669921875e+01,5.682609939575195312e+01,6.560000000000000000e+02
-4.090839004516601562e+01,5.682609939575195312e+01,6.560000000000000000e+02
-4.019526290893554688e+01,5.682609939575195312e+01,6.560000000000000000e+02
-3.948213195800781250e+01,5.682609939575195312e+01,6.560000000000000000e+02
-3.876900482177734375e+01,5.682609939575195312e+01,6.560000000000000000e+02
-3.805587768554687500e+01,5.682609939575195312e+01,6.560000000000000000e+02
-3.734275054931640625e+01,5.682609939575195312e+01,6.560000000000000000e+02
-3.668545913696289062e+01,5.691272354125976562e+01,6.570000000000000000e+02
-3.597124481201171875e+01,5.691272354125976562e+01,6.570000000000000000e+02
-3.525703048706054688e+01,5.691272354125976562e+01,6.570000000000000000e+02
-3.454281616210937500e+01,5.691272354125976562e+01,6.570000000000000000e+02
-3.388008880615234375e+01,5.699934768676757812e+01,6.580000000000000000e+02
-3.316478729248046875e+01,5.699934768676757812e+01,6.580000000000000000e+02
-3.244948577880859375e+01,5.699934768676757812e+01,6.580000000000000000e+02
-3.173418617248535156e+01,5.699934768676757812e+01,6.580000000000000000e+02
-3.106602478027343750e+01,5.708597564697265625e+01,6.590000000000000000e+02
-3.034963607788085938e+01,5.708597564697265625e+01,6.590000000000000000e+02
-2.963324737548828125e+01,5.708597564697265625e+01,6.590000000000000000e+02
-2.891685867309570312e+01,5.708597564697265625e+01,6.590000000000000000e+02
-2.824326133728027344e+01,5.717259979248046875e+01,6.600000000000000000e+02
-2.752578544616699219e+01,5.717259979248046875e+01,6.600000000000000000e+02
-2.680830955505371094e+01,5.717259979248046875e+01,6.600000000000000000e+02
-2.613036537170410156e+01,5.725922393798828125e+01,6.610000000000000000e+02
-2.541180229187011719e+01,5.725922393798828125e+01,6.610000000000000000e+02
-2.469323921203613281e+01,5.725922393798828125e+01,6.610000000000000000e+02
-2.401094627380371094e+01,5.734585189819335938e+01,6.620000000000000000e+02
-2.336166191101074219e+01,5.751910018920898438e+01,6.640000000000000000e+02
-2.267393302917480469e+01,5.760572433471679688e+01,6.650000000000000000e+02
-2.201704025268554688e+01,5.777897644042968750e+01,6.670000000000000000e+02
-2.135579872131347656e+01,5.795222473144531250e+01,6.690000000000000000e+02
-2.072104454040527344e+01,5.821210098266601562e+01,6.720000000000000000e+02
-2.007976722717285156e+01,5.847197723388671875e+01,6.750000000000000000e+02
-1.940330505371093750e+01,5.864522933959960938e+01,6.770000000000000000e+02
-0.000000000000000000e+00,0.000000000000000000e+00,0.000000000000000000e+00
-0.000000000000000000e+00,0.000000000000000000e+00,0.000000000000000000e+00
-6.739295196533203125e+01,5.824122619628906250e+01,6.640000000000000000e+02
-6.636990356445312500e+01,5.797808837890625000e+01,6.610000000000000000e+02
-6.545269775390625000e+01,5.780266189575195312e+01,6.590000000000000000e+02
-6.453983306884765625e+01,5.762723922729492188e+01,6.570000000000000000e+02
-6.382561874389648438e+01,5.762723922729492188e+01,6.570000000000000000e+02
-6.301534652709960938e+01,5.753952407836914062e+01,6.560000000000000000e+02
-6.230221939086914062e+01,5.753952407836914062e+01,6.560000000000000000e+02
-6.149520492553710938e+01,5.745181274414062500e+01,6.550000000000000000e+02
-6.078316497802734375e+01,5.745181274414062500e+01,6.550000000000000000e+02
-6.007112503051757812e+01,5.745181274414062500e+01,6.550000000000000000e+02
-5.935908508300781250e+01,5.745181274414062500e+01,6.550000000000000000e+02
-5.864704513549804688e+01,5.745181274414062500e+01,6.550000000000000000e+02
-5.793500518798828125e+01,5.745181274414062500e+01,6.550000000000000000e+02
-5.713560104370117188e+01,5.736409759521484375e+01,6.540000000000000000e+02
-5.642464828491210938e+01,5.736409759521484375e+01,6.540000000000000000e+02
-5.571369171142578125e+01,5.736409759521484375e+01,6.540000000000000000e+02
-5.500273895263671875e+01,5.736409759521484375e+01,6.540000000000000000e+02
-5.420877075195312500e+01,5.727638626098632812e+01,6.530000000000000000e+02
-5.349890518188476562e+01,5.727638626098632812e+01,6.530000000000000000e+02
-5.278903579711914062e+01,5.727638626098632812e+01,6.530000000000000000e+02
-5.207917022705078125e+01,5.727638626098632812e+01,6.530000000000000000e+02
-5.136930465698242188e+01,5.727638626098632812e+01,6.530000000000000000e+02
-5.065943527221679688e+01,5.727638626098632812e+01,6.530000000000000000e+02
-4.994956970214843750e+01,5.727638626098632812e+01,6.530000000000000000e+02
-4.923970413208007812e+01,5.727638626098632812e+01,6.530000000000000000e+02
-4.852983856201171875e+01,5.727638626098632812e+01,6.530000000000000000e+02
-4.781997299194335938e+01,5.727638626098632812e+01,6.530000000000000000e+02
-4.711010742187500000e+01,5.727638626098632812e+01,6.530000000000000000e+02
-4.640024185180664062e+01,5.727638626098632812e+01,6.530000000000000000e+02
-4.569037246704101562e+01,5.727638626098632812e+01,6.530000000000000000e+02
-4.504938888549804688e+01,5.736409759521484375e+01,6.540000000000000000e+02
-4.427064132690429688e+01,5.727638626098632812e+01,6.530000000000000000e+02
-4.356077575683593750e+01,5.727638626098632812e+01,6.530000000000000000e+02
-4.291653060913085938e+01,5.736409759521484375e+01,6.540000000000000000e+02
-4.220557403564453125e+01,5.736409759521484375e+01,6.540000000000000000e+02
-4.149462127685546875e+01,5.736409759521484375e+01,6.540000000000000000e+02
-4.084602737426757812e+01,5.745181274414062500e+01,6.550000000000000000e+02
-4.013398742675781250e+01,5.745181274414062500e+01,6.550000000000000000e+02
-3.942194747924804688e+01,5.745181274414062500e+01,6.550000000000000000e+02
-3.870990753173828125e+01,5.745181274414062500e+01,6.550000000000000000e+02
-3.805587768554687500e+01,5.753952407836914062e+01,6.560000000000000000e+02
-3.734275054931640625e+01,5.753952407836914062e+01,6.560000000000000000e+02
-3.662962341308593750e+01,5.753952407836914062e+01,6.560000000000000000e+02
-3.591649627685546875e+01,5.753952407836914062e+01,6.560000000000000000e+02
-3.525703048706054688e+01,5.762723922729492188e+01,6.570000000000000000e+02
-3.454281616210937500e+01,5.762723922729492188e+01,6.570000000000000000e+02
-3.382860183715820312e+01,5.762723922729492188e+01,6.570000000000000000e+02
-3.316478729248046875e+01,5.771495056152343750e+01,6.580000000000000000e+02
-3.244948577880859375e+01,5.771495056152343750e+01,6.580000000000000000e+02
-3.173418617248535156e+01,5.771495056152343750e+01,6.580000000000000000e+02
-3.101888465881347656e+01,5.771495056152343750e+01,6.580000000000000000e+02
-3.034963607788085938e+01,5.780266189575195312e+01,6.590000000000000000e+02
-2.963324737548828125e+01,5.780266189575195312e+01,6.590000000000000000e+02
-2.891685867309570312e+01,5.780266189575195312e+01,6.590000000000000000e+02
-2.824326133728027344e+01,5.789037704467773438e+01,6.600000000000000000e+02
-2.752578544616699219e+01,5.789037704467773438e+01,6.600000000000000000e+02
-2.680830955505371094e+01,5.789037704467773438e+01,6.600000000000000000e+02
-2.613036537170410156e+01,5.797808837890625000e+01,6.610000000000000000e+02
-2.545024681091308594e+01,5.806579971313476562e+01,6.620000000000000000e+02
-2.473059654235839844e+01,5.806579971313476562e+01,6.620000000000000000e+02
-2.404721832275390625e+01,5.815351486206054688e+01,6.630000000000000000e+02
-2.339684486389160156e+01,5.832893753051757812e+01,6.650000000000000000e+02
-2.274212646484375000e+01,5.850436401367187500e+01,6.670000000000000000e+02
-2.208305931091308594e+01,5.867979049682617188e+01,6.690000000000000000e+02
-2.141964340209960938e+01,5.885521697998046875e+01,6.710000000000000000e+02
-2.078271484375000000e+01,5.911835479736328125e+01,6.740000000000000000e+02
-2.013926315307617188e+01,5.938149261474609375e+01,6.770000000000000000e+02
-1.946062660217285156e+01,5.955691528320312500e+01,6.790000000000000000e+02
-6.997744750976562500e+01,5.931854629516601562e+01,6.680000000000000000e+02
-6.894026947021484375e+01,5.905214691162109375e+01,6.650000000000000000e+02
-6.801219177246093750e+01,5.887454605102539062e+01,6.630000000000000000e+02
-6.708846282958984375e+01,5.869694519042968750e+01,6.610000000000000000e+02
-6.616908264160156250e+01,5.851934432983398438e+01,6.590000000000000000e+02
-6.525405120849609375e+01,5.834174728393554688e+01,6.570000000000000000e+02
-6.444159698486328125e+01,5.825294494628906250e+01,6.560000000000000000e+02
-6.372847366333007812e+01,5.825294494628906250e+01,6.560000000000000000e+02
-6.301534652709960938e+01,5.825294494628906250e+01,6.560000000000000000e+02
-6.220724487304687500e+01,5.816414642333984375e+01,6.550000000000000000e+02
-6.149520492553710938e+01,5.816414642333984375e+01,6.550000000000000000e+02
-6.078316497802734375e+01,5.816414642333984375e+01,6.550000000000000000e+02
-5.997941207885742188e+01,5.807534408569335938e+01,6.540000000000000000e+02
-5.926845932006835938e+01,5.807534408569335938e+01,6.540000000000000000e+02
-5.855750656127929688e+01,5.807534408569335938e+01,6.540000000000000000e+02
-5.784655380249023438e+01,5.807534408569335938e+01,6.540000000000000000e+02
-5.704823684692382812e+01,5.798654556274414062e+01,6.530000000000000000e+02
-5.633837127685546875e+01,5.798654556274414062e+01,6.530000000000000000e+02
-5.562850570678710938e+01,5.798654556274414062e+01,6.530000000000000000e+02
-5.491864013671875000e+01,5.798654556274414062e+01,6.530000000000000000e+02
-5.420877075195312500e+01,5.798654556274414062e+01,6.530000000000000000e+02
-5.349890518188476562e+01,5.798654556274414062e+01,6.530000000000000000e+02
-5.278903579711914062e+01,5.798654556274414062e+01,6.530000000000000000e+02
-5.207917022705078125e+01,5.798654556274414062e+01,6.530000000000000000e+02
-5.136930465698242188e+01,5.798654556274414062e+01,6.530000000000000000e+02
-5.065943527221679688e+01,5.798654556274414062e+01,6.530000000000000000e+02
-4.987307739257812500e+01,5.789774322509765625e+01,6.520000000000000000e+02
-4.916429901123046875e+01,5.789774322509765625e+01,6.520000000000000000e+02
-4.845552062988281250e+01,5.789774322509765625e+01,6.520000000000000000e+02
-4.774674224853515625e+01,5.789774322509765625e+01,6.520000000000000000e+02
-4.703796386718750000e+01,5.789774322509765625e+01,6.520000000000000000e+02
-4.632918167114257812e+01,5.789774322509765625e+01,6.520000000000000000e+02
-4.562040328979492188e+01,5.789774322509765625e+01,6.520000000000000000e+02
-4.491162490844726562e+01,5.789774322509765625e+01,6.520000000000000000e+02
-4.427064132690429688e+01,5.798654556274414062e+01,6.530000000000000000e+02
-4.356077575683593750e+01,5.798654556274414062e+01,6.530000000000000000e+02
-4.285091018676757812e+01,5.798654556274414062e+01,6.530000000000000000e+02
-4.214103698730468750e+01,5.798654556274414062e+01,6.530000000000000000e+02
-4.143117141723632812e+01,5.798654556274414062e+01,6.530000000000000000e+02
-4.078366851806640625e+01,5.807534408569335938e+01,6.540000000000000000e+02
-4.007271575927734375e+01,5.807534408569335938e+01,6.540000000000000000e+02
-3.942194747924804688e+01,5.816414642333984375e+01,6.550000000000000000e+02
-3.870990753173828125e+01,5.816414642333984375e+01,6.550000000000000000e+02
-3.799786376953125000e+01,5.816414642333984375e+01,6.550000000000000000e+02
-3.734275054931640625e+01,5.825294494628906250e+01,6.560000000000000000e+02
-3.662962341308593750e+01,5.825294494628906250e+01,6.560000000000000000e+02
-3.591649627685546875e+01,5.825294494628906250e+01,6.560000000000000000e+02
-3.520336914062500000e+01,5.825294494628906250e+01,6.560000000000000000e+02
-3.454281616210937500e+01,5.834174728393554688e+01,6.570000000000000000e+02
-3.382860183715820312e+01,5.834174728393554688e+01,6.570000000000000000e+02
-3.311438751220703125e+01,5.834174728393554688e+01,6.570000000000000000e+02
-3.240017318725585938e+01,5.834174728393554688e+01,6.570000000000000000e+02
-3.173418617248535156e+01,5.843054580688476562e+01,6.580000000000000000e+02
-3.101888465881347656e+01,5.843054580688476562e+01,6.580000000000000000e+02
-3.030358314514160156e+01,5.843054580688476562e+01,6.580000000000000000e+02
-2.963324737548828125e+01,5.851934432983398438e+01,6.590000000000000000e+02
-2.891685867309570312e+01,5.851934432983398438e+01,6.590000000000000000e+02
-2.824326133728027344e+01,5.860814666748046875e+01,6.600000000000000000e+02
-2.752578544616699219e+01,5.860814666748046875e+01,6.600000000000000000e+02
-2.680830955505371094e+01,5.860814666748046875e+01,6.600000000000000000e+02
-2.613036537170410156e+01,5.869694519042968750e+01,6.610000000000000000e+02
-2.545024681091308594e+01,5.878574752807617188e+01,6.620000000000000000e+02
-2.476795387268066406e+01,5.887454605102539062e+01,6.630000000000000000e+02
-2.411975860595703125e+01,5.905214691162109375e+01,6.650000000000000000e+02
-2.346721076965332031e+01,5.922974777221679688e+01,6.670000000000000000e+02
-2.281031799316406250e+01,5.940734863281250000e+01,6.690000000000000000e+02
-2.214907646179199219e+01,5.958494949340820312e+01,6.710000000000000000e+02
-2.151540946960449219e+01,5.985134887695312500e+01,6.740000000000000000e+02
-2.084438323974609375e+01,6.002894973754882812e+01,6.760000000000000000e+02
-2.019875717163085938e+01,6.029534912109375000e+01,6.790000000000000000e+02
-7.070362091064453125e+01,6.004501724243164062e+01,6.680000000000000000e+02
-6.966317749023437500e+01,5.977535629272460938e+01,6.650000000000000000e+02
-6.862925720214843750e+01,5.950569152832031250e+01,6.620000000000000000e+02
-6.770444488525390625e+01,5.932591629028320312e+01,6.600000000000000000e+02
-6.688547515869140625e+01,5.923603057861328125e+01,6.590000000000000000e+02
-6.606867980957031250e+01,5.914614105224609375e+01,6.580000000000000000e+02
-6.515473175048828125e+01,5.896636581420898438e+01,6.560000000000000000e+02
-6.444159698486328125e+01,5.896636581420898438e+01,6.560000000000000000e+02
-6.372847366333007812e+01,5.896636581420898438e+01,6.560000000000000000e+02
-6.291928482055664062e+01,5.887648010253906250e+01,6.550000000000000000e+02
-6.220724487304687500e+01,5.887648010253906250e+01,6.550000000000000000e+02
-6.140131759643554688e+01,5.878659057617187500e+01,6.540000000000000000e+02
-6.069036483764648438e+01,5.878659057617187500e+01,6.540000000000000000e+02
-5.988770294189453125e+01,5.869670104980468750e+01,6.530000000000000000e+02
-5.917783355712890625e+01,5.869670104980468750e+01,6.530000000000000000e+02
-5.846796798706054688e+01,5.869670104980468750e+01,6.530000000000000000e+02
-5.775810241699218750e+01,5.869670104980468750e+01,6.530000000000000000e+02
-5.704823684692382812e+01,5.869670104980468750e+01,6.530000000000000000e+02
-5.633837127685546875e+01,5.869670104980468750e+01,6.530000000000000000e+02
-5.554331588745117188e+01,5.860681533813476562e+01,6.520000000000000000e+02
-5.483453750610351562e+01,5.860681533813476562e+01,6.520000000000000000e+02
-5.412575531005859375e+01,5.860681533813476562e+01,6.520000000000000000e+02
-5.341697692871093750e+01,5.860681533813476562e+01,6.520000000000000000e+02
-5.262735366821289062e+01,5.851692581176757812e+01,6.510000000000000000e+02
-5.191966247558593750e+01,5.851692581176757812e+01,6.510000000000000000e+02
-5.121197128295898438e+01,5.851692581176757812e+01,6.510000000000000000e+02
-5.050427627563476562e+01,5.851692581176757812e+01,6.510000000000000000e+02
-4.979658508300781250e+01,5.851692581176757812e+01,6.510000000000000000e+02
-4.908889389038085938e+01,5.851692581176757812e+01,6.510000000000000000e+02
-4.838120269775390625e+01,5.851692581176757812e+01,6.510000000000000000e+02
-4.767351150512695312e+01,5.851692581176757812e+01,6.510000000000000000e+02
-4.696581649780273438e+01,5.851692581176757812e+01,6.510000000000000000e+02
-4.625812530517578125e+01,5.851692581176757812e+01,6.510000000000000000e+02
-4.562040328979492188e+01,5.860681533813476562e+01,6.520000000000000000e+02
-4.491162490844726562e+01,5.860681533813476562e+01,6.520000000000000000e+02
-4.420284652709960938e+01,5.860681533813476562e+01,6.520000000000000000e+02
-4.349406814575195312e+01,5.860681533813476562e+01,6.520000000000000000e+02
-4.278528594970703125e+01,5.860681533813476562e+01,6.520000000000000000e+02
-4.214103698730468750e+01,5.869670104980468750e+01,6.530000000000000000e+02
-4.143117141723632812e+01,5.869670104980468750e+01,6.530000000000000000e+02
-4.072130966186523438e+01,5.869670104980468750e+01,6.530000000000000000e+02
-4.007271575927734375e+01,5.878659057617187500e+01,6.540000000000000000e+02
-3.936175918579101562e+01,5.878659057617187500e+01,6.540000000000000000e+02
-3.865080642700195312e+01,5.878659057617187500e+01,6.540000000000000000e+02
-3.799786376953125000e+01,5.887648010253906250e+01,6.550000000000000000e+02
-3.728582382202148438e+01,5.887648010253906250e+01,6.550000000000000000e+02
-3.657378387451171875e+01,5.887648010253906250e+01,6.550000000000000000e+02
-3.591649627685546875e+01,5.896636581420898438e+01,6.560000000000000000e+02
-3.520336914062500000e+01,5.896636581420898438e+01,6.560000000000000000e+02
-3.449024200439453125e+01,5.896636581420898438e+01,6.560000000000000000e+02
-3.382860183715820312e+01,5.905625534057617188e+01,6.570000000000000000e+02
-3.311438751220703125e+01,5.905625534057617188e+01,6.570000000000000000e+02
-3.240017318725585938e+01,5.905625534057617188e+01,6.570000000000000000e+02
-3.173418617248535156e+01,5.914614105224609375e+01,6.580000000000000000e+02
-3.101888465881347656e+01,5.914614105224609375e+01,6.580000000000000000e+02
-3.030358314514160156e+01,5.914614105224609375e+01,6.580000000000000000e+02
-2.963324737548828125e+01,5.923603057861328125e+01,6.590000000000000000e+02
-2.891685867309570312e+01,5.923603057861328125e+01,6.590000000000000000e+02
-2.824326133728027344e+01,5.932591629028320312e+01,6.600000000000000000e+02
-2.752578544616699219e+01,5.932591629028320312e+01,6.600000000000000000e+02
-2.684892845153808594e+01,5.941580581665039062e+01,6.610000000000000000e+02
-2.616989707946777344e+01,5.950569152832031250e+01,6.620000000000000000e+02
-2.548869132995605469e+01,5.959558105468750000e+01,6.630000000000000000e+02
-2.480531120300292969e+01,5.968546676635742188e+01,6.640000000000000000e+02
-2.419229888916015625e+01,5.995513153076171875e+01,6.670000000000000000e+02
-2.353757667541503906e+01,6.013490676879882812e+01,6.690000000000000000e+02
-2.287850952148437500e+01,6.031468200683593750e+01,6.710000000000000000e+02
-2.221509552001953125e+01,6.049445724487304688e+01,6.730000000000000000e+02
-2.157925224304199219e+01,6.076412200927734375e+01,6.760000000000000000e+02
-2.090605354309082031e+01,6.094389724731445312e+01,6.780000000000000000e+02
-0.000000000000000000e+00,0.000000000000000000e+00,0.000000000000000000e+00
-7.028025054931640625e+01,6.040758895874023438e+01,6.640000000000000000e+02
-6.934890747070312500e+01,6.022563934326171875e+01,6.620000000000000000e+02
-6.842192077636718750e+01,6.004368591308593750e+01,6.600000000000000000e+02
-6.760186004638671875e+01,5.995271301269531250e+01,6.590000000000000000e+02
-6.678398132324218750e+01,5.986173629760742188e+01,6.580000000000000000e+02
-6.586785888671875000e+01,5.967978668212890625e+01,6.560000000000000000e+02
-6.515473175048828125e+01,5.967978668212890625e+01,6.560000000000000000e+02
-6.444159698486328125e+01,5.967978668212890625e+01,6.560000000000000000e+02
-6.363132476806640625e+01,5.958880996704101562e+01,6.550000000000000000e+02
-6.291928482055664062e+01,5.958880996704101562e+01,6.550000000000000000e+02
-6.211227416992187500e+01,5.949783706665039062e+01,6.540000000000000000e+02
-6.130743408203125000e+01,5.940686035156250000e+01,6.530000000000000000e+02
-6.059756851196289062e+01,5.940686035156250000e+01,6.530000000000000000e+02
-5.979598999023437500e+01,5.931588745117187500e+01,6.520000000000000000e+02
-5.908721160888671875e+01,5.931588745117187500e+01,6.520000000000000000e+02
-5.837843322753906250e+01,5.931588745117187500e+01,6.520000000000000000e+02
-5.766965103149414062e+01,5.931588745117187500e+01,6.520000000000000000e+02
-5.696087265014648438e+01,5.931588745117187500e+01,6.520000000000000000e+02
-5.616581726074218750e+01,5.922491073608398438e+01,6.510000000000000000e+02
-5.545812606811523438e+01,5.922491073608398438e+01,6.510000000000000000e+02
-5.475043487548828125e+01,5.922491073608398438e+01,6.510000000000000000e+02
-5.404274368286132812e+01,5.922491073608398438e+01,6.510000000000000000e+02
-5.333504867553710938e+01,5.922491073608398438e+01,6.510000000000000000e+02
-5.262735366821289062e+01,5.922491073608398438e+01,6.510000000000000000e+02
-5.191966247558593750e+01,5.922491073608398438e+01,6.510000000000000000e+02
-5.121197128295898438e+01,5.922491073608398438e+01,6.510000000000000000e+02
-5.050427627563476562e+01,5.922491073608398438e+01,6.510000000000000000e+02
-4.979658508300781250e+01,5.922491073608398438e+01,6.510000000000000000e+02
-4.908889389038085938e+01,5.922491073608398438e+01,6.510000000000000000e+02
-4.838120269775390625e+01,5.922491073608398438e+01,6.510000000000000000e+02
-4.767351150512695312e+01,5.922491073608398438e+01,6.510000000000000000e+02
-4.696581649780273438e+01,5.922491073608398438e+01,6.510000000000000000e+02
-4.625812530517578125e+01,5.922491073608398438e+01,6.510000000000000000e+02
-4.555043411254882812e+01,5.922491073608398438e+01,6.510000000000000000e+02
-4.484274291992187500e+01,5.922491073608398438e+01,6.510000000000000000e+02
-4.413505172729492188e+01,5.922491073608398438e+01,6.510000000000000000e+02
-4.349406814575195312e+01,5.931588745117187500e+01,6.520000000000000000e+02
-4.278528594970703125e+01,5.931588745117187500e+01,6.520000000000000000e+02
-4.207650375366210938e+01,5.931588745117187500e+01,6.520000000000000000e+02
-4.136772537231445312e+01,5.931588745117187500e+01,6.520000000000000000e+02
-4.072130966186523438e+01,5.940686035156250000e+01,6.530000000000000000e+02
-4.001144409179687500e+01,5.940686035156250000e+01,6.530000000000000000e+02
-3.930157470703125000e+01,5.940686035156250000e+01,6.530000000000000000e+02
-3.865080642700195312e+01,5.949783706665039062e+01,6.540000000000000000e+02
-3.793985366821289062e+01,5.949783706665039062e+01,6.540000000000000000e+02
-3.728582382202148438e+01,5.958880996704101562e+01,6.550000000000000000e+02
-3.657378387451171875e+01,5.958880996704101562e+01,6.550000000000000000e+02
-3.586174392700195312e+01,5.958880996704101562e+01,6.550000000000000000e+02
-3.520336914062500000e+01,5.967978668212890625e+01,6.560000000000000000e+02
-3.449024200439453125e+01,5.967978668212890625e+01,6.560000000000000000e+02
-3.377711105346679688e+01,5.967978668212890625e+01,6.560000000000000000e+02
-3.311438751220703125e+01,5.977076339721679688e+01,6.570000000000000000e+02
-3.240017318725585938e+01,5.977076339721679688e+01,6.570000000000000000e+02
-3.168595695495605469e+01,5.977076339721679688e+01,6.570000000000000000e+02
-3.101888465881347656e+01,5.986173629760742188e+01,6.580000000000000000e+02
-3.030358314514160156e+01,5.986173629760742188e+01,6.580000000000000000e+02
-2.963324737548828125e+01,5.995271301269531250e+01,6.590000000000000000e+02
-2.891685867309570312e+01,5.995271301269531250e+01,6.590000000000000000e+02
-2.824326133728027344e+01,6.004368591308593750e+01,6.600000000000000000e+02
-2.752578544616699219e+01,6.004368591308593750e+01,6.600000000000000000e+02
-2.684892845153808594e+01,6.013466262817382812e+01,6.610000000000000000e+02
-2.616989707946777344e+01,6.022563934326171875e+01,6.620000000000000000e+02
-2.548869132995605469e+01,6.031661224365234375e+01,6.630000000000000000e+02
-2.480531120300292969e+01,6.040758895874023438e+01,6.640000000000000000e+02
-2.422856903076171875e+01,6.077149200439453125e+01,6.680000000000000000e+02
-2.360794448852539062e+01,6.104441452026367188e+01,6.710000000000000000e+02
-2.294670295715332031e+01,6.122636795043945312e+01,6.730000000000000000e+02
-2.228111267089843750e+01,6.140831756591796875e+01,6.750000000000000000e+02
-2.164309692382812500e+01,6.168124389648437500e+01,6.780000000000000000e+02
-7.193993377685546875e+01,6.131383514404296875e+01,6.660000000000000000e+02
-7.089514160156250000e+01,6.103764724731445312e+01,6.630000000000000000e+02
-6.996271514892578125e+01,6.085352325439453125e+01,6.610000000000000000e+02
-6.913939666748046875e+01,6.076145935058593750e+01,6.600000000000000000e+02
-6.821458435058593750e+01,6.057733154296875000e+01,6.580000000000000000e+02
-6.739669799804687500e+01,6.048527145385742188e+01,6.570000000000000000e+02
-6.668247985839843750e+01,6.048527145385742188e+01,6.570000000000000000e+02
-6.586785888671875000e+01,6.039320755004882812e+01,6.560000000000000000e+02
-6.505541229248046875e+01,6.030114364624023438e+01,6.550000000000000000e+02
-6.434336853027343750e+01,6.030114364624023438e+01,6.550000000000000000e+02
-6.353417968750000000e+01,6.020908355712890625e+01,6.540000000000000000e+02
-6.272716522216796875e+01,6.011701965332031250e+01,6.530000000000000000e+02
-6.201729965209960938e+01,6.011701965332031250e+01,6.530000000000000000e+02
-6.121354675292968750e+01,6.002495574951171875e+01,6.520000000000000000e+02
-6.050476837158203125e+01,6.002495574951171875e+01,6.520000000000000000e+02
-5.979598999023437500e+01,6.002495574951171875e+01,6.520000000000000000e+02
-5.899658584594726562e+01,5.993289184570312500e+01,6.510000000000000000e+02
-5.828889465332031250e+01,5.993289184570312500e+01,6.510000000000000000e+02
-5.758120346069335938e+01,5.993289184570312500e+01,6.510000000000000000e+02
-5.687350845336914062e+01,5.993289184570312500e+01,6.510000000000000000e+02
-5.616581726074218750e+01,5.993289184570312500e+01,6.510000000000000000e+02
-5.545812606811523438e+01,5.993289184570312500e+01,6.510000000000000000e+02
-5.466633224487304688e+01,5.984083175659179688e+01,6.500000000000000000e+02
-5.395972824096679688e+01,5.984083175659179688e+01,6.500000000000000000e+02
-5.325312423706054688e+01,5.984083175659179688e+01,6.500000000000000000e+02
-5.254651260375976562e+01,5.984083175659179688e+01,6.500000000000000000e+02
-5.183990859985351562e+01,5.984083175659179688e+01,6.500000000000000000e+02
-5.113330459594726562e+01,5.984083175659179688e+01,6.500000000000000000e+02
-5.042669677734375000e+01,5.984083175659179688e+01,6.500000000000000000e+02
-4.972009277343750000e+01,5.984083175659179688e+01,6.500000000000000000e+02
-4.901348876953125000e+01,5.984083175659179688e+01,6.500000000000000000e+02
-4.830688476562500000e+01,5.984083175659179688e+01,6.500000000000000000e+02
-4.760027694702148438e+01,5.984083175659179688e+01,6.500000000000000000e+02
-4.689367294311523438e+01,5.984083175659179688e+01,6.500000000000000000e+02
-4.625812530517578125e+01,5.993289184570312500e+01,6.510000000000000000e+02
-4.555043411254882812e+01,5.993289184570312500e+01,6.510000000000000000e+02
-4.484274291992187500e+01,5.993289184570312500e+01,6.510000000000000000e+02
-4.413505172729492188e+01,5.993289184570312500e+01,6.510000000000000000e+02
-4.342735671997070312e+01,5.993289184570312500e+01,6.510000000000000000e+02
-4.271966552734375000e+01,5.993289184570312500e+01,6.510000000000000000e+02
-4.207650375366210938e+01,6.002495574951171875e+01,6.520000000000000000e+02
-4.136772537231445312e+01,6.002495574951171875e+01,6.520000000000000000e+02
-4.065894699096679688e+01,6.002495574951171875e+01,6.520000000000000000e+02
-3.995016860961914062e+01,6.002495574951171875e+01,6.520000000000000000e+02
-3.930157470703125000e+01,6.011701965332031250e+01,6.530000000000000000e+02
-3.859170913696289062e+01,6.011701965332031250e+01,6.530000000000000000e+02
-3.793985366821289062e+01,6.020908355712890625e+01,6.540000000000000000e+02
-3.722890090942382812e+01,6.020908355712890625e+01,6.540000000000000000e+02
-3.657378387451171875e+01,6.030114364624023438e+01,6.550000000000000000e+02
-3.586174392700195312e+01,6.030114364624023438e+01,6.550000000000000000e+02
-3.514970397949218750e+01,6.030114364624023438e+01,6.550000000000000000e+02
-3.449024200439453125e+01,6.039320755004882812e+01,6.560000000000000000e+02
-3.377711105346679688e+01,6.039320755004882812e+01,6.560000000000000000e+02
-3.306398391723632812e+01,6.039320755004882812e+01,6.560000000000000000e+02
-3.240017318725585938e+01,6.048527145385742188e+01,6.570000000000000000e+02
-3.168595695495605469e+01,6.048527145385742188e+01,6.570000000000000000e+02
-3.101888465881347656e+01,6.057733154296875000e+01,6.580000000000000000e+02
-3.034963607788085938e+01,6.066939544677734375e+01,6.590000000000000000e+02
-2.963324737548828125e+01,6.066939544677734375e+01,6.590000000000000000e+02
-2.896073913574218750e+01,6.076145935058593750e+01,6.600000000000000000e+02
-2.824326133728027344e+01,6.076145935058593750e+01,6.600000000000000000e+02
-2.756749153137207031e+01,6.085352325439453125e+01,6.610000000000000000e+02
-2.688954734802246094e+01,6.094558334350585938e+01,6.620000000000000000e+02
-2.620942878723144531e+01,6.103764724731445312e+01,6.630000000000000000e+02
-2.552713584899902344e+01,6.112971115112304688e+01,6.640000000000000000e+02
-2.495474052429199219e+01,6.149796295166015625e+01,6.680000000000000000e+02
-2.430110931396484375e+01,6.168208694458007812e+01,6.700000000000000000e+02
-2.364312744140625000e+01,6.186621093750000000e+01,6.720000000000000000e+02
-2.301489448547363281e+01,6.214240264892578125e+01,6.750000000000000000e+02
-2.234713172912597656e+01,6.232652664184570312e+01,6.770000000000000000e+02
-2.170694160461425781e+01,6.260271453857421875e+01,6.800000000000000000e+02
-7.129182434082031250e+01,6.147922897338867188e+01,6.600000000000000000e+02
-7.046741485595703125e+01,6.138607788085937500e+01,6.590000000000000000e+02
-6.964518737792968750e+01,6.129292678833007812e+01,6.580000000000000000e+02
-6.882512664794921875e+01,6.119977951049804688e+01,6.570000000000000000e+02
-6.811090850830078125e+01,6.119977951049804688e+01,6.570000000000000000e+02
-6.729411315917968750e+01,6.110662841796875000e+01,6.560000000000000000e+02
-6.658098602294921875e+01,6.110662841796875000e+01,6.560000000000000000e+02
-6.586785888671875000e+01,6.110662841796875000e+01,6.560000000000000000e+02
-6.505541229248046875e+01,6.101347732543945312e+01,6.550000000000000000e+02
-6.434336853027343750e+01,6.101347732543945312e+01,6.550000000000000000e+02
-6.353417968750000000e+01,6.092032623291015625e+01,6.540000000000000000e+02
-6.272716522216796875e+01,6.082717514038085938e+01,6.530000000000000000e+02
-6.201729965209960938e+01,6.082717514038085938e+01,6.530000000000000000e+02
-6.121354675292968750e+01,6.073402786254882812e+01,6.520000000000000000e+02
-6.050476837158203125e+01,6.073402786254882812e+01,6.520000000000000000e+02
-5.970427703857421875e+01,6.064087677001953125e+01,6.510000000000000000e+02
-5.899658584594726562e+01,6.064087677001953125e+01,6.510000000000000000e+02
-5.828889465332031250e+01,6.064087677001953125e+01,6.510000000000000000e+02
-5.758120346069335938e+01,6.064087677001953125e+01,6.510000000000000000e+02
-5.678614807128906250e+01,6.054772567749023438e+01,6.500000000000000000e+02
-5.607954025268554688e+01,6.054772567749023438e+01,6.500000000000000000e+02
-5.537293624877929688e+01,6.054772567749023438e+01,6.500000000000000000e+02
-5.466633224487304688e+01,6.054772567749023438e+01,6.500000000000000000e+02
-5.395972824096679688e+01,6.054772567749023438e+01,6.500000000000000000e+02
-5.325312423706054688e+01,6.054772567749023438e+01,6.500000000000000000e+02
-5.254651260375976562e+01,6.054772567749023438e+01,6.500000000000000000e+02
-5.183990859985351562e+01,6.054772567749023438e+01,6.500000000000000000e+02
-5.113330459594726562e+01,6.054772567749023438e+01,6.500000000000000000e+02
-5.042669677734375000e+01,6.054772567749023438e+01,6.500000000000000000e+02
-4.972009277343750000e+01,6.054772567749023438e+01,6.500000000000000000e+02
-4.901348876953125000e+01,6.054772567749023438e+01,6.500000000000000000e+02
-4.830688476562500000e+01,6.054772567749023438e+01,6.500000000000000000e+02
-4.760027694702148438e+01,6.054772567749023438e+01,6.500000000000000000e+02
-4.689367294311523438e+01,6.054772567749023438e+01,6.500000000000000000e+02
-4.618706893920898438e+01,6.054772567749023438e+01,6.500000000000000000e+02
-4.548046493530273438e+01,6.054772567749023438e+01,6.500000000000000000e+02
-4.477386093139648438e+01,6.054772567749023438e+01,6.500000000000000000e+02
-4.413505172729492188e+01,6.064087677001953125e+01,6.510000000000000000e+02
-4.342735671997070312e+01,6.064087677001953125e+01,6.510000000000000000e+02
-4.271966552734375000e+01,6.064087677001953125e+01,6.510000000000000000e+02
-4.201197052001953125e+01,6.064087677001953125e+01,6.510000000000000000e+02
-4.130427551269531250e+01,6.064087677001953125e+01,6.510000000000000000e+02
-4.065894699096679688e+01,6.073402786254882812e+01,6.520000000000000000e+02
-3.995016860961914062e+01,6.073402786254882812e+01,6.520000000000000000e+02
-3.924138641357421875e+01,6.073402786254882812e+01,6.520000000000000000e+02
-3.859170913696289062e+01,6.082717514038085938e+01,6.530000000000000000e+02
-3.788184356689453125e+01,6.082717514038085938e+01,6.530000000000000000e+02
-3.722890090942382812e+01,6.092032623291015625e+01,6.540000000000000000e+02
-3.651794815063476562e+01,6.092032623291015625e+01,6.540000000000000000e+02
-3.586174392700195312e+01,6.101347732543945312e+01,6.550000000000000000e+02
-3.514970397949218750e+01,6.101347732543945312e+01,6.550000000000000000e+02
-3.443766403198242188e+01,6.101347732543945312e+01,6.550000000000000000e+02
-3.377711105346679688e+01,6.110662841796875000e+01,6.560000000000000000e+02
-3.306398391723632812e+01,6.110662841796875000e+01,6.560000000000000000e+02
-3.240017318725585938e+01,6.119977951049804688e+01,6.570000000000000000e+02
-3.168595695495605469e+01,6.119977951049804688e+01,6.570000000000000000e+02
-3.101888465881347656e+01,6.129292678833007812e+01,6.580000000000000000e+02
-3.034963607788085938e+01,6.138607788085937500e+01,6.590000000000000000e+02
-2.967821502685546875e+01,6.147922897338867188e+01,6.600000000000000000e+02
-2.896073913574218750e+01,6.147922897338867188e+01,6.600000000000000000e+02
-2.828605270385742188e+01,6.157238006591796875e+01,6.610000000000000000e+02
-2.760919570922851562e+01,6.166553115844726562e+01,6.620000000000000000e+02
-2.693016624450683594e+01,6.175868225097656250e+01,6.630000000000000000e+02
-2.624896049499511719e+01,6.185182952880859375e+01,6.640000000000000000e+02
-2.556558036804199219e+01,6.194498062133789062e+01,6.650000000000000000e+02
-2.499209976196289062e+01,6.231758117675781250e+01,6.690000000000000000e+02
-2.433737945556640625e+01,6.250388336181640625e+01,6.710000000000000000e+02
-2.371349334716796875e+01,6.278333282470703125e+01,6.740000000000000000e+02
-2.308308792114257812e+01,6.306278610229492188e+01,6.770000000000000000e+02
-2.244615745544433594e+01,6.334223556518554688e+01,6.800000000000000000e+02
-7.200930023193359375e+01,6.219699859619140625e+01,6.600000000000000000e+02
-0.000000000000000000e+00,0.000000000000000000e+00,0.000000000000000000e+00
-7.036048889160156250e+01,6.200852584838867188e+01,6.580000000000000000e+02
-6.953933715820312500e+01,6.191428756713867188e+01,6.570000000000000000e+02
-6.882512664794921875e+01,6.191428756713867188e+01,6.570000000000000000e+02
-6.800724029541015625e+01,6.182004928588867188e+01,6.560000000000000000e+02
-6.729411315917968750e+01,6.182004928588867188e+01,6.560000000000000000e+02
-6.658098602294921875e+01,6.182004928588867188e+01,6.560000000000000000e+02
-6.576744842529296875e+01,6.172581100463867188e+01,6.550000000000000000e+02
-6.505541229248046875e+01,6.172581100463867188e+01,6.550000000000000000e+02
-6.424513244628906250e+01,6.163157272338867188e+01,6.540000000000000000e+02
-6.343703079223632812e+01,6.153733444213867188e+01,6.530000000000000000e+02
-6.272716522216796875e+01,6.153733444213867188e+01,6.530000000000000000e+02
-6.192232513427734375e+01,6.144309616088867188e+01,6.520000000000000000e+02
-6.121354675292968750e+01,6.144309616088867188e+01,6.520000000000000000e+02
-6.041196823120117188e+01,6.134885787963867188e+01,6.510000000000000000e+02
-5.970427703857421875e+01,6.134885787963867188e+01,6.510000000000000000e+02
-5.899658584594726562e+01,6.134885787963867188e+01,6.510000000000000000e+02
-5.819935607910156250e+01,6.125461959838867188e+01,6.500000000000000000e+02
-5.749275207519531250e+01,6.125461959838867188e+01,6.500000000000000000e+02
-5.678614807128906250e+01,6.125461959838867188e+01,6.500000000000000000e+02
-5.607954025268554688e+01,6.125461959838867188e+01,6.500000000000000000e+02
-5.537293624877929688e+01,6.125461959838867188e+01,6.500000000000000000e+02
-5.466633224487304688e+01,6.125461959838867188e+01,6.500000000000000000e+02
-5.395972824096679688e+01,6.125461959838867188e+01,6.500000000000000000e+02
-5.325312423706054688e+01,6.125461959838867188e+01,6.500000000000000000e+02
-5.254651260375976562e+01,6.125461959838867188e+01,6.500000000000000000e+02
-5.183990859985351562e+01,6.125461959838867188e+01,6.500000000000000000e+02
-5.113330459594726562e+01,6.125461959838867188e+01,6.500000000000000000e+02
-5.042669677734375000e+01,6.125461959838867188e+01,6.500000000000000000e+02
-4.972009277343750000e+01,6.125461959838867188e+01,6.500000000000000000e+02
-4.901348876953125000e+01,6.125461959838867188e+01,6.500000000000000000e+02
-4.830688476562500000e+01,6.125461959838867188e+01,6.500000000000000000e+02
-4.760027694702148438e+01,6.125461959838867188e+01,6.500000000000000000e+02
-4.689367294311523438e+01,6.125461959838867188e+01,6.500000000000000000e+02
-4.618706893920898438e+01,6.125461959838867188e+01,6.500000000000000000e+02
-4.548046493530273438e+01,6.125461959838867188e+01,6.500000000000000000e+02
-4.477386093139648438e+01,6.125461959838867188e+01,6.500000000000000000e+02
-4.406725311279296875e+01,6.125461959838867188e+01,6.500000000000000000e+02
-4.336064910888671875e+01,6.125461959838867188e+01,6.500000000000000000e+02
-4.271966552734375000e+01,6.134885787963867188e+01,6.510000000000000000e+02
-4.201197052001953125e+01,6.134885787963867188e+01,6.510000000000000000e+02
-4.130427551269531250e+01,6.134885787963867188e+01,6.510000000000000000e+02
-4.059658813476562500e+01,6.134885787963867188e+01,6.510000000000000000e+02
-3.988889694213867188e+01,6.134885787963867188e+01,6.510000000000000000e+02
-3.924138641357421875e+01,6.144309616088867188e+01,6.520000000000000000e+02
-3.853260803222656250e+01,6.144309616088867188e+01,6.520000000000000000e+02
-3.788184356689453125e+01,6.153733444213867188e+01,6.530000000000000000e+02
-3.717197418212890625e+01,6.153733444213867188e+01,6.530000000000000000e+02
-3.651794815063476562e+01,6.163157272338867188e+01,6.540000000000000000e+02
-3.580699539184570312e+01,6.163157272338867188e+01,6.540000000000000000e+02
-3.514970397949218750e+01,6.172581100463867188e+01,6.550000000000000000e+02
-3.443766403198242188e+01,6.172581100463867188e+01,6.550000000000000000e+02
-3.377711105346679688e+01,6.182004928588867188e+01,6.560000000000000000e+02
-3.306398391723632812e+01,6.182004928588867188e+01,6.560000000000000000e+02
-3.240017318725585938e+01,6.191428756713867188e+01,6.570000000000000000e+02
-3.173418617248535156e+01,6.200852584838867188e+01,6.580000000000000000e+02
-3.101888465881347656e+01,6.200852584838867188e+01,6.580000000000000000e+02
-3.034963607788085938e+01,6.210276031494140625e+01,6.590000000000000000e+02
-2.967821502685546875e+01,6.219699859619140625e+01,6.600000000000000000e+02
-2.900461959838867188e+01,6.229123687744140625e+01,6.610000000000000000e+02
-2.832884597778320312e+01,6.238547515869140625e+01,6.620000000000000000e+02
-2.765090179443359375e+01,6.247971343994140625e+01,6.630000000000000000e+02
-2.697078323364257812e+01,6.257395172119140625e+01,6.640000000000000000e+02
-2.628849220275878906e+01,6.266819000244140625e+01,6.650000000000000000e+02
-2.568091392517089844e+01,6.295090484619140625e+01,6.680000000000000000e+02
-2.506681442260742188e+01,6.323361587524414062e+01,6.710000000000000000e+02
-2.440991973876953125e+01,6.342209243774414062e+01,6.730000000000000000e+02
-2.378385925292968750e+01,6.370480728149414062e+01,6.760000000000000000e+02
-2.311718368530273438e+01,6.389328002929687500e+01,6.780000000000000000e+02
-2.247916793823242188e+01,6.417599487304687500e+01,6.810000000000000000e+02
-0.000000000000000000e+00,0.000000000000000000e+00,0.000000000000000000e+00
-7.200930023193359375e+01,6.291477584838867188e+01,6.600000000000000000e+02
-7.107579040527343750e+01,6.272412490844726562e+01,6.580000000000000000e+02
-7.025355529785156250e+01,6.262879943847656250e+01,6.570000000000000000e+02
-6.943349456787109375e+01,6.253347396850585938e+01,6.560000000000000000e+02
-6.872036743164062500e+01,6.253347396850585938e+01,6.560000000000000000e+02
-6.800724029541015625e+01,6.253347396850585938e+01,6.560000000000000000e+02
-6.729411315917968750e+01,6.253347396850585938e+01,6.560000000000000000e+02
-6.647949218750000000e+01,6.243814849853515625e+01,6.550000000000000000e+02
-6.576744842529296875e+01,6.243814849853515625e+01,6.550000000000000000e+02
-6.495609283447265625e+01,6.234282302856445312e+01,6.540000000000000000e+02
-6.414689636230468750e+01,6.224749755859375000e+01,6.530000000000000000e+02
-6.343703079223632812e+01,6.224749755859375000e+01,6.530000000000000000e+02
-6.263110733032226562e+01,6.215217208862304688e+01,6.520000000000000000e+02
-6.192232513427734375e+01,6.215217208862304688e+01,6.520000000000000000e+02
-6.121354675292968750e+01,6.215217208862304688e+01,6.520000000000000000e+02
-6.041196823120117188e+01,6.205684661865234375e+01,6.510000000000000000e+02
-5.970427703857421875e+01,6.205684661865234375e+01,6.510000000000000000e+02
-5.899658584594726562e+01,6.205684661865234375e+01,6.510000000000000000e+02
-5.819935607910156250e+01,6.196152114868164062e+01,6.500000000000000000e+02
-5.749275207519531250e+01,6.196152114868164062e+01,6.500000000000000000e+02
-5.678614807128906250e+01,6.196152114868164062e+01,6.500000000000000000e+02
-5.607954025268554688e+01,6.196152114868164062e+01,6.500000000000000000e+02
-5.537293624877929688e+01,6.196152114868164062e+01,6.500000000000000000e+02
-5.466633224487304688e+01,6.196152114868164062e+01,6.500000000000000000e+02
-5.395972824096679688e+01,6.196152114868164062e+01,6.500000000000000000e+02
-5.325312423706054688e+01,6.196152114868164062e+01,6.500000000000000000e+02
-5.254651260375976562e+01,6.196152114868164062e+01,6.500000000000000000e+02
-5.183990859985351562e+01,6.196152114868164062e+01,6.500000000000000000e+02
-5.113330459594726562e+01,6.196152114868164062e+01,6.500000000000000000e+02
-5.042669677734375000e+01,6.196152114868164062e+01,6.500000000000000000e+02
-4.972009277343750000e+01,6.196152114868164062e+01,6.500000000000000000e+02
-4.901348876953125000e+01,6.196152114868164062e+01,6.500000000000000000e+02
-4.830688476562500000e+01,6.196152114868164062e+01,6.500000000000000000e+02
-4.760027694702148438e+01,6.196152114868164062e+01,6.500000000000000000e+02
-4.689367294311523438e+01,6.196152114868164062e+01,6.500000000000000000e+02
-4.618706893920898438e+01,6.196152114868164062e+01,6.500000000000000000e+02
-4.548046493530273438e+01,6.196152114868164062e+01,6.500000000000000000e+02
-4.477386093139648438e+01,6.196152114868164062e+01,6.500000000000000000e+02
-4.406725311279296875e+01,6.196152114868164062e+01,6.500000000000000000e+02
-4.336064910888671875e+01,6.196152114868164062e+01,6.500000000000000000e+02
-4.265404510498046875e+01,6.196152114868164062e+01,6.500000000000000000e+02
-4.194743347167968750e+01,6.196152114868164062e+01,6.500000000000000000e+02
-4.130427551269531250e+01,6.205684661865234375e+01,6.510000000000000000e+02
-4.059658813476562500e+01,6.205684661865234375e+01,6.510000000000000000e+02
-3.988889694213867188e+01,6.205684661865234375e+01,6.510000000000000000e+02
-3.924138641357421875e+01,6.215217208862304688e+01,6.520000000000000000e+02
-3.853260803222656250e+01,6.215217208862304688e+01,6.520000000000000000e+02
-3.788184356689453125e+01,6.224749755859375000e+01,6.530000000000000000e+02
-3.717197418212890625e+01,6.224749755859375000e+01,6.530000000000000000e+02
-3.646210861206054688e+01,6.224749755859375000e+01,6.530000000000000000e+02
-3.580699539184570312e+01,6.234282302856445312e+01,6.540000000000000000e+02
-3.509604263305664062e+01,6.234282302856445312e+01,6.540000000000000000e+02
-3.443766403198242188e+01,6.243814849853515625e+01,6.550000000000000000e+02
-3.377711105346679688e+01,6.253347396850585938e+01,6.560000000000000000e+02
-3.306398391723632812e+01,6.253347396850585938e+01,6.560000000000000000e+02
-3.240017318725585938e+01,6.262879943847656250e+01,6.570000000000000000e+02
-3.173418617248535156e+01,6.272412490844726562e+01,6.580000000000000000e+02
-3.106602478027343750e+01,6.281945037841796875e+01,6.590000000000000000e+02
-3.039569091796875000e+01,6.291477584838867188e+01,6.600000000000000000e+02
-2.972318077087402344e+01,6.301010131835937500e+01,6.610000000000000000e+02
-2.904849815368652344e+01,6.310542678833007812e+01,6.620000000000000000e+02
-2.837163925170898438e+01,6.320075225830078125e+01,6.630000000000000000e+02
-2.769260787963867188e+01,6.329607772827148438e+01,6.640000000000000000e+02
-2.701140213012695312e+01,6.339140319824218750e+01,6.650000000000000000e+02
-2.632802391052246094e+01,6.348672866821289062e+01,6.660000000000000000e+02
-2.575780296325683594e+01,6.386803054809570312e+01,6.700000000000000000e+02
-2.510417175292968750e+01,6.405867767333984375e+01,6.720000000000000000e+02
-2.448246192932128906e+01,6.434465789794921875e+01,6.750000000000000000e+02
-2.381904411315917969e+01,6.453530883789062500e+01,6.770000000000000000e+02
-2.318537521362304688e+01,6.482128143310546875e+01,6.800000000000000000e+02
-0.000000000000000000e+00,0.000000000000000000e+00,0.000000000000000000e+00
-7.283696746826171875e+01,6.372895812988281250e+01,6.610000000000000000e+02
-7.190019226074218750e+01,6.353613281250000000e+01,6.590000000000000000e+02
-7.096776580810546875e+01,6.334330749511718750e+01,6.570000000000000000e+02
-7.014662170410156250e+01,6.324689483642578125e+01,6.560000000000000000e+02
-6.943349456787109375e+01,6.324689483642578125e+01,6.560000000000000000e+02
-6.872036743164062500e+01,6.324689483642578125e+01,6.560000000000000000e+02
-6.800724029541015625e+01,6.324689483642578125e+01,6.560000000000000000e+02
-6.719153594970703125e+01,6.315048217773437500e+01,6.550000000000000000e+02
-6.647949218750000000e+01,6.315048217773437500e+01,6.550000000000000000e+02
-6.566704559326171875e+01,6.305406951904296875e+01,6.540000000000000000e+02
-6.495609283447265625e+01,6.305406951904296875e+01,6.540000000000000000e+02
-6.414689636230468750e+01,6.295765686035156250e+01,6.530000000000000000e+02
-6.343703079223632812e+01,6.295765686035156250e+01,6.530000000000000000e+02
-6.263110733032226562e+01,6.286124420166015625e+01,6.520000000000000000e+02
-6.192232513427734375e+01,6.286124420166015625e+01,6.520000000000000000e+02
-6.111966323852539062e+01,6.276483154296875000e+01,6.510000000000000000e+02
-6.041196823120117188e+01,6.276483154296875000e+01,6.510000000000000000e+02
-5.970427703857421875e+01,6.276483154296875000e+01,6.510000000000000000e+02
-5.890596008300781250e+01,6.266841888427734375e+01,6.500000000000000000e+02
-5.819935607910156250e+01,6.266841888427734375e+01,6.500000000000000000e+02
-5.749275207519531250e+01,6.266841888427734375e+01,6.500000000000000000e+02
-5.678614807128906250e+01,6.266841888427734375e+01,6.500000000000000000e+02
-5.607954025268554688e+01,6.266841888427734375e+01,6.500000000000000000e+02
-5.528774642944335938e+01,6.257200241088867188e+01,6.490000000000000000e+02
-5.458222961425781250e+01,6.257200241088867188e+01,6.490000000000000000e+02
-5.387671279907226562e+01,6.257200241088867188e+01,6.490000000000000000e+02
-5.325312423706054688e+01,6.266841888427734375e+01,6.500000000000000000e+02
-5.254651260375976562e+01,6.266841888427734375e+01,6.500000000000000000e+02
-5.183990859985351562e+01,6.266841888427734375e+01,6.500000000000000000e+02
-5.113330459594726562e+01,6.266841888427734375e+01,6.500000000000000000e+02
-5.042669677734375000e+01,6.266841888427734375e+01,6.500000000000000000e+02
-4.972009277343750000e+01,6.266841888427734375e+01,6.500000000000000000e+02
-4.901348876953125000e+01,6.266841888427734375e+01,6.500000000000000000e+02
-4.830688476562500000e+01,6.266841888427734375e+01,6.500000000000000000e+02
-4.760027694702148438e+01,6.266841888427734375e+01,6.500000000000000000e+02
-4.689367294311523438e+01,6.266841888427734375e+01,6.500000000000000000e+02
-4.618706893920898438e+01,6.266841888427734375e+01,6.500000000000000000e+02
-4.548046493530273438e+01,6.266841888427734375e+01,6.500000000000000000e+02
-4.477386093139648438e+01,6.266841888427734375e+01,6.500000000000000000e+02
-4.406725311279296875e+01,6.266841888427734375e+01,6.500000000000000000e+02
-4.336064910888671875e+01,6.266841888427734375e+01,6.500000000000000000e+02
-4.265404510498046875e+01,6.266841888427734375e+01,6.500000000000000000e+02
-4.194743347167968750e+01,6.266841888427734375e+01,6.500000000000000000e+02
-4.130427551269531250e+01,6.276483154296875000e+01,6.510000000000000000e+02
-4.059658813476562500e+01,6.276483154296875000e+01,6.510000000000000000e+02
-3.988889694213867188e+01,6.276483154296875000e+01,6.510000000000000000e+02
-3.918120193481445312e+01,6.276483154296875000e+01,6.510000000000000000e+02
-3.853260803222656250e+01,6.286124420166015625e+01,6.520000000000000000e+02
-3.782382965087890625e+01,6.286124420166015625e+01,6.520000000000000000e+02
-3.717197418212890625e+01,6.295765686035156250e+01,6.530000000000000000e+02
-3.646210861206054688e+01,6.295765686035156250e+01,6.530000000000000000e+02
-3.580699539184570312e+01,6.305406951904296875e+01,6.540000000000000000e+02
-3.509604263305664062e+01,6.305406951904296875e+01,6.540000000000000000e+02
-3.443766403198242188e+01,6.315048217773437500e+01,6.550000000000000000e+02
-3.377711105346679688e+01,6.324689483642578125e+01,6.560000000000000000e+02
-3.306398391723632812e+01,6.324689483642578125e+01,6.560000000000000000e+02
-3.240017318725585938e+01,6.334330749511718750e+01,6.570000000000000000e+02
-3.173418617248535156e+01,6.343972015380859375e+01,6.580000000000000000e+02
-3.106602478027343750e+01,6.353613281250000000e+01,6.590000000000000000e+02
-3.039569091796875000e+01,6.363254547119140625e+01,6.600000000000000000e+02
-2.972318077087402344e+01,6.372895812988281250e+01,6.610000000000000000e+02
-2.904849815368652344e+01,6.382537078857421875e+01,6.620000000000000000e+02
-2.841443252563476562e+01,6.401819610595703125e+01,6.640000000000000000e+02
-2.773431396484375000e+01,6.411460876464843750e+01,6.650000000000000000e+02
-2.705202102661132812e+01,6.421102142333984375e+01,6.660000000000000000e+02
-2.648614883422851562e+01,6.459667968750000000e+01,6.700000000000000000e+02
-2.583469200134277344e+01,6.478950500488281250e+01,6.720000000000000000e+02
-2.517888641357421875e+01,6.498233032226562500e+01,6.740000000000000000e+02
-2.451873207092285156e+01,6.517515563964843750e+01,6.760000000000000000e+02
-2.385422706604003906e+01,6.536798095703125000e+01,6.780000000000000000e+02
-7.449882507324218750e+01,6.464282226562500000e+01,6.630000000000000000e+02
-0.000000000000000000e+00,0.000000000000000000e+00,0.000000000000000000e+00
-7.261658477783203125e+01,6.425281524658203125e+01,6.590000000000000000e+02
-7.168198394775390625e+01,6.405781555175781250e+01,6.570000000000000000e+02
-7.085974884033203125e+01,6.396031570434570312e+01,6.560000000000000000e+02
-7.003969573974609375e+01,6.386281585693359375e+01,6.550000000000000000e+02
-6.932765197753906250e+01,6.386281585693359375e+01,6.550000000000000000e+02
-6.861561584472656250e+01,6.386281585693359375e+01,6.550000000000000000e+02
-6.790357208251953125e+01,6.386281585693359375e+01,6.550000000000000000e+02
-6.719153594970703125e+01,6.386281585693359375e+01,6.550000000000000000e+02
-6.637799835205078125e+01,6.376531600952148438e+01,6.540000000000000000e+02
-6.556663513183593750e+01,6.366781234741210938e+01,6.530000000000000000e+02
-6.485676574707031250e+01,6.366781234741210938e+01,6.530000000000000000e+02
-6.414689636230468750e+01,6.366781234741210938e+01,6.530000000000000000e+02
-6.333988571166992188e+01,6.357031250000000000e+01,6.520000000000000000e+02
-6.263110733032226562e+01,6.357031250000000000e+01,6.520000000000000000e+02
-6.182735443115234375e+01,6.347281265258789062e+01,6.510000000000000000e+02
-6.111966323852539062e+01,6.347281265258789062e+01,6.510000000000000000e+02
-6.041196823120117188e+01,6.347281265258789062e+01,6.510000000000000000e+02
-5.961256790161132812e+01,6.337531280517578125e+01,6.500000000000000000e+02
-5.890596008300781250e+01,6.337531280517578125e+01,6.500000000000000000e+02
-5.819935607910156250e+01,6.337531280517578125e+01,6.500000000000000000e+02
-5.749275207519531250e+01,6.337531280517578125e+01,6.500000000000000000e+02
-5.669878387451171875e+01,6.327781295776367188e+01,6.490000000000000000e+02
-5.599326705932617188e+01,6.327781295776367188e+01,6.490000000000000000e+02
-5.528774642944335938e+01,6.327781295776367188e+01,6.490000000000000000e+02
-5.458222961425781250e+01,6.327781295776367188e+01,6.490000000000000000e+02
-5.387671279907226562e+01,6.327781295776367188e+01,6.490000000000000000e+02
-5.317119598388671875e+01,6.327781295776367188e+01,6.490000000000000000e+02
-5.254651260375976562e+01,6.337531280517578125e+01,6.500000000000000000e+02
-5.183990859985351562e+01,6.337531280517578125e+01,6.500000000000000000e+02
-5.113330459594726562e+01,6.337531280517578125e+01,6.500000000000000000e+02
-5.042669677734375000e+01,6.337531280517578125e+01,6.500000000000000000e+02
-4.972009277343750000e+01,6.337531280517578125e+01,6.500000000000000000e+02
-4.901348876953125000e+01,6.337531280517578125e+01,6.500000000000000000e+02
-4.830688476562500000e+01,6.337531280517578125e+01,6.500000000000000000e+02
-4.760027694702148438e+01,6.337531280517578125e+01,6.500000000000000000e+02
-4.689367294311523438e+01,6.337531280517578125e+01,6.500000000000000000e+02
-4.618706893920898438e+01,6.337531280517578125e+01,6.500000000000000000e+02
-4.548046493530273438e+01,6.337531280517578125e+01,6.500000000000000000e+02
-4.477386093139648438e+01,6.337531280517578125e+01,6.500000000000000000e+02
-4.406725311279296875e+01,6.337531280517578125e+01,6.500000000000000000e+02
-4.336064910888671875e+01,6.337531280517578125e+01,6.500000000000000000e+02
-4.265404510498046875e+01,6.337531280517578125e+01,6.500000000000000000e+02
-4.194743347167968750e+01,6.337531280517578125e+01,6.500000000000000000e+02
-4.130427551269531250e+01,6.347281265258789062e+01,6.510000000000000000e+02
-4.059658813476562500e+01,6.347281265258789062e+01,6.510000000000000000e+02
-3.988889694213867188e+01,6.347281265258789062e+01,6.510000000000000000e+02
-3.918120193481445312e+01,6.347281265258789062e+01,6.510000000000000000e+02
-3.853260803222656250e+01,6.357031250000000000e+01,6.520000000000000000e+02
-3.782382965087890625e+01,6.357031250000000000e+01,6.520000000000000000e+02
-3.717197418212890625e+01,6.366781234741210938e+01,6.530000000000000000e+02
-3.646210861206054688e+01,6.366781234741210938e+01,6.530000000000000000e+02
-3.580699539184570312e+01,6.376531600952148438e+01,6.540000000000000000e+02
-3.514970397949218750e+01,6.386281585693359375e+01,6.550000000000000000e+02
-3.443766403198242188e+01,6.386281585693359375e+01,6.550000000000000000e+02
-3.377711105346679688e+01,6.396031570434570312e+01,6.560000000000000000e+02
-3.311438751220703125e+01,6.405781555175781250e+01,6.570000000000000000e+02
-3.244948577880859375e+01,6.415531921386718750e+01,6.580000000000000000e+02
-3.178241348266601562e+01,6.425281524658203125e+01,6.590000000000000000e+02
-3.111316680908203125e+01,6.435031890869140625e+01,6.600000000000000000e+02
-3.044174385070800781e+01,6.444781494140625000e+01,6.610000000000000000e+02
-2.981311607360839844e+01,6.464282226562500000e+01,6.630000000000000000e+02
-2.913625907897949219e+01,6.474031829833984375e+01,6.640000000000000000e+02
-2.845722579956054688e+01,6.483782196044921875e+01,6.650000000000000000e+02
-2.781772613525390625e+01,6.503282165527343750e+01,6.670000000000000000e+02
-2.713325881958007812e+01,6.513031768798828125e+01,6.680000000000000000e+02
-2.652568054199218750e+01,6.542282104492187500e+01,6.710000000000000000e+02
-2.591158103942871094e+01,6.571532440185546875e+01,6.740000000000000000e+02
-2.525360107421875000e+01,6.591032409667968750e+01,6.760000000000000000e+02
-0.000000000000000000e+00,0.000000000000000000e+00,0.000000000000000000e+00
-7.344425201416015625e+01,6.506808471679687500e+01,6.600000000000000000e+02
-7.239620208740234375e+01,6.477232360839843750e+01,6.570000000000000000e+02
-7.157287597656250000e+01,6.467373657226562500e+01,6.560000000000000000e+02
-7.075173187255859375e+01,6.457514953613281250e+01,6.550000000000000000e+02
-7.003969573974609375e+01,6.457514953613281250e+01,6.550000000000000000e+02
-6.932765197753906250e+01,6.457514953613281250e+01,6.550000000000000000e+02
-6.851085662841796875e+01,6.447656250000000000e+01,6.540000000000000000e+02
-6.779990386962890625e+01,6.447656250000000000e+01,6.540000000000000000e+02
-6.708895111083984375e+01,6.447656250000000000e+01,6.540000000000000000e+02
-6.627650451660156250e+01,6.437797546386718750e+01,6.530000000000000000e+02
-6.556663513183593750e+01,6.437797546386718750e+01,6.530000000000000000e+02
-0.000000000000000000e+00,0.000000000000000000e+00,0.000000000000000000e+00
-6.404866027832031250e+01,6.427938079833984375e+01,6.520000000000000000e+02
-6.333988571166992188e+01,6.427938079833984375e+01,6.520000000000000000e+02
-6.253504562377929688e+01,6.418079376220703125e+01,6.510000000000000000e+02
-6.182735443115234375e+01,6.418079376220703125e+01,6.510000000000000000e+02
-6.111966323852539062e+01,6.418079376220703125e+01,6.510000000000000000e+02
-6.031917190551757812e+01,6.408220672607421875e+01,6.500000000000000000e+02
-5.961256790161132812e+01,6.408220672607421875e+01,6.500000000000000000e+02
-5.890596008300781250e+01,6.408220672607421875e+01,6.500000000000000000e+02
-5.810981750488281250e+01,6.398361968994140625e+01,6.490000000000000000e+02
-5.740430068969726562e+01,6.398361968994140625e+01,6.490000000000000000e+02
-5.669878387451171875e+01,6.398361968994140625e+01,6.490000000000000000e+02
-5.599326705932617188e+01,6.398361968994140625e+01,6.490000000000000000e+02
-5.528774642944335938e+01,6.398361968994140625e+01,6.490000000000000000e+02
-5.458222961425781250e+01,6.398361968994140625e+01,6.490000000000000000e+02
-5.387671279907226562e+01,6.398361968994140625e+01,6.490000000000000000e+02
-5.317119598388671875e+01,6.398361968994140625e+01,6.490000000000000000e+02
-5.254651260375976562e+01,6.408220672607421875e+01,6.500000000000000000e+02
-5.183990859985351562e+01,6.408220672607421875e+01,6.500000000000000000e+02
-5.113330459594726562e+01,6.408220672607421875e+01,6.500000000000000000e+02
-5.042669677734375000e+01,6.408220672607421875e+01,6.500000000000000000e+02
-4.972009277343750000e+01,6.408220672607421875e+01,6.500000000000000000e+02
-4.901348876953125000e+01,6.408220672607421875e+01,6.500000000000000000e+02
-4.830688476562500000e+01,6.408220672607421875e+01,6.500000000000000000e+02
-4.760027694702148438e+01,6.408220672607421875e+01,6.500000000000000000e+02
-4.689367294311523438e+01,6.408220672607421875e+01,6.500000000000000000e+02
-4.618706893920898438e+01,6.408220672607421875e+01,6.500000000000000000e+02
-4.548046493530273438e+01,6.408220672607421875e+01,6.500000000000000000e+02
-4.477386093139648438e+01,6.408220672607421875e+01,6.500000000000000000e+02
-4.406725311279296875e+01,6.408220672607421875e+01,6.500000000000000000e+02
-4.336064910888671875e+01,6.408220672607421875e+01,6.500000000000000000e+02
-4.265404510498046875e+01,6.408220672607421875e+01,6.500000000000000000e+02
-4.194743347167968750e+01,6.408220672607421875e+01,6.500000000000000000e+02
-4.130427551269531250e+01,6.418079376220703125e+01,6.510000000000000000e+02
-4.059658813476562500e+01,6.418079376220703125e+01,6.510000000000000000e+02
-3.988889694213867188e+01,6.418079376220703125e+01,6.510000000000000000e+02
-3.918120193481445312e+01,6.418079376220703125e+01,6.510000000000000000e+02
-3.847351074218750000e+01,6.418079376220703125e+01,6.510000000000000000e+02
-3.782382965087890625e+01,6.427938079833984375e+01,6.520000000000000000e+02
-3.717197418212890625e+01,6.437797546386718750e+01,6.530000000000000000e+02
-3.646210861206054688e+01,6.437797546386718750e+01,6.530000000000000000e+02
-3.580699539184570312e+01,6.447656250000000000e+01,6.540000000000000000e+02
-3.514970397949218750e+01,6.457514953613281250e+01,6.550000000000000000e+02
-3.449024200439453125e+01,6.467373657226562500e+01,6.560000000000000000e+02
-3.377711105346679688e+01,6.467373657226562500e+01,6.560000000000000000e+02
-3.311438751220703125e+01,6.477232360839843750e+01,6.570000000000000000e+02
-3.244948577880859375e+01,6.487091064453125000e+01,6.580000000000000000e+02
-3.183064270019531250e+01,6.506808471679687500e+01,6.600000000000000000e+02
-3.116030693054199219e+01,6.516667938232421875e+01,6.610000000000000000e+02
-3.048779869079589844e+01,6.526526641845703125e+01,6.620000000000000000e+02
-2.985808181762695312e+01,6.546244049072265625e+01,6.640000000000000000e+02
-2.918013763427734375e+01,6.556102752685546875e+01,6.650000000000000000e+02
-2.854281044006347656e+01,6.575820159912109375e+01,6.670000000000000000e+02
-2.785943031311035156e+01,6.585678863525390625e+01,6.680000000000000000e+02
-2.729573249816894531e+01,6.625114440917968750e+01,6.720000000000000000e+02
-2.664427566528320312e+01,6.644831848144531250e+01,6.740000000000000000e+02
-2.595002555847167969e+01,6.654690551757812500e+01,6.750000000000000000e+02
-0.000000000000000000e+00,0.000000000000000000e+00,0.000000000000000000e+00
-7.416172790527343750e+01,6.578585815429687500e+01,6.600000000000000000e+02
-7.311041259765625000e+01,6.548683166503906250e+01,6.570000000000000000e+02
-7.217581176757812500e+01,6.528748321533203125e+01,6.550000000000000000e+02
-7.135466766357421875e+01,6.518780517578125000e+01,6.540000000000000000e+02
-7.064371490478515625e+01,6.518780517578125000e+01,6.540000000000000000e+02
-6.982582855224609375e+01,6.508812713623046875e+01,6.530000000000000000e+02
-6.922180938720703125e+01,6.518780517578125000e+01,6.540000000000000000e+02
-6.840609741210937500e+01,6.508812713623046875e+01,6.530000000000000000e+02
-6.769623565673828125e+01,6.508812713623046875e+01,6.530000000000000000e+02
-6.698636627197265625e+01,6.508812713623046875e+01,6.530000000000000000e+02
-6.627650451660156250e+01,6.508812713623046875e+01,6.530000000000000000e+02
-6.546622467041015625e+01,6.498845672607421875e+01,6.520000000000000000e+02
-6.475744628906250000e+01,6.498845672607421875e+01,6.520000000000000000e+02
-6.404866027832031250e+01,6.498845672607421875e+01,6.520000000000000000e+02
-6.324273681640625000e+01,6.488877868652343750e+01,6.510000000000000000e+02
-6.253504562377929688e+01,6.488877868652343750e+01,6.510000000000000000e+02
-6.173237991333007812e+01,6.478910064697265625e+01,6.500000000000000000e+02
-6.102577590942382812e+01,6.478910064697265625e+01,6.500000000000000000e+02
-6.031917190551757812e+01,6.478910064697265625e+01,6.500000000000000000e+02
-5.961256790161132812e+01,6.478910064697265625e+01,6.500000000000000000e+02
-5.881533813476562500e+01,6.468943023681640625e+01,6.490000000000000000e+02
-5.810981750488281250e+01,6.468943023681640625e+01,6.490000000000000000e+02
-5.740430068969726562e+01,6.468943023681640625e+01,6.490000000000000000e+02
-5.669878387451171875e+01,6.468943023681640625e+01,6.490000000000000000e+02
-5.599326705932617188e+01,6.468943023681640625e+01,6.490000000000000000e+02
-5.528774642944335938e+01,6.468943023681640625e+01,6.490000000000000000e+02
-5.458222961425781250e+01,6.468943023681640625e+01,6.490000000000000000e+02
-5.387671279907226562e+01,6.468943023681640625e+01,6.490000000000000000e+02
-5.317119598388671875e+01,6.468943023681640625e+01,6.490000000000000000e+02
-5.254651260375976562e+01,6.478910064697265625e+01,6.500000000000000000e+02
-5.183990859985351562e+01,6.478910064697265625e+01,6.500000000000000000e+02
-5.113330459594726562e+01,6.478910064697265625e+01,6.500000000000000000e+02
-5.042669677734375000e+01,6.478910064697265625e+01,6.500000000000000000e+02
-4.972009277343750000e+01,6.478910064697265625e+01,6.500000000000000000e+02
-4.901348876953125000e+01,6.478910064697265625e+01,6.500000000000000000e+02
-4.830688476562500000e+01,6.478910064697265625e+01,6.500000000000000000e+02
-4.760027694702148438e+01,6.478910064697265625e+01,6.500000000000000000e+02
-4.689367294311523438e+01,6.478910064697265625e+01,6.500000000000000000e+02
-4.618706893920898438e+01,6.478910064697265625e+01,6.500000000000000000e+02
-4.548046493530273438e+01,6.478910064697265625e+01,6.500000000000000000e+02
-4.477386093139648438e+01,6.478910064697265625e+01,6.500000000000000000e+02
-4.406725311279296875e+01,6.478910064697265625e+01,6.500000000000000000e+02
-4.336064910888671875e+01,6.478910064697265625e+01,6.500000000000000000e+02
-4.265404510498046875e+01,6.478910064697265625e+01,6.500000000000000000e+02
-4.201197052001953125e+01,6.488877868652343750e+01,6.510000000000000000e+02
-4.130427551269531250e+01,6.488877868652343750e+01,6.510000000000000000e+02
-4.059658813476562500e+01,6.488877868652343750e+01,6.510000000000000000e+02
-3.988889694213867188e+01,6.488877868652343750e+01,6.510000000000000000e+02
-3.918120193481445312e+01,6.488877868652343750e+01,6.510000000000000000e+02
-3.847351074218750000e+01,6.488877868652343750e+01,6.510000000000000000e+02
-3.782382965087890625e+01,6.498845672607421875e+01,6.520000000000000000e+02
-3.717197418212890625e+01,6.508812713623046875e+01,6.530000000000000000e+02
-3.646210861206054688e+01,6.508812713623046875e+01,6.530000000000000000e+02
-3.580699539184570312e+01,6.518780517578125000e+01,6.540000000000000000e+02
-3.514970397949218750e+01,6.528748321533203125e+01,6.550000000000000000e+02
-3.449024200439453125e+01,6.538715362548828125e+01,6.560000000000000000e+02
-3.382860183715820312e+01,6.548683166503906250e+01,6.570000000000000000e+02
-3.316478729248046875e+01,6.558650970458984375e+01,6.580000000000000000e+02
-3.249880218505859375e+01,6.568618011474609375e+01,6.590000000000000000e+02
-3.183064270019531250e+01,6.578585815429687500e+01,6.600000000000000000e+02
-3.120744895935058594e+01,6.598520660400390625e+01,6.620000000000000000e+02
-3.053385353088378906e+01,6.608488464355468750e+01,6.630000000000000000e+02
-2.990304946899414062e+01,6.628423309326171875e+01,6.650000000000000000e+02
-2.926789855957031250e+01,6.648358917236328125e+01,6.670000000000000000e+02
-2.858560371398925781e+01,6.658325958251953125e+01,6.680000000000000000e+02
-2.802625465393066406e+01,6.698196411132812500e+01,6.720000000000000000e+02
-2.737697029113769531e+01,6.718132019042968750e+01,6.740000000000000000e+02
-2.668380737304687500e+01,6.728099060058593750e+01,6.750000000000000000e+02
-0.000000000000000000e+00,0.000000000000000000e+00,0.000000000000000000e+00
-7.393699645996093750e+01,6.630210113525390625e+01,6.580000000000000000e+02
-7.299913024902343750e+01,6.610057830810546875e+01,6.560000000000000000e+02
-7.206562042236328125e+01,6.589904785156250000e+01,6.540000000000000000e+02
-7.124556732177734375e+01,6.579828643798828125e+01,6.530000000000000000e+02
-7.053569793701171875e+01,6.579828643798828125e+01,6.530000000000000000e+02
-6.982582855224609375e+01,6.579828643798828125e+01,6.530000000000000000e+02
-6.911596679687500000e+01,6.579828643798828125e+01,6.530000000000000000e+02
-6.830134582519531250e+01,6.569752502441406250e+01,6.520000000000000000e+02
-6.759256744384765625e+01,6.569752502441406250e+01,6.520000000000000000e+02
-6.688378143310546875e+01,6.569752502441406250e+01,6.520000000000000000e+02
-6.617500305175781250e+01,6.569752502441406250e+01,6.520000000000000000e+02
-6.546622467041015625e+01,6.569752502441406250e+01,6.520000000000000000e+02
-6.465812683105468750e+01,6.559676361083984375e+01,6.510000000000000000e+02
-6.395042800903320312e+01,6.559676361083984375e+01,6.510000000000000000e+02
-6.324273681640625000e+01,6.559676361083984375e+01,6.510000000000000000e+02
-6.243898391723632812e+01,6.549600219726562500e+01,6.500000000000000000e+02
-6.173237991333007812e+01,6.549600219726562500e+01,6.500000000000000000e+02
-6.102577590942382812e+01,6.549600219726562500e+01,6.500000000000000000e+02
-6.022637176513671875e+01,6.539523315429687500e+01,6.490000000000000000e+02
-5.952085494995117188e+01,6.539523315429687500e+01,6.490000000000000000e+02
-5.881533813476562500e+01,6.539523315429687500e+01,6.490000000000000000e+02
-5.810981750488281250e+01,6.539523315429687500e+01,6.490000000000000000e+02
-5.740430068969726562e+01,6.539523315429687500e+01,6.490000000000000000e+02
-5.669878387451171875e+01,6.539523315429687500e+01,6.490000000000000000e+02
-5.599326705932617188e+01,6.539523315429687500e+01,6.490000000000000000e+02
-5.528774642944335938e+01,6.539523315429687500e+01,6.490000000000000000e+02
-5.458222961425781250e+01,6.539523315429687500e+01,6.490000000000000000e+02
-5.387671279907226562e+01,6.539523315429687500e+01,6.490000000000000000e+02
-5.317119598388671875e+01,6.539523315429687500e+01,6.490000000000000000e+02
-5.254651260375976562e+01,6.549600219726562500e+01,6.500000000000000000e+02
-5.183990859985351562e+01,6.549600219726562500e+01,6.500000000000000000e+02
-5.113330459594726562e+01,6.549600219726562500e+01,6.500000000000000000e+02
-5.042669677734375000e+01,6.549600219726562500e+01,6.500000000000000000e+02
-4.972009277343750000e+01,6.549600219726562500e+01,6.500000000000000000e+02
-4.908889389038085938e+01,6.559676361083984375e+01,6.510000000000000000e+02
-4.838120269775390625e+01,6.559676361083984375e+01,6.510000000000000000e+02
-4.767351150512695312e+01,6.559676361083984375e+01,6.510000000000000000e+02
-4.696581649780273438e+01,6.559676361083984375e+01,6.510000000000000000e+02
-4.625812530517578125e+01,6.559676361083984375e+01,6.510000000000000000e+02
-4.555043411254882812e+01,6.559676361083984375e+01,6.510000000000000000e+02
-4.477386093139648438e+01,6.549600219726562500e+01,6.500000000000000000e+02
-4.406725311279296875e+01,6.549600219726562500e+01,6.500000000000000000e+02
-4.336064910888671875e+01,6.549600219726562500e+01,6.500000000000000000e+02
-4.265404510498046875e+01,6.549600219726562500e+01,6.500000000000000000e+02
-4.194743347167968750e+01,6.549600219726562500e+01,6.500000000000000000e+02
-4.130427551269531250e+01,6.559676361083984375e+01,6.510000000000000000e+02
-4.059658813476562500e+01,6.559676361083984375e+01,6.510000000000000000e+02
-3.988889694213867188e+01,6.559676361083984375e+01,6.510000000000000000e+02
-3.918120193481445312e+01,6.559676361083984375e+01,6.510000000000000000e+02
-3.853260803222656250e+01,6.569752502441406250e+01,6.520000000000000000e+02
-3.788184356689453125e+01,6.579828643798828125e+01,6.530000000000000000e+02
-3.717197418212890625e+01,6.579828643798828125e+01,6.530000000000000000e+02
-3.651794815063476562e+01,6.589904785156250000e+01,6.540000000000000000e+02
-3.586174392700195312e+01,6.599981689453125000e+01,6.550000000000000000e+02
-3.520336914062500000e+01,6.610057830810546875e+01,6.560000000000000000e+02
-3.454281616210937500e+01,6.620133972167968750e+01,6.570000000000000000e+02
-3.388008880615234375e+01,6.630210113525390625e+01,6.580000000000000000e+02
-3.321519088745117188e+01,6.640287017822265625e+01,6.590000000000000000e+02
-3.254811859130859375e+01,6.650363159179687500e+01,6.600000000000000000e+02
-3.187887001037597656e+01,6.660439300537109375e+01,6.610000000000000000e+02
-3.125458908081054688e+01,6.680591583251953125e+01,6.630000000000000000e+02
-3.057990646362304688e+01,6.690668487548828125e+01,6.640000000000000000e+02
-2.994801712036132812e+01,6.710820770263671875e+01,6.660000000000000000e+02
-2.931177902221679688e+01,6.730973052978515625e+01,6.680000000000000000e+02
-2.867118835449218750e+01,6.751126098632812500e+01,6.700000000000000000e+02
-2.810966491699218750e+01,6.791431427001953125e+01,6.740000000000000000e+02
-0.000000000000000000e+00,0.000000000000000000e+00,0.000000000000000000e+00
-7.465229797363281250e+01,6.701770019531250000e+01,6.580000000000000000e+02
-7.371225738525390625e+01,6.681400299072265625e+01,6.560000000000000000e+02
-7.266529846191406250e+01,6.650845336914062500e+01,6.530000000000000000e+02
-7.195542907714843750e+01,6.650845336914062500e+01,6.530000000000000000e+02
-7.113645935058593750e+01,6.640660095214843750e+01,6.520000000000000000e+02
-7.042768096923828125e+01,6.640660095214843750e+01,6.520000000000000000e+02
-6.971890258789062500e+01,6.640660095214843750e+01,6.520000000000000000e+02
-6.901012420654296875e+01,6.640660095214843750e+01,6.520000000000000000e+02
-6.819658660888671875e+01,6.630474853515625000e+01,6.510000000000000000e+02
-6.748889160156250000e+01,6.630474853515625000e+01,6.510000000000000000e+02
-6.678120422363281250e+01,6.630474853515625000e+01,6.510000000000000000e+02
-6.607350921630859375e+01,6.630474853515625000e+01,6.510000000000000000e+02
-6.536582183837890625e+01,6.630474853515625000e+01,6.510000000000000000e+02
-6.465812683105468750e+01,6.630474853515625000e+01,6.510000000000000000e+02
-6.385219573974609375e+01,6.620289611816406250e+01,6.500000000000000000e+02
-6.314559173583984375e+01,6.620289611816406250e+01,6.500000000000000000e+02
-6.243898391723632812e+01,6.620289611816406250e+01,6.500000000000000000e+02
-6.163740921020507812e+01,6.610105133056640625e+01,6.490000000000000000e+02
-6.093188858032226562e+01,6.610105133056640625e+01,6.490000000000000000e+02
-6.022637176513671875e+01,6.610105133056640625e+01,6.490000000000000000e+02
-5.952085494995117188e+01,6.610105133056640625e+01,6.490000000000000000e+02
-5.881533813476562500e+01,6.610105133056640625e+01,6.490000000000000000e+02
-5.810981750488281250e+01,6.610105133056640625e+01,6.490000000000000000e+02
-5.731584930419921875e+01,6.599919891357421875e+01,6.480000000000000000e+02
-5.669878387451171875e+01,6.610105133056640625e+01,6.490000000000000000e+02
-5.599326705932617188e+01,6.610105133056640625e+01,6.490000000000000000e+02
-5.528774642944335938e+01,6.610105133056640625e+01,6.490000000000000000e+02
-5.458222961425781250e+01,6.610105133056640625e+01,6.490000000000000000e+02
-5.387671279907226562e+01,6.610105133056640625e+01,6.490000000000000000e+02
-5.317119598388671875e+01,6.610105133056640625e+01,6.490000000000000000e+02
-5.254651260375976562e+01,6.620289611816406250e+01,6.500000000000000000e+02
-5.183990859985351562e+01,6.620289611816406250e+01,6.500000000000000000e+02
-5.113330459594726562e+01,6.620289611816406250e+01,6.500000000000000000e+02
-5.042669677734375000e+01,6.620289611816406250e+01,6.500000000000000000e+02
-4.972009277343750000e+01,6.620289611816406250e+01,6.500000000000000000e+02
-4.901348876953125000e+01,6.620289611816406250e+01,6.500000000000000000e+02
-4.838120269775390625e+01,6.630474853515625000e+01,6.510000000000000000e+02
-4.767351150512695312e+01,6.630474853515625000e+01,6.510000000000000000e+02
-4.696581649780273438e+01,6.630474853515625000e+01,6.510000000000000000e+02
-4.625812530517578125e+01,6.630474853515625000e+01,6.510000000000000000e+02
-4.555043411254882812e+01,6.630474853515625000e+01,6.510000000000000000e+02
-4.484274291992187500e+01,6.630474853515625000e+01,6.510000000000000000e+02
-4.406725311279296875e+01,6.620289611816406250e+01,6.500000000000000000e+02
-4.336064910888671875e+01,6.620289611816406250e+01,6.500000000000000000e+02
-4.265404510498046875e+01,6.620289611816406250e+01,6.500000000000000000e+02
-4.201197052001953125e+01,6.630474853515625000e+01,6.510000000000000000e+02
-4.130427551269531250e+01,6.630474853515625000e+01,6.510000000000000000e+02
-4.059658813476562500e+01,6.630474853515625000e+01,6.510000000000000000e+02
-3.988889694213867188e+01,6.630474853515625000e+01,6.510000000000000000e+02
-3.918120193481445312e+01,6.630474853515625000e+01,6.510000000000000000e+02
-3.853260803222656250e+01,6.640660095214843750e+01,6.520000000000000000e+02
-3.788184356689453125e+01,6.650845336914062500e+01,6.530000000000000000e+02
-3.722890090942382812e+01,6.661029815673828125e+01,6.540000000000000000e+02
-3.657378387451171875e+01,6.671215057373046875e+01,6.550000000000000000e+02
-3.586174392700195312e+01,6.671215057373046875e+01,6.550000000000000000e+02
-3.520336914062500000e+01,6.681400299072265625e+01,6.560000000000000000e+02
-3.454281616210937500e+01,6.691585540771484375e+01,6.570000000000000000e+02
-3.393157958984375000e+01,6.711955261230468750e+01,6.590000000000000000e+02
-3.326559448242187500e+01,6.722140502929687500e+01,6.600000000000000000e+02
-3.259743118286132812e+01,6.732325744628906250e+01,6.610000000000000000e+02
-3.197532653808593750e+01,6.752695465087890625e+01,6.630000000000000000e+02
-3.130173110961914062e+01,6.762880706787109375e+01,6.640000000000000000e+02
-3.067201423645019531e+01,6.783251190185546875e+01,6.660000000000000000e+02
-3.003795051574707031e+01,6.803620910644531250e+01,6.680000000000000000e+02
-2.939953804016113281e+01,6.823991394042968750e+01,6.700000000000000000e+02
-2.879956817626953125e+01,6.854546356201171875e+01,6.730000000000000000e+02
-7.631415557861328125e+01,6.793917846679687500e+01,6.600000000000000000e+02
-7.536759948730468750e+01,6.773329925537109375e+01,6.580000000000000000e+02
-7.442539215087890625e+01,6.752742004394531250e+01,6.560000000000000000e+02
-7.337516021728515625e+01,6.721861267089843750e+01,6.530000000000000000e+02
-7.255401611328125000e+01,6.711566925048828125e+01,6.520000000000000000e+02
-7.173504638671875000e+01,6.701273345947265625e+01,6.510000000000000000e+02
-7.102735137939453125e+01,6.701273345947265625e+01,6.510000000000000000e+02
-7.031966400146484375e+01,6.701273345947265625e+01,6.510000000000000000e+02
-6.961196899414062500e+01,6.701273345947265625e+01,6.510000000000000000e+02
-6.890428161621093750e+01,6.701273345947265625e+01,6.510000000000000000e+02
-6.819658660888671875e+01,6.701273345947265625e+01,6.510000000000000000e+02
-6.738522338867187500e+01,6.690979766845703125e+01,6.500000000000000000e+02
-6.667861938476562500e+01,6.690979766845703125e+01,6.500000000000000000e+02
-6.597201538085937500e+01,6.690979766845703125e+01,6.500000000000000000e+02
-6.526541137695312500e+01,6.690979766845703125e+01,6.500000000000000000e+02
-6.455880737304687500e+01,6.690979766845703125e+01,6.500000000000000000e+02
-6.385219573974609375e+01,6.690979766845703125e+01,6.500000000000000000e+02
-6.314559173583984375e+01,6.690979766845703125e+01,6.500000000000000000e+02
-6.234292602539062500e+01,6.680685424804687500e+01,6.490000000000000000e+02
-6.163740921020507812e+01,6.680685424804687500e+01,6.490000000000000000e+02
-6.093188858032226562e+01,6.680685424804687500e+01,6.490000000000000000e+02
-6.022637176513671875e+01,6.680685424804687500e+01,6.490000000000000000e+02
-5.952085494995117188e+01,6.680685424804687500e+01,6.490000000000000000e+02
-5.881533813476562500e+01,6.680685424804687500e+01,6.490000000000000000e+02
-5.802028274536132812e+01,6.670391845703125000e+01,6.480000000000000000e+02
-5.731584930419921875e+01,6.670391845703125000e+01,6.480000000000000000e+02
-5.661141967773437500e+01,6.670391845703125000e+01,6.480000000000000000e+02
-5.599326705932617188e+01,6.680685424804687500e+01,6.490000000000000000e+02
-5.528774642944335938e+01,6.680685424804687500e+01,6.490000000000000000e+02
-5.458222961425781250e+01,6.680685424804687500e+01,6.490000000000000000e+02
-5.387671279907226562e+01,6.680685424804687500e+01,6.490000000000000000e+02
-5.317119598388671875e+01,6.680685424804687500e+01,6.490000000000000000e+02
-5.254651260375976562e+01,6.690979766845703125e+01,6.500000000000000000e+02
-5.183990859985351562e+01,6.690979766845703125e+01,6.500000000000000000e+02
-5.113330459594726562e+01,6.690979766845703125e+01,6.500000000000000000e+02
-5.042669677734375000e+01,6.690979766845703125e+01,6.500000000000000000e+02
-4.972009277343750000e+01,6.690979766845703125e+01,6.500000000000000000e+02
-4.901348876953125000e+01,6.690979766845703125e+01,6.500000000000000000e+02
-4.830688476562500000e+01,6.690979766845703125e+01,6.500000000000000000e+02
-4.767351150512695312e+01,6.701273345947265625e+01,6.510000000000000000e+02
-4.696581649780273438e+01,6.701273345947265625e+01,6.510000000000000000e+02
-4.625812530517578125e+01,6.701273345947265625e+01,6.510000000000000000e+02
-4.555043411254882812e+01,6.701273345947265625e+01,6.510000000000000000e+02
-4.484274291992187500e+01,6.701273345947265625e+01,6.510000000000000000e+02
-4.406725311279296875e+01,6.690979766845703125e+01,6.500000000000000000e+02
-4.336064910888671875e+01,6.690979766845703125e+01,6.500000000000000000e+02
-4.271966552734375000e+01,6.701273345947265625e+01,6.510000000000000000e+02
-4.201197052001953125e+01,6.701273345947265625e+01,6.510000000000000000e+02
-4.130427551269531250e+01,6.701273345947265625e+01,6.510000000000000000e+02
-4.059658813476562500e+01,6.701273345947265625e+01,6.510000000000000000e+02
-3.988889694213867188e+01,6.701273345947265625e+01,6.510000000000000000e+02
-3.924138641357421875e+01,6.711566925048828125e+01,6.520000000000000000e+02
-3.853260803222656250e+01,6.711566925048828125e+01,6.520000000000000000e+02
-3.788184356689453125e+01,6.721861267089843750e+01,6.530000000000000000e+02
-3.722890090942382812e+01,6.732154846191406250e+01,6.540000000000000000e+02
-3.657378387451171875e+01,6.742448425292968750e+01,6.550000000000000000e+02
-3.591649627685546875e+01,6.752742004394531250e+01,6.560000000000000000e+02
-3.525703048706054688e+01,6.763036346435546875e+01,6.570000000000000000e+02
-3.459539413452148438e+01,6.773329925537109375e+01,6.580000000000000000e+02
-3.398307037353515625e+01,6.793917846679687500e+01,6.600000000000000000e+02
-3.331599426269531250e+01,6.804211425781250000e+01,6.610000000000000000e+02
-3.264674758911132812e+01,6.814505004882812500e+01,6.620000000000000000e+02
-3.202355575561523438e+01,6.835092926025390625e+01,6.640000000000000000e+02
-3.134887123107910156e+01,6.845386505126953125e+01,6.650000000000000000e+02
-3.071806907653808594e+01,6.865974426269531250e+01,6.670000000000000000e+02
-3.012788391113281250e+01,6.896855926513671875e+01,6.700000000000000000e+02
-2.944341850280761719e+01,6.907149505615234375e+01,6.710000000000000000e+02
-7.714834594726562500e+01,6.876097106933593750e+01,6.610000000000000000e+02
-7.608290100097656250e+01,6.844889831542968750e+01,6.580000000000000000e+02
-7.513851928710937500e+01,6.824084472656250000e+01,6.560000000000000000e+02
-7.419847869873046875e+01,6.803279113769531250e+01,6.540000000000000000e+02
-7.326279449462890625e+01,6.782473754882812500e+01,6.520000000000000000e+02
-7.244274139404296875e+01,6.772071838378906250e+01,6.510000000000000000e+02
-7.173504638671875000e+01,6.772071838378906250e+01,6.510000000000000000e+02
-7.091825103759765625e+01,6.761669158935546875e+01,6.500000000000000000e+02
-7.031966400146484375e+01,6.772071838378906250e+01,6.510000000000000000e+02
-6.950504302978515625e+01,6.761669158935546875e+01,6.500000000000000000e+02
-6.879843139648437500e+01,6.761669158935546875e+01,6.500000000000000000e+02
-6.809182739257812500e+01,6.761669158935546875e+01,6.500000000000000000e+02
-6.738522338867187500e+01,6.761669158935546875e+01,6.500000000000000000e+02
-6.667861938476562500e+01,6.761669158935546875e+01,6.500000000000000000e+02
-6.587052154541015625e+01,6.751266479492187500e+01,6.490000000000000000e+02
-6.516500091552734375e+01,6.751266479492187500e+01,6.490000000000000000e+02
-6.445948028564453125e+01,6.751266479492187500e+01,6.490000000000000000e+02
-6.375395965576171875e+01,6.751266479492187500e+01,6.490000000000000000e+02
-6.304844284057617188e+01,6.751266479492187500e+01,6.490000000000000000e+02
-6.234292602539062500e+01,6.751266479492187500e+01,6.490000000000000000e+02
-6.163740921020507812e+01,6.751266479492187500e+01,6.490000000000000000e+02
-6.083800506591796875e+01,6.740863800048828125e+01,6.480000000000000000e+02
-6.013357543945312500e+01,6.740863800048828125e+01,6.480000000000000000e+02
-5.942914199829101562e+01,6.740863800048828125e+01,6.480000000000000000e+02
-5.872471237182617188e+01,6.740863800048828125e+01,6.480000000000000000e+02
-5.802028274536132812e+01,6.740863800048828125e+01,6.480000000000000000e+02
-5.731584930419921875e+01,6.740863800048828125e+01,6.480000000000000000e+02
-5.661141967773437500e+01,6.740863800048828125e+01,6.480000000000000000e+02
-5.590699005126953125e+01,6.740863800048828125e+01,6.480000000000000000e+02
-5.528774642944335938e+01,6.751266479492187500e+01,6.490000000000000000e+02
-5.458222961425781250e+01,6.751266479492187500e+01,6.490000000000000000e+02
-5.387671279907226562e+01,6.751266479492187500e+01,6.490000000000000000e+02
-5.317119598388671875e+01,6.751266479492187500e+01,6.490000000000000000e+02
-5.246567153930664062e+01,6.751266479492187500e+01,6.490000000000000000e+02
-5.183990859985351562e+01,6.761669158935546875e+01,6.500000000000000000e+02
-5.113330459594726562e+01,6.761669158935546875e+01,6.500000000000000000e+02
-5.042669677734375000e+01,6.761669158935546875e+01,6.500000000000000000e+02
-4.972009277343750000e+01,6.761669158935546875e+01,6.500000000000000000e+02
-4.901348876953125000e+01,6.761669158935546875e+01,6.500000000000000000e+02
-4.830688476562500000e+01,6.761669158935546875e+01,6.500000000000000000e+02
-4.760027694702148438e+01,6.761669158935546875e+01,6.500000000000000000e+02
-4.689367294311523438e+01,6.761669158935546875e+01,6.500000000000000000e+02
-4.618706893920898438e+01,6.761669158935546875e+01,6.500000000000000000e+02
-4.548046493530273438e+01,6.761669158935546875e+01,6.500000000000000000e+02
-4.477386093139648438e+01,6.761669158935546875e+01,6.500000000000000000e+02
-4.406725311279296875e+01,6.761669158935546875e+01,6.500000000000000000e+02
-4.336064910888671875e+01,6.761669158935546875e+01,6.500000000000000000e+02
-4.271966552734375000e+01,6.772071838378906250e+01,6.510000000000000000e+02
-4.201197052001953125e+01,6.772071838378906250e+01,6.510000000000000000e+02
-4.130427551269531250e+01,6.772071838378906250e+01,6.510000000000000000e+02
-4.059658813476562500e+01,6.772071838378906250e+01,6.510000000000000000e+02
-3.988889694213867188e+01,6.772071838378906250e+01,6.510000000000000000e+02
-3.924138641357421875e+01,6.782473754882812500e+01,6.520000000000000000e+02
-3.853260803222656250e+01,6.782473754882812500e+01,6.520000000000000000e+02
-3.793985366821289062e+01,6.803279113769531250e+01,6.540000000000000000e+02
-3.728582382202148438e+01,6.813681793212890625e+01,6.550000000000000000e+02
-3.662962341308593750e+01,6.824084472656250000e+01,6.560000000000000000e+02
-3.597124481201171875e+01,6.834487152099609375e+01,6.570000000000000000e+02
-3.531069564819335938e+01,6.844889831542968750e+01,6.580000000000000000e+02
-3.464797210693359375e+01,6.855291748046875000e+01,6.590000000000000000e+02
-3.403455734252929688e+01,6.876097106933593750e+01,6.610000000000000000e+02
-3.336639785766601562e+01,6.886499786376953125e+01,6.620000000000000000e+02
-3.269606399536132812e+01,6.896902465820312500e+01,6.630000000000000000e+02
-3.207178497314453125e+01,6.917707824707031250e+01,6.650000000000000000e+02
-3.139601325988769531e+01,6.928109741210937500e+01,6.660000000000000000e+02
-3.081017684936523438e+01,6.959317779541015625e+01,6.690000000000000000e+02
-3.017285156250000000e+01,6.980123138427734375e+01,6.710000000000000000e+02
-7.786691284179687500e+01,6.947982788085937500e+01,6.610000000000000000e+02
-7.679820251464843750e+01,6.916448974609375000e+01,6.580000000000000000e+02
-7.585164642333984375e+01,6.895426177978515625e+01,6.560000000000000000e+02
-7.490943145751953125e+01,6.874404144287109375e+01,6.540000000000000000e+02
-7.397157287597656250e+01,6.853381347656250000e+01,6.520000000000000000e+02
-7.315042877197265625e+01,6.842869567871093750e+01,6.510000000000000000e+02
-7.244274139404296875e+01,6.842869567871093750e+01,6.510000000000000000e+02
-7.162485504150390625e+01,6.832358551025390625e+01,6.500000000000000000e+02
-7.091825103759765625e+01,6.832358551025390625e+01,6.500000000000000000e+02
-7.021164703369140625e+01,6.832358551025390625e+01,6.500000000000000000e+02
-6.950504302978515625e+01,6.832358551025390625e+01,6.500000000000000000e+02
-6.879843139648437500e+01,6.832358551025390625e+01,6.500000000000000000e+02
-6.798707580566406250e+01,6.821847534179687500e+01,6.490000000000000000e+02
-6.728155517578125000e+01,6.821847534179687500e+01,6.490000000000000000e+02
-6.657603454589843750e+01,6.821847534179687500e+01,6.490000000000000000e+02
-6.587052154541015625e+01,6.821847534179687500e+01,6.490000000000000000e+02
-6.506459045410156250e+01,6.811335754394531250e+01,6.480000000000000000e+02
-6.436016082763671875e+01,6.811335754394531250e+01,6.480000000000000000e+02
-6.365572738647460938e+01,6.811335754394531250e+01,6.480000000000000000e+02
-6.295129776000976562e+01,6.811335754394531250e+01,6.480000000000000000e+02
-6.224686431884765625e+01,6.811335754394531250e+01,6.480000000000000000e+02
-6.154243469238281250e+01,6.811335754394531250e+01,6.480000000000000000e+02
-6.083800506591796875e+01,6.811335754394531250e+01,6.480000000000000000e+02
-6.013357543945312500e+01,6.811335754394531250e+01,6.480000000000000000e+02
-5.942914199829101562e+01,6.811335754394531250e+01,6.480000000000000000e+02
-5.872471237182617188e+01,6.811335754394531250e+01,6.480000000000000000e+02
-5.802028274536132812e+01,6.811335754394531250e+01,6.480000000000000000e+02
-5.731584930419921875e+01,6.811335754394531250e+01,6.480000000000000000e+02
-5.661141967773437500e+01,6.811335754394531250e+01,6.480000000000000000e+02
-5.590699005126953125e+01,6.811335754394531250e+01,6.480000000000000000e+02
-5.520256042480468750e+01,6.811335754394531250e+01,6.480000000000000000e+02
-5.458222961425781250e+01,6.821847534179687500e+01,6.490000000000000000e+02
-5.387671279907226562e+01,6.821847534179687500e+01,6.490000000000000000e+02
-5.317119598388671875e+01,6.821847534179687500e+01,6.490000000000000000e+02
-5.246567153930664062e+01,6.821847534179687500e+01,6.490000000000000000e+02
-5.176015472412109375e+01,6.821847534179687500e+01,6.490000000000000000e+02
-5.113330459594726562e+01,6.832358551025390625e+01,6.500000000000000000e+02
-5.042669677734375000e+01,6.832358551025390625e+01,6.500000000000000000e+02
-4.972009277343750000e+01,6.832358551025390625e+01,6.500000000000000000e+02
-4.901348876953125000e+01,6.832358551025390625e+01,6.500000000000000000e+02
-4.830688476562500000e+01,6.832358551025390625e+01,6.500000000000000000e+02
-4.760027694702148438e+01,6.832358551025390625e+01,6.500000000000000000e+02
-4.689367294311523438e+01,6.832358551025390625e+01,6.500000000000000000e+02
-4.618706893920898438e+01,6.832358551025390625e+01,6.500000000000000000e+02
-4.548046493530273438e+01,6.832358551025390625e+01,6.500000000000000000e+02
-4.477386093139648438e+01,6.832358551025390625e+01,6.500000000000000000e+02
-4.406725311279296875e+01,6.832358551025390625e+01,6.500000000000000000e+02
-4.336064910888671875e+01,6.832358551025390625e+01,6.500000000000000000e+02
-4.265404510498046875e+01,6.832358551025390625e+01,6.500000000000000000e+02
-4.201197052001953125e+01,6.842869567871093750e+01,6.510000000000000000e+02
-4.130427551269531250e+01,6.842869567871093750e+01,6.510000000000000000e+02
-4.059658813476562500e+01,6.842869567871093750e+01,6.510000000000000000e+02
-3.995016860961914062e+01,6.853381347656250000e+01,6.520000000000000000e+02
-3.924138641357421875e+01,6.853381347656250000e+01,6.520000000000000000e+02
-3.859170913696289062e+01,6.863892364501953125e+01,6.530000000000000000e+02
-3.799786376953125000e+01,6.884915161132812500e+01,6.550000000000000000e+02
-3.728582382202148438e+01,6.884915161132812500e+01,6.550000000000000000e+02
-3.668545913696289062e+01,6.905937957763671875e+01,6.570000000000000000e+02
-3.602599716186523438e+01,6.916448974609375000e+01,6.580000000000000000e+02
-3.536436080932617188e+01,6.926960754394531250e+01,6.590000000000000000e+02
-3.470054626464843750e+01,6.937471771240234375e+01,6.600000000000000000e+02
-3.408604812622070312e+01,6.958494567871093750e+01,6.620000000000000000e+02
-3.341680145263671875e+01,6.969005584716796875e+01,6.630000000000000000e+02
-3.279469299316406250e+01,6.990028381347656250e+01,6.650000000000000000e+02
-3.216823959350585938e+01,7.011051177978515625e+01,6.670000000000000000e+02
-3.149029541015625000e+01,7.021562194824218750e+01,6.680000000000000000e+02
-3.085623168945312500e+01,7.042584991455078125e+01,6.700000000000000000e+02
-7.751350402832031250e+01,6.988008880615234375e+01,6.580000000000000000e+02
-7.656477355957031250e+01,6.966768646240234375e+01,6.560000000000000000e+02
-7.562039184570312500e+01,6.945528411865234375e+01,6.540000000000000000e+02
-7.479489135742187500e+01,6.934908294677734375e+01,6.530000000000000000e+02
-7.385812377929687500e+01,6.913668060302734375e+01,6.510000000000000000e+02
-7.315042877197265625e+01,6.913668060302734375e+01,6.510000000000000000e+02
-7.233145904541015625e+01,6.903047943115234375e+01,6.500000000000000000e+02
-7.162485504150390625e+01,6.903047943115234375e+01,6.500000000000000000e+02
-7.080914306640625000e+01,6.892427825927734375e+01,6.490000000000000000e+02
-7.010362243652343750e+01,6.892427825927734375e+01,6.490000000000000000e+02
-6.939810943603515625e+01,6.892427825927734375e+01,6.490000000000000000e+02
-6.869258880615234375e+01,6.892427825927734375e+01,6.490000000000000000e+02
-6.788231658935546875e+01,6.881807708740234375e+01,6.480000000000000000e+02
-6.717788696289062500e+01,6.881807708740234375e+01,6.480000000000000000e+02
-6.647345733642578125e+01,6.881807708740234375e+01,6.480000000000000000e+02
-6.576902770996093750e+01,6.881807708740234375e+01,6.480000000000000000e+02
-6.506459045410156250e+01,6.881807708740234375e+01,6.480000000000000000e+02
-6.426084136962890625e+01,6.871187591552734375e+01,6.470000000000000000e+02
-6.355749130249023438e+01,6.871187591552734375e+01,6.470000000000000000e+02
-6.285414886474609375e+01,6.871187591552734375e+01,6.470000000000000000e+02
-6.215080642700195312e+01,6.871187591552734375e+01,6.470000000000000000e+02
-6.144746398925781250e+01,6.871187591552734375e+01,6.470000000000000000e+02
-6.074411773681640625e+01,6.871187591552734375e+01,6.470000000000000000e+02
-6.004077529907226562e+01,6.871187591552734375e+01,6.470000000000000000e+02
-5.933743286132812500e+01,6.871187591552734375e+01,6.470000000000000000e+02
-5.863408660888671875e+01,6.871187591552734375e+01,6.470000000000000000e+02
-5.793074417114257812e+01,6.871187591552734375e+01,6.470000000000000000e+02
-5.722740173339843750e+01,6.871187591552734375e+01,6.470000000000000000e+02
-5.661141967773437500e+01,6.881807708740234375e+01,6.480000000000000000e+02
-5.590699005126953125e+01,6.881807708740234375e+01,6.480000000000000000e+02
-5.520256042480468750e+01,6.881807708740234375e+01,6.480000000000000000e+02
-5.449812698364257812e+01,6.881807708740234375e+01,6.480000000000000000e+02
-5.387671279907226562e+01,6.892427825927734375e+01,6.490000000000000000e+02
-5.317119598388671875e+01,6.892427825927734375e+01,6.490000000000000000e+02
-5.246567153930664062e+01,6.892427825927734375e+01,6.490000000000000000e+02
-5.176015472412109375e+01,6.892427825927734375e+01,6.490000000000000000e+02
-5.105463790893554688e+01,6.892427825927734375e+01,6.490000000000000000e+02
-5.042669677734375000e+01,6.903047943115234375e+01,6.500000000000000000e+02
-4.972009277343750000e+01,6.903047943115234375e+01,6.500000000000000000e+02
-4.901348876953125000e+01,6.903047943115234375e+01,6.500000000000000000e+02
-4.830688476562500000e+01,6.903047943115234375e+01,6.500000000000000000e+02
-4.760027694702148438e+01,6.903047943115234375e+01,6.500000000000000000e+02
-4.689367294311523438e+01,6.903047943115234375e+01,6.500000000000000000e+02
-4.618706893920898438e+01,6.903047943115234375e+01,6.500000000000000000e+02
-4.548046493530273438e+01,6.903047943115234375e+01,6.500000000000000000e+02
-4.477386093139648438e+01,6.903047943115234375e+01,6.500000000000000000e+02
-4.406725311279296875e+01,6.903047943115234375e+01,6.500000000000000000e+02
-4.336064910888671875e+01,6.903047943115234375e+01,6.500000000000000000e+02
-4.265404510498046875e+01,6.903047943115234375e+01,6.500000000000000000e+02
-4.201197052001953125e+01,6.913668060302734375e+01,6.510000000000000000e+02
-4.130427551269531250e+01,6.913668060302734375e+01,6.510000000000000000e+02
-4.059658813476562500e+01,6.913668060302734375e+01,6.510000000000000000e+02
-3.995016860961914062e+01,6.924288177490234375e+01,6.520000000000000000e+02
-3.924138641357421875e+01,6.924288177490234375e+01,6.520000000000000000e+02
-3.865080642700195312e+01,6.945528411865234375e+01,6.540000000000000000e+02
-3.799786376953125000e+01,6.956148529052734375e+01,6.550000000000000000e+02
-3.734275054931640625e+01,6.966768646240234375e+01,6.560000000000000000e+02
-3.674129867553710938e+01,6.988008880615234375e+01,6.580000000000000000e+02
-3.608074951171875000e+01,6.998628997802734375e+01,6.590000000000000000e+02
-3.541802215576171875e+01,7.009249114990234375e+01,6.600000000000000000e+02
-3.480570220947265625e+01,7.030489349365234375e+01,6.620000000000000000e+02
-3.418902587890625000e+01,7.051728820800781250e+01,6.640000000000000000e+02
-3.351760482788085938e+01,7.062348937988281250e+01,6.650000000000000000e+02
-3.289332580566406250e+01,7.083589172363281250e+01,6.670000000000000000e+02
-3.221646881103515625e+01,7.094209289550781250e+01,6.680000000000000000e+02
-3.158457756042480469e+01,7.115449523925781250e+01,6.700000000000000000e+02
-7.834769439697265625e+01,7.070297241210937500e+01,6.590000000000000000e+02
-7.727790069580078125e+01,7.038110351562500000e+01,6.560000000000000000e+02
-7.633134460449218750e+01,7.016652679443359375e+01,6.540000000000000000e+02
-7.550476837158203125e+01,7.005924224853515625e+01,6.530000000000000000e+02
-7.468035125732421875e+01,6.995195007324218750e+01,6.520000000000000000e+02
-7.385812377929687500e+01,6.984466552734375000e+01,6.510000000000000000e+02
-7.303806304931640625e+01,6.973737335205078125e+01,6.500000000000000000e+02
-7.233145904541015625e+01,6.973737335205078125e+01,6.500000000000000000e+02
-7.151466369628906250e+01,6.963008880615234375e+01,6.490000000000000000e+02
-7.080914306640625000e+01,6.963008880615234375e+01,6.490000000000000000e+02
-7.010362243652343750e+01,6.963008880615234375e+01,6.490000000000000000e+02
-6.929117584228515625e+01,6.952279663085937500e+01,6.480000000000000000e+02
-6.858674621582031250e+01,6.952279663085937500e+01,6.480000000000000000e+02
-6.788231658935546875e+01,6.952279663085937500e+01,6.480000000000000000e+02
-6.717788696289062500e+01,6.952279663085937500e+01,6.480000000000000000e+02
-6.637087249755859375e+01,6.941551208496093750e+01,6.470000000000000000e+02
-6.566752624511718750e+01,6.941551208496093750e+01,6.470000000000000000e+02
-6.496418762207031250e+01,6.941551208496093750e+01,6.470000000000000000e+02
-6.426084136962890625e+01,6.941551208496093750e+01,6.470000000000000000e+02
-6.345925903320312500e+01,6.930821990966796875e+01,6.460000000000000000e+02
-6.275700378417968750e+01,6.930821990966796875e+01,6.460000000000000000e+02
-6.205474472045898438e+01,6.930821990966796875e+01,6.460000000000000000e+02
-6.135248947143554688e+01,6.930821990966796875e+01,6.460000000000000000e+02
-6.065023422241210938e+01,6.930821990966796875e+01,6.460000000000000000e+02
-5.994797515869140625e+01,6.930821990966796875e+01,6.460000000000000000e+02
-5.924571990966796875e+01,6.930821990966796875e+01,6.460000000000000000e+02
-5.854346466064453125e+01,6.930821990966796875e+01,6.460000000000000000e+02
-5.793074417114257812e+01,6.941551208496093750e+01,6.470000000000000000e+02
-5.722740173339843750e+01,6.941551208496093750e+01,6.470000000000000000e+02
-5.652405548095703125e+01,6.941551208496093750e+01,6.470000000000000000e+02
-5.590699005126953125e+01,6.952279663085937500e+01,6.480000000000000000e+02
-5.520256042480468750e+01,6.952279663085937500e+01,6.480000000000000000e+02
-5.449812698364257812e+01,6.952279663085937500e+01,6.480000000000000000e+02
-5.379369735717773438e+01,6.952279663085937500e+01,6.480000000000000000e+02
-5.317119598388671875e+01,6.963008880615234375e+01,6.490000000000000000e+02
-5.246567153930664062e+01,6.963008880615234375e+01,6.490000000000000000e+02
-5.176015472412109375e+01,6.963008880615234375e+01,6.490000000000000000e+02
-5.105463790893554688e+01,6.963008880615234375e+01,6.490000000000000000e+02
-5.034911727905273438e+01,6.963008880615234375e+01,6.490000000000000000e+02
-4.964360046386718750e+01,6.963008880615234375e+01,6.490000000000000000e+02
-4.901348876953125000e+01,6.973737335205078125e+01,6.500000000000000000e+02
-4.830688476562500000e+01,6.973737335205078125e+01,6.500000000000000000e+02
-4.760027694702148438e+01,6.973737335205078125e+01,6.500000000000000000e+02
-4.689367294311523438e+01,6.973737335205078125e+01,6.500000000000000000e+02
-4.618706893920898438e+01,6.973737335205078125e+01,6.500000000000000000e+02
-4.548046493530273438e+01,6.973737335205078125e+01,6.500000000000000000e+02
-4.477386093139648438e+01,6.973737335205078125e+01,6.500000000000000000e+02
-4.406725311279296875e+01,6.973737335205078125e+01,6.500000000000000000e+02
-4.336064910888671875e+01,6.973737335205078125e+01,6.500000000000000000e+02
-4.265404510498046875e+01,6.973737335205078125e+01,6.500000000000000000e+02
-4.201197052001953125e+01,6.984466552734375000e+01,6.510000000000000000e+02
-4.130427551269531250e+01,6.984466552734375000e+01,6.510000000000000000e+02
-4.065894699096679688e+01,6.995195007324218750e+01,6.520000000000000000e+02
-3.995016860961914062e+01,6.995195007324218750e+01,6.520000000000000000e+02
-3.930157470703125000e+01,7.005924224853515625e+01,6.530000000000000000e+02
-3.870990753173828125e+01,7.027381896972656250e+01,6.550000000000000000e+02
-3.805587768554687500e+01,7.038110351562500000e+01,6.560000000000000000e+02
-3.739967346191406250e+01,7.048839569091796875e+01,6.570000000000000000e+02
-3.679713821411132812e+01,7.070297241210937500e+01,6.590000000000000000e+02
-3.613549804687500000e+01,7.081025695800781250e+01,6.600000000000000000e+02
-3.552534866333007812e+01,7.102483367919921875e+01,6.620000000000000000e+02
-3.485827636718750000e+01,7.113212585449218750e+01,6.630000000000000000e+02
-3.424051666259765625e+01,7.134670257568359375e+01,6.650000000000000000e+02
-3.361841201782226562e+01,7.156127929687500000e+01,6.670000000000000000e+02
-3.294263839721679688e+01,7.166856384277343750e+01,6.680000000000000000e+02
-0.000000000000000000e+00,0.000000000000000000e+00,0.000000000000000000e+00
-7.810991668701171875e+01,7.120290374755859375e+01,6.570000000000000000e+02
-7.716010284423828125e+01,7.098615264892578125e+01,6.550000000000000000e+02
-7.621463012695312500e+01,7.076940155029296875e+01,6.530000000000000000e+02
-7.538913726806640625e+01,7.066102600097656250e+01,6.520000000000000000e+02
-7.456581115722656250e+01,7.055265045166015625e+01,6.510000000000000000e+02
-7.385812377929687500e+01,7.055265045166015625e+01,6.510000000000000000e+02
-7.303806304931640625e+01,7.044427490234375000e+01,6.500000000000000000e+02
-7.222017669677734375e+01,7.033589935302734375e+01,6.490000000000000000e+02
-7.151466369628906250e+01,7.033589935302734375e+01,6.490000000000000000e+02
-7.080914306640625000e+01,7.033589935302734375e+01,6.490000000000000000e+02
-6.999560546875000000e+01,7.022752380371093750e+01,6.480000000000000000e+02
-6.929117584228515625e+01,7.022752380371093750e+01,6.480000000000000000e+02
-6.858674621582031250e+01,7.022752380371093750e+01,6.480000000000000000e+02
-6.777755737304687500e+01,7.011914825439453125e+01,6.470000000000000000e+02
-6.707421875000000000e+01,7.011914825439453125e+01,6.470000000000000000e+02
-6.637087249755859375e+01,7.011914825439453125e+01,6.470000000000000000e+02
-6.556603240966796875e+01,7.001077270507812500e+01,6.460000000000000000e+02
-6.486377716064453125e+01,7.001077270507812500e+01,6.460000000000000000e+02
-6.416152191162109375e+01,7.001077270507812500e+01,6.460000000000000000e+02
-6.345925903320312500e+01,7.001077270507812500e+01,6.460000000000000000e+02
-6.275700378417968750e+01,7.001077270507812500e+01,6.460000000000000000e+02
-6.195868682861328125e+01,6.990239715576171875e+01,6.450000000000000000e+02
-6.125751495361328125e+01,6.990239715576171875e+01,6.450000000000000000e+02
-6.055634689331054688e+01,6.990239715576171875e+01,6.450000000000000000e+02
-5.985517883300781250e+01,6.990239715576171875e+01,6.450000000000000000e+02
-5.915400695800781250e+01,6.990239715576171875e+01,6.450000000000000000e+02
-5.854346466064453125e+01,7.001077270507812500e+01,6.460000000000000000e+02
-5.784120559692382812e+01,7.001077270507812500e+01,6.460000000000000000e+02
-5.722740173339843750e+01,7.011914825439453125e+01,6.470000000000000000e+02
-5.652405548095703125e+01,7.011914825439453125e+01,6.470000000000000000e+02
-5.582071304321289062e+01,7.011914825439453125e+01,6.470000000000000000e+02
-5.520256042480468750e+01,7.022752380371093750e+01,6.480000000000000000e+02
-5.449812698364257812e+01,7.022752380371093750e+01,6.480000000000000000e+02
-5.379369735717773438e+01,7.022752380371093750e+01,6.480000000000000000e+02
-5.317119598388671875e+01,7.033589935302734375e+01,6.490000000000000000e+02
-5.246567153930664062e+01,7.033589935302734375e+01,6.490000000000000000e+02
-5.176015472412109375e+01,7.033589935302734375e+01,6.490000000000000000e+02
-5.105463790893554688e+01,7.033589935302734375e+01,6.490000000000000000e+02
-5.034911727905273438e+01,7.033589935302734375e+01,6.490000000000000000e+02
-4.964360046386718750e+01,7.033589935302734375e+01,6.490000000000000000e+02
-4.893808364868164062e+01,7.033589935302734375e+01,6.490000000000000000e+02
-4.823256683349609375e+01,7.033589935302734375e+01,6.490000000000000000e+02
-4.760027694702148438e+01,7.044427490234375000e+01,6.500000000000000000e+02
-4.689367294311523438e+01,7.044427490234375000e+01,6.500000000000000000e+02
-4.618706893920898438e+01,7.044427490234375000e+01,6.500000000000000000e+02
-4.548046493530273438e+01,7.044427490234375000e+01,6.500000000000000000e+02
-4.477386093139648438e+01,7.044427490234375000e+01,6.500000000000000000e+02
-4.406725311279296875e+01,7.044427490234375000e+01,6.500000000000000000e+02
-4.336064910888671875e+01,7.044427490234375000e+01,6.500000000000000000e+02
-4.271966552734375000e+01,7.055265045166015625e+01,6.510000000000000000e+02
-4.201197052001953125e+01,7.055265045166015625e+01,6.510000000000000000e+02
-4.136772537231445312e+01,7.066102600097656250e+01,6.520000000000000000e+02
-4.065894699096679688e+01,7.066102600097656250e+01,6.520000000000000000e+02
-4.001144409179687500e+01,7.076940155029296875e+01,6.530000000000000000e+02
-3.930157470703125000e+01,7.076940155029296875e+01,6.530000000000000000e+02
-3.876900482177734375e+01,7.109452819824218750e+01,6.560000000000000000e+02
-3.811389160156250000e+01,7.120290374755859375e+01,6.570000000000000000e+02
-3.745660018920898438e+01,7.131127929687500000e+01,6.580000000000000000e+02
-3.685297393798828125e+01,7.152803802490234375e+01,6.600000000000000000e+02
-3.624499893188476562e+01,7.174478912353515625e+01,6.620000000000000000e+02
-3.557901382446289062e+01,7.185316467285156250e+01,6.630000000000000000e+02
-3.496342849731445312e+01,7.206991577148437500e+01,6.650000000000000000e+02
-3.434349441528320312e+01,7.228666687011718750e+01,6.670000000000000000e+02
-3.366881179809570312e+01,7.239504241943359375e+01,6.680000000000000000e+02
-0.000000000000000000e+00,0.000000000000000000e+00,0.000000000000000000e+00
-7.882413482666015625e+01,7.191741180419921875e+01,6.570000000000000000e+02
-7.775325012207031250e+01,7.158902740478515625e+01,6.540000000000000000e+02
-7.692449951171875000e+01,7.147956085205078125e+01,6.530000000000000000e+02
-7.598120117187500000e+01,7.126063537597656250e+01,6.510000000000000000e+02
-7.527351379394531250e+01,7.126063537597656250e+01,6.510000000000000000e+02
-7.445127105712890625e+01,7.115116882324218750e+01,6.500000000000000000e+02
-7.374466705322265625e+01,7.115116882324218750e+01,6.500000000000000000e+02
-7.292569732666015625e+01,7.104170989990234375e+01,6.490000000000000000e+02
-7.222017669677734375e+01,7.104170989990234375e+01,6.490000000000000000e+02
-7.151466369628906250e+01,7.104170989990234375e+01,6.490000000000000000e+02
-7.070004272460937500e+01,7.093224334716796875e+01,6.480000000000000000e+02
-6.999560546875000000e+01,7.093224334716796875e+01,6.480000000000000000e+02
-6.929117584228515625e+01,7.093224334716796875e+01,6.480000000000000000e+02
-6.848090362548828125e+01,7.082278442382812500e+01,6.470000000000000000e+02
-6.777755737304687500e+01,7.082278442382812500e+01,6.470000000000000000e+02
-6.707421875000000000e+01,7.082278442382812500e+01,6.470000000000000000e+02
-6.626828765869140625e+01,7.071331787109375000e+01,6.460000000000000000e+02
-6.556603240966796875e+01,7.071331787109375000e+01,6.460000000000000000e+02
-6.486377716064453125e+01,7.071331787109375000e+01,6.460000000000000000e+02
-6.406220245361328125e+01,7.060385894775390625e+01,6.450000000000000000e+02
-6.336102294921875000e+01,7.060385894775390625e+01,6.450000000000000000e+02
-6.265985488891601562e+01,7.060385894775390625e+01,6.450000000000000000e+02
-6.195868682861328125e+01,7.060385894775390625e+01,6.450000000000000000e+02
-6.116254425048828125e+01,7.049439239501953125e+01,6.440000000000000000e+02
-6.046245956420898438e+01,7.049439239501953125e+01,6.440000000000000000e+02
-5.985517883300781250e+01,7.060385894775390625e+01,6.450000000000000000e+02
-5.915400695800781250e+01,7.060385894775390625e+01,6.450000000000000000e+02
-5.845283889770507812e+01,7.060385894775390625e+01,6.450000000000000000e+02
-5.784120559692382812e+01,7.071331787109375000e+01,6.460000000000000000e+02
-5.713895034790039062e+01,7.071331787109375000e+01,6.460000000000000000e+02
-5.652405548095703125e+01,7.082278442382812500e+01,6.470000000000000000e+02
-5.582071304321289062e+01,7.082278442382812500e+01,6.470000000000000000e+02
-5.511737060546875000e+01,7.082278442382812500e+01,6.470000000000000000e+02
-5.449812698364257812e+01,7.093224334716796875e+01,6.480000000000000000e+02
-5.379369735717773438e+01,7.093224334716796875e+01,6.480000000000000000e+02
-5.308926773071289062e+01,7.093224334716796875e+01,6.480000000000000000e+02
-5.246567153930664062e+01,7.104170989990234375e+01,6.490000000000000000e+02
-5.176015472412109375e+01,7.104170989990234375e+01,6.490000000000000000e+02
-5.105463790893554688e+01,7.104170989990234375e+01,6.490000000000000000e+02
-5.034911727905273438e+01,7.104170989990234375e+01,6.490000000000000000e+02
-4.964360046386718750e+01,7.104170989990234375e+01,6.490000000000000000e+02
-4.893808364868164062e+01,7.104170989990234375e+01,6.490000000000000000e+02
-4.823256683349609375e+01,7.104170989990234375e+01,6.490000000000000000e+02
-4.752704620361328125e+01,7.104170989990234375e+01,6.490000000000000000e+02
-4.682152938842773438e+01,7.104170989990234375e+01,6.490000000000000000e+02
-4.618706893920898438e+01,7.115116882324218750e+01,6.500000000000000000e+02
-4.548046493530273438e+01,7.115116882324218750e+01,6.500000000000000000e+02
-4.477386093139648438e+01,7.115116882324218750e+01,6.500000000000000000e+02
-4.406725311279296875e+01,7.115116882324218750e+01,6.500000000000000000e+02
-4.336064910888671875e+01,7.115116882324218750e+01,6.500000000000000000e+02
-4.271966552734375000e+01,7.126063537597656250e+01,6.510000000000000000e+02
-4.201197052001953125e+01,7.126063537597656250e+01,6.510000000000000000e+02
-4.136772537231445312e+01,7.137010192871093750e+01,6.520000000000000000e+02
-4.072130966186523438e+01,7.147956085205078125e+01,6.530000000000000000e+02
-4.001144409179687500e+01,7.147956085205078125e+01,6.530000000000000000e+02
-3.942194747924804688e+01,7.169848632812500000e+01,6.550000000000000000e+02
-3.882810592651367188e+01,7.191741180419921875e+01,6.570000000000000000e+02
-3.817190170288085938e+01,7.202687835693359375e+01,6.580000000000000000e+02
-3.751352691650390625e+01,7.213634490966796875e+01,6.590000000000000000e+02
-3.690881347656250000e+01,7.235527038574218750e+01,6.610000000000000000e+02
-3.629975128173828125e+01,7.257419586181640625e+01,6.630000000000000000e+02
-3.563267898559570312e+01,7.268366241455078125e+01,6.640000000000000000e+02
-3.501600646972656250e+01,7.290258789062500000e+01,6.660000000000000000e+02
-3.439498519897460938e+01,7.312151336669921875e+01,6.680000000000000000e+02
-7.941728210449218750e+01,7.252136993408203125e+01,6.560000000000000000e+02
-7.846420288085937500e+01,7.230027008056640625e+01,6.540000000000000000e+02
-7.763436126708984375e+01,7.218972015380859375e+01,6.530000000000000000e+02
-7.668889617919921875e+01,7.196862030029296875e+01,6.510000000000000000e+02
-7.598120117187500000e+01,7.196862030029296875e+01,6.510000000000000000e+02
-7.515788269042968750e+01,7.185807037353515625e+01,6.500000000000000000e+02
-7.445127105712890625e+01,7.185807037353515625e+01,6.500000000000000000e+02
-7.363121795654296875e+01,7.174751281738281250e+01,6.490000000000000000e+02
-7.292569732666015625e+01,7.174751281738281250e+01,6.490000000000000000e+02
-7.222017669677734375e+01,7.174751281738281250e+01,6.490000000000000000e+02
-7.140447235107421875e+01,7.163696289062500000e+01,6.480000000000000000e+02
-7.070004272460937500e+01,7.163696289062500000e+01,6.480000000000000000e+02
-6.999560546875000000e+01,7.163696289062500000e+01,6.480000000000000000e+02
-6.918424987792968750e+01,7.152641296386718750e+01,6.470000000000000000e+02
-6.848090362548828125e+01,7.152641296386718750e+01,6.470000000000000000e+02
-6.777755737304687500e+01,7.152641296386718750e+01,6.470000000000000000e+02
-6.697054290771484375e+01,7.141586303710937500e+01,6.460000000000000000e+02
-6.626828765869140625e+01,7.141586303710937500e+01,6.460000000000000000e+02
-6.546453857421875000e+01,7.130531311035156250e+01,6.450000000000000000e+02
-6.476336669921875000e+01,7.130531311035156250e+01,6.450000000000000000e+02
-6.406220245361328125e+01,7.130531311035156250e+01,6.450000000000000000e+02
-6.326279067993164062e+01,7.119476318359375000e+01,6.440000000000000000e+02
-6.256270980834960938e+01,7.119476318359375000e+01,6.440000000000000000e+02
-6.186262512207031250e+01,7.119476318359375000e+01,6.440000000000000000e+02
-6.116254425048828125e+01,7.119476318359375000e+01,6.440000000000000000e+02
-6.046245956420898438e+01,7.119476318359375000e+01,6.440000000000000000e+02
-5.976237869262695312e+01,7.119476318359375000e+01,6.440000000000000000e+02
-5.906229782104492188e+01,7.119476318359375000e+01,6.440000000000000000e+02
-5.845283889770507812e+01,7.130531311035156250e+01,6.450000000000000000e+02
-5.775167083740234375e+01,7.130531311035156250e+01,6.450000000000000000e+02
-5.705049896240234375e+01,7.130531311035156250e+01,6.450000000000000000e+02
-5.643669509887695312e+01,7.141586303710937500e+01,6.460000000000000000e+02
-5.582071304321289062e+01,7.152641296386718750e+01,6.470000000000000000e+02
-5.511737060546875000e+01,7.152641296386718750e+01,6.470000000000000000e+02
-5.441402435302734375e+01,7.152641296386718750e+01,6.470000000000000000e+02
-5.379369735717773438e+01,7.163696289062500000e+01,6.480000000000000000e+02
-5.308926773071289062e+01,7.163696289062500000e+01,6.480000000000000000e+02
-5.238483047485351562e+01,7.163696289062500000e+01,6.480000000000000000e+02
-5.176015472412109375e+01,7.174751281738281250e+01,6.490000000000000000e+02
-5.105463790893554688e+01,7.174751281738281250e+01,6.490000000000000000e+02
-5.034911727905273438e+01,7.174751281738281250e+01,6.490000000000000000e+02
-4.964360046386718750e+01,7.174751281738281250e+01,6.490000000000000000e+02
-4.893808364868164062e+01,7.174751281738281250e+01,6.490000000000000000e+02
-4.823256683349609375e+01,7.174751281738281250e+01,6.490000000000000000e+02
-4.752704620361328125e+01,7.174751281738281250e+01,6.490000000000000000e+02
-4.682152938842773438e+01,7.174751281738281250e+01,6.490000000000000000e+02
-4.611601257324218750e+01,7.174751281738281250e+01,6.490000000000000000e+02
-4.548046493530273438e+01,7.185807037353515625e+01,6.500000000000000000e+02
-4.477386093139648438e+01,7.185807037353515625e+01,6.500000000000000000e+02
-4.406725311279296875e+01,7.185807037353515625e+01,6.500000000000000000e+02
-4.342735671997070312e+01,7.196862030029296875e+01,6.510000000000000000e+02
-4.271966552734375000e+01,7.196862030029296875e+01,6.510000000000000000e+02
-4.207650375366210938e+01,7.207917022705078125e+01,6.520000000000000000e+02
-4.143117141723632812e+01,7.218972015380859375e+01,6.530000000000000000e+02
-4.072130966186523438e+01,7.218972015380859375e+01,6.530000000000000000e+02
-4.007271575927734375e+01,7.230027008056640625e+01,6.540000000000000000e+02
-3.948213195800781250e+01,7.252136993408203125e+01,6.560000000000000000e+02
-3.882810592651367188e+01,7.263191986083984375e+01,6.570000000000000000e+02
-3.822991180419921875e+01,7.285302734375000000e+01,6.590000000000000000e+02
-3.757044982910156250e+01,7.296357727050781250e+01,6.600000000000000000e+02
-3.696464920043945312e+01,7.318467712402343750e+01,6.620000000000000000e+02
-3.635449981689453125e+01,7.340577697753906250e+01,6.640000000000000000e+02
-3.574000549316406250e+01,7.362688446044921875e+01,6.660000000000000000e+02
-3.512115859985351562e+01,7.384798431396484375e+01,6.680000000000000000e+02
-8.013040924072265625e+01,7.323479461669921875e+01,6.560000000000000000e+02
-7.917515563964843750e+01,7.301151275634765625e+01,6.540000000000000000e+02
-7.822425079345703125e+01,7.278823852539062500e+01,6.520000000000000000e+02
-7.739658355712890625e+01,7.267659759521484375e+01,6.510000000000000000e+02
-7.657109069824218750e+01,7.256496429443359375e+01,6.500000000000000000e+02
-7.586448669433593750e+01,7.256496429443359375e+01,6.500000000000000000e+02
-7.504225921630859375e+01,7.245332336425781250e+01,6.490000000000000000e+02
-7.433673095703125000e+01,7.245332336425781250e+01,6.490000000000000000e+02
-7.363121795654296875e+01,7.245332336425781250e+01,6.490000000000000000e+02
-7.292569732666015625e+01,7.245332336425781250e+01,6.490000000000000000e+02
-7.210890197753906250e+01,7.234168243408203125e+01,6.480000000000000000e+02
-7.140447235107421875e+01,7.234168243408203125e+01,6.480000000000000000e+02
-7.070004272460937500e+01,7.234168243408203125e+01,6.480000000000000000e+02
-6.988758850097656250e+01,7.223004913330078125e+01,6.470000000000000000e+02
-6.918424987792968750e+01,7.223004913330078125e+01,6.470000000000000000e+02
-6.848090362548828125e+01,7.223004913330078125e+01,6.470000000000000000e+02
-6.767280578613281250e+01,7.211840820312500000e+01,6.460000000000000000e+02
-6.697054290771484375e+01,7.211840820312500000e+01,6.460000000000000000e+02
-6.616571044921875000e+01,7.200676727294921875e+01,6.450000000000000000e+02
-6.546453857421875000e+01,7.200676727294921875e+01,6.450000000000000000e+02
-6.466296386718750000e+01,7.189513397216796875e+01,6.440000000000000000e+02
-6.396287918090820312e+01,7.189513397216796875e+01,6.440000000000000000e+02
-6.316455459594726562e+01,7.178349304199218750e+01,6.430000000000000000e+02
-6.246556091308593750e+01,7.178349304199218750e+01,6.430000000000000000e+02
-6.176656723022460938e+01,7.178349304199218750e+01,6.430000000000000000e+02
-6.106756973266601562e+01,7.178349304199218750e+01,6.430000000000000000e+02
-6.036857604980468750e+01,7.178349304199218750e+01,6.430000000000000000e+02
-5.966957855224609375e+01,7.178349304199218750e+01,6.430000000000000000e+02
-5.897058486938476562e+01,7.178349304199218750e+01,6.430000000000000000e+02
-5.836221313476562500e+01,7.189513397216796875e+01,6.440000000000000000e+02
-5.766213226318359375e+01,7.189513397216796875e+01,6.440000000000000000e+02
-5.705049896240234375e+01,7.200676727294921875e+01,6.450000000000000000e+02
-5.634933090209960938e+01,7.200676727294921875e+01,6.450000000000000000e+02
-5.573443603515625000e+01,7.211840820312500000e+01,6.460000000000000000e+02
-5.511737060546875000e+01,7.223004913330078125e+01,6.470000000000000000e+02
-5.441402435302734375e+01,7.223004913330078125e+01,6.470000000000000000e+02
-5.379369735717773438e+01,7.234168243408203125e+01,6.480000000000000000e+02
-5.308926773071289062e+01,7.234168243408203125e+01,6.480000000000000000e+02
-5.238483047485351562e+01,7.234168243408203125e+01,6.480000000000000000e+02
-5.176015472412109375e+01,7.245332336425781250e+01,6.490000000000000000e+02
-5.105463790893554688e+01,7.245332336425781250e+01,6.490000000000000000e+02
-5.034911727905273438e+01,7.245332336425781250e+01,6.490000000000000000e+02
-4.964360046386718750e+01,7.245332336425781250e+01,6.490000000000000000e+02
-4.893808364868164062e+01,7.245332336425781250e+01,6.490000000000000000e+02
-4.823256683349609375e+01,7.245332336425781250e+01,6.490000000000000000e+02
-4.752704620361328125e+01,7.245332336425781250e+01,6.490000000000000000e+02
-4.682152938842773438e+01,7.245332336425781250e+01,6.490000000000000000e+02
-4.618706893920898438e+01,7.256496429443359375e+01,6.500000000000000000e+02
-4.548046493530273438e+01,7.256496429443359375e+01,6.500000000000000000e+02
-4.477386093139648438e+01,7.256496429443359375e+01,6.500000000000000000e+02
-4.413505172729492188e+01,7.267659759521484375e+01,6.510000000000000000e+02
-4.342735671997070312e+01,7.267659759521484375e+01,6.510000000000000000e+02
-4.278528594970703125e+01,7.278823852539062500e+01,6.520000000000000000e+02
-4.207650375366210938e+01,7.278823852539062500e+01,6.520000000000000000e+02
-4.143117141723632812e+01,7.289987945556640625e+01,6.530000000000000000e+02
-4.078366851806640625e+01,7.301151275634765625e+01,6.540000000000000000e+02
-4.019526290893554688e+01,7.323479461669921875e+01,6.560000000000000000e+02
-3.954232025146484375e+01,7.334642791748046875e+01,6.570000000000000000e+02
-3.888720321655273438e+01,7.345806884765625000e+01,6.580000000000000000e+02
-3.828792572021484375e+01,7.368135070800781250e+01,6.600000000000000000e+02
-3.768429946899414062e+01,7.390462493896484375e+01,6.620000000000000000e+02
-3.707632446289062500e+01,7.412789916992187500e+01,6.640000000000000000e+02
-3.646400451660156250e+01,7.435118103027343750e+01,6.660000000000000000e+02
-3.584733200073242188e+01,7.457445526123046875e+01,6.680000000000000000e+02
-0.000000000000000000e+00,0.000000000000000000e+00,0.000000000000000000e+00
-7.976396179199218750e+01,7.361003875732421875e+01,6.530000000000000000e+02
-7.881197357177734375e+01,7.338458251953125000e+01,6.510000000000000000e+02
-7.798429870605468750e+01,7.327185821533203125e+01,6.500000000000000000e+02
-7.727769470214843750e+01,7.327185821533203125e+01,6.500000000000000000e+02
-7.645329284667968750e+01,7.315913391113281250e+01,6.490000000000000000e+02
-7.574777221679687500e+01,7.315913391113281250e+01,6.490000000000000000e+02
-7.504225921630859375e+01,7.315913391113281250e+01,6.490000000000000000e+02
-7.433673095703125000e+01,7.315913391113281250e+01,6.490000000000000000e+02
-7.351776123046875000e+01,7.304640960693359375e+01,6.480000000000000000e+02
-7.281333160400390625e+01,7.304640960693359375e+01,6.480000000000000000e+02
-7.210890197753906250e+01,7.304640960693359375e+01,6.480000000000000000e+02
-7.140447235107421875e+01,7.304640960693359375e+01,6.480000000000000000e+02
-7.059093475341796875e+01,7.293367767333984375e+01,6.470000000000000000e+02
-6.988758850097656250e+01,7.293367767333984375e+01,6.470000000000000000e+02
-6.918424987792968750e+01,7.293367767333984375e+01,6.470000000000000000e+02
-6.837506103515625000e+01,7.282095336914062500e+01,6.460000000000000000e+02
-6.767280578613281250e+01,7.282095336914062500e+01,6.460000000000000000e+02
-6.697054290771484375e+01,7.282095336914062500e+01,6.460000000000000000e+02
-6.616571044921875000e+01,7.270822906494140625e+01,6.450000000000000000e+02
-6.546453857421875000e+01,7.270822906494140625e+01,6.450000000000000000e+02
-6.466296386718750000e+01,7.259550476074218750e+01,6.440000000000000000e+02
-6.396287918090820312e+01,7.259550476074218750e+01,6.440000000000000000e+02
-6.316455459594726562e+01,7.248278045654296875e+01,6.430000000000000000e+02
-6.246556091308593750e+01,7.248278045654296875e+01,6.430000000000000000e+02
-6.176656723022460938e+01,7.248278045654296875e+01,6.430000000000000000e+02
-6.097259902954101562e+01,7.237004852294921875e+01,6.420000000000000000e+02
-6.036857604980468750e+01,7.248278045654296875e+01,6.430000000000000000e+02
-5.966957855224609375e+01,7.248278045654296875e+01,6.430000000000000000e+02
-5.897058486938476562e+01,7.248278045654296875e+01,6.430000000000000000e+02
-5.827159118652343750e+01,7.248278045654296875e+01,6.430000000000000000e+02
-5.766213226318359375e+01,7.259550476074218750e+01,6.440000000000000000e+02
-5.696204757690429688e+01,7.259550476074218750e+01,6.440000000000000000e+02
-5.634933090209960938e+01,7.270822906494140625e+01,6.450000000000000000e+02
-5.573443603515625000e+01,7.282095336914062500e+01,6.460000000000000000e+02
-5.511737060546875000e+01,7.293367767333984375e+01,6.470000000000000000e+02
-5.441402435302734375e+01,7.293367767333984375e+01,6.470000000000000000e+02
-5.379369735717773438e+01,7.304640960693359375e+01,6.480000000000000000e+02
-5.308926773071289062e+01,7.304640960693359375e+01,6.480000000000000000e+02
-5.246567153930664062e+01,7.315913391113281250e+01,6.490000000000000000e+02
-5.176015472412109375e+01,7.315913391113281250e+01,6.490000000000000000e+02
-5.105463790893554688e+01,7.315913391113281250e+01,6.490000000000000000e+02
-5.034911727905273438e+01,7.315913391113281250e+01,6.490000000000000000e+02
-4.964360046386718750e+01,7.315913391113281250e+01,6.490000000000000000e+02
-4.893808364868164062e+01,7.315913391113281250e+01,6.490000000000000000e+02
-4.823256683349609375e+01,7.315913391113281250e+01,6.490000000000000000e+02
-4.752704620361328125e+01,7.315913391113281250e+01,6.490000000000000000e+02
-4.689367294311523438e+01,7.327185821533203125e+01,6.500000000000000000e+02
-4.618706893920898438e+01,7.327185821533203125e+01,6.500000000000000000e+02
-4.548046493530273438e+01,7.327185821533203125e+01,6.500000000000000000e+02
-4.477386093139648438e+01,7.327185821533203125e+01,6.500000000000000000e+02
-4.413505172729492188e+01,7.338458251953125000e+01,6.510000000000000000e+02
-4.349406814575195312e+01,7.349730682373046875e+01,6.520000000000000000e+02
-4.278528594970703125e+01,7.349730682373046875e+01,6.520000000000000000e+02
-4.214103698730468750e+01,7.361003875732421875e+01,6.530000000000000000e+02
-4.149462127685546875e+01,7.372276306152343750e+01,6.540000000000000000e+02
-4.084602737426757812e+01,7.383548736572265625e+01,6.550000000000000000e+02
-4.025653457641601562e+01,7.406094360351562500e+01,6.570000000000000000e+02
-3.960250473022460938e+01,7.417366790771484375e+01,6.580000000000000000e+02
-3.900540161132812500e+01,7.439911651611328125e+01,6.600000000000000000e+02
-3.840394973754882812e+01,7.462457275390625000e+01,6.620000000000000000e+02
-3.774122619628906250e+01,7.473729705810546875e+01,6.630000000000000000e+02
-3.713216400146484375e+01,7.496274566650390625e+01,6.650000000000000000e+02
-3.651875305175781250e+01,7.518820190429687500e+01,6.670000000000000000e+02
-8.143234252929687500e+01,7.454782104492187500e+01,6.550000000000000000e+02
-8.047383117675781250e+01,7.432019042968750000e+01,6.530000000000000000e+02
-7.951966094970703125e+01,7.409256744384765625e+01,6.510000000000000000e+02
-7.856984710693359375e+01,7.386493682861328125e+01,6.490000000000000000e+02
-7.786432647705078125e+01,7.386493682861328125e+01,6.490000000000000000e+02
-7.703991699218750000e+01,7.375112915039062500e+01,6.480000000000000000e+02
-7.645329284667968750e+01,7.386493682861328125e+01,6.490000000000000000e+02
-7.574777221679687500e+01,7.386493682861328125e+01,6.490000000000000000e+02
-7.492662811279296875e+01,7.375112915039062500e+01,6.480000000000000000e+02
-7.422219085693359375e+01,7.375112915039062500e+01,6.480000000000000000e+02
-7.351776123046875000e+01,7.375112915039062500e+01,6.480000000000000000e+02
-7.281333160400390625e+01,7.375112915039062500e+01,6.480000000000000000e+02
-7.210890197753906250e+01,7.375112915039062500e+01,6.480000000000000000e+02
-7.129428100585937500e+01,7.363731384277343750e+01,6.470000000000000000e+02
-7.059093475341796875e+01,7.363731384277343750e+01,6.470000000000000000e+02
-6.988758850097656250e+01,7.363731384277343750e+01,6.470000000000000000e+02
-6.907731628417968750e+01,7.352349853515625000e+01,6.460000000000000000e+02
-6.837506103515625000e+01,7.352349853515625000e+01,6.460000000000000000e+02
-6.767280578613281250e+01,7.352349853515625000e+01,6.460000000000000000e+02
-6.686687469482421875e+01,7.340968322753906250e+01,6.450000000000000000e+02
-6.616571044921875000e+01,7.340968322753906250e+01,6.450000000000000000e+02
-6.536304473876953125e+01,7.329587554931640625e+01,6.440000000000000000e+02
-6.466296386718750000e+01,7.329587554931640625e+01,6.440000000000000000e+02
-6.386355590820312500e+01,7.318206024169921875e+01,6.430000000000000000e+02
-6.316455459594726562e+01,7.318206024169921875e+01,6.430000000000000000e+02
-6.246556091308593750e+01,7.318206024169921875e+01,6.430000000000000000e+02
-6.167050552368164062e+01,7.306824493408203125e+01,6.420000000000000000e+02
-6.097259902954101562e+01,7.306824493408203125e+01,6.420000000000000000e+02
-6.027468872070312500e+01,7.306824493408203125e+01,6.420000000000000000e+02
-5.957678222656250000e+01,7.306824493408203125e+01,6.420000000000000000e+02
-5.897058486938476562e+01,7.318206024169921875e+01,6.430000000000000000e+02
-5.827159118652343750e+01,7.318206024169921875e+01,6.430000000000000000e+02
-5.766213226318359375e+01,7.329587554931640625e+01,6.440000000000000000e+02
-5.696204757690429688e+01,7.329587554931640625e+01,6.440000000000000000e+02
-5.634933090209960938e+01,7.340968322753906250e+01,6.450000000000000000e+02
-5.573443603515625000e+01,7.352349853515625000e+01,6.460000000000000000e+02
-5.511737060546875000e+01,7.363731384277343750e+01,6.470000000000000000e+02
-5.441402435302734375e+01,7.363731384277343750e+01,6.470000000000000000e+02
-5.379369735717773438e+01,7.375112915039062500e+01,6.480000000000000000e+02
-5.308926773071289062e+01,7.375112915039062500e+01,6.480000000000000000e+02
-5.246567153930664062e+01,7.386493682861328125e+01,6.490000000000000000e+02
-5.176015472412109375e+01,7.386493682861328125e+01,6.490000000000000000e+02
-5.105463790893554688e+01,7.386493682861328125e+01,6.490000000000000000e+02
-5.034911727905273438e+01,7.386493682861328125e+01,6.490000000000000000e+02
-4.964360046386718750e+01,7.386493682861328125e+01,6.490000000000000000e+02
-4.901348876953125000e+01,7.397875213623046875e+01,6.500000000000000000e+02
-4.830688476562500000e+01,7.397875213623046875e+01,6.500000000000000000e+02
-4.760027694702148438e+01,7.397875213623046875e+01,6.500000000000000000e+02
-4.689367294311523438e+01,7.397875213623046875e+01,6.500000000000000000e+02
-4.618706893920898438e+01,7.397875213623046875e+01,6.500000000000000000e+02
-4.548046493530273438e+01,7.397875213623046875e+01,6.500000000000000000e+02
-4.484274291992187500e+01,7.409256744384765625e+01,6.510000000000000000e+02
-4.413505172729492188e+01,7.409256744384765625e+01,6.510000000000000000e+02
-4.349406814575195312e+01,7.420638275146484375e+01,6.520000000000000000e+02
-4.285091018676757812e+01,7.432019042968750000e+01,6.530000000000000000e+02
-4.220557403564453125e+01,7.443400573730468750e+01,6.540000000000000000e+02
-4.155806732177734375e+01,7.454782104492187500e+01,6.550000000000000000e+02
-4.090839004516601562e+01,7.466163635253906250e+01,6.560000000000000000e+02
-4.037908172607421875e+01,7.500307464599609375e+01,6.590000000000000000e+02
-3.972287750244140625e+01,7.511688995361328125e+01,6.600000000000000000e+02
-3.912360000610351562e+01,7.534451293945312500e+01,6.620000000000000000e+02
-3.846195983886718750e+01,7.545832824707031250e+01,6.630000000000000000e+02
-3.785507583618164062e+01,7.568595886230468750e+01,6.650000000000000000e+02
-3.724383926391601562e+01,7.591358184814453125e+01,6.670000000000000000e+02
-8.226979064941406250e+01,7.537506103515625000e+01,6.560000000000000000e+02
-8.118369293212890625e+01,7.503035736083984375e+01,6.530000000000000000e+02
-8.022735595703125000e+01,7.480055236816406250e+01,6.510000000000000000e+02
-7.927536010742187500e+01,7.457075500488281250e+01,6.490000000000000000e+02
-7.844878387451171875e+01,7.445584869384765625e+01,6.480000000000000000e+02
-7.774435424804687500e+01,7.445584869384765625e+01,6.480000000000000000e+02
-7.703991699218750000e+01,7.445584869384765625e+01,6.480000000000000000e+02
-7.633548736572265625e+01,7.445584869384765625e+01,6.480000000000000000e+02
-7.563105773925781250e+01,7.445584869384765625e+01,6.480000000000000000e+02
-7.492662811279296875e+01,7.445584869384765625e+01,6.480000000000000000e+02
-7.422219085693359375e+01,7.445584869384765625e+01,6.480000000000000000e+02
-7.351776123046875000e+01,7.445584869384765625e+01,6.480000000000000000e+02
-7.270096588134765625e+01,7.434095001220703125e+01,6.470000000000000000e+02
-7.199761962890625000e+01,7.434095001220703125e+01,6.470000000000000000e+02
-7.129428100585937500e+01,7.434095001220703125e+01,6.470000000000000000e+02
-7.059093475341796875e+01,7.434095001220703125e+01,6.470000000000000000e+02
-6.988758850097656250e+01,7.434095001220703125e+01,6.470000000000000000e+02
-6.907731628417968750e+01,7.422605133056640625e+01,6.460000000000000000e+02
-6.837506103515625000e+01,7.422605133056640625e+01,6.460000000000000000e+02
-6.767280578613281250e+01,7.422605133056640625e+01,6.460000000000000000e+02
-6.686687469482421875e+01,7.411115264892578125e+01,6.450000000000000000e+02
-6.616571044921875000e+01,7.411115264892578125e+01,6.450000000000000000e+02
-6.536304473876953125e+01,7.399624633789062500e+01,6.440000000000000000e+02
-6.466296386718750000e+01,7.399624633789062500e+01,6.440000000000000000e+02
-6.386355590820312500e+01,7.388134765625000000e+01,6.430000000000000000e+02
-6.316455459594726562e+01,7.388134765625000000e+01,6.430000000000000000e+02
-6.246556091308593750e+01,7.388134765625000000e+01,6.430000000000000000e+02
-6.176656723022460938e+01,7.388134765625000000e+01,6.430000000000000000e+02
-6.097259902954101562e+01,7.376644897460937500e+01,6.420000000000000000e+02
-6.027468872070312500e+01,7.376644897460937500e+01,6.420000000000000000e+02
-5.966957855224609375e+01,7.388134765625000000e+01,6.430000000000000000e+02
-5.897058486938476562e+01,7.388134765625000000e+01,6.430000000000000000e+02
-5.827159118652343750e+01,7.388134765625000000e+01,6.430000000000000000e+02
-5.766213226318359375e+01,7.399624633789062500e+01,6.440000000000000000e+02
-5.696204757690429688e+01,7.399624633789062500e+01,6.440000000000000000e+02
-5.634933090209960938e+01,7.411115264892578125e+01,6.450000000000000000e+02
-5.573443603515625000e+01,7.422605133056640625e+01,6.460000000000000000e+02
-5.511737060546875000e+01,7.434095001220703125e+01,6.470000000000000000e+02
-5.441402435302734375e+01,7.434095001220703125e+01,6.470000000000000000e+02
-5.379369735717773438e+01,7.445584869384765625e+01,6.480000000000000000e+02
-5.308926773071289062e+01,7.445584869384765625e+01,6.480000000000000000e+02
-5.246567153930664062e+01,7.457075500488281250e+01,6.490000000000000000e+02
-5.176015472412109375e+01,7.457075500488281250e+01,6.490000000000000000e+02
-5.105463790893554688e+01,7.457075500488281250e+01,6.490000000000000000e+02
-5.034911727905273438e+01,7.457075500488281250e+01,6.490000000000000000e+02
-4.972009277343750000e+01,7.468565368652343750e+01,6.500000000000000000e+02
-4.901348876953125000e+01,7.468565368652343750e+01,6.500000000000000000e+02
-4.830688476562500000e+01,7.468565368652343750e+01,6.500000000000000000e+02
-4.760027694702148438e+01,7.468565368652343750e+01,6.500000000000000000e+02
-4.689367294311523438e+01,7.468565368652343750e+01,6.500000000000000000e+02
-4.618706893920898438e+01,7.468565368652343750e+01,6.500000000000000000e+02
-4.555043411254882812e+01,7.480055236816406250e+01,6.510000000000000000e+02
-4.484274291992187500e+01,7.480055236816406250e+01,6.510000000000000000e+02
-4.420284652709960938e+01,7.491545867919921875e+01,6.520000000000000000e+02
-4.356077575683593750e+01,7.503035736083984375e+01,6.530000000000000000e+02
-4.291653060913085938e+01,7.514525604248046875e+01,6.540000000000000000e+02
-4.227010726928710938e+01,7.526016235351562500e+01,6.550000000000000000e+02
-4.162151336669921875e+01,7.537506103515625000e+01,6.560000000000000000e+02
-4.109547042846679688e+01,7.571976470947265625e+01,6.590000000000000000e+02
-4.044035720825195312e+01,7.583466339111328125e+01,6.600000000000000000e+02
-3.984325027465820312e+01,7.606446838378906250e+01,6.620000000000000000e+02
-3.924179840087890625e+01,7.629426574707031250e+01,6.640000000000000000e+02
-3.857798767089843750e+01,7.640917205810546875e+01,6.650000000000000000e+02
-3.796892547607421875e+01,7.663896942138671875e+01,6.670000000000000000e+02
-0.000000000000000000e+00,0.000000000000000000e+00,0.000000000000000000e+00
-8.189356231689453125e+01,7.574051666259765625e+01,6.530000000000000000e+02
-8.093504333496093750e+01,7.550853729248046875e+01,6.510000000000000000e+02
-7.998088073730468750e+01,7.527655792236328125e+01,6.490000000000000000e+02
-7.915321350097656250e+01,7.516057586669921875e+01,6.480000000000000000e+02
-7.832772064208984375e+01,7.504458618164062500e+01,6.470000000000000000e+02
-7.762437438964843750e+01,7.504458618164062500e+01,6.470000000000000000e+02
-7.692102813720703125e+01,7.504458618164062500e+01,6.470000000000000000e+02
-7.621768951416015625e+01,7.504458618164062500e+01,6.470000000000000000e+02
-7.551434326171875000e+01,7.504458618164062500e+01,6.470000000000000000e+02
-7.481099700927734375e+01,7.504458618164062500e+01,6.470000000000000000e+02
-7.410765075683593750e+01,7.504458618164062500e+01,6.470000000000000000e+02
-7.340431213378906250e+01,7.504458618164062500e+01,6.470000000000000000e+02
-7.270096588134765625e+01,7.504458618164062500e+01,6.470000000000000000e+02
-7.199761962890625000e+01,7.504458618164062500e+01,6.470000000000000000e+02
-7.129428100585937500e+01,7.504458618164062500e+01,6.470000000000000000e+02
-7.048182678222656250e+01,7.492859649658203125e+01,6.460000000000000000e+02
-6.977957153320312500e+01,7.492859649658203125e+01,6.460000000000000000e+02
-6.907731628417968750e+01,7.492859649658203125e+01,6.460000000000000000e+02
-6.837506103515625000e+01,7.492859649658203125e+01,6.460000000000000000e+02
-6.756804656982421875e+01,7.481260681152343750e+01,6.450000000000000000e+02
-6.686687469482421875e+01,7.481260681152343750e+01,6.450000000000000000e+02
-6.616571044921875000e+01,7.481260681152343750e+01,6.450000000000000000e+02
-6.536304473876953125e+01,7.469661712646484375e+01,6.440000000000000000e+02
-6.466296386718750000e+01,7.469661712646484375e+01,6.440000000000000000e+02
-6.386355590820312500e+01,7.458062744140625000e+01,6.430000000000000000e+02
-6.316455459594726562e+01,7.458062744140625000e+01,6.430000000000000000e+02
-6.246556091308593750e+01,7.458062744140625000e+01,6.430000000000000000e+02
-6.176656723022460938e+01,7.458062744140625000e+01,6.430000000000000000e+02
-6.106756973266601562e+01,7.458062744140625000e+01,6.430000000000000000e+02
-6.036857604980468750e+01,7.458062744140625000e+01,6.430000000000000000e+02
-5.966957855224609375e+01,7.458062744140625000e+01,6.430000000000000000e+02
-5.897058486938476562e+01,7.458062744140625000e+01,6.430000000000000000e+02
-5.827159118652343750e+01,7.458062744140625000e+01,6.430000000000000000e+02
-5.766213226318359375e+01,7.469661712646484375e+01,6.440000000000000000e+02
-5.696204757690429688e+01,7.469661712646484375e+01,6.440000000000000000e+02
-5.634933090209960938e+01,7.481260681152343750e+01,6.450000000000000000e+02
-5.573443603515625000e+01,7.492859649658203125e+01,6.460000000000000000e+02
-5.511737060546875000e+01,7.504458618164062500e+01,6.470000000000000000e+02
-5.449812698364257812e+01,7.516057586669921875e+01,6.480000000000000000e+02
-5.379369735717773438e+01,7.516057586669921875e+01,6.480000000000000000e+02
-5.317119598388671875e+01,7.527655792236328125e+01,6.490000000000000000e+02
-5.246567153930664062e+01,7.527655792236328125e+01,6.490000000000000000e+02
-5.176015472412109375e+01,7.527655792236328125e+01,6.490000000000000000e+02
-5.105463790893554688e+01,7.527655792236328125e+01,6.490000000000000000e+02
-5.042669677734375000e+01,7.539254760742187500e+01,6.500000000000000000e+02
-4.972009277343750000e+01,7.539254760742187500e+01,6.500000000000000000e+02
-4.901348876953125000e+01,7.539254760742187500e+01,6.500000000000000000e+02
-4.830688476562500000e+01,7.539254760742187500e+01,6.500000000000000000e+02
-4.760027694702148438e+01,7.539254760742187500e+01,6.500000000000000000e+02
-4.696581649780273438e+01,7.550853729248046875e+01,6.510000000000000000e+02
-4.625812530517578125e+01,7.550853729248046875e+01,6.510000000000000000e+02
-4.555043411254882812e+01,7.550853729248046875e+01,6.510000000000000000e+02
-4.491162490844726562e+01,7.562452697753906250e+01,6.520000000000000000e+02
-4.420284652709960938e+01,7.562452697753906250e+01,6.520000000000000000e+02
-4.356077575683593750e+01,7.574051666259765625e+01,6.530000000000000000e+02
-4.298215103149414062e+01,7.597248840332031250e+01,6.550000000000000000e+02
-4.233464050292968750e+01,7.608847808837890625e+01,6.560000000000000000e+02
-4.168496322631835938e+01,7.620446777343750000e+01,6.570000000000000000e+02
-4.115782928466796875e+01,7.655243682861328125e+01,6.600000000000000000e+02
-4.056290054321289062e+01,7.678440856933593750e+01,6.620000000000000000e+02
-3.996362304687500000e+01,7.701638793945312500e+01,6.640000000000000000e+02
-3.930089569091796875e+01,7.713237762451171875e+01,6.650000000000000000e+02
-3.869400787353515625e+01,7.736435699462890625e+01,6.670000000000000000e+02
-8.382363128662109375e+01,7.691897583007812500e+01,6.570000000000000000e+02
-8.272992706298828125e+01,7.656774902343750000e+01,6.540000000000000000e+02
-8.164273834228515625e+01,7.621652221679687500e+01,6.510000000000000000e+02
-8.068640136718750000e+01,7.598236846923828125e+01,6.490000000000000000e+02
-7.985764312744140625e+01,7.586529541015625000e+01,6.480000000000000000e+02
-7.903105926513671875e+01,7.574821472167968750e+01,6.470000000000000000e+02
-7.832772064208984375e+01,7.574821472167968750e+01,6.470000000000000000e+02
-7.762437438964843750e+01,7.574821472167968750e+01,6.470000000000000000e+02
-7.692102813720703125e+01,7.574821472167968750e+01,6.470000000000000000e+02
-7.621768951416015625e+01,7.574821472167968750e+01,6.470000000000000000e+02
-7.551434326171875000e+01,7.574821472167968750e+01,6.470000000000000000e+02
-7.481099700927734375e+01,7.574821472167968750e+01,6.470000000000000000e+02
-7.410765075683593750e+01,7.574821472167968750e+01,6.470000000000000000e+02
-7.340431213378906250e+01,7.574821472167968750e+01,6.470000000000000000e+02
-7.258860015869140625e+01,7.563114166259765625e+01,6.460000000000000000e+02
-7.188634490966796875e+01,7.563114166259765625e+01,6.460000000000000000e+02
-7.118408203125000000e+01,7.563114166259765625e+01,6.460000000000000000e+02
-7.048182678222656250e+01,7.563114166259765625e+01,6.460000000000000000e+02
-6.977957153320312500e+01,7.563114166259765625e+01,6.460000000000000000e+02
-6.907731628417968750e+01,7.563114166259765625e+01,6.460000000000000000e+02
-6.826921844482421875e+01,7.551406097412109375e+01,6.450000000000000000e+02
-6.756804656982421875e+01,7.551406097412109375e+01,6.450000000000000000e+02
-6.686687469482421875e+01,7.551406097412109375e+01,6.450000000000000000e+02
-6.606312561035156250e+01,7.539698791503906250e+01,6.440000000000000000e+02
-6.536304473876953125e+01,7.539698791503906250e+01,6.440000000000000000e+02
-6.466296386718750000e+01,7.539698791503906250e+01,6.440000000000000000e+02
-6.386355590820312500e+01,7.527991485595703125e+01,6.430000000000000000e+02
-6.316455459594726562e+01,7.527991485595703125e+01,6.430000000000000000e+02
-6.246556091308593750e+01,7.527991485595703125e+01,6.430000000000000000e+02
-6.176656723022460938e+01,7.527991485595703125e+01,6.430000000000000000e+02
-6.106756973266601562e+01,7.527991485595703125e+01,6.430000000000000000e+02
-6.036857604980468750e+01,7.527991485595703125e+01,6.430000000000000000e+02
-5.966957855224609375e+01,7.527991485595703125e+01,6.430000000000000000e+02
-5.897058486938476562e+01,7.527991485595703125e+01,6.430000000000000000e+02
-5.836221313476562500e+01,7.539698791503906250e+01,6.440000000000000000e+02
-5.766213226318359375e+01,7.539698791503906250e+01,6.440000000000000000e+02
-5.705049896240234375e+01,7.551406097412109375e+01,6.450000000000000000e+02
-5.634933090209960938e+01,7.551406097412109375e+01,6.450000000000000000e+02
-5.573443603515625000e+01,7.563114166259765625e+01,6.460000000000000000e+02
-5.511737060546875000e+01,7.574821472167968750e+01,6.470000000000000000e+02
-5.449812698364257812e+01,7.586529541015625000e+01,6.480000000000000000e+02
-5.379369735717773438e+01,7.586529541015625000e+01,6.480000000000000000e+02
-5.317119598388671875e+01,7.598236846923828125e+01,6.490000000000000000e+02
-5.246567153930664062e+01,7.598236846923828125e+01,6.490000000000000000e+02
-5.176015472412109375e+01,7.598236846923828125e+01,6.490000000000000000e+02
-5.113330459594726562e+01,7.609944152832031250e+01,6.500000000000000000e+02
-5.042669677734375000e+01,7.609944152832031250e+01,6.500000000000000000e+02
-4.972009277343750000e+01,7.609944152832031250e+01,6.500000000000000000e+02
-4.908889389038085938e+01,7.621652221679687500e+01,6.510000000000000000e+02
-4.838120269775390625e+01,7.621652221679687500e+01,6.510000000000000000e+02
-4.767351150512695312e+01,7.621652221679687500e+01,6.510000000000000000e+02
-4.696581649780273438e+01,7.621652221679687500e+01,6.510000000000000000e+02
-4.632918167114257812e+01,7.633359527587890625e+01,6.520000000000000000e+02
-4.562040328979492188e+01,7.633359527587890625e+01,6.520000000000000000e+02
-4.498050689697265625e+01,7.645067596435546875e+01,6.530000000000000000e+02
-4.427064132690429688e+01,7.645067596435546875e+01,6.530000000000000000e+02
-4.369419097900390625e+01,7.668482208251953125e+01,6.550000000000000000e+02
-4.304777526855468750e+01,7.680190277099609375e+01,6.560000000000000000e+02
-4.239917755126953125e+01,7.691897583007812500e+01,6.570000000000000000e+02
-4.187530517578125000e+01,7.727020263671875000e+01,6.600000000000000000e+02
-4.128255081176757812e+01,7.750435638427734375e+01,6.620000000000000000e+02
-4.062417602539062500e+01,7.762143707275390625e+01,6.630000000000000000e+02
-4.002380752563476562e+01,7.785558319091796875e+01,6.650000000000000000e+02
-8.453784942626953125e+01,7.763348388671875000e+01,6.570000000000000000e+02
-8.331329345703125000e+01,7.716082763671875000e+01,6.530000000000000000e+02
-8.235043334960937500e+01,7.692450714111328125e+01,6.510000000000000000e+02
-8.139191436767578125e+01,7.668817901611328125e+01,6.490000000000000000e+02
-8.043775177001953125e+01,7.645185089111328125e+01,6.470000000000000000e+02
-7.973440551757812500e+01,7.645185089111328125e+01,6.470000000000000000e+02
-7.890891265869140625e+01,7.633368682861328125e+01,6.460000000000000000e+02
-7.820665740966796875e+01,7.633368682861328125e+01,6.460000000000000000e+02
-7.750440216064453125e+01,7.633368682861328125e+01,6.460000000000000000e+02
-7.680213928222656250e+01,7.633368682861328125e+01,6.460000000000000000e+02
-7.609988403320312500e+01,7.633368682861328125e+01,6.460000000000000000e+02
-7.539762878417968750e+01,7.633368682861328125e+01,6.460000000000000000e+02
-7.469537353515625000e+01,7.633368682861328125e+01,6.460000000000000000e+02
-7.399311065673828125e+01,7.633368682861328125e+01,6.460000000000000000e+02
-7.329085540771484375e+01,7.633368682861328125e+01,6.460000000000000000e+02
-7.258860015869140625e+01,7.633368682861328125e+01,6.460000000000000000e+02
-7.188634490966796875e+01,7.633368682861328125e+01,6.460000000000000000e+02
-7.118408203125000000e+01,7.633368682861328125e+01,6.460000000000000000e+02
-7.048182678222656250e+01,7.633368682861328125e+01,6.460000000000000000e+02
-6.977957153320312500e+01,7.633368682861328125e+01,6.460000000000000000e+02
-6.897038269042968750e+01,7.621552276611328125e+01,6.450000000000000000e+02
-6.826921844482421875e+01,7.621552276611328125e+01,6.450000000000000000e+02
-6.756804656982421875e+01,7.621552276611328125e+01,6.450000000000000000e+02
-6.686687469482421875e+01,7.621552276611328125e+01,6.450000000000000000e+02
-6.606312561035156250e+01,7.609735870361328125e+01,6.440000000000000000e+02
-6.536304473876953125e+01,7.609735870361328125e+01,6.440000000000000000e+02
-6.466296386718750000e+01,7.609735870361328125e+01,6.440000000000000000e+02
-6.396287918090820312e+01,7.609735870361328125e+01,6.440000000000000000e+02
-6.316455459594726562e+01,7.597919464111328125e+01,6.430000000000000000e+02
-6.246556091308593750e+01,7.597919464111328125e+01,6.430000000000000000e+02
-6.176656723022460938e+01,7.597919464111328125e+01,6.430000000000000000e+02
-6.106756973266601562e+01,7.597919464111328125e+01,6.430000000000000000e+02
-6.036857604980468750e+01,7.597919464111328125e+01,6.430000000000000000e+02
-5.966957855224609375e+01,7.597919464111328125e+01,6.430000000000000000e+02
-5.906229782104492188e+01,7.609735870361328125e+01,6.440000000000000000e+02
-5.836221313476562500e+01,7.609735870361328125e+01,6.440000000000000000e+02
-5.766213226318359375e+01,7.609735870361328125e+01,6.440000000000000000e+02
-5.705049896240234375e+01,7.621552276611328125e+01,6.450000000000000000e+02
-5.634933090209960938e+01,7.621552276611328125e+01,6.450000000000000000e+02
-5.582071304321289062e+01,7.645185089111328125e+01,6.470000000000000000e+02
-5.511737060546875000e+01,7.645185089111328125e+01,6.470000000000000000e+02
-5.449812698364257812e+01,7.657001495361328125e+01,6.480000000000000000e+02
-5.387671279907226562e+01,7.668817901611328125e+01,6.490000000000000000e+02
-5.317119598388671875e+01,7.668817901611328125e+01,6.490000000000000000e+02
-5.254651260375976562e+01,7.680634307861328125e+01,6.500000000000000000e+02
-5.183990859985351562e+01,7.680634307861328125e+01,6.500000000000000000e+02
-5.113330459594726562e+01,7.680634307861328125e+01,6.500000000000000000e+02
-5.050427627563476562e+01,7.692450714111328125e+01,6.510000000000000000e+02
-4.979658508300781250e+01,7.692450714111328125e+01,6.510000000000000000e+02
-4.908889389038085938e+01,7.692450714111328125e+01,6.510000000000000000e+02
-4.845552062988281250e+01,7.704267120361328125e+01,6.520000000000000000e+02
-4.774674224853515625e+01,7.704267120361328125e+01,6.520000000000000000e+02
-4.703796386718750000e+01,7.704267120361328125e+01,6.520000000000000000e+02
-4.640024185180664062e+01,7.716082763671875000e+01,6.530000000000000000e+02
-4.569037246704101562e+01,7.716082763671875000e+01,6.530000000000000000e+02
-4.504938888549804688e+01,7.727899169921875000e+01,6.540000000000000000e+02
-4.440623474121093750e+01,7.739715576171875000e+01,6.550000000000000000e+02
-4.376090240478515625e+01,7.751531982421875000e+01,6.560000000000000000e+02
-4.311339569091796875e+01,7.763348388671875000e+01,6.570000000000000000e+02
-4.259278106689453125e+01,7.798797607421875000e+01,6.600000000000000000e+02
-4.200219726562500000e+01,7.822430419921875000e+01,6.620000000000000000e+02
-4.134491348266601562e+01,7.834246826171875000e+01,6.630000000000000000e+02
-4.074672317504882812e+01,7.857879638671875000e+01,6.650000000000000000e+02
-8.525205993652343750e+01,7.834799194335937500e+01,6.570000000000000000e+02
-0.000000000000000000e+00,0.000000000000000000e+00,0.000000000000000000e+00
-8.318570709228515625e+01,7.775173950195312500e+01,6.520000000000000000e+02
-8.222393035888671875e+01,7.751323699951171875e+01,6.500000000000000000e+02
-8.126650238037109375e+01,7.727473449707031250e+01,6.480000000000000000e+02
-8.043775177001953125e+01,7.715547943115234375e+01,6.470000000000000000e+02
-7.961116790771484375e+01,7.703623199462890625e+01,6.460000000000000000e+02
-7.890891265869140625e+01,7.703623199462890625e+01,6.460000000000000000e+02
-7.820665740966796875e+01,7.703623199462890625e+01,6.460000000000000000e+02
-7.750440216064453125e+01,7.703623199462890625e+01,6.460000000000000000e+02
-7.680213928222656250e+01,7.703623199462890625e+01,6.460000000000000000e+02
-7.609988403320312500e+01,7.703623199462890625e+01,6.460000000000000000e+02
-7.539762878417968750e+01,7.703623199462890625e+01,6.460000000000000000e+02
-7.469537353515625000e+01,7.703623199462890625e+01,6.460000000000000000e+02
-7.399311065673828125e+01,7.703623199462890625e+01,6.460000000000000000e+02
-7.329085540771484375e+01,7.703623199462890625e+01,6.460000000000000000e+02
-7.258860015869140625e+01,7.703623199462890625e+01,6.460000000000000000e+02
-7.188634490966796875e+01,7.703623199462890625e+01,6.460000000000000000e+02
-7.118408203125000000e+01,7.703623199462890625e+01,6.460000000000000000e+02
-7.037272644042968750e+01,7.691697692871093750e+01,6.450000000000000000e+02
-6.967155456542968750e+01,7.691697692871093750e+01,6.450000000000000000e+02
-6.897038269042968750e+01,7.691697692871093750e+01,6.450000000000000000e+02
-6.826921844482421875e+01,7.691697692871093750e+01,6.450000000000000000e+02
-6.756804656982421875e+01,7.691697692871093750e+01,6.450000000000000000e+02
-6.676320648193359375e+01,7.679772949218750000e+01,6.440000000000000000e+02
-6.606312561035156250e+01,7.679772949218750000e+01,6.440000000000000000e+02
-6.536304473876953125e+01,7.679772949218750000e+01,6.440000000000000000e+02
-6.466296386718750000e+01,7.679772949218750000e+01,6.440000000000000000e+02
-6.396287918090820312e+01,7.679772949218750000e+01,6.440000000000000000e+02
-6.326279067993164062e+01,7.679772949218750000e+01,6.440000000000000000e+02
-6.256270980834960938e+01,7.679772949218750000e+01,6.440000000000000000e+02
-6.176656723022460938e+01,7.667847442626953125e+01,6.430000000000000000e+02
-6.106756973266601562e+01,7.667847442626953125e+01,6.430000000000000000e+02
-6.046245956420898438e+01,7.679772949218750000e+01,6.440000000000000000e+02
-5.976237869262695312e+01,7.679772949218750000e+01,6.440000000000000000e+02
-5.906229782104492188e+01,7.679772949218750000e+01,6.440000000000000000e+02
-5.836221313476562500e+01,7.679772949218750000e+01,6.440000000000000000e+02
-5.775167083740234375e+01,7.691697692871093750e+01,6.450000000000000000e+02
-5.705049896240234375e+01,7.691697692871093750e+01,6.450000000000000000e+02
-5.652405548095703125e+01,7.715547943115234375e+01,6.470000000000000000e+02
-5.582071304321289062e+01,7.715547943115234375e+01,6.470000000000000000e+02
-5.520256042480468750e+01,7.727473449707031250e+01,6.480000000000000000e+02
-5.449812698364257812e+01,7.727473449707031250e+01,6.480000000000000000e+02
-5.387671279907226562e+01,7.739398193359375000e+01,6.490000000000000000e+02
-5.317119598388671875e+01,7.739398193359375000e+01,6.490000000000000000e+02
-5.254651260375976562e+01,7.751323699951171875e+01,6.500000000000000000e+02
-5.183990859985351562e+01,7.751323699951171875e+01,6.500000000000000000e+02
-5.121197128295898438e+01,7.763248443603515625e+01,6.510000000000000000e+02
-5.050427627563476562e+01,7.763248443603515625e+01,6.510000000000000000e+02
-4.987307739257812500e+01,7.775173950195312500e+01,6.520000000000000000e+02
-4.916429901123046875e+01,7.775173950195312500e+01,6.520000000000000000e+02
-4.845552062988281250e+01,7.775173950195312500e+01,6.520000000000000000e+02
-4.781997299194335938e+01,7.787098693847656250e+01,6.530000000000000000e+02
-4.711010742187500000e+01,7.787098693847656250e+01,6.530000000000000000e+02
-4.647129821777343750e+01,7.799024200439453125e+01,6.540000000000000000e+02
-4.583031463623046875e+01,7.810948944091796875e+01,6.550000000000000000e+02
-4.511827468872070312e+01,7.810948944091796875e+01,6.550000000000000000e+02
-4.447402954101562500e+01,7.822874450683593750e+01,6.560000000000000000e+02
-4.382761001586914062e+01,7.834799194335937500e+01,6.570000000000000000e+02
-4.317901611328125000e+01,7.846724700927734375e+01,6.580000000000000000e+02
-4.272184753417968750e+01,7.894425201416015625e+01,6.620000000000000000e+02
-4.206564712524414062e+01,7.906349945068359375e+01,6.630000000000000000e+02
-4.146963119506835938e+01,7.930200195312500000e+01,6.650000000000000000e+02
-8.596627807617187500e+01,7.906250000000000000e+01,6.570000000000000000e+02
-8.486278533935546875e+01,7.870148468017578125e+01,6.540000000000000000e+02
-8.376581573486328125e+01,7.834046936035156250e+01,6.510000000000000000e+02
-8.293053436279296875e+01,7.822013092041015625e+01,6.500000000000000000e+02
-8.197093200683593750e+01,7.797945404052734375e+01,6.480000000000000000e+02
-8.114109039306640625e+01,7.785911560058593750e+01,6.470000000000000000e+02
-8.031342315673828125e+01,7.773877716064453125e+01,6.460000000000000000e+02
-7.948793029785156250e+01,7.761843872070312500e+01,6.450000000000000000e+02
-7.878675842285156250e+01,7.761843872070312500e+01,6.450000000000000000e+02
-7.808559417724609375e+01,7.761843872070312500e+01,6.450000000000000000e+02
-7.738442230224609375e+01,7.761843872070312500e+01,6.450000000000000000e+02
-7.668325042724609375e+01,7.761843872070312500e+01,6.450000000000000000e+02
-7.598208618164062500e+01,7.761843872070312500e+01,6.450000000000000000e+02
-7.528091430664062500e+01,7.761843872070312500e+01,6.450000000000000000e+02
-7.469537353515625000e+01,7.773877716064453125e+01,6.460000000000000000e+02
-7.387857055664062500e+01,7.761843872070312500e+01,6.450000000000000000e+02
-7.317739868164062500e+01,7.761843872070312500e+01,6.450000000000000000e+02
-7.247623443603515625e+01,7.761843872070312500e+01,6.450000000000000000e+02
-7.177506256103515625e+01,7.761843872070312500e+01,6.450000000000000000e+02
-7.107389068603515625e+01,7.761843872070312500e+01,6.450000000000000000e+02
-7.037272644042968750e+01,7.761843872070312500e+01,6.450000000000000000e+02
-6.967155456542968750e+01,7.761843872070312500e+01,6.450000000000000000e+02
-6.897038269042968750e+01,7.761843872070312500e+01,6.450000000000000000e+02
-6.826921844482421875e+01,7.761843872070312500e+01,6.450000000000000000e+02
-6.756804656982421875e+01,7.761843872070312500e+01,6.450000000000000000e+02
-6.676320648193359375e+01,7.749810028076171875e+01,6.440000000000000000e+02
-6.606312561035156250e+01,7.749810028076171875e+01,6.440000000000000000e+02
-6.536304473876953125e+01,7.749810028076171875e+01,6.440000000000000000e+02
-6.466296386718750000e+01,7.749810028076171875e+01,6.440000000000000000e+02
-6.396287918090820312e+01,7.749810028076171875e+01,6.440000000000000000e+02
-6.326279067993164062e+01,7.749810028076171875e+01,6.440000000000000000e+02
-6.256270980834960938e+01,7.749810028076171875e+01,6.440000000000000000e+02
-6.186262512207031250e+01,7.749810028076171875e+01,6.440000000000000000e+02
-6.116254425048828125e+01,7.749810028076171875e+01,6.440000000000000000e+02
-6.046245956420898438e+01,7.749810028076171875e+01,6.440000000000000000e+02
-5.976237869262695312e+01,7.749810028076171875e+01,6.440000000000000000e+02
-5.915400695800781250e+01,7.761843872070312500e+01,6.450000000000000000e+02
-5.845283889770507812e+01,7.761843872070312500e+01,6.450000000000000000e+02
-5.775167083740234375e+01,7.761843872070312500e+01,6.450000000000000000e+02
-5.713895034790039062e+01,7.773877716064453125e+01,6.460000000000000000e+02
-5.652405548095703125e+01,7.785911560058593750e+01,6.470000000000000000e+02
-5.590699005126953125e+01,7.797945404052734375e+01,6.480000000000000000e+02
-5.520256042480468750e+01,7.797945404052734375e+01,6.480000000000000000e+02
-5.458222961425781250e+01,7.809979248046875000e+01,6.490000000000000000e+02
-5.387671279907226562e+01,7.809979248046875000e+01,6.490000000000000000e+02
-5.325312423706054688e+01,7.822013092041015625e+01,6.500000000000000000e+02
-5.254651260375976562e+01,7.822013092041015625e+01,6.500000000000000000e+02
-5.191966247558593750e+01,7.834046936035156250e+01,6.510000000000000000e+02
-5.121197128295898438e+01,7.834046936035156250e+01,6.510000000000000000e+02
-5.058185577392578125e+01,7.846080780029296875e+01,6.520000000000000000e+02
-4.987307739257812500e+01,7.846080780029296875e+01,6.520000000000000000e+02
-4.923970413208007812e+01,7.858114624023437500e+01,6.530000000000000000e+02
-4.852983856201171875e+01,7.858114624023437500e+01,6.530000000000000000e+02
-4.789320373535156250e+01,7.870148468017578125e+01,6.540000000000000000e+02
-4.725439453125000000e+01,7.882182312011718750e+01,6.550000000000000000e+02
-4.654235458374023438e+01,7.882182312011718750e+01,6.550000000000000000e+02
-4.590028381347656250e+01,7.894216156005859375e+01,6.560000000000000000e+02
-4.518715667724609375e+01,7.894216156005859375e+01,6.560000000000000000e+02
-4.454182434082031250e+01,7.906250000000000000e+01,6.570000000000000000e+02
-4.389431762695312500e+01,7.918283843994140625e+01,6.580000000000000000e+02
-4.344150543212890625e+01,7.966419219970703125e+01,6.620000000000000000e+02
-4.278638458251953125e+01,7.978453063964843750e+01,6.630000000000000000e+02
-4.219254302978515625e+01,8.002520751953125000e+01,6.650000000000000000e+02
-8.681242370605468750e+01,7.989843750000000000e+01,6.580000000000000000e+02
-8.570458221435546875e+01,7.953415679931640625e+01,6.550000000000000000e+02
-8.460326385498046875e+01,7.916987609863281250e+01,6.520000000000000000e+02
-8.363713836669921875e+01,7.892702484130859375e+01,6.500000000000000000e+02
-8.267536926269531250e+01,7.868417358398437500e+01,6.480000000000000000e+02
-8.184443664550781250e+01,7.856275177001953125e+01,6.470000000000000000e+02
-8.101567840576171875e+01,7.844132232666015625e+01,6.460000000000000000e+02
-8.018910217285156250e+01,7.831989288330078125e+01,6.450000000000000000e+02
-7.948793029785156250e+01,7.831989288330078125e+01,6.450000000000000000e+02
-7.878675842285156250e+01,7.831989288330078125e+01,6.450000000000000000e+02
-7.808559417724609375e+01,7.831989288330078125e+01,6.450000000000000000e+02
-7.738442230224609375e+01,7.831989288330078125e+01,6.450000000000000000e+02
-7.668325042724609375e+01,7.831989288330078125e+01,6.450000000000000000e+02
-7.598208618164062500e+01,7.831989288330078125e+01,6.450000000000000000e+02
-7.528091430664062500e+01,7.831989288330078125e+01,6.450000000000000000e+02
-7.457974243164062500e+01,7.831989288330078125e+01,6.450000000000000000e+02
-7.387857055664062500e+01,7.831989288330078125e+01,6.450000000000000000e+02
-7.317739868164062500e+01,7.831989288330078125e+01,6.450000000000000000e+02
-7.247623443603515625e+01,7.831989288330078125e+01,6.450000000000000000e+02
-7.177506256103515625e+01,7.831989288330078125e+01,6.450000000000000000e+02
-7.107389068603515625e+01,7.831989288330078125e+01,6.450000000000000000e+02
-7.037272644042968750e+01,7.831989288330078125e+01,6.450000000000000000e+02
-6.967155456542968750e+01,7.831989288330078125e+01,6.450000000000000000e+02
-6.897038269042968750e+01,7.831989288330078125e+01,6.450000000000000000e+02
-6.816336822509765625e+01,7.819847106933593750e+01,6.440000000000000000e+02
-6.746328735351562500e+01,7.819847106933593750e+01,6.440000000000000000e+02
-6.676320648193359375e+01,7.819847106933593750e+01,6.440000000000000000e+02
-6.606312561035156250e+01,7.819847106933593750e+01,6.440000000000000000e+02
-6.536304473876953125e+01,7.819847106933593750e+01,6.440000000000000000e+02
-6.466296386718750000e+01,7.819847106933593750e+01,6.440000000000000000e+02
-6.396287918090820312e+01,7.819847106933593750e+01,6.440000000000000000e+02
-6.326279067993164062e+01,7.819847106933593750e+01,6.440000000000000000e+02
-6.256270980834960938e+01,7.819847106933593750e+01,6.440000000000000000e+02
-6.186262512207031250e+01,7.819847106933593750e+01,6.440000000000000000e+02
-6.116254425048828125e+01,7.819847106933593750e+01,6.440000000000000000e+02
-6.055634689331054688e+01,7.831989288330078125e+01,6.450000000000000000e+02
-5.985517883300781250e+01,7.831989288330078125e+01,6.450000000000000000e+02
-5.915400695800781250e+01,7.831989288330078125e+01,6.450000000000000000e+02
-5.854346466064453125e+01,7.844132232666015625e+01,6.460000000000000000e+02
-5.784120559692382812e+01,7.844132232666015625e+01,6.460000000000000000e+02
-5.713895034790039062e+01,7.844132232666015625e+01,6.460000000000000000e+02
-5.652405548095703125e+01,7.856275177001953125e+01,6.470000000000000000e+02
-5.590699005126953125e+01,7.868417358398437500e+01,6.480000000000000000e+02
-5.528774642944335938e+01,7.880560302734375000e+01,6.490000000000000000e+02
-5.458222961425781250e+01,7.880560302734375000e+01,6.490000000000000000e+02
-5.395972824096679688e+01,7.892702484130859375e+01,6.500000000000000000e+02
-5.325312423706054688e+01,7.892702484130859375e+01,6.500000000000000000e+02
-5.262735366821289062e+01,7.904845428466796875e+01,6.510000000000000000e+02
-5.191966247558593750e+01,7.904845428466796875e+01,6.510000000000000000e+02
-5.129063796997070312e+01,7.916987609863281250e+01,6.520000000000000000e+02
-5.065943527221679688e+01,7.929130554199218750e+01,6.530000000000000000e+02
-4.994956970214843750e+01,7.929130554199218750e+01,6.530000000000000000e+02
-4.931510925292968750e+01,7.941273498535156250e+01,6.540000000000000000e+02
-4.867847442626953125e+01,7.953415679931640625e+01,6.550000000000000000e+02
-4.796643447875976562e+01,7.953415679931640625e+01,6.550000000000000000e+02
-4.732653808593750000e+01,7.965558624267578125e+01,6.560000000000000000e+02
-4.661341094970703125e+01,7.965558624267578125e+01,6.560000000000000000e+02
-4.597025299072265625e+01,7.977700805664062500e+01,6.570000000000000000e+02
-4.532492065429687500e+01,7.989843750000000000e+01,6.580000000000000000e+02
-4.467741775512695312e+01,8.001985931396484375e+01,6.590000000000000000e+02
-4.402773666381835938e+01,8.014128875732421875e+01,6.600000000000000000e+02
-4.350712585449218750e+01,8.050556945800781250e+01,6.630000000000000000e+02
-4.291545104980468750e+01,8.074842071533203125e+01,6.650000000000000000e+02
-8.864535522460937500e+01,8.098157501220703125e+01,6.610000000000000000e+02
-8.766075134277343750e+01,8.073654937744140625e+01,6.590000000000000000e+02
-8.654856109619140625e+01,8.036901092529296875e+01,6.560000000000000000e+02
-8.544289398193359375e+01,8.000146484375000000e+01,6.530000000000000000e+02
-8.447350311279296875e+01,7.975643920898437500e+01,6.510000000000000000e+02
-8.337979888916015625e+01,7.938890075683593750e+01,6.480000000000000000e+02
-8.254778289794921875e+01,7.926638793945312500e+01,6.470000000000000000e+02
-8.171794128417968750e+01,7.914387512207031250e+01,6.460000000000000000e+02
-8.089027404785156250e+01,7.902135467529296875e+01,6.450000000000000000e+02
-8.018910217285156250e+01,7.902135467529296875e+01,6.450000000000000000e+02
-7.948793029785156250e+01,7.902135467529296875e+01,6.450000000000000000e+02
-7.878675842285156250e+01,7.902135467529296875e+01,6.450000000000000000e+02
-7.808559417724609375e+01,7.902135467529296875e+01,6.450000000000000000e+02
-7.738442230224609375e+01,7.902135467529296875e+01,6.450000000000000000e+02
-7.668325042724609375e+01,7.902135467529296875e+01,6.450000000000000000e+02
-7.598208618164062500e+01,7.902135467529296875e+01,6.450000000000000000e+02
-7.528091430664062500e+01,7.902135467529296875e+01,6.450000000000000000e+02
-7.457974243164062500e+01,7.902135467529296875e+01,6.450000000000000000e+02
-7.387857055664062500e+01,7.902135467529296875e+01,6.450000000000000000e+02
-7.317739868164062500e+01,7.902135467529296875e+01,6.450000000000000000e+02
-7.247623443603515625e+01,7.902135467529296875e+01,6.450000000000000000e+02
-7.177506256103515625e+01,7.902135467529296875e+01,6.450000000000000000e+02
-7.107389068603515625e+01,7.902135467529296875e+01,6.450000000000000000e+02
-7.037272644042968750e+01,7.902135467529296875e+01,6.450000000000000000e+02
-6.956353759765625000e+01,7.889884185791015625e+01,6.440000000000000000e+02
-6.886345672607421875e+01,7.889884185791015625e+01,6.440000000000000000e+02
-6.816336822509765625e+01,7.889884185791015625e+01,6.440000000000000000e+02
-6.746328735351562500e+01,7.889884185791015625e+01,6.440000000000000000e+02
-6.676320648193359375e+01,7.889884185791015625e+01,6.440000000000000000e+02
-6.606312561035156250e+01,7.889884185791015625e+01,6.440000000000000000e+02
-6.536304473876953125e+01,7.889884185791015625e+01,6.440000000000000000e+02
-6.466296386718750000e+01,7.889884185791015625e+01,6.440000000000000000e+02
-6.396287918090820312e+01,7.889884185791015625e+01,6.440000000000000000e+02
-6.326279067993164062e+01,7.889884185791015625e+01,6.440000000000000000e+02
-6.256270980834960938e+01,7.889884185791015625e+01,6.440000000000000000e+02
-6.195868682861328125e+01,7.902135467529296875e+01,6.450000000000000000e+02
-6.125751495361328125e+01,7.902135467529296875e+01,6.450000000000000000e+02
-6.055634689331054688e+01,7.902135467529296875e+01,6.450000000000000000e+02
-5.994797515869140625e+01,7.914387512207031250e+01,6.460000000000000000e+02
-5.924571990966796875e+01,7.914387512207031250e+01,6.460000000000000000e+02
-5.854346466064453125e+01,7.914387512207031250e+01,6.460000000000000000e+02
-5.793074417114257812e+01,7.926638793945312500e+01,6.470000000000000000e+02
-5.722740173339843750e+01,7.926638793945312500e+01,6.470000000000000000e+02
-5.661141967773437500e+01,7.938890075683593750e+01,6.480000000000000000e+02
-5.590699005126953125e+01,7.938890075683593750e+01,6.480000000000000000e+02
-5.528774642944335938e+01,7.951141357421875000e+01,6.490000000000000000e+02
-5.466633224487304688e+01,7.963392639160156250e+01,6.500000000000000000e+02
-5.395972824096679688e+01,7.963392639160156250e+01,6.500000000000000000e+02
-5.333504867553710938e+01,7.975643920898437500e+01,6.510000000000000000e+02
-5.262735366821289062e+01,7.975643920898437500e+01,6.510000000000000000e+02
-5.199941635131835938e+01,7.987895202636718750e+01,6.520000000000000000e+02
-5.136930465698242188e+01,8.000146484375000000e+01,6.530000000000000000e+02
-5.065943527221679688e+01,8.000146484375000000e+01,6.530000000000000000e+02
-5.002606201171875000e+01,8.012398529052734375e+01,6.540000000000000000e+02
-4.939051437377929688e+01,8.024649810791015625e+01,6.550000000000000000e+02
-4.875279235839843750e+01,8.036901092529296875e+01,6.560000000000000000e+02
-4.803966522216796875e+01,8.036901092529296875e+01,6.560000000000000000e+02
-4.739868164062500000e+01,8.049152374267578125e+01,6.570000000000000000e+02
-4.675552368164062500e+01,8.061403656005859375e+01,6.580000000000000000e+02
-4.611019515991210938e+01,8.073654937744140625e+01,6.590000000000000000e+02
-4.539380645751953125e+01,8.073654937744140625e+01,6.590000000000000000e+02
-4.474521255493164062e+01,8.085906219482421875e+01,6.600000000000000000e+02
-4.422786331176757812e+01,8.122660827636718750e+01,6.630000000000000000e+02
-4.363837051391601562e+01,8.147163391113281250e+01,6.650000000000000000e+02
-8.936391448974609375e+01,8.170043945312500000e+01,6.610000000000000000e+02
-8.837713623046875000e+01,8.145323181152343750e+01,6.590000000000000000e+02
-8.739470672607421875e+01,8.120603179931640625e+01,6.570000000000000000e+02
-8.641662597656250000e+01,8.095883178710937500e+01,6.550000000000000000e+02
-8.518119812011718750e+01,8.046442413330078125e+01,6.510000000000000000e+02
-8.421398925781250000e+01,8.021722412109375000e+01,6.490000000000000000e+02
-0.000000000000000000e+00,0.000000000000000000e+00,0.000000000000000000e+00
-8.254778289794921875e+01,7.997001647949218750e+01,6.470000000000000000e+02
-8.171794128417968750e+01,7.984642028808593750e+01,6.460000000000000000e+02
-8.089027404785156250e+01,7.972281646728515625e+01,6.450000000000000000e+02
-8.018910217285156250e+01,7.972281646728515625e+01,6.450000000000000000e+02
-7.936469268798828125e+01,7.959921264648437500e+01,6.440000000000000000e+02
-7.866461181640625000e+01,7.959921264648437500e+01,6.440000000000000000e+02
-7.796453094482421875e+01,7.959921264648437500e+01,6.440000000000000000e+02
-7.726445007324218750e+01,7.959921264648437500e+01,6.440000000000000000e+02
-7.656436157226562500e+01,7.959921264648437500e+01,6.440000000000000000e+02
-7.586428070068359375e+01,7.959921264648437500e+01,6.440000000000000000e+02
-7.516419982910156250e+01,7.959921264648437500e+01,6.440000000000000000e+02
-7.446411895751953125e+01,7.959921264648437500e+01,6.440000000000000000e+02
-7.376403045654296875e+01,7.959921264648437500e+01,6.440000000000000000e+02
-7.306394958496093750e+01,7.959921264648437500e+01,6.440000000000000000e+02
-7.236386871337890625e+01,7.959921264648437500e+01,6.440000000000000000e+02
-7.166378021240234375e+01,7.959921264648437500e+01,6.440000000000000000e+02
-7.096369934082031250e+01,7.959921264648437500e+01,6.440000000000000000e+02
-7.026361846923828125e+01,7.959921264648437500e+01,6.440000000000000000e+02
-6.956353759765625000e+01,7.959921264648437500e+01,6.440000000000000000e+02
-6.886345672607421875e+01,7.959921264648437500e+01,6.440000000000000000e+02
-6.816336822509765625e+01,7.959921264648437500e+01,6.440000000000000000e+02
-6.746328735351562500e+01,7.959921264648437500e+01,6.440000000000000000e+02
-6.676320648193359375e+01,7.959921264648437500e+01,6.440000000000000000e+02
-6.596054077148437500e+01,7.947561645507812500e+01,6.430000000000000000e+02
-6.536304473876953125e+01,7.959921264648437500e+01,6.440000000000000000e+02
-6.466296386718750000e+01,7.959921264648437500e+01,6.440000000000000000e+02
-6.396287918090820312e+01,7.959921264648437500e+01,6.440000000000000000e+02
-6.326279067993164062e+01,7.959921264648437500e+01,6.440000000000000000e+02
-6.256270980834960938e+01,7.959921264648437500e+01,6.440000000000000000e+02
-6.195868682861328125e+01,7.972281646728515625e+01,6.450000000000000000e+02
-6.125751495361328125e+01,7.972281646728515625e+01,6.450000000000000000e+02
-6.055634689331054688e+01,7.972281646728515625e+01,6.450000000000000000e+02
-5.994797515869140625e+01,7.984642028808593750e+01,6.460000000000000000e+02
-5.924571990966796875e+01,7.984642028808593750e+01,6.460000000000000000e+02
-5.863408660888671875e+01,7.997001647949218750e+01,6.470000000000000000e+02
-5.793074417114257812e+01,7.997001647949218750e+01,6.470000000000000000e+02
-5.722740173339843750e+01,7.997001647949218750e+01,6.470000000000000000e+02
-5.661141967773437500e+01,8.009362030029296875e+01,6.480000000000000000e+02
-5.599326705932617188e+01,8.021722412109375000e+01,6.490000000000000000e+02
-5.528774642944335938e+01,8.021722412109375000e+01,6.490000000000000000e+02
-5.466633224487304688e+01,8.034082031250000000e+01,6.500000000000000000e+02
-5.395972824096679688e+01,8.034082031250000000e+01,6.500000000000000000e+02
-5.333504867553710938e+01,8.046442413330078125e+01,6.510000000000000000e+02
-5.270819473266601562e+01,8.058802795410156250e+01,6.520000000000000000e+02
-5.207917022705078125e+01,8.071162414550781250e+01,6.530000000000000000e+02
-5.136930465698242188e+01,8.071162414550781250e+01,6.530000000000000000e+02
-5.073701477050781250e+01,8.083522796630859375e+01,6.540000000000000000e+02
-5.010255432128906250e+01,8.095883178710937500e+01,6.550000000000000000e+02
-4.946591949462890625e+01,8.108242797851562500e+01,6.560000000000000000e+02
-4.882711029052734375e+01,8.120603179931640625e+01,6.570000000000000000e+02
-4.818612670898437500e+01,8.132963562011718750e+01,6.580000000000000000e+02
-4.747082519531250000e+01,8.132963562011718750e+01,6.580000000000000000e+02
-4.682658386230468750e+01,8.145323181152343750e+01,6.590000000000000000e+02
-4.618016433715820312e+01,8.157683563232421875e+01,6.600000000000000000e+02
-4.553157043457031250e+01,8.170043945312500000e+01,6.610000000000000000e+02
-4.494860076904296875e+01,8.194763946533203125e+01,6.630000000000000000e+02
-4.429457092285156250e+01,8.207124328613281250e+01,6.640000000000000000e+02
-8.994619750976562500e+01,8.229460906982421875e+01,6.600000000000000000e+02
-8.909352874755859375e+01,8.216991424560546875e+01,6.590000000000000000e+02
-8.810892486572265625e+01,8.192053985595703125e+01,6.570000000000000000e+02
-8.712866210937500000e+01,8.167116546630859375e+01,6.550000000000000000e+02
-8.602082061767578125e+01,8.129709625244140625e+01,6.520000000000000000e+02
-8.505035400390625000e+01,8.104771423339843750e+01,6.500000000000000000e+02
-0.000000000000000000e+00,0.000000000000000000e+00,0.000000000000000000e+00
-8.337979888916015625e+01,8.079833984375000000e+01,6.480000000000000000e+02
-8.254778289794921875e+01,8.067365264892578125e+01,6.470000000000000000e+02
-8.159143829345703125e+01,8.042427062988281250e+01,6.450000000000000000e+02
-8.089027404785156250e+01,8.042427062988281250e+01,6.450000000000000000e+02
-8.006477355957031250e+01,8.029958343505859375e+01,6.440000000000000000e+02
-7.936469268798828125e+01,8.029958343505859375e+01,6.440000000000000000e+02
-7.854246520996093750e+01,8.017489624023437500e+01,6.430000000000000000e+02
-7.796453094482421875e+01,8.029958343505859375e+01,6.440000000000000000e+02
-7.726445007324218750e+01,8.029958343505859375e+01,6.440000000000000000e+02
-7.656436157226562500e+01,8.029958343505859375e+01,6.440000000000000000e+02
-7.586428070068359375e+01,8.029958343505859375e+01,6.440000000000000000e+02
-7.516419982910156250e+01,8.029958343505859375e+01,6.440000000000000000e+02
-7.446411895751953125e+01,8.029958343505859375e+01,6.440000000000000000e+02
-7.376403045654296875e+01,8.029958343505859375e+01,6.440000000000000000e+02
-7.306394958496093750e+01,8.029958343505859375e+01,6.440000000000000000e+02
-7.236386871337890625e+01,8.029958343505859375e+01,6.440000000000000000e+02
-7.166378021240234375e+01,8.029958343505859375e+01,6.440000000000000000e+02
-7.096369934082031250e+01,8.029958343505859375e+01,6.440000000000000000e+02
-7.026361846923828125e+01,8.029958343505859375e+01,6.440000000000000000e+02
-6.956353759765625000e+01,8.029958343505859375e+01,6.440000000000000000e+02
-6.875652313232421875e+01,8.017489624023437500e+01,6.430000000000000000e+02
-6.805752563476562500e+01,8.017489624023437500e+01,6.430000000000000000e+02
-6.735853576660156250e+01,8.017489624023437500e+01,6.430000000000000000e+02
-6.665953826904296875e+01,8.017489624023437500e+01,6.430000000000000000e+02
-6.596054077148437500e+01,8.017489624023437500e+01,6.430000000000000000e+02
-6.526154327392578125e+01,8.017489624023437500e+01,6.430000000000000000e+02
-6.466296386718750000e+01,8.029958343505859375e+01,6.440000000000000000e+02
-6.396287918090820312e+01,8.029958343505859375e+01,6.440000000000000000e+02
-6.326279067993164062e+01,8.029958343505859375e+01,6.440000000000000000e+02
-6.265985488891601562e+01,8.042427062988281250e+01,6.450000000000000000e+02
-6.195868682861328125e+01,8.042427062988281250e+01,6.450000000000000000e+02
-6.125751495361328125e+01,8.042427062988281250e+01,6.450000000000000000e+02
-6.065023422241210938e+01,8.054896545410156250e+01,6.460000000000000000e+02
-5.994797515869140625e+01,8.054896545410156250e+01,6.460000000000000000e+02
-5.924571990966796875e+01,8.054896545410156250e+01,6.460000000000000000e+02
-5.863408660888671875e+01,8.067365264892578125e+01,6.470000000000000000e+02
-5.793074417114257812e+01,8.067365264892578125e+01,6.470000000000000000e+02
-5.731584930419921875e+01,8.079833984375000000e+01,6.480000000000000000e+02
-5.669878387451171875e+01,8.092302703857421875e+01,6.490000000000000000e+02
-5.599326705932617188e+01,8.092302703857421875e+01,6.490000000000000000e+02
-5.537293624877929688e+01,8.104771423339843750e+01,6.500000000000000000e+02
-5.466633224487304688e+01,8.104771423339843750e+01,6.500000000000000000e+02
-5.404274368286132812e+01,8.117240905761718750e+01,6.510000000000000000e+02
-5.341697692871093750e+01,8.129709625244140625e+01,6.520000000000000000e+02
-5.278903579711914062e+01,8.142178344726562500e+01,6.530000000000000000e+02
-5.207917022705078125e+01,8.142178344726562500e+01,6.530000000000000000e+02
-5.144797134399414062e+01,8.154647064208984375e+01,6.540000000000000000e+02
-5.081459426879882812e+01,8.167116546630859375e+01,6.550000000000000000e+02
-5.017904663085937500e+01,8.179585266113281250e+01,6.560000000000000000e+02
-4.954132461547851562e+01,8.192053985595703125e+01,6.570000000000000000e+02
-4.890142822265625000e+01,8.204522705078125000e+01,6.580000000000000000e+02
-4.825936126708984375e+01,8.216991424560546875e+01,6.590000000000000000e+02
-4.761511611938476562e+01,8.229460906982421875e+01,6.600000000000000000e+02
-4.696869659423828125e+01,8.241929626464843750e+01,6.610000000000000000e+02
-4.632010269165039062e+01,8.254398345947265625e+01,6.620000000000000000e+02
-4.573822021484375000e+01,8.279335784912109375e+01,6.640000000000000000e+02
-9.038893127441406250e+01,8.276082611083984375e+01,6.580000000000000000e+02
-8.940106964111328125e+01,8.250927734375000000e+01,6.560000000000000000e+02
-8.855274200439453125e+01,8.238349914550781250e+01,6.550000000000000000e+02
-8.757248687744140625e+01,8.213195037841796875e+01,6.530000000000000000e+02
-0.000000000000000000e+00,0.000000000000000000e+00,0.000000000000000000e+00
-8.588889312744140625e+01,8.188039398193359375e+01,6.510000000000000000e+02
-8.491950225830078125e+01,8.162884521484375000e+01,6.490000000000000000e+02
-8.395446777343750000e+01,8.137728881835937500e+01,6.470000000000000000e+02
-8.312245178222656250e+01,8.125151062011718750e+01,6.460000000000000000e+02
-8.229261016845703125e+01,8.112574005126953125e+01,6.450000000000000000e+02
-8.146494293212890625e+01,8.099996185302734375e+01,6.440000000000000000e+02
-8.063945007324218750e+01,8.087418365478515625e+01,6.430000000000000000e+02
-7.994045257568359375e+01,8.087418365478515625e+01,6.430000000000000000e+02
-7.924145507812500000e+01,8.087418365478515625e+01,6.430000000000000000e+02
-7.854246520996093750e+01,8.087418365478515625e+01,6.430000000000000000e+02
-7.784346771240234375e+01,8.087418365478515625e+01,6.430000000000000000e+02
-7.714447021484375000e+01,8.087418365478515625e+01,6.430000000000000000e+02
-7.644547271728515625e+01,8.087418365478515625e+01,6.430000000000000000e+02
-7.574648284912109375e+01,8.087418365478515625e+01,6.430000000000000000e+02
-7.504748535156250000e+01,8.087418365478515625e+01,6.430000000000000000e+02
-7.434848785400390625e+01,8.087418365478515625e+01,6.430000000000000000e+02
-7.364949035644531250e+01,8.087418365478515625e+01,6.430000000000000000e+02
-7.295049285888671875e+01,8.087418365478515625e+01,6.430000000000000000e+02
-7.225150299072265625e+01,8.087418365478515625e+01,6.430000000000000000e+02
-7.155250549316406250e+01,8.087418365478515625e+01,6.430000000000000000e+02
-7.085350799560546875e+01,8.087418365478515625e+01,6.430000000000000000e+02
-7.015451049804687500e+01,8.087418365478515625e+01,6.430000000000000000e+02
-6.945552062988281250e+01,8.087418365478515625e+01,6.430000000000000000e+02
-6.875652313232421875e+01,8.087418365478515625e+01,6.430000000000000000e+02
-6.805752563476562500e+01,8.087418365478515625e+01,6.430000000000000000e+02
-6.735853576660156250e+01,8.087418365478515625e+01,6.430000000000000000e+02
-6.665953826904296875e+01,8.087418365478515625e+01,6.430000000000000000e+02
-6.596054077148437500e+01,8.087418365478515625e+01,6.430000000000000000e+02
-6.526154327392578125e+01,8.087418365478515625e+01,6.430000000000000000e+02
-6.466296386718750000e+01,8.099996185302734375e+01,6.440000000000000000e+02
-6.396287918090820312e+01,8.099996185302734375e+01,6.440000000000000000e+02
-6.336102294921875000e+01,8.112574005126953125e+01,6.450000000000000000e+02
-6.265985488891601562e+01,8.112574005126953125e+01,6.450000000000000000e+02
-6.195868682861328125e+01,8.112574005126953125e+01,6.450000000000000000e+02
-6.135248947143554688e+01,8.125151062011718750e+01,6.460000000000000000e+02
-6.065023422241210938e+01,8.125151062011718750e+01,6.460000000000000000e+02
-6.004077529907226562e+01,8.137728881835937500e+01,6.470000000000000000e+02
-5.933743286132812500e+01,8.137728881835937500e+01,6.470000000000000000e+02
-5.863408660888671875e+01,8.137728881835937500e+01,6.470000000000000000e+02
-5.802028274536132812e+01,8.150306701660156250e+01,6.480000000000000000e+02
-5.740430068969726562e+01,8.162884521484375000e+01,6.490000000000000000e+02
-5.669878387451171875e+01,8.162884521484375000e+01,6.490000000000000000e+02
-5.607954025268554688e+01,8.175461578369140625e+01,6.500000000000000000e+02
-5.537293624877929688e+01,8.175461578369140625e+01,6.500000000000000000e+02
-5.475043487548828125e+01,8.188039398193359375e+01,6.510000000000000000e+02
-5.412575531005859375e+01,8.200617218017578125e+01,6.520000000000000000e+02
-5.349890518188476562e+01,8.213195037841796875e+01,6.530000000000000000e+02
-5.278903579711914062e+01,8.213195037841796875e+01,6.530000000000000000e+02
-5.215892410278320312e+01,8.225772094726562500e+01,6.540000000000000000e+02
-5.152663421630859375e+01,8.238349914550781250e+01,6.550000000000000000e+02
-5.089217376708984375e+01,8.250927734375000000e+01,6.560000000000000000e+02
-5.025553894042968750e+01,8.263505554199218750e+01,6.570000000000000000e+02
-4.961672973632812500e+01,8.276082611083984375e+01,6.580000000000000000e+02
-4.905006790161132812e+01,8.301238250732421875e+01,6.600000000000000000e+02
-4.840582275390625000e+01,8.313816070556640625e+01,6.610000000000000000e+02
-4.775940322875976562e+01,8.326393127441406250e+01,6.620000000000000000e+02
-4.703975296020507812e+01,8.326393127441406250e+01,6.620000000000000000e+02
-9.096578216552734375e+01,8.334956359863281250e+01,6.570000000000000000e+02
-8.997682952880859375e+01,8.309583282470703125e+01,6.550000000000000000e+02
-0.000000000000000000e+00,0.000000000000000000e+00,0.000000000000000000e+00
-8.828235626220703125e+01,8.284210205078125000e+01,6.530000000000000000e+02
-8.730427551269531250e+01,8.258837890625000000e+01,6.510000000000000000e+02
-8.646356201171875000e+01,8.246151733398437500e+01,6.500000000000000000e+02
-8.549308776855468750e+01,8.220778656005859375e+01,6.480000000000000000e+02
-8.452696228027343750e+01,8.195405578613281250e+01,6.460000000000000000e+02
-8.369494628906250000e+01,8.182719421386718750e+01,6.450000000000000000e+02
-8.286510467529296875e+01,8.170033264160156250e+01,6.440000000000000000e+02
-8.203743743896484375e+01,8.157346343994140625e+01,6.430000000000000000e+02
-8.133843994140625000e+01,8.157346343994140625e+01,6.430000000000000000e+02
-8.063945007324218750e+01,8.157346343994140625e+01,6.430000000000000000e+02
-7.981613159179687500e+01,8.144660186767578125e+01,6.420000000000000000e+02
-7.911821746826171875e+01,8.144660186767578125e+01,6.420000000000000000e+02
-7.842031097412109375e+01,8.144660186767578125e+01,6.420000000000000000e+02
-7.772240447998046875e+01,8.144660186767578125e+01,6.420000000000000000e+02
-7.714447021484375000e+01,8.157346343994140625e+01,6.430000000000000000e+02
-7.644547271728515625e+01,8.157346343994140625e+01,6.430000000000000000e+02
-7.574648284912109375e+01,8.157346343994140625e+01,6.430000000000000000e+02
-7.504748535156250000e+01,8.157346343994140625e+01,6.430000000000000000e+02
-7.434848785400390625e+01,8.157346343994140625e+01,6.430000000000000000e+02
-7.364949035644531250e+01,8.157346343994140625e+01,6.430000000000000000e+02
-7.295049285888671875e+01,8.157346343994140625e+01,6.430000000000000000e+02
-7.225150299072265625e+01,8.157346343994140625e+01,6.430000000000000000e+02
-7.155250549316406250e+01,8.157346343994140625e+01,6.430000000000000000e+02
-7.085350799560546875e+01,8.157346343994140625e+01,6.430000000000000000e+02
-7.015451049804687500e+01,8.157346343994140625e+01,6.430000000000000000e+02
-6.945552062988281250e+01,8.157346343994140625e+01,6.430000000000000000e+02
-6.875652313232421875e+01,8.157346343994140625e+01,6.430000000000000000e+02
-6.805752563476562500e+01,8.157346343994140625e+01,6.430000000000000000e+02
-6.735853576660156250e+01,8.157346343994140625e+01,6.430000000000000000e+02
-6.665953826904296875e+01,8.157346343994140625e+01,6.430000000000000000e+02
-6.596054077148437500e+01,8.157346343994140625e+01,6.430000000000000000e+02
-6.526154327392578125e+01,8.157346343994140625e+01,6.430000000000000000e+02
-6.466296386718750000e+01,8.170033264160156250e+01,6.440000000000000000e+02
-6.396287918090820312e+01,8.170033264160156250e+01,6.440000000000000000e+02
-6.336102294921875000e+01,8.182719421386718750e+01,6.450000000000000000e+02
-6.265985488891601562e+01,8.182719421386718750e+01,6.450000000000000000e+02
-6.205474472045898438e+01,8.195405578613281250e+01,6.460000000000000000e+02
-6.135248947143554688e+01,8.195405578613281250e+01,6.460000000000000000e+02
-6.074411773681640625e+01,8.208092498779296875e+01,6.470000000000000000e+02
-6.004077529907226562e+01,8.208092498779296875e+01,6.470000000000000000e+02
-5.933743286132812500e+01,8.208092498779296875e+01,6.470000000000000000e+02
-5.872471237182617188e+01,8.220778656005859375e+01,6.480000000000000000e+02
-5.802028274536132812e+01,8.220778656005859375e+01,6.480000000000000000e+02
-5.740430068969726562e+01,8.233464813232421875e+01,6.490000000000000000e+02
-5.678614807128906250e+01,8.246151733398437500e+01,6.500000000000000000e+02
-5.607954025268554688e+01,8.246151733398437500e+01,6.500000000000000000e+02
-5.545812606811523438e+01,8.258837890625000000e+01,6.510000000000000000e+02
-5.483453750610351562e+01,8.271524047851562500e+01,6.520000000000000000e+02
-5.420877075195312500e+01,8.284210205078125000e+01,6.530000000000000000e+02
-5.349890518188476562e+01,8.284210205078125000e+01,6.530000000000000000e+02
-5.295071792602539062e+01,8.309583282470703125e+01,6.550000000000000000e+02
-5.223867797851562500e+01,8.309583282470703125e+01,6.550000000000000000e+02
-5.160530090332031250e+01,8.322269439697265625e+01,6.560000000000000000e+02
-5.096975326538085938e+01,8.334956359863281250e+01,6.570000000000000000e+02
-5.033203125000000000e+01,8.347642517089843750e+01,6.580000000000000000e+02
-4.969213485717773438e+01,8.360328674316406250e+01,6.590000000000000000e+02
-4.912438583374023438e+01,8.385701751708984375e+01,6.610000000000000000e+02
-4.847905349731445312e+01,8.398387908935546875e+01,6.620000000000000000e+02
-4.783154678344726562e+01,8.411074066162109375e+01,6.630000000000000000e+02
-9.253485107421875000e+01,8.419201660156250000e+01,6.580000000000000000e+02
-0.000000000000000000e+00,0.000000000000000000e+00,0.000000000000000000e+00
-9.055040740966796875e+01,8.368021392822265625e+01,6.540000000000000000e+02
-8.970208740234375000e+01,8.355226135253906250e+01,6.530000000000000000e+02
-8.871965789794921875e+01,8.329636383056640625e+01,6.510000000000000000e+02
-8.774157714843750000e+01,8.304045867919921875e+01,6.490000000000000000e+02
-8.690194702148437500e+01,8.291250610351562500e+01,6.480000000000000000e+02
-8.606449890136718750e+01,8.278455352783203125e+01,6.470000000000000000e+02
-8.509729003906250000e+01,8.252864837646484375e+01,6.450000000000000000e+02
-8.426527404785156250e+01,8.240070343017578125e+01,6.440000000000000000e+02
-8.343543243408203125e+01,8.227275085449218750e+01,6.430000000000000000e+02
-8.273643493652343750e+01,8.227275085449218750e+01,6.430000000000000000e+02
-8.190985107421875000e+01,8.214479827880859375e+01,6.420000000000000000e+02
-8.121194458007812500e+01,8.214479827880859375e+01,6.420000000000000000e+02
-8.038862609863281250e+01,8.201684570312500000e+01,6.410000000000000000e+02
-7.981613159179687500e+01,8.214479827880859375e+01,6.420000000000000000e+02
-7.899497985839843750e+01,8.201684570312500000e+01,6.410000000000000000e+02
-7.829816436767578125e+01,8.201684570312500000e+01,6.410000000000000000e+02
-7.772240447998046875e+01,8.214479827880859375e+01,6.420000000000000000e+02
-7.702449798583984375e+01,8.214479827880859375e+01,6.420000000000000000e+02
-7.632658386230468750e+01,8.214479827880859375e+01,6.420000000000000000e+02
-7.562867736816406250e+01,8.214479827880859375e+01,6.420000000000000000e+02
-7.493077087402343750e+01,8.214479827880859375e+01,6.420000000000000000e+02
-7.423286437988281250e+01,8.214479827880859375e+01,6.420000000000000000e+02
-7.353495025634765625e+01,8.214479827880859375e+01,6.420000000000000000e+02
-7.283704376220703125e+01,8.214479827880859375e+01,6.420000000000000000e+02
-7.213913726806640625e+01,8.214479827880859375e+01,6.420000000000000000e+02
-7.144122314453125000e+01,8.214479827880859375e+01,6.420000000000000000e+02
-7.074331665039062500e+01,8.214479827880859375e+01,6.420000000000000000e+02
-7.004541015625000000e+01,8.214479827880859375e+01,6.420000000000000000e+02
-6.934750366210937500e+01,8.214479827880859375e+01,6.420000000000000000e+02
-6.864958953857421875e+01,8.214479827880859375e+01,6.420000000000000000e+02
-6.805752563476562500e+01,8.227275085449218750e+01,6.430000000000000000e+02
-6.735853576660156250e+01,8.227275085449218750e+01,6.430000000000000000e+02
-6.665953826904296875e+01,8.227275085449218750e+01,6.430000000000000000e+02
-6.596054077148437500e+01,8.227275085449218750e+01,6.430000000000000000e+02
-6.536304473876953125e+01,8.240070343017578125e+01,6.440000000000000000e+02
-6.466296386718750000e+01,8.240070343017578125e+01,6.440000000000000000e+02
-6.406220245361328125e+01,8.252864837646484375e+01,6.450000000000000000e+02
-6.336102294921875000e+01,8.252864837646484375e+01,6.450000000000000000e+02
-6.275700378417968750e+01,8.265660095214843750e+01,6.460000000000000000e+02
-6.205474472045898438e+01,8.265660095214843750e+01,6.460000000000000000e+02
-6.144746398925781250e+01,8.278455352783203125e+01,6.470000000000000000e+02
-6.074411773681640625e+01,8.278455352783203125e+01,6.470000000000000000e+02
-6.004077529907226562e+01,8.278455352783203125e+01,6.470000000000000000e+02
-5.942914199829101562e+01,8.291250610351562500e+01,6.480000000000000000e+02
-5.872471237182617188e+01,8.291250610351562500e+01,6.480000000000000000e+02
-5.802028274536132812e+01,8.291250610351562500e+01,6.480000000000000000e+02
-5.740430068969726562e+01,8.304045867919921875e+01,6.490000000000000000e+02
-5.678614807128906250e+01,8.316841125488281250e+01,6.500000000000000000e+02
-5.616581726074218750e+01,8.329636383056640625e+01,6.510000000000000000e+02
-5.554331588745117188e+01,8.342430877685546875e+01,6.520000000000000000e+02
-5.483453750610351562e+01,8.342430877685546875e+01,6.520000000000000000e+02
-5.420877075195312500e+01,8.355226135253906250e+01,6.530000000000000000e+02
-5.358083343505859375e+01,8.368021392822265625e+01,6.540000000000000000e+02
-5.295071792602539062e+01,8.380816650390625000e+01,6.550000000000000000e+02
-5.231843185424804688e+01,8.393611907958984375e+01,6.560000000000000000e+02
-5.168396759033203125e+01,8.406407165527343750e+01,6.570000000000000000e+02
-5.104733276367187500e+01,8.419201660156250000e+01,6.580000000000000000e+02
-5.040852355957031250e+01,8.431996917724609375e+01,6.590000000000000000e+02
-4.976754379272460938e+01,8.444792175292968750e+01,6.600000000000000000e+02
-4.919870376586914062e+01,8.470382690429687500e+01,6.620000000000000000e+02
-0.000000000000000000e+00,0.000000000000000000e+00,0.000000000000000000e+00
-0.000000000000000000e+00,0.000000000000000000e+00,0.000000000000000000e+00
-9.112181854248046875e+01,8.426242065429687500e+01,6.530000000000000000e+02
-8.999658203125000000e+01,8.387530517578125000e+01,6.500000000000000000e+02
-8.915261077880859375e+01,8.374626922607421875e+01,6.490000000000000000e+02
-8.831081390380859375e+01,8.361722564697265625e+01,6.480000000000000000e+02
-8.733599090576171875e+01,8.335914611816406250e+01,6.460000000000000000e+02
-8.649962615966796875e+01,8.323011016845703125e+01,6.450000000000000000e+02
-8.566543579101562500e+01,8.310107421875000000e+01,6.440000000000000000e+02
-8.483341979980468750e+01,8.297203063964843750e+01,6.430000000000000000e+02
-8.400357818603515625e+01,8.284299468994140625e+01,6.420000000000000000e+02
-8.330567169189453125e+01,8.284299468994140625e+01,6.420000000000000000e+02
-8.247908782958984375e+01,8.271395111083984375e+01,6.410000000000000000e+02
-8.178226470947265625e+01,8.271395111083984375e+01,6.410000000000000000e+02
-8.108544921875000000e+01,8.271395111083984375e+01,6.410000000000000000e+02
-8.038862609863281250e+01,8.271395111083984375e+01,6.410000000000000000e+02
-7.956748199462890625e+01,8.258491516113281250e+01,6.400000000000000000e+02
-7.899497985839843750e+01,8.271395111083984375e+01,6.410000000000000000e+02
-7.829816436767578125e+01,8.271395111083984375e+01,6.410000000000000000e+02
-7.760134124755859375e+01,8.271395111083984375e+01,6.410000000000000000e+02
-7.690451812744140625e+01,8.271395111083984375e+01,6.410000000000000000e+02
-7.620769500732421875e+01,8.271395111083984375e+01,6.410000000000000000e+02
-7.551087951660156250e+01,8.271395111083984375e+01,6.410000000000000000e+02
-7.481405639648437500e+01,8.271395111083984375e+01,6.410000000000000000e+02
-7.423286437988281250e+01,8.284299468994140625e+01,6.420000000000000000e+02
-7.342041015625000000e+01,8.271395111083984375e+01,6.410000000000000000e+02
-7.283704376220703125e+01,8.284299468994140625e+01,6.420000000000000000e+02
-7.213913726806640625e+01,8.284299468994140625e+01,6.420000000000000000e+02
-7.144122314453125000e+01,8.284299468994140625e+01,6.420000000000000000e+02
-7.074331665039062500e+01,8.284299468994140625e+01,6.420000000000000000e+02
-7.004541015625000000e+01,8.284299468994140625e+01,6.420000000000000000e+02
-6.934750366210937500e+01,8.284299468994140625e+01,6.420000000000000000e+02
-6.864958953857421875e+01,8.284299468994140625e+01,6.420000000000000000e+02
-6.795168304443359375e+01,8.284299468994140625e+01,6.420000000000000000e+02
-6.735853576660156250e+01,8.297203063964843750e+01,6.430000000000000000e+02
-6.665953826904296875e+01,8.297203063964843750e+01,6.430000000000000000e+02
-6.596054077148437500e+01,8.297203063964843750e+01,6.430000000000000000e+02
-6.536304473876953125e+01,8.310107421875000000e+01,6.440000000000000000e+02
-6.466296386718750000e+01,8.310107421875000000e+01,6.440000000000000000e+02
-6.406220245361328125e+01,8.323011016845703125e+01,6.450000000000000000e+02
-6.345925903320312500e+01,8.335914611816406250e+01,6.460000000000000000e+02
-6.275700378417968750e+01,8.335914611816406250e+01,6.460000000000000000e+02
-6.215080642700195312e+01,8.348818969726562500e+01,6.470000000000000000e+02
-6.144746398925781250e+01,8.348818969726562500e+01,6.470000000000000000e+02
-6.074411773681640625e+01,8.348818969726562500e+01,6.470000000000000000e+02
-6.013357543945312500e+01,8.361722564697265625e+01,6.480000000000000000e+02
-5.942914199829101562e+01,8.361722564697265625e+01,6.480000000000000000e+02
-5.872471237182617188e+01,8.361722564697265625e+01,6.480000000000000000e+02
-5.802028274536132812e+01,8.361722564697265625e+01,6.480000000000000000e+02
-5.740430068969726562e+01,8.374626922607421875e+01,6.490000000000000000e+02
-5.678614807128906250e+01,8.387530517578125000e+01,6.500000000000000000e+02
-5.616581726074218750e+01,8.400434112548828125e+01,6.510000000000000000e+02
-5.554331588745117188e+01,8.413338470458984375e+01,6.520000000000000000e+02
-5.491864013671875000e+01,8.426242065429687500e+01,6.530000000000000000e+02
-5.429178619384765625e+01,8.439145660400390625e+01,6.540000000000000000e+02
-5.366276168823242188e+01,8.452050018310546875e+01,6.550000000000000000e+02
-5.303155899047851562e+01,8.464953613281250000e+01,6.560000000000000000e+02
-5.239818191528320312e+01,8.477857971191406250e+01,6.570000000000000000e+02
-5.176263427734375000e+01,8.490761566162109375e+01,6.580000000000000000e+02
-5.112491226196289062e+01,8.503665161132812500e+01,6.590000000000000000e+02
-5.048501586914062500e+01,8.516569519042968750e+01,6.600000000000000000e+02
-4.991835403442382812e+01,8.542377471923828125e+01,6.620000000000000000e+02
-0.000000000000000000e+00,0.000000000000000000e+00,0.000000000000000000e+00
-0.000000000000000000e+00,0.000000000000000000e+00,0.000000000000000000e+00
-9.155043792724609375e+01,8.471232604980468750e+01,6.510000000000000000e+02
-9.056364440917968750e+01,8.445207214355468750e+01,6.490000000000000000e+02
-8.958121490478515625e+01,8.419181823730468750e+01,6.470000000000000000e+02
-8.874050140380859375e+01,8.406169128417968750e+01,6.460000000000000000e+02
-0.000000000000000000e+00,0.000000000000000000e+00,0.000000000000000000e+00
-8.693040466308593750e+01,8.367131805419921875e+01,6.430000000000000000e+02
-8.623140716552734375e+01,8.367131805419921875e+01,6.430000000000000000e+02
-8.539939117431640625e+01,8.354119110107421875e+01,6.420000000000000000e+02
-8.456954956054687500e+01,8.341106414794921875e+01,6.410000000000000000e+02
-8.387273406982421875e+01,8.341106414794921875e+01,6.410000000000000000e+02
-8.304615020751953125e+01,8.328093719482421875e+01,6.400000000000000000e+02
-8.235041809082031250e+01,8.328093719482421875e+01,6.400000000000000000e+02
-8.165467834472656250e+01,8.328093719482421875e+01,6.400000000000000000e+02
-8.095894622802734375e+01,8.328093719482421875e+01,6.400000000000000000e+02
-8.026321411132812500e+01,8.328093719482421875e+01,6.400000000000000000e+02
-7.956748199462890625e+01,8.328093719482421875e+01,6.400000000000000000e+02
-7.887174987792968750e+01,8.328093719482421875e+01,6.400000000000000000e+02
-7.817601013183593750e+01,8.328093719482421875e+01,6.400000000000000000e+02
-7.748027801513671875e+01,8.328093719482421875e+01,6.400000000000000000e+02
-7.678454589843750000e+01,8.328093719482421875e+01,6.400000000000000000e+02
-7.608880615234375000e+01,8.328093719482421875e+01,6.400000000000000000e+02
-7.539307403564453125e+01,8.328093719482421875e+01,6.400000000000000000e+02
-7.481405639648437500e+01,8.341106414794921875e+01,6.410000000000000000e+02
-7.411723327636718750e+01,8.341106414794921875e+01,6.410000000000000000e+02
-7.342041015625000000e+01,8.341106414794921875e+01,6.410000000000000000e+02
-7.272358703613281250e+01,8.341106414794921875e+01,6.410000000000000000e+02
-7.202676391601562500e+01,8.341106414794921875e+01,6.410000000000000000e+02
-7.132994842529296875e+01,8.341106414794921875e+01,6.410000000000000000e+02
-7.063312530517578125e+01,8.341106414794921875e+01,6.410000000000000000e+02
-6.993630218505859375e+01,8.341106414794921875e+01,6.410000000000000000e+02
-6.923947906494140625e+01,8.341106414794921875e+01,6.410000000000000000e+02
-6.864958953857421875e+01,8.354119110107421875e+01,6.420000000000000000e+02
-6.795168304443359375e+01,8.354119110107421875e+01,6.420000000000000000e+02
-6.735853576660156250e+01,8.367131805419921875e+01,6.430000000000000000e+02
-6.665953826904296875e+01,8.367131805419921875e+01,6.430000000000000000e+02
-6.606312561035156250e+01,8.380143737792968750e+01,6.440000000000000000e+02
-6.536304473876953125e+01,8.380143737792968750e+01,6.440000000000000000e+02
-6.476336669921875000e+01,8.393156433105468750e+01,6.450000000000000000e+02
-6.416152191162109375e+01,8.406169128417968750e+01,6.460000000000000000e+02
-6.345925903320312500e+01,8.406169128417968750e+01,6.460000000000000000e+02
-6.275700378417968750e+01,8.406169128417968750e+01,6.460000000000000000e+02
-6.215080642700195312e+01,8.419181823730468750e+01,6.470000000000000000e+02
-6.144746398925781250e+01,8.419181823730468750e+01,6.470000000000000000e+02
-6.074411773681640625e+01,8.419181823730468750e+01,6.470000000000000000e+02
-6.013357543945312500e+01,8.432194519042968750e+01,6.480000000000000000e+02
-5.942914199829101562e+01,8.432194519042968750e+01,6.480000000000000000e+02
-5.872471237182617188e+01,8.432194519042968750e+01,6.480000000000000000e+02
-5.810981750488281250e+01,8.445207214355468750e+01,6.490000000000000000e+02
-5.749275207519531250e+01,8.458219909667968750e+01,6.500000000000000000e+02
-5.687350845336914062e+01,8.471232604980468750e+01,6.510000000000000000e+02
-5.625209426879882812e+01,8.484245300292968750e+01,6.520000000000000000e+02
-5.562850570678710938e+01,8.497257995605468750e+01,6.530000000000000000e+02
-5.500273895263671875e+01,8.510270690917968750e+01,6.540000000000000000e+02
-5.445781707763671875e+01,8.536296081542968750e+01,6.560000000000000000e+02
-5.382661819458007812e+01,8.549308776855468750e+01,6.570000000000000000e+02
-5.327407836914062500e+01,8.575334167480468750e+01,6.590000000000000000e+02
-5.255768966674804688e+01,8.575334167480468750e+01,6.590000000000000000e+02
-5.191996765136718750e+01,8.588346099853515625e+01,6.600000000000000000e+02
-5.128007125854492188e+01,8.601358795166015625e+01,6.610000000000000000e+02
-5.063800430297851562e+01,8.614371490478515625e+01,6.620000000000000000e+02
-9.410518646240234375e+01,8.581394958496093750e+01,6.540000000000000000e+02
-9.310862731933593750e+01,8.555152130126953125e+01,6.520000000000000000e+02
-9.211640930175781250e+01,8.528909301757812500e+01,6.500000000000000000e+02
-9.112854003906250000e+01,8.502666473388671875e+01,6.480000000000000000e+02
-9.014501953125000000e+01,8.476423645019531250e+01,6.460000000000000000e+02
-8.916584777832031250e+01,8.450180816650390625e+01,6.440000000000000000e+02
-8.832839965820312500e+01,8.437059783935546875e+01,6.430000000000000000e+02
-8.749311828613281250e+01,8.423937988281250000e+01,6.420000000000000000e+02
-8.666001892089843750e+01,8.410816955566406250e+01,6.410000000000000000e+02
-8.596319580078125000e+01,8.410816955566406250e+01,6.410000000000000000e+02
-8.513335418701171875e+01,8.397695922851562500e+01,6.400000000000000000e+02
-8.443762207031250000e+01,8.397695922851562500e+01,6.400000000000000000e+02
-8.361103820800781250e+01,8.384574127197265625e+01,6.390000000000000000e+02
-8.291638946533203125e+01,8.384574127197265625e+01,6.390000000000000000e+02
-8.222174072265625000e+01,8.384574127197265625e+01,6.390000000000000000e+02
-8.152709960937500000e+01,8.384574127197265625e+01,6.390000000000000000e+02
-8.083245086669921875e+01,8.384574127197265625e+01,6.390000000000000000e+02
-8.013780212402343750e+01,8.384574127197265625e+01,6.390000000000000000e+02
-7.944315338134765625e+01,8.384574127197265625e+01,6.390000000000000000e+02
-7.874851226806640625e+01,8.384574127197265625e+01,6.390000000000000000e+02
-7.805386352539062500e+01,8.384574127197265625e+01,6.390000000000000000e+02
-7.735921478271484375e+01,8.384574127197265625e+01,6.390000000000000000e+02
-7.666456604003906250e+01,8.384574127197265625e+01,6.390000000000000000e+02
-7.596992492675781250e+01,8.384574127197265625e+01,6.390000000000000000e+02
-7.539307403564453125e+01,8.397695922851562500e+01,6.400000000000000000e+02
-7.469734191894531250e+01,8.397695922851562500e+01,6.400000000000000000e+02
-7.400160980224609375e+01,8.397695922851562500e+01,6.400000000000000000e+02
-7.330587005615234375e+01,8.397695922851562500e+01,6.400000000000000000e+02
-7.261013793945312500e+01,8.397695922851562500e+01,6.400000000000000000e+02
-7.191439819335937500e+01,8.397695922851562500e+01,6.400000000000000000e+02
-7.132994842529296875e+01,8.410816955566406250e+01,6.410000000000000000e+02
-7.063312530517578125e+01,8.410816955566406250e+01,6.410000000000000000e+02
-6.993630218505859375e+01,8.410816955566406250e+01,6.410000000000000000e+02
-6.923947906494140625e+01,8.410816955566406250e+01,6.410000000000000000e+02
-6.864958953857421875e+01,8.423937988281250000e+01,6.420000000000000000e+02
-6.795168304443359375e+01,8.423937988281250000e+01,6.420000000000000000e+02
-6.735853576660156250e+01,8.437059783935546875e+01,6.430000000000000000e+02
-6.665953826904296875e+01,8.437059783935546875e+01,6.430000000000000000e+02
-6.606312561035156250e+01,8.450180816650390625e+01,6.440000000000000000e+02
-6.546453857421875000e+01,8.463302612304687500e+01,6.450000000000000000e+02
-6.486377716064453125e+01,8.476423645019531250e+01,6.460000000000000000e+02
-6.416152191162109375e+01,8.476423645019531250e+01,6.460000000000000000e+02
-6.355749130249023438e+01,8.489545440673828125e+01,6.470000000000000000e+02
-6.285414886474609375e+01,8.489545440673828125e+01,6.470000000000000000e+02
-6.215080642700195312e+01,8.489545440673828125e+01,6.470000000000000000e+02
-6.154243469238281250e+01,8.502666473388671875e+01,6.480000000000000000e+02
-6.083800506591796875e+01,8.502666473388671875e+01,6.480000000000000000e+02
-6.013357543945312500e+01,8.502666473388671875e+01,6.480000000000000000e+02
-5.942914199829101562e+01,8.502666473388671875e+01,6.480000000000000000e+02
-5.881533813476562500e+01,8.515788269042968750e+01,6.490000000000000000e+02
-5.819935607910156250e+01,8.528909301757812500e+01,6.500000000000000000e+02
-5.758120346069335938e+01,8.542031097412109375e+01,6.510000000000000000e+02
-5.696087265014648438e+01,8.555152130126953125e+01,6.520000000000000000e+02
-5.633837127685546875e+01,8.568273925781250000e+01,6.530000000000000000e+02
-5.579888153076171875e+01,8.594516754150390625e+01,6.550000000000000000e+02
-5.517094421386718750e+01,8.607637786865234375e+01,6.560000000000000000e+02
-5.454083251953125000e+01,8.620759582519531250e+01,6.570000000000000000e+02
-5.390854644775390625e+01,8.633880615234375000e+01,6.580000000000000000e+02
-5.335491943359375000e+01,8.660123443603515625e+01,6.600000000000000000e+02
-5.271719741821289062e+01,8.673245239257812500e+01,6.610000000000000000e+02
-5.199863433837890625e+01,8.673245239257812500e+01,6.610000000000000000e+02
-9.581922149658203125e+01,8.678980255126953125e+01,6.560000000000000000e+02
-9.481613922119140625e+01,8.652519989013671875e+01,6.540000000000000000e+02
-9.367350769042968750e+01,8.612829589843750000e+01,6.510000000000000000e+02
-9.268020629882812500e+01,8.586368560791015625e+01,6.490000000000000000e+02
-9.169125366210937500e+01,8.559908294677734375e+01,6.470000000000000000e+02
-9.070664978027343750e+01,8.533448028564453125e+01,6.450000000000000000e+02
-8.986592864990234375e+01,8.520217895507812500e+01,6.440000000000000000e+02
-8.888893127441406250e+01,8.493757629394531250e+01,6.420000000000000000e+02
-8.805365753173828125e+01,8.480527496337890625e+01,6.410000000000000000e+02
-8.735683441162109375e+01,8.480527496337890625e+01,6.410000000000000000e+02
-8.652481842041015625e+01,8.467297363281250000e+01,6.400000000000000000e+02
-8.569497680664062500e+01,8.454067230224609375e+01,6.390000000000000000e+02
-8.500032806396484375e+01,8.454067230224609375e+01,6.390000000000000000e+02
-8.417375183105468750e+01,8.440837097167968750e+01,6.380000000000000000e+02
-8.348019409179687500e+01,8.440837097167968750e+01,6.380000000000000000e+02
-8.278662872314453125e+01,8.440837097167968750e+01,6.380000000000000000e+02
-8.209307098388671875e+01,8.440837097167968750e+01,6.380000000000000000e+02
-8.139951324462890625e+01,8.440837097167968750e+01,6.380000000000000000e+02
-8.070594787597656250e+01,8.440837097167968750e+01,6.380000000000000000e+02
-8.001239013671875000e+01,8.440837097167968750e+01,6.380000000000000000e+02
-7.931883239746093750e+01,8.440837097167968750e+01,6.380000000000000000e+02
-7.862527465820312500e+01,8.440837097167968750e+01,6.380000000000000000e+02
-7.793170928955078125e+01,8.440837097167968750e+01,6.380000000000000000e+02
-7.723815155029296875e+01,8.440837097167968750e+01,6.380000000000000000e+02
-7.654459381103515625e+01,8.440837097167968750e+01,6.380000000000000000e+02
-7.596992492675781250e+01,8.454067230224609375e+01,6.390000000000000000e+02
-7.527527618408203125e+01,8.454067230224609375e+01,6.390000000000000000e+02
-7.458062744140625000e+01,8.454067230224609375e+01,6.390000000000000000e+02
-7.388597869873046875e+01,8.454067230224609375e+01,6.390000000000000000e+02
-7.319132995605468750e+01,8.454067230224609375e+01,6.390000000000000000e+02
-7.261013793945312500e+01,8.467297363281250000e+01,6.400000000000000000e+02
-7.191439819335937500e+01,8.467297363281250000e+01,6.400000000000000000e+02
-7.132994842529296875e+01,8.480527496337890625e+01,6.410000000000000000e+02
-7.063312530517578125e+01,8.480527496337890625e+01,6.410000000000000000e+02
-6.993630218505859375e+01,8.480527496337890625e+01,6.410000000000000000e+02
-6.934750366210937500e+01,8.493757629394531250e+01,6.420000000000000000e+02
-6.864958953857421875e+01,8.493757629394531250e+01,6.420000000000000000e+02
-6.805752563476562500e+01,8.506987762451171875e+01,6.430000000000000000e+02
-6.735853576660156250e+01,8.506987762451171875e+01,6.430000000000000000e+02
-6.676320648193359375e+01,8.520217895507812500e+01,6.440000000000000000e+02
-6.616571044921875000e+01,8.533448028564453125e+01,6.450000000000000000e+02
-6.546453857421875000e+01,8.533448028564453125e+01,6.450000000000000000e+02
-6.486377716064453125e+01,8.546678161621093750e+01,6.460000000000000000e+02
-6.436016082763671875e+01,8.573138427734375000e+01,6.480000000000000000e+02
-6.365572738647460938e+01,8.573138427734375000e+01,6.480000000000000000e+02
-6.295129776000976562e+01,8.573138427734375000e+01,6.480000000000000000e+02
-6.224686431884765625e+01,8.573138427734375000e+01,6.480000000000000000e+02
-6.163740921020507812e+01,8.586368560791015625e+01,6.490000000000000000e+02
-6.093188858032226562e+01,8.586368560791015625e+01,6.490000000000000000e+02
-6.022637176513671875e+01,8.586368560791015625e+01,6.490000000000000000e+02
-5.952085494995117188e+01,8.586368560791015625e+01,6.490000000000000000e+02
-5.890596008300781250e+01,8.599599456787109375e+01,6.500000000000000000e+02
-5.828889465332031250e+01,8.612829589843750000e+01,6.510000000000000000e+02
-5.766965103149414062e+01,8.626059722900390625e+01,6.520000000000000000e+02
-5.704823684692382812e+01,8.639289855957031250e+01,6.530000000000000000e+02
-5.651092147827148438e+01,8.665750122070312500e+01,6.550000000000000000e+02
-5.588407135009765625e+01,8.678980255126953125e+01,6.560000000000000000e+02
-5.525504684448242188e+01,8.692210388183593750e+01,6.570000000000000000e+02
-5.462384796142578125e+01,8.705440521240234375e+01,6.580000000000000000e+02
-5.399047470092773438e+01,8.718670654296875000e+01,6.590000000000000000e+02
-9.638520050048828125e+01,8.736983489990234375e+01,6.550000000000000000e+02
-9.538102722167968750e+01,8.710305023193359375e+01,6.530000000000000000e+02
-0.000000000000000000e+00,0.000000000000000000e+00,0.000000000000000000e+00
-9.338572692871093750e+01,8.656949615478515625e+01,6.490000000000000000e+02
-9.239459991455078125e+01,8.630271911621093750e+01,6.470000000000000000e+02
-9.154953765869140625e+01,8.616932678222656250e+01,6.460000000000000000e+02
-9.042539215087890625e+01,8.576916503906250000e+01,6.430000000000000000e+02
-8.958684539794921875e+01,8.563577270507812500e+01,6.420000000000000000e+02
-8.875048065185546875e+01,8.550238800048828125e+01,6.410000000000000000e+02
-8.791629028320312500e+01,8.536899566650390625e+01,6.400000000000000000e+02
-8.708427429199218750e+01,8.523560333251953125e+01,6.390000000000000000e+02
-8.638962554931640625e+01,8.523560333251953125e+01,6.390000000000000000e+02
-8.569497680664062500e+01,8.523560333251953125e+01,6.390000000000000000e+02
-8.486730957031250000e+01,8.510221862792968750e+01,6.380000000000000000e+02
-8.417375183105468750e+01,8.510221862792968750e+01,6.380000000000000000e+02
-8.334934234619140625e+01,8.496882629394531250e+01,6.370000000000000000e+02
-8.265686798095703125e+01,8.496882629394531250e+01,6.370000000000000000e+02
-8.196440124511718750e+01,8.496882629394531250e+01,6.370000000000000000e+02
-8.127192687988281250e+01,8.496882629394531250e+01,6.370000000000000000e+02
-8.057945251464843750e+01,8.496882629394531250e+01,6.370000000000000000e+02
-7.988697814941406250e+01,8.496882629394531250e+01,6.370000000000000000e+02
-7.919450378417968750e+01,8.496882629394531250e+01,6.370000000000000000e+02
-7.850203704833984375e+01,8.496882629394531250e+01,6.370000000000000000e+02
-7.780956268310546875e+01,8.496882629394531250e+01,6.370000000000000000e+02
-7.711708831787109375e+01,8.496882629394531250e+01,6.370000000000000000e+02
-7.654459381103515625e+01,8.510221862792968750e+01,6.380000000000000000e+02
-7.585103607177734375e+01,8.510221862792968750e+01,6.380000000000000000e+02
-7.515747070312500000e+01,8.510221862792968750e+01,6.380000000000000000e+02
-7.446391296386718750e+01,8.510221862792968750e+01,6.380000000000000000e+02
-7.377035522460937500e+01,8.510221862792968750e+01,6.380000000000000000e+02
-7.319132995605468750e+01,8.523560333251953125e+01,6.390000000000000000e+02
-7.261013793945312500e+01,8.536899566650390625e+01,6.400000000000000000e+02
-7.191439819335937500e+01,8.536899566650390625e+01,6.400000000000000000e+02
-7.121866607666015625e+01,8.536899566650390625e+01,6.400000000000000000e+02
-7.063312530517578125e+01,8.550238800048828125e+01,6.410000000000000000e+02
-6.993630218505859375e+01,8.550238800048828125e+01,6.410000000000000000e+02
-6.934750366210937500e+01,8.563577270507812500e+01,6.420000000000000000e+02
-6.875652313232421875e+01,8.576916503906250000e+01,6.430000000000000000e+02
-6.816336822509765625e+01,8.590254974365234375e+01,6.440000000000000000e+02
-6.756804656982421875e+01,8.603594207763671875e+01,6.450000000000000000e+02
-6.697054290771484375e+01,8.616932678222656250e+01,6.460000000000000000e+02
-6.626828765869140625e+01,8.616932678222656250e+01,6.460000000000000000e+02
-6.566752624511718750e+01,8.630271911621093750e+01,6.470000000000000000e+02
-6.506459045410156250e+01,8.643611145019531250e+01,6.480000000000000000e+02
-6.436016082763671875e+01,8.643611145019531250e+01,6.480000000000000000e+02
-6.375395965576171875e+01,8.656949615478515625e+01,6.490000000000000000e+02
-6.304844284057617188e+01,8.656949615478515625e+01,6.490000000000000000e+02
-6.234292602539062500e+01,8.656949615478515625e+01,6.490000000000000000e+02
-6.163740921020507812e+01,8.656949615478515625e+01,6.490000000000000000e+02
-6.102577590942382812e+01,8.670288848876953125e+01,6.500000000000000000e+02
-6.031917190551757812e+01,8.670288848876953125e+01,6.500000000000000000e+02
-5.961256790161132812e+01,8.670288848876953125e+01,6.500000000000000000e+02
-5.899658584594726562e+01,8.683627319335937500e+01,6.510000000000000000e+02
-5.837843322753906250e+01,8.696966552734375000e+01,6.520000000000000000e+02
-5.775810241699218750e+01,8.710305023193359375e+01,6.530000000000000000e+02
-5.713560104370117188e+01,8.723644256591796875e+01,6.540000000000000000e+02
-5.659719848632812500e+01,8.750321960449218750e+01,6.560000000000000000e+02
-9.709723663330078125e+01,8.808216094970703125e+01,6.550000000000000000e+02
-9.609089660644531250e+01,8.781320953369140625e+01,6.530000000000000000e+02
-9.508889770507812500e+01,8.754425811767578125e+01,6.510000000000000000e+02
-9.409124755859375000e+01,8.727530670166015625e+01,6.490000000000000000e+02
-9.309794616699218750e+01,8.700635528564453125e+01,6.470000000000000000e+02
-9.225179290771484375e+01,8.687187194824218750e+01,6.460000000000000000e+02
-9.126610565185546875e+01,8.660292053222656250e+01,6.440000000000000000e+02
-9.042539215087890625e+01,8.646844482421875000e+01,6.430000000000000000e+02
-8.944729614257812500e+01,8.619949340820312500e+01,6.410000000000000000e+02
-8.861202239990234375e+01,8.606501770019531250e+01,6.400000000000000000e+02
-8.777891540527343750e+01,8.593054199218750000e+01,6.390000000000000000e+02
-8.708427429199218750e+01,8.593054199218750000e+01,6.390000000000000000e+02
-8.638962554931640625e+01,8.593054199218750000e+01,6.390000000000000000e+02
-8.556086730957031250e+01,8.579606628417968750e+01,6.380000000000000000e+02
-8.473429107666015625e+01,8.566158294677734375e+01,6.370000000000000000e+02
-8.404181671142578125e+01,8.566158294677734375e+01,6.370000000000000000e+02
-8.334934234619140625e+01,8.566158294677734375e+01,6.370000000000000000e+02
-8.265686798095703125e+01,8.566158294677734375e+01,6.370000000000000000e+02
-8.183572387695312500e+01,8.552710723876953125e+01,6.360000000000000000e+02
-8.114434051513671875e+01,8.552710723876953125e+01,6.360000000000000000e+02
-8.045295715332031250e+01,8.552710723876953125e+01,6.360000000000000000e+02
-7.976156616210937500e+01,8.552710723876953125e+01,6.360000000000000000e+02
-7.907018280029296875e+01,8.552710723876953125e+01,6.360000000000000000e+02
-7.837879943847656250e+01,8.552710723876953125e+01,6.360000000000000000e+02
-7.768740844726562500e+01,8.552710723876953125e+01,6.360000000000000000e+02
-7.711708831787109375e+01,8.566158294677734375e+01,6.370000000000000000e+02
-7.642461395263671875e+01,8.566158294677734375e+01,6.370000000000000000e+02
-7.573214721679687500e+01,8.566158294677734375e+01,6.370000000000000000e+02
-7.515747070312500000e+01,8.579606628417968750e+01,6.380000000000000000e+02
-7.446391296386718750e+01,8.579606628417968750e+01,6.380000000000000000e+02
-7.377035522460937500e+01,8.579606628417968750e+01,6.380000000000000000e+02
-7.319132995605468750e+01,8.593054199218750000e+01,6.390000000000000000e+02
-7.261013793945312500e+01,8.606501770019531250e+01,6.400000000000000000e+02
-7.191439819335937500e+01,8.606501770019531250e+01,6.400000000000000000e+02
-7.132994842529296875e+01,8.619949340820312500e+01,6.410000000000000000e+02
-7.074331665039062500e+01,8.633396911621093750e+01,6.420000000000000000e+02
-7.004541015625000000e+01,8.633396911621093750e+01,6.420000000000000000e+02
-6.945552062988281250e+01,8.646844482421875000e+01,6.430000000000000000e+02
-6.886345672607421875e+01,8.660292053222656250e+01,6.440000000000000000e+02
-6.826921844482421875e+01,8.673739624023437500e+01,6.450000000000000000e+02
-6.767280578613281250e+01,8.687187194824218750e+01,6.460000000000000000e+02
-6.707421875000000000e+01,8.700635528564453125e+01,6.470000000000000000e+02
-6.637087249755859375e+01,8.700635528564453125e+01,6.470000000000000000e+02
-6.576902770996093750e+01,8.714083099365234375e+01,6.480000000000000000e+02
-6.516500091552734375e+01,8.727530670166015625e+01,6.490000000000000000e+02
-6.445948028564453125e+01,8.727530670166015625e+01,6.490000000000000000e+02
-6.385219573974609375e+01,8.740978240966796875e+01,6.500000000000000000e+02
-6.314559173583984375e+01,8.740978240966796875e+01,6.500000000000000000e+02
-6.243898391723632812e+01,8.740978240966796875e+01,6.500000000000000000e+02
-6.182735443115234375e+01,8.754425811767578125e+01,6.510000000000000000e+02
-6.111966323852539062e+01,8.754425811767578125e+01,6.510000000000000000e+02
-6.041196823120117188e+01,8.754425811767578125e+01,6.510000000000000000e+02
-5.979598999023437500e+01,8.767873382568359375e+01,6.520000000000000000e+02
-5.908721160888671875e+01,8.767873382568359375e+01,6.520000000000000000e+02
-5.846796798706054688e+01,8.781320953369140625e+01,6.530000000000000000e+02
-5.784655380249023438e+01,8.794768524169921875e+01,6.540000000000000000e+02
-9.852131652832031250e+01,8.879449462890625000e+01,6.550000000000000000e+02
-9.765995025634765625e+01,8.865893554687500000e+01,6.540000000000000000e+02
-9.680075836181640625e+01,8.852336883544921875e+01,6.530000000000000000e+02
-9.579658508300781250e+01,8.825224304199218750e+01,6.510000000000000000e+02
-9.494282531738281250e+01,8.811667633056640625e+01,6.500000000000000000e+02
-9.394626617431640625e+01,8.784555053710937500e+01,6.480000000000000000e+02
-9.295405578613281250e+01,8.757441711425781250e+01,6.460000000000000000e+02
-9.210899353027343750e+01,8.743885803222656250e+01,6.450000000000000000e+02
-9.112438964843750000e+01,8.716772460937500000e+01,6.430000000000000000e+02
-9.028475952148437500e+01,8.703216552734375000e+01,6.420000000000000000e+02
-8.944729614257812500e+01,8.689659881591796875e+01,6.410000000000000000e+02
-8.861202239990234375e+01,8.676103210449218750e+01,6.400000000000000000e+02
-8.777891540527343750e+01,8.662547302246093750e+01,6.390000000000000000e+02
-8.708427429199218750e+01,8.662547302246093750e+01,6.390000000000000000e+02
-8.625443267822265625e+01,8.648990631103515625e+01,6.380000000000000000e+02
-8.556086730957031250e+01,8.648990631103515625e+01,6.380000000000000000e+02
-8.473429107666015625e+01,8.635434722900390625e+01,6.370000000000000000e+02
-8.404181671142578125e+01,8.635434722900390625e+01,6.370000000000000000e+02
-8.321849822998046875e+01,8.621878051757812500e+01,6.360000000000000000e+02
-8.252711486816406250e+01,8.621878051757812500e+01,6.360000000000000000e+02
-8.183572387695312500e+01,8.621878051757812500e+01,6.360000000000000000e+02
-8.101675415039062500e+01,8.608321380615234375e+01,6.350000000000000000e+02
-8.045295715332031250e+01,8.621878051757812500e+01,6.360000000000000000e+02
-7.976156616210937500e+01,8.621878051757812500e+01,6.360000000000000000e+02
-7.907018280029296875e+01,8.621878051757812500e+01,6.360000000000000000e+02
-7.837879943847656250e+01,8.621878051757812500e+01,6.360000000000000000e+02
-7.768740844726562500e+01,8.621878051757812500e+01,6.360000000000000000e+02
-7.699602508544921875e+01,8.621878051757812500e+01,6.360000000000000000e+02
-7.642461395263671875e+01,8.635434722900390625e+01,6.370000000000000000e+02
-7.573214721679687500e+01,8.635434722900390625e+01,6.370000000000000000e+02
-7.503967285156250000e+01,8.635434722900390625e+01,6.370000000000000000e+02
-7.446391296386718750e+01,8.648990631103515625e+01,6.380000000000000000e+02
-7.377035522460937500e+01,8.648990631103515625e+01,6.380000000000000000e+02
-7.319132995605468750e+01,8.662547302246093750e+01,6.390000000000000000e+02
-7.261013793945312500e+01,8.676103210449218750e+01,6.400000000000000000e+02
-7.202676391601562500e+01,8.689659881591796875e+01,6.410000000000000000e+02
-7.144122314453125000e+01,8.703216552734375000e+01,6.420000000000000000e+02
-7.085350799560546875e+01,8.716772460937500000e+01,6.430000000000000000e+02
-7.015451049804687500e+01,8.716772460937500000e+01,6.430000000000000000e+02
-6.956353759765625000e+01,8.730329132080078125e+01,6.440000000000000000e+02
-6.897038269042968750e+01,8.743885803222656250e+01,6.450000000000000000e+02
-6.837506103515625000e+01,8.757441711425781250e+01,6.460000000000000000e+02
-6.777755737304687500e+01,8.770998382568359375e+01,6.470000000000000000e+02
-6.707421875000000000e+01,8.770998382568359375e+01,6.470000000000000000e+02
-6.647345733642578125e+01,8.784555053710937500e+01,6.480000000000000000e+02
-6.587052154541015625e+01,8.798110961914062500e+01,6.490000000000000000e+02
-6.526541137695312500e+01,8.811667633056640625e+01,6.500000000000000000e+02
-6.455880737304687500e+01,8.811667633056640625e+01,6.500000000000000000e+02
-6.395042800903320312e+01,8.825224304199218750e+01,6.510000000000000000e+02
-6.324273681640625000e+01,8.825224304199218750e+01,6.510000000000000000e+02
-6.253504562377929688e+01,8.825224304199218750e+01,6.510000000000000000e+02
-6.192232513427734375e+01,8.838780212402343750e+01,6.520000000000000000e+02
-6.121354675292968750e+01,8.838780212402343750e+01,6.520000000000000000e+02
-6.059756851196289062e+01,8.852336883544921875e+01,6.530000000000000000e+02
-5.988770294189453125e+01,8.852336883544921875e+01,6.530000000000000000e+02
-5.926845932006835938e+01,8.865893554687500000e+01,6.540000000000000000e+02
-5.864704513549804688e+01,8.879449462890625000e+01,6.550000000000000000e+02
-9.923336029052734375e+01,8.950682830810546875e+01,6.550000000000000000e+02
-9.837090301513671875e+01,8.937017822265625000e+01,6.540000000000000000e+02
-9.751062774658203125e+01,8.923352813720703125e+01,6.530000000000000000e+02
-9.650428009033203125e+01,8.896022796630859375e+01,6.510000000000000000e+02
-9.564943695068359375e+01,8.882357025146484375e+01,6.500000000000000000e+02
-9.465069580078125000e+01,8.855027008056640625e+01,6.480000000000000000e+02
-9.380128479003906250e+01,8.841361999511718750e+01,6.470000000000000000e+02
-9.281015777587890625e+01,8.814031219482421875e+01,6.450000000000000000e+02
-9.196618652343750000e+01,8.800366210937500000e+01,6.440000000000000000e+02
-9.112438964843750000e+01,8.786701202392578125e+01,6.430000000000000000e+02
-9.028475952148437500e+01,8.773036193847656250e+01,6.420000000000000000e+02
-8.944729614257812500e+01,8.759370422363281250e+01,6.410000000000000000e+02
-8.861202239990234375e+01,8.745705413818359375e+01,6.400000000000000000e+02
-8.777891540527343750e+01,8.732040405273437500e+01,6.390000000000000000e+02
-8.694799041748046875e+01,8.718375396728515625e+01,6.380000000000000000e+02
-8.625443267822265625e+01,8.718375396728515625e+01,6.380000000000000000e+02
-8.542676544189453125e+01,8.704710388183593750e+01,6.370000000000000000e+02
-8.473429107666015625e+01,8.704710388183593750e+01,6.370000000000000000e+02
-8.390988159179687500e+01,8.691044616699218750e+01,6.360000000000000000e+02
-8.321849822998046875e+01,8.691044616699218750e+01,6.360000000000000000e+02
-8.239735412597656250e+01,8.677379608154296875e+01,6.350000000000000000e+02
-8.170705413818359375e+01,8.677379608154296875e+01,6.350000000000000000e+02
-8.101675415039062500e+01,8.677379608154296875e+01,6.350000000000000000e+02
-8.032645416259765625e+01,8.677379608154296875e+01,6.350000000000000000e+02
-7.963615417480468750e+01,8.677379608154296875e+01,6.350000000000000000e+02
-7.894586181640625000e+01,8.677379608154296875e+01,6.350000000000000000e+02
-7.825556182861328125e+01,8.677379608154296875e+01,6.350000000000000000e+02
-7.768740844726562500e+01,8.691044616699218750e+01,6.360000000000000000e+02
-7.699602508544921875e+01,8.691044616699218750e+01,6.360000000000000000e+02
-7.630464172363281250e+01,8.691044616699218750e+01,6.360000000000000000e+02
-7.573214721679687500e+01,8.704710388183593750e+01,6.370000000000000000e+02
-7.503967285156250000e+01,8.704710388183593750e+01,6.370000000000000000e+02
-7.434719848632812500e+01,8.704710388183593750e+01,6.370000000000000000e+02
-7.377035522460937500e+01,8.718375396728515625e+01,6.380000000000000000e+02
-7.319132995605468750e+01,8.732040405273437500e+01,6.390000000000000000e+02
-7.261013793945312500e+01,8.745705413818359375e+01,6.400000000000000000e+02
-7.202676391601562500e+01,8.759370422363281250e+01,6.410000000000000000e+02
-7.144122314453125000e+01,8.773036193847656250e+01,6.420000000000000000e+02
-7.085350799560546875e+01,8.786701202392578125e+01,6.430000000000000000e+02
-7.026361846923828125e+01,8.800366210937500000e+01,6.440000000000000000e+02
-6.967155456542968750e+01,8.814031219482421875e+01,6.450000000000000000e+02
-6.907731628417968750e+01,8.827696228027343750e+01,6.460000000000000000e+02
-6.848090362548828125e+01,8.841361999511718750e+01,6.470000000000000000e+02
-6.788231658935546875e+01,8.855027008056640625e+01,6.480000000000000000e+02
-6.717788696289062500e+01,8.855027008056640625e+01,6.480000000000000000e+02
-6.657603454589843750e+01,8.868692016601562500e+01,6.490000000000000000e+02
-6.597201538085937500e+01,8.882357025146484375e+01,6.500000000000000000e+02
-6.536582183837890625e+01,8.896022796630859375e+01,6.510000000000000000e+02
-6.465812683105468750e+01,8.896022796630859375e+01,6.510000000000000000e+02
-6.404866027832031250e+01,8.909687805175781250e+01,6.520000000000000000e+02
-6.333988571166992188e+01,8.909687805175781250e+01,6.520000000000000000e+02
-6.272716522216796875e+01,8.923352813720703125e+01,6.530000000000000000e+02
-6.201729965209960938e+01,8.923352813720703125e+01,6.530000000000000000e+02
-6.140131759643554688e+01,8.937017822265625000e+01,6.540000000000000000e+02
-6.078316497802734375e+01,8.950682830810546875e+01,6.550000000000000000e+02
-1.006574401855468750e+02,9.021916198730468750e+01,6.550000000000000000e+02
-9.979280853271484375e+01,9.008142089843750000e+01,6.540000000000000000e+02
-9.893035888671875000e+01,8.994368743896484375e+01,6.530000000000000000e+02
-9.807007598876953125e+01,8.980594635009765625e+01,6.520000000000000000e+02
-9.706264495849609375e+01,8.953047180175781250e+01,6.500000000000000000e+02
-9.620780181884765625e+01,8.939273071289062500e+01,6.490000000000000000e+02
-9.535512542724609375e+01,8.925498962402343750e+01,6.480000000000000000e+02
-9.435856628417968750e+01,8.897950744628906250e+01,6.460000000000000000e+02
-9.351132965087890625e+01,8.884177398681640625e+01,6.450000000000000000e+02
-9.281015777587890625e+01,8.884177398681640625e+01,6.450000000000000000e+02
-9.196618652343750000e+01,8.870403289794921875e+01,6.440000000000000000e+02
-9.112438964843750000e+01,8.856629180908203125e+01,6.430000000000000000e+02
-9.028475952148437500e+01,8.842855834960937500e+01,6.420000000000000000e+02
-8.944729614257812500e+01,8.829081726074218750e+01,6.410000000000000000e+02
-8.861202239990234375e+01,8.815307617187500000e+01,6.400000000000000000e+02
-8.777891540527343750e+01,8.801533508300781250e+01,6.390000000000000000e+02
-8.694799041748046875e+01,8.787759399414062500e+01,6.380000000000000000e+02
-8.611923217773437500e+01,8.773986053466796875e+01,6.370000000000000000e+02
-8.542676544189453125e+01,8.773986053466796875e+01,6.370000000000000000e+02
-8.460127258300781250e+01,8.760211944580078125e+01,6.360000000000000000e+02
-8.390988159179687500e+01,8.760211944580078125e+01,6.360000000000000000e+02
-8.308765411376953125e+01,8.746437835693359375e+01,6.350000000000000000e+02
-8.239735412597656250e+01,8.746437835693359375e+01,6.350000000000000000e+02
-8.170705413818359375e+01,8.746437835693359375e+01,6.350000000000000000e+02
-8.088916778564453125e+01,8.732664489746093750e+01,6.340000000000000000e+02
-8.032645416259765625e+01,8.746437835693359375e+01,6.350000000000000000e+02
-7.963615417480468750e+01,8.746437835693359375e+01,6.350000000000000000e+02
-7.894586181640625000e+01,8.746437835693359375e+01,6.350000000000000000e+02
-7.825556182861328125e+01,8.746437835693359375e+01,6.350000000000000000e+02
-7.756526184082031250e+01,8.746437835693359375e+01,6.350000000000000000e+02
-7.699602508544921875e+01,8.760211944580078125e+01,6.360000000000000000e+02
-7.630464172363281250e+01,8.760211944580078125e+01,6.360000000000000000e+02
-7.573214721679687500e+01,8.773986053466796875e+01,6.370000000000000000e+02
-7.503967285156250000e+01,8.773986053466796875e+01,6.370000000000000000e+02
-7.434719848632812500e+01,8.773986053466796875e+01,6.370000000000000000e+02
-7.377035522460937500e+01,8.787759399414062500e+01,6.380000000000000000e+02
-7.319132995605468750e+01,8.801533508300781250e+01,6.390000000000000000e+02
-7.272358703613281250e+01,8.829081726074218750e+01,6.410000000000000000e+02
-7.213913726806640625e+01,8.842855834960937500e+01,6.420000000000000000e+02
-7.155250549316406250e+01,8.856629180908203125e+01,6.430000000000000000e+02
-7.085350799560546875e+01,8.856629180908203125e+01,6.430000000000000000e+02
-7.026361846923828125e+01,8.870403289794921875e+01,6.440000000000000000e+02
-6.967155456542968750e+01,8.884177398681640625e+01,6.450000000000000000e+02
-6.918424987792968750e+01,8.911724853515625000e+01,6.470000000000000000e+02
-6.858674621582031250e+01,8.925498962402343750e+01,6.480000000000000000e+02
-6.798707580566406250e+01,8.939273071289062500e+01,6.490000000000000000e+02
-6.728155517578125000e+01,8.939273071289062500e+01,6.490000000000000000e+02
-6.667861938476562500e+01,8.953047180175781250e+01,6.500000000000000000e+02
-6.607350921630859375e+01,8.966820526123046875e+01,6.510000000000000000e+02
-6.546622467041015625e+01,8.980594635009765625e+01,6.520000000000000000e+02
-6.485676574707031250e+01,8.994368743896484375e+01,6.530000000000000000e+02
-6.414689636230468750e+01,8.994368743896484375e+01,6.530000000000000000e+02
-6.353417968750000000e+01,9.008142089843750000e+01,6.540000000000000000e+02
-6.282322692871093750e+01,9.008142089843750000e+01,6.540000000000000000e+02
-6.230221939086914062e+01,9.035690307617187500e+01,6.560000000000000000e+02
-1.019256744384765625e+02,9.079267883300781250e+01,6.540000000000000000e+02
-1.010599594116210938e+02,9.065385437011718750e+01,6.530000000000000000e+02
-1.001964111328125000e+02,9.051502990722656250e+01,6.520000000000000000e+02
-9.933504486083984375e+01,9.037619781494140625e+01,6.510000000000000000e+02
-9.847585296630859375e+01,9.023737335205078125e+01,6.500000000000000000e+02
-9.761883544921875000e+01,9.009854888916015625e+01,6.490000000000000000e+02
-9.676399230957031250e+01,8.995971679687500000e+01,6.480000000000000000e+02
-9.591131591796875000e+01,8.982089233398437500e+01,6.470000000000000000e+02
-9.506082153320312500e+01,8.968206787109375000e+01,6.460000000000000000e+02
-9.421250152587890625e+01,8.954323577880859375e+01,6.450000000000000000e+02
-9.336634826660156250e+01,8.940441131591796875e+01,6.440000000000000000e+02
-9.252237701416015625e+01,8.926558685302734375e+01,6.430000000000000000e+02
-9.182337951660156250e+01,8.926558685302734375e+01,6.430000000000000000e+02
-9.084095001220703125e+01,8.898793029785156250e+01,6.410000000000000000e+02
-9.000350189208984375e+01,8.884910583496093750e+01,6.400000000000000000e+02
-8.930775451660156250e+01,8.884910583496093750e+01,6.400000000000000000e+02
-8.847356414794921875e+01,8.871028137207031250e+01,6.390000000000000000e+02
-8.764154815673828125e+01,8.857144927978515625e+01,6.380000000000000000e+02
-8.681170654296875000e+01,8.843262481689453125e+01,6.370000000000000000e+02
-8.598403930664062500e+01,8.829380035400390625e+01,6.360000000000000000e+02
-8.529265594482421875e+01,8.829380035400390625e+01,6.360000000000000000e+02
-8.446824645996093750e+01,8.815497589111328125e+01,6.350000000000000000e+02
-8.377794647216796875e+01,8.815497589111328125e+01,6.350000000000000000e+02
-8.295680236816406250e+01,8.801614379882812500e+01,6.340000000000000000e+02
-8.226759338378906250e+01,8.801614379882812500e+01,6.340000000000000000e+02
-8.157838439941406250e+01,8.801614379882812500e+01,6.340000000000000000e+02
-8.088916778564453125e+01,8.801614379882812500e+01,6.340000000000000000e+02
-8.019995880126953125e+01,8.801614379882812500e+01,6.340000000000000000e+02
-7.951074981689453125e+01,8.801614379882812500e+01,6.340000000000000000e+02
-7.894586181640625000e+01,8.815497589111328125e+01,6.350000000000000000e+02
-7.825556182861328125e+01,8.815497589111328125e+01,6.350000000000000000e+02
-7.756526184082031250e+01,8.815497589111328125e+01,6.350000000000000000e+02
-7.699602508544921875e+01,8.829380035400390625e+01,6.360000000000000000e+02
-7.630464172363281250e+01,8.829380035400390625e+01,6.360000000000000000e+02
-7.561325836181640625e+01,8.829380035400390625e+01,6.360000000000000000e+02
-7.503967285156250000e+01,8.843262481689453125e+01,6.370000000000000000e+02
-7.434719848632812500e+01,8.843262481689453125e+01,6.370000000000000000e+02
-7.377035522460937500e+01,8.857144927978515625e+01,6.380000000000000000e+02
-7.319132995605468750e+01,8.871028137207031250e+01,6.390000000000000000e+02
-7.272358703613281250e+01,8.898793029785156250e+01,6.410000000000000000e+02
-7.213913726806640625e+01,8.912676239013671875e+01,6.420000000000000000e+02
-7.155250549316406250e+01,8.926558685302734375e+01,6.430000000000000000e+02
-7.096369934082031250e+01,8.940441131591796875e+01,6.440000000000000000e+02
-7.037272644042968750e+01,8.954323577880859375e+01,6.450000000000000000e+02
-6.977957153320312500e+01,8.968206787109375000e+01,6.460000000000000000e+02
-6.918424987792968750e+01,8.982089233398437500e+01,6.470000000000000000e+02
-6.869258880615234375e+01,9.009854888916015625e+01,6.490000000000000000e+02
-6.809182739257812500e+01,9.023737335205078125e+01,6.500000000000000000e+02
-6.738522338867187500e+01,9.023737335205078125e+01,6.500000000000000000e+02
-6.678120422363281250e+01,9.037619781494140625e+01,6.510000000000000000e+02
-6.617500305175781250e+01,9.051502990722656250e+01,6.520000000000000000e+02
-6.556663513183593750e+01,9.065385437011718750e+01,6.530000000000000000e+02
-6.495609283447265625e+01,9.079267883300781250e+01,6.540000000000000000e+02
-6.434336853027343750e+01,9.093150329589843750e+01,6.550000000000000000e+02
-6.363132476806640625e+01,9.093150329589843750e+01,6.550000000000000000e+02
-6.301534652709960938e+01,9.107033538818359375e+01,6.560000000000000000e+02
-1.033475799560546875e+02,9.150392913818359375e+01,6.540000000000000000e+02
-1.024796905517578125e+02,9.136401367187500000e+01,6.530000000000000000e+02
-1.014581222534179688e+02,9.108418273925781250e+01,6.510000000000000000e+02
-1.007504272460937500e+02,9.108418273925781250e+01,6.510000000000000000e+02
-9.973538970947265625e+01,9.080435180664062500e+01,6.490000000000000000e+02
-9.887728118896484375e+01,9.066443634033203125e+01,6.480000000000000000e+02
-9.802134704589843750e+01,9.052452850341796875e+01,6.470000000000000000e+02
-9.731800842285156250e+01,9.052452850341796875e+01,6.470000000000000000e+02
-9.646533203125000000e+01,9.038461303710937500e+01,6.460000000000000000e+02
-9.561483764648437500e+01,9.024469757080078125e+01,6.450000000000000000e+02
-9.476651763916015625e+01,9.010478210449218750e+01,6.440000000000000000e+02
-9.392036437988281250e+01,8.996486663818359375e+01,6.430000000000000000e+02
-9.307639312744140625e+01,8.982495117187500000e+01,6.420000000000000000e+02
-9.223459625244140625e+01,8.968504333496093750e+01,6.410000000000000000e+02
-9.139496612548828125e+01,8.954512786865234375e+01,6.400000000000000000e+02
-9.069923400878906250e+01,8.954512786865234375e+01,6.400000000000000000e+02
-8.972223663330078125e+01,8.926529693603515625e+01,6.380000000000000000e+02
-8.902867126464843750e+01,8.926529693603515625e+01,6.380000000000000000e+02
-8.819665527343750000e+01,8.912538146972656250e+01,6.370000000000000000e+02
-8.736681365966796875e+01,8.898546600341796875e+01,6.360000000000000000e+02
-8.667542266845703125e+01,8.898546600341796875e+01,6.360000000000000000e+02
-8.584884643554687500e+01,8.884555816650390625e+01,6.350000000000000000e+02
-8.515854644775390625e+01,8.884555816650390625e+01,6.350000000000000000e+02
-8.433522796630859375e+01,8.870564270019531250e+01,6.340000000000000000e+02
-8.364601898193359375e+01,8.870564270019531250e+01,6.340000000000000000e+02
-8.295680236816406250e+01,8.870564270019531250e+01,6.340000000000000000e+02
-8.226759338378906250e+01,8.870564270019531250e+01,6.340000000000000000e+02
-8.157838439941406250e+01,8.870564270019531250e+01,6.340000000000000000e+02
-8.088916778564453125e+01,8.870564270019531250e+01,6.340000000000000000e+02
-8.019995880126953125e+01,8.870564270019531250e+01,6.340000000000000000e+02
-7.951074981689453125e+01,8.870564270019531250e+01,6.340000000000000000e+02
-7.882153320312500000e+01,8.870564270019531250e+01,6.340000000000000000e+02
-7.813232421875000000e+01,8.870564270019531250e+01,6.340000000000000000e+02
-7.756526184082031250e+01,8.884555816650390625e+01,6.350000000000000000e+02
-7.687496185302734375e+01,8.884555816650390625e+01,6.350000000000000000e+02
-7.630464172363281250e+01,8.898546600341796875e+01,6.360000000000000000e+02
-7.561325836181640625e+01,8.898546600341796875e+01,6.360000000000000000e+02
-7.503967285156250000e+01,8.912538146972656250e+01,6.370000000000000000e+02
-7.434719848632812500e+01,8.912538146972656250e+01,6.370000000000000000e+02
-7.377035522460937500e+01,8.926529693603515625e+01,6.380000000000000000e+02
-7.319132995605468750e+01,8.940521240234375000e+01,6.390000000000000000e+02
-7.272358703613281250e+01,8.968504333496093750e+01,6.410000000000000000e+02
-7.213913726806640625e+01,8.982495117187500000e+01,6.420000000000000000e+02
-7.155250549316406250e+01,8.996486663818359375e+01,6.430000000000000000e+02
-7.096369934082031250e+01,9.010478210449218750e+01,6.440000000000000000e+02
-7.048182678222656250e+01,9.038461303710937500e+01,6.460000000000000000e+02
-6.988758850097656250e+01,9.052452850341796875e+01,6.470000000000000000e+02
-6.929117584228515625e+01,9.066443634033203125e+01,6.480000000000000000e+02
-6.869258880615234375e+01,9.080435180664062500e+01,6.490000000000000000e+02
-6.819658660888671875e+01,9.108418273925781250e+01,6.510000000000000000e+02
-6.748889160156250000e+01,9.108418273925781250e+01,6.510000000000000000e+02
-6.688378143310546875e+01,9.122409820556640625e+01,6.520000000000000000e+02
-6.627650451660156250e+01,9.136401367187500000e+01,6.530000000000000000e+02
-6.566704559326171875e+01,9.150392913818359375e+01,6.540000000000000000e+02
-6.505541229248046875e+01,9.164383697509765625e+01,6.550000000000000000e+02
-6.444159698486328125e+01,9.178375244140625000e+01,6.560000000000000000e+02
-6.382561874389648438e+01,9.192366790771484375e+01,6.570000000000000000e+02
-1.046092834472656250e+02,9.207417297363281250e+01,6.530000000000000000e+02
-1.037403106689453125e+02,9.193316650390625000e+01,6.520000000000000000e+02
-1.028735046386718750e+02,9.179216766357421875e+01,6.510000000000000000e+02
-1.018519439697265625e+02,9.151016235351562500e+01,6.490000000000000000e+02
-1.009905700683593750e+02,9.136916351318359375e+01,6.480000000000000000e+02
-1.001313781738281250e+02,9.122815704345703125e+01,6.470000000000000000e+02
-9.927436065673828125e+01,9.108715820312500000e+01,6.460000000000000000e+02
-9.841951751708984375e+01,9.094615173339843750e+01,6.450000000000000000e+02
-9.756684875488281250e+01,9.080515289306640625e+01,6.440000000000000000e+02
-9.671634674072265625e+01,9.066415405273437500e+01,6.430000000000000000e+02
-9.586802673339843750e+01,9.052314758300781250e+01,6.420000000000000000e+02
-9.517012023925781250e+01,9.052314758300781250e+01,6.420000000000000000e+02
-9.432505798339843750e+01,9.038214874267578125e+01,6.410000000000000000e+02
-9.348217010498046875e+01,9.024114990234375000e+01,6.400000000000000000e+02
-9.278643798828125000e+01,9.024114990234375000e+01,6.400000000000000000e+02
-9.194680786132812500e+01,9.010014343261718750e+01,6.390000000000000000e+02
-9.110935974121093750e+01,8.995914459228515625e+01,6.380000000000000000e+02
-9.027407836914062500e+01,8.981813812255859375e+01,6.370000000000000000e+02
-8.958161163330078125e+01,8.981813812255859375e+01,6.370000000000000000e+02
-8.874958038330078125e+01,8.967713928222656250e+01,6.360000000000000000e+02
-8.791973876953125000e+01,8.953614044189453125e+01,6.350000000000000000e+02
-8.709207153320312500e+01,8.939513397216796875e+01,6.340000000000000000e+02
-8.640286254882812500e+01,8.939513397216796875e+01,6.340000000000000000e+02
-8.571365356445312500e+01,8.939513397216796875e+01,6.340000000000000000e+02
-8.489032745361328125e+01,8.925413513183593750e+01,6.330000000000000000e+02
-8.420220947265625000e+01,8.925413513183593750e+01,6.330000000000000000e+02
-8.351408386230468750e+01,8.925413513183593750e+01,6.330000000000000000e+02
-8.282595825195312500e+01,8.925413513183593750e+01,6.330000000000000000e+02
-8.213783264160156250e+01,8.925413513183593750e+01,6.330000000000000000e+02
-8.144970703125000000e+01,8.925413513183593750e+01,6.330000000000000000e+02
-8.076158142089843750e+01,8.925413513183593750e+01,6.330000000000000000e+02
-8.007346343994140625e+01,8.925413513183593750e+01,6.330000000000000000e+02
-7.938533782958984375e+01,8.925413513183593750e+01,6.330000000000000000e+02
-7.882153320312500000e+01,8.939513397216796875e+01,6.340000000000000000e+02
-7.813232421875000000e+01,8.939513397216796875e+01,6.340000000000000000e+02
-7.744311523437500000e+01,8.939513397216796875e+01,6.340000000000000000e+02
-7.687496185302734375e+01,8.953614044189453125e+01,6.350000000000000000e+02
-7.618466186523437500e+01,8.953614044189453125e+01,6.350000000000000000e+02
-7.561325836181640625e+01,8.967713928222656250e+01,6.360000000000000000e+02
-7.492186737060546875e+01,8.967713928222656250e+01,6.360000000000000000e+02
-7.434719848632812500e+01,8.981813812255859375e+01,6.370000000000000000e+02
-7.377035522460937500e+01,8.995914459228515625e+01,6.380000000000000000e+02
-7.319132995605468750e+01,9.010014343261718750e+01,6.390000000000000000e+02
-7.272358703613281250e+01,9.038214874267578125e+01,6.410000000000000000e+02
-7.213913726806640625e+01,9.052314758300781250e+01,6.420000000000000000e+02
-7.155250549316406250e+01,9.066415405273437500e+01,6.430000000000000000e+02
-7.107389068603515625e+01,9.094615173339843750e+01,6.450000000000000000e+02
-7.048182678222656250e+01,9.108715820312500000e+01,6.460000000000000000e+02
-6.999560546875000000e+01,9.136916351318359375e+01,6.480000000000000000e+02
-6.939810943603515625e+01,9.151016235351562500e+01,6.490000000000000000e+02
-6.890428161621093750e+01,9.179216766357421875e+01,6.510000000000000000e+02
-6.830134582519531250e+01,9.193316650390625000e+01,6.520000000000000000e+02
-6.769623565673828125e+01,9.207417297363281250e+01,6.530000000000000000e+02
-6.708895111083984375e+01,9.221517181396484375e+01,6.540000000000000000e+02
-6.647949218750000000e+01,9.235617065429687500e+01,6.550000000000000000e+02
-6.576744842529296875e+01,9.235617065429687500e+01,6.550000000000000000e+02
-6.515473175048828125e+01,9.249717712402343750e+01,6.560000000000000000e+02
-1.058666458129882812e+02,9.264223480224609375e+01,6.520000000000000000e+02
-1.049965820312500000e+02,9.250014495849609375e+01,6.510000000000000000e+02
-1.041286926269531250e+02,9.235806274414062500e+01,6.500000000000000000e+02
-1.032629776000976562e+02,9.221597290039062500e+01,6.490000000000000000e+02
-1.022414093017578125e+02,9.193179321289062500e+01,6.470000000000000000e+02
-1.012241973876953125e+02,9.164761352539062500e+01,6.450000000000000000e+02
-1.003671722412109375e+02,9.150552368164062500e+01,6.440000000000000000e+02
-9.951232910156250000e+01,9.136343383789062500e+01,6.430000000000000000e+02
-9.865966033935546875e+01,9.122134399414062500e+01,6.420000000000000000e+02
-9.780916595458984375e+01,9.107925415039062500e+01,6.410000000000000000e+02
-9.696083831787109375e+01,9.093716430664062500e+01,6.400000000000000000e+02
-9.626510620117187500e+01,9.093716430664062500e+01,6.400000000000000000e+02
-9.542004394531250000e+01,9.079507446289062500e+01,6.390000000000000000e+02
-9.472539520263671875e+01,9.079507446289062500e+01,6.390000000000000000e+02
-9.388359832763671875e+01,9.065298461914062500e+01,6.380000000000000000e+02
-9.319004058837890625e+01,9.065298461914062500e+01,6.380000000000000000e+02
-9.235150146484375000e+01,9.051089477539062500e+01,6.370000000000000000e+02
-9.165902709960937500e+01,9.051089477539062500e+01,6.370000000000000000e+02
-9.082374572753906250e+01,9.036881256103515625e+01,6.360000000000000000e+02
-8.999064636230468750e+01,9.022672271728515625e+01,6.350000000000000000e+02
-8.930034637451171875e+01,9.022672271728515625e+01,6.350000000000000000e+02
-8.847049713134765625e+01,9.008463287353515625e+01,6.340000000000000000e+02
-8.764282989501953125e+01,8.994254302978515625e+01,6.330000000000000000e+02
-8.695470428466796875e+01,8.994254302978515625e+01,6.330000000000000000e+02
-8.613029479980468750e+01,8.980045318603515625e+01,6.320000000000000000e+02
-8.544326019287109375e+01,8.980045318603515625e+01,6.320000000000000000e+02
-8.475622558593750000e+01,8.980045318603515625e+01,6.320000000000000000e+02
-8.406918334960937500e+01,8.980045318603515625e+01,6.320000000000000000e+02
-8.338214874267578125e+01,8.980045318603515625e+01,6.320000000000000000e+02
-8.269511413574218750e+01,8.980045318603515625e+01,6.320000000000000000e+02
-8.200807189941406250e+01,8.980045318603515625e+01,6.320000000000000000e+02
-8.132103729248046875e+01,8.980045318603515625e+01,6.320000000000000000e+02
-8.076158142089843750e+01,8.994254302978515625e+01,6.330000000000000000e+02
-8.007346343994140625e+01,8.994254302978515625e+01,6.330000000000000000e+02
-7.938533782958984375e+01,8.994254302978515625e+01,6.330000000000000000e+02
-7.869721221923828125e+01,8.994254302978515625e+01,6.330000000000000000e+02
-7.813232421875000000e+01,9.008463287353515625e+01,6.340000000000000000e+02
-7.744311523437500000e+01,9.008463287353515625e+01,6.340000000000000000e+02
-7.687496185302734375e+01,9.022672271728515625e+01,6.350000000000000000e+02
-7.618466186523437500e+01,9.022672271728515625e+01,6.350000000000000000e+02
-7.561325836181640625e+01,9.036881256103515625e+01,6.360000000000000000e+02
-7.492186737060546875e+01,9.036881256103515625e+01,6.360000000000000000e+02
-7.434719848632812500e+01,9.051089477539062500e+01,6.370000000000000000e+02
-7.365472412109375000e+01,9.051089477539062500e+01,6.370000000000000000e+02
-7.319132995605468750e+01,9.079507446289062500e+01,6.390000000000000000e+02
-7.272358703613281250e+01,9.107925415039062500e+01,6.410000000000000000e+02
-7.213913726806640625e+01,9.122134399414062500e+01,6.420000000000000000e+02
-7.166378021240234375e+01,9.150552368164062500e+01,6.440000000000000000e+02
-7.107389068603515625e+01,9.164761352539062500e+01,6.450000000000000000e+02
-7.059093475341796875e+01,9.193179321289062500e+01,6.470000000000000000e+02
-7.010362243652343750e+01,9.221597290039062500e+01,6.490000000000000000e+02
-6.950504302978515625e+01,9.235806274414062500e+01,6.500000000000000000e+02
-6.901012420654296875e+01,9.264223480224609375e+01,6.520000000000000000e+02
-6.840609741210937500e+01,9.278432464599609375e+01,6.530000000000000000e+02
-6.779990386962890625e+01,9.292641448974609375e+01,6.540000000000000000e+02
-6.719153594970703125e+01,9.306850433349609375e+01,6.550000000000000000e+02
-6.647949218750000000e+01,9.306850433349609375e+01,6.550000000000000000e+02
-6.586785888671875000e+01,9.321059417724609375e+01,6.560000000000000000e+02
-1.053795318603515625e+02,9.292177581787109375e+01,6.490000000000000000e+02
-1.045127258300781250e+02,9.277860260009765625e+01,6.480000000000000000e+02
-1.036481018066406250e+02,9.263542175292968750e+01,6.470000000000000000e+02
-1.026265335083007812e+02,9.234906768798828125e+01,6.450000000000000000e+02
-1.016093139648437500e+02,9.206271362304687500e+01,6.430000000000000000e+02
-0.000000000000000000e+00,0.000000000000000000e+00,0.000000000000000000e+00
-9.989962768554687500e+01,9.177635955810546875e+01,6.410000000000000000e+02
-9.904804229736328125e+01,9.163318634033203125e+01,6.400000000000000000e+02
-9.819863128662109375e+01,9.149001312255859375e+01,6.390000000000000000e+02
-9.735139465332031250e+01,9.134683227539062500e+01,6.380000000000000000e+02
-9.665783691406250000e+01,9.134683227539062500e+01,6.380000000000000000e+02
-9.581386566162109375e+01,9.120365905761718750e+01,6.370000000000000000e+02
-9.512139129638671875e+01,9.120365905761718750e+01,6.370000000000000000e+02
-9.442891693115234375e+01,9.120365905761718750e+01,6.370000000000000000e+02
-9.358929443359375000e+01,9.106047821044921875e+01,6.360000000000000000e+02
-0.000000000000000000e+00,0.000000000000000000e+00,0.000000000000000000e+00
-9.206153869628906250e+01,9.091730499267578125e+01,6.350000000000000000e+02
-9.137124633789062500e+01,9.091730499267578125e+01,6.350000000000000000e+02
-9.053813934326171875e+01,9.077412414550781250e+01,6.340000000000000000e+02
-8.970721435546875000e+01,9.063095092773437500e+01,6.330000000000000000e+02
-8.901908874511718750e+01,9.063095092773437500e+01,6.330000000000000000e+02
-8.819140625000000000e+01,9.048777008056640625e+01,6.320000000000000000e+02
-8.750437164306640625e+01,9.048777008056640625e+01,6.320000000000000000e+02
-8.667996215820312500e+01,9.034459686279296875e+01,6.310000000000000000e+02
-8.599401855468750000e+01,9.034459686279296875e+01,6.310000000000000000e+02
-8.530806732177734375e+01,9.034459686279296875e+01,6.310000000000000000e+02
-8.462211608886718750e+01,9.034459686279296875e+01,6.310000000000000000e+02
-8.393616485595703125e+01,9.034459686279296875e+01,6.310000000000000000e+02
-8.325021362304687500e+01,9.034459686279296875e+01,6.310000000000000000e+02
-8.256426239013671875e+01,9.034459686279296875e+01,6.310000000000000000e+02
-8.187831115722656250e+01,9.034459686279296875e+01,6.310000000000000000e+02
-8.132103729248046875e+01,9.048777008056640625e+01,6.320000000000000000e+02
-8.063399505615234375e+01,9.048777008056640625e+01,6.320000000000000000e+02
-7.994696044921875000e+01,9.048777008056640625e+01,6.320000000000000000e+02
-7.925992584228515625e+01,9.048777008056640625e+01,6.320000000000000000e+02
-7.869721221923828125e+01,9.063095092773437500e+01,6.330000000000000000e+02
-7.800908660888671875e+01,9.063095092773437500e+01,6.330000000000000000e+02
-7.744311523437500000e+01,9.077412414550781250e+01,6.340000000000000000e+02
-7.675389862060546875e+01,9.077412414550781250e+01,6.340000000000000000e+02
-7.618466186523437500e+01,9.091730499267578125e+01,6.350000000000000000e+02
-7.561325836181640625e+01,9.106047821044921875e+01,6.360000000000000000e+02
-7.492186737060546875e+01,9.106047821044921875e+01,6.360000000000000000e+02
-7.434719848632812500e+01,9.120365905761718750e+01,6.370000000000000000e+02
-7.377035522460937500e+01,9.134683227539062500e+01,6.380000000000000000e+02
-7.319132995605468750e+01,9.149001312255859375e+01,6.390000000000000000e+02
-7.272358703613281250e+01,9.177635955810546875e+01,6.410000000000000000e+02
-7.225150299072265625e+01,9.206271362304687500e+01,6.430000000000000000e+02
-7.166378021240234375e+01,9.220589447021484375e+01,6.440000000000000000e+02
-7.118408203125000000e+01,9.249224853515625000e+01,6.460000000000000000e+02
-7.070004272460937500e+01,9.277860260009765625e+01,6.480000000000000000e+02
-7.021164703369140625e+01,9.306495666503906250e+01,6.500000000000000000e+02
-6.961196899414062500e+01,9.320812988281250000e+01,6.510000000000000000e+02
-6.901012420654296875e+01,9.335131072998046875e+01,6.520000000000000000e+02
-6.851085662841796875e+01,9.363766479492187500e+01,6.540000000000000000e+02
-6.790357208251953125e+01,9.378083801269531250e+01,6.550000000000000000e+02
-6.729411315917968750e+01,9.392401885986328125e+01,6.560000000000000000e+02
-6.658098602294921875e+01,9.392401885986328125e+01,6.560000000000000000e+02
-1.060850448608398438e+02,9.362758636474609375e+01,6.490000000000000000e+02
-1.050547866821289062e+02,9.333905792236328125e+01,6.470000000000000000e+02
-0.000000000000000000e+00,0.000000000000000000e+00,0.000000000000000000e+00
-1.033277053833007812e+02,9.305052947998046875e+01,6.450000000000000000e+02
-1.023083114624023438e+02,9.276200103759765625e+01,6.430000000000000000e+02
-1.012932662963867188e+02,9.247347259521484375e+01,6.410000000000000000e+02
-1.002825698852539062e+02,9.218494415283203125e+01,6.390000000000000000e+02
-9.927622985839843750e+01,9.189641571044921875e+01,6.370000000000000000e+02
-9.858375549316406250e+01,9.189641571044921875e+01,6.370000000000000000e+02
-9.773760986328125000e+01,9.175215148925781250e+01,6.360000000000000000e+02
-9.689363098144531250e+01,9.160788726806640625e+01,6.350000000000000000e+02
-0.000000000000000000e+00,0.000000000000000000e+00,0.000000000000000000e+00
-0.000000000000000000e+00,0.000000000000000000e+00,0.000000000000000000e+00
-9.467340850830078125e+01,9.146362304687500000e+01,6.340000000000000000e+02
-9.398419952392578125e+01,9.146362304687500000e+01,6.340000000000000000e+02
-9.329498291015625000e+01,9.146362304687500000e+01,6.340000000000000000e+02
-9.245970916748046875e+01,9.131935882568359375e+01,6.330000000000000000e+02
-9.177158355712890625e+01,9.131935882568359375e+01,6.330000000000000000e+02
-0.000000000000000000e+00,0.000000000000000000e+00,0.000000000000000000e+00
-9.025253295898437500e+01,9.117509460449218750e+01,6.320000000000000000e+02
-8.942377471923828125e+01,9.103083038330078125e+01,6.310000000000000000e+02
-8.873782348632812500e+01,9.103083038330078125e+01,6.310000000000000000e+02
-8.791232299804687500e+01,9.088656616210937500e+01,6.300000000000000000e+02
-8.722746276855468750e+01,9.088656616210937500e+01,6.300000000000000000e+02
-8.654259490966796875e+01,9.088656616210937500e+01,6.300000000000000000e+02
-8.585773468017578125e+01,9.088656616210937500e+01,6.300000000000000000e+02
-8.517286682128906250e+01,9.088656616210937500e+01,6.300000000000000000e+02
-8.448800659179687500e+01,9.088656616210937500e+01,6.300000000000000000e+02
-8.380314636230468750e+01,9.088656616210937500e+01,6.300000000000000000e+02
-8.311827850341796875e+01,9.088656616210937500e+01,6.300000000000000000e+02
-8.256426239013671875e+01,9.103083038330078125e+01,6.310000000000000000e+02
-8.187831115722656250e+01,9.103083038330078125e+01,6.310000000000000000e+02
-8.119235992431640625e+01,9.103083038330078125e+01,6.310000000000000000e+02
-8.050641632080078125e+01,9.103083038330078125e+01,6.310000000000000000e+02
-7.994696044921875000e+01,9.117509460449218750e+01,6.320000000000000000e+02
-7.925992584228515625e+01,9.117509460449218750e+01,6.320000000000000000e+02
-7.857288360595703125e+01,9.117509460449218750e+01,6.320000000000000000e+02
-7.800908660888671875e+01,9.131935882568359375e+01,6.330000000000000000e+02
-7.744311523437500000e+01,9.146362304687500000e+01,6.340000000000000000e+02
-7.675389862060546875e+01,9.146362304687500000e+01,6.340000000000000000e+02
-7.618466186523437500e+01,9.160788726806640625e+01,6.350000000000000000e+02
-7.561325836181640625e+01,9.175215148925781250e+01,6.360000000000000000e+02
-7.492186737060546875e+01,9.175215148925781250e+01,6.360000000000000000e+02
-7.434719848632812500e+01,9.189641571044921875e+01,6.370000000000000000e+02
-7.377035522460937500e+01,9.204067993164062500e+01,6.380000000000000000e+02
-7.319132995605468750e+01,9.218494415283203125e+01,6.390000000000000000e+02
-7.283704376220703125e+01,9.261773681640625000e+01,6.420000000000000000e+02
-7.225150299072265625e+01,9.276200103759765625e+01,6.430000000000000000e+02
-7.177506256103515625e+01,9.305052947998046875e+01,6.450000000000000000e+02
-7.129428100585937500e+01,9.333905792236328125e+01,6.470000000000000000e+02
-7.080914306640625000e+01,9.362758636474609375e+01,6.490000000000000000e+02
-7.031966400146484375e+01,9.391611480712890625e+01,6.510000000000000000e+02
-6.971890258789062500e+01,9.406037902832031250e+01,6.520000000000000000e+02
-6.911596679687500000e+01,9.420464324951171875e+01,6.530000000000000000e+02
-6.861561584472656250e+01,9.449317169189453125e+01,6.550000000000000000e+02
-6.800724029541015625e+01,9.463743591308593750e+01,6.560000000000000000e+02
-0.000000000000000000e+00,0.000000000000000000e+00,0.000000000000000000e+00
-1.057581329345703125e+02,9.404268646240234375e+01,6.470000000000000000e+02
-1.047300415039062500e+02,9.375198364257812500e+01,6.450000000000000000e+02
-1.037062988281250000e+02,9.346128082275390625e+01,6.430000000000000000e+02
-1.026869125366210938e+02,9.317057800292968750e+01,6.410000000000000000e+02
-1.016718673706054688e+02,9.287987518310546875e+01,6.390000000000000000e+02
-1.006611709594726562e+02,9.258917236328125000e+01,6.370000000000000000e+02
-9.965482330322265625e+01,9.229846954345703125e+01,6.350000000000000000e+02
-9.880867767333984375e+01,9.215311431884765625e+01,6.340000000000000000e+02
-0.000000000000000000e+00,0.000000000000000000e+00,0.000000000000000000e+00
-9.727658081054687500e+01,9.200776672363281250e+01,6.330000000000000000e+02
-9.643586730957031250e+01,9.186241149902343750e+01,6.320000000000000000e+02
-9.574883270263671875e+01,9.186241149902343750e+01,6.320000000000000000e+02
-9.506179046630859375e+01,9.186241149902343750e+01,6.320000000000000000e+02
-9.422542572021484375e+01,9.171705627441406250e+01,6.310000000000000000e+02
-9.353947448730468750e+01,9.171705627441406250e+01,6.310000000000000000e+02
-9.285353088378906250e+01,9.171705627441406250e+01,6.310000000000000000e+02
-9.202151489257812500e+01,9.157170867919921875e+01,6.300000000000000000e+02
-9.148162841796875000e+01,9.171705627441406250e+01,6.310000000000000000e+02
-9.065178680419921875e+01,9.157170867919921875e+01,6.300000000000000000e+02
-8.996691894531250000e+01,9.157170867919921875e+01,6.300000000000000000e+02
-8.928205871582031250e+01,9.157170867919921875e+01,6.300000000000000000e+02
-8.859719848632812500e+01,9.157170867919921875e+01,6.300000000000000000e+02
-8.777278137207031250e+01,9.142635345458984375e+01,6.290000000000000000e+02
-8.708900451660156250e+01,9.142635345458984375e+01,6.290000000000000000e+02
-8.640522766113281250e+01,9.142635345458984375e+01,6.290000000000000000e+02
-8.572145080566406250e+01,9.142635345458984375e+01,6.290000000000000000e+02
-8.503767395019531250e+01,9.142635345458984375e+01,6.290000000000000000e+02
-8.435389709472656250e+01,9.142635345458984375e+01,6.290000000000000000e+02
-8.380314636230468750e+01,9.157170867919921875e+01,6.300000000000000000e+02
-8.311827850341796875e+01,9.157170867919921875e+01,6.300000000000000000e+02
-8.243341827392578125e+01,9.157170867919921875e+01,6.300000000000000000e+02
-8.174855041503906250e+01,9.157170867919921875e+01,6.300000000000000000e+02
-8.106369018554687500e+01,9.157170867919921875e+01,6.300000000000000000e+02
-8.050641632080078125e+01,9.171705627441406250e+01,6.310000000000000000e+02
-7.982046508789062500e+01,9.171705627441406250e+01,6.310000000000000000e+02
-7.925992584228515625e+01,9.186241149902343750e+01,6.320000000000000000e+02
-7.857288360595703125e+01,9.186241149902343750e+01,6.320000000000000000e+02
-7.800908660888671875e+01,9.200776672363281250e+01,6.330000000000000000e+02
-7.732096099853515625e+01,9.200776672363281250e+01,6.330000000000000000e+02
-7.675389862060546875e+01,9.215311431884765625e+01,6.340000000000000000e+02
-7.618466186523437500e+01,9.229846954345703125e+01,6.350000000000000000e+02
-7.561325836181640625e+01,9.244381713867187500e+01,6.360000000000000000e+02
-7.503967285156250000e+01,9.258917236328125000e+01,6.370000000000000000e+02
-7.434719848632812500e+01,9.258917236328125000e+01,6.370000000000000000e+02
-7.377035522460937500e+01,9.273451995849609375e+01,6.380000000000000000e+02
-7.342041015625000000e+01,9.317057800292968750e+01,6.410000000000000000e+02
-7.295049285888671875e+01,9.346128082275390625e+01,6.430000000000000000e+02
-7.236386871337890625e+01,9.360663604736328125e+01,6.440000000000000000e+02
-7.188634490966796875e+01,9.389733886718750000e+01,6.460000000000000000e+02
-7.140447235107421875e+01,9.418804168701171875e+01,6.480000000000000000e+02
-7.091825103759765625e+01,9.447874450683593750e+01,6.500000000000000000e+02
-7.042768096923828125e+01,9.476944732666015625e+01,6.520000000000000000e+02
-6.982582855224609375e+01,9.491480255126953125e+01,6.530000000000000000e+02
-6.932765197753906250e+01,9.520550537109375000e+01,6.550000000000000000e+02
-6.861561584472656250e+01,9.520550537109375000e+01,6.550000000000000000e+02
-1.064614715576171875e+02,9.474632263183593750e+01,6.470000000000000000e+02
-1.052677536010742188e+02,9.430700683593750000e+01,6.440000000000000000e+02
-1.042429275512695312e+02,9.401412200927734375e+01,6.420000000000000000e+02
-1.030611648559570312e+02,9.357480621337890625e+01,6.390000000000000000e+02
-0.000000000000000000e+00,0.000000000000000000e+00,0.000000000000000000e+00
-0.000000000000000000e+00,0.000000000000000000e+00,0.000000000000000000e+00
-1.001871032714843750e+02,9.284261322021484375e+01,6.340000000000000000e+02
-9.934095001220703125e+01,9.269616699218750000e+01,6.330000000000000000e+02
-9.849697875976562500e+01,9.254972839355468750e+01,6.320000000000000000e+02
-9.765518188476562500e+01,9.240328979492187500e+01,6.310000000000000000e+02
-9.696923065185546875e+01,9.240328979492187500e+01,6.310000000000000000e+02
-9.613069152832031250e+01,9.225685119628906250e+01,6.300000000000000000e+02
-9.544582366943359375e+01,9.225685119628906250e+01,6.300000000000000000e+02
-9.476096343994140625e+01,9.225685119628906250e+01,6.300000000000000000e+02
-9.392677307128906250e+01,9.211041259765625000e+01,6.290000000000000000e+02
-9.324299621582031250e+01,9.211041259765625000e+01,6.290000000000000000e+02
-9.255921936035156250e+01,9.211041259765625000e+01,6.290000000000000000e+02
-9.172937774658203125e+01,9.196397399902343750e+01,6.280000000000000000e+02
-9.104669189453125000e+01,9.196397399902343750e+01,6.280000000000000000e+02
-9.036399841308593750e+01,9.196397399902343750e+01,6.280000000000000000e+02
-8.968131256103515625e+01,9.196397399902343750e+01,6.280000000000000000e+02
-8.899862670898437500e+01,9.196397399902343750e+01,6.280000000000000000e+02
-8.831593322753906250e+01,9.196397399902343750e+01,6.280000000000000000e+02
-8.763323974609375000e+01,9.196397399902343750e+01,6.280000000000000000e+02
-8.695054626464843750e+01,9.196397399902343750e+01,6.280000000000000000e+02
-8.626786041259765625e+01,9.196397399902343750e+01,6.280000000000000000e+02
-8.558516693115234375e+01,9.196397399902343750e+01,6.280000000000000000e+02
-8.503767395019531250e+01,9.211041259765625000e+01,6.290000000000000000e+02
-8.435389709472656250e+01,9.211041259765625000e+01,6.290000000000000000e+02
-8.367012023925781250e+01,9.211041259765625000e+01,6.290000000000000000e+02
-8.298634338378906250e+01,9.211041259765625000e+01,6.290000000000000000e+02
-8.230257415771484375e+01,9.211041259765625000e+01,6.290000000000000000e+02
-8.161879730224609375e+01,9.211041259765625000e+01,6.290000000000000000e+02
-8.106369018554687500e+01,9.225685119628906250e+01,6.300000000000000000e+02
-8.037882995605468750e+01,9.225685119628906250e+01,6.300000000000000000e+02
-7.982046508789062500e+01,9.240328979492187500e+01,6.310000000000000000e+02
-7.913451385498046875e+01,9.240328979492187500e+01,6.310000000000000000e+02
-7.857288360595703125e+01,9.254972839355468750e+01,6.320000000000000000e+02
-7.800908660888671875e+01,9.269616699218750000e+01,6.330000000000000000e+02
-7.732096099853515625e+01,9.269616699218750000e+01,6.330000000000000000e+02
-7.675389862060546875e+01,9.284261322021484375e+01,6.340000000000000000e+02
-7.618466186523437500e+01,9.298905181884765625e+01,6.350000000000000000e+02
-7.561325836181640625e+01,9.313549041748046875e+01,6.360000000000000000e+02
-7.503967285156250000e+01,9.328192901611328125e+01,6.370000000000000000e+02
-7.446391296386718750e+01,9.342836761474609375e+01,6.380000000000000000e+02
-7.388597869873046875e+01,9.357480621337890625e+01,6.390000000000000000e+02
-7.353495025634765625e+01,9.401412200927734375e+01,6.420000000000000000e+02
-7.306394958496093750e+01,9.430700683593750000e+01,6.440000000000000000e+02
-7.258860015869140625e+01,9.459988403320312500e+01,6.460000000000000000e+02
-7.199761962890625000e+01,9.474632263183593750e+01,6.470000000000000000e+02
-7.151466369628906250e+01,9.503919982910156250e+01,6.490000000000000000e+02
-7.102735137939453125e+01,9.533207702636718750e+01,6.510000000000000000e+02
-7.053569793701171875e+01,9.562496185302734375e+01,6.530000000000000000e+02
-6.993276214599609375e+01,9.577140045166015625e+01,6.540000000000000000e+02
-1.069991836547851562e+02,9.530242919921875000e+01,6.460000000000000000e+02
-1.059678344726562500e+02,9.500737762451171875e+01,6.440000000000000000e+02
-1.047773742675781250e+02,9.456479644775390625e+01,6.410000000000000000e+02
-1.037558059692382812e+02,9.426973724365234375e+01,6.390000000000000000e+02
-1.025773086547851562e+02,9.382715606689453125e+01,6.360000000000000000e+02
-1.017257232666015625e+02,9.367963409423828125e+01,6.350000000000000000e+02
-1.007172012329101562e+02,9.338457489013671875e+01,6.330000000000000000e+02
-9.987105560302734375e+01,9.323705291748046875e+01,6.320000000000000000e+02
-9.902707672119140625e+01,9.308952331542968750e+01,6.310000000000000000e+02
-9.818527984619140625e+01,9.294199371337890625e+01,6.300000000000000000e+02
-9.750041961669921875e+01,9.294199371337890625e+01,6.300000000000000000e+02
-9.666188049316406250e+01,9.279447174072265625e+01,6.290000000000000000e+02
-9.597810363769531250e+01,9.279447174072265625e+01,6.290000000000000000e+02
-9.529432678222656250e+01,9.279447174072265625e+01,6.290000000000000000e+02
-9.446013641357421875e+01,9.264694213867187500e+01,6.280000000000000000e+02
-9.377744293212890625e+01,9.264694213867187500e+01,6.280000000000000000e+02
-9.294651794433593750e+01,9.249941253662109375e+01,6.270000000000000000e+02
-9.241207122802734375e+01,9.264694213867187500e+01,6.280000000000000000e+02
-9.158331298828125000e+01,9.249941253662109375e+01,6.270000000000000000e+02
-9.090171051025390625e+01,9.249941253662109375e+01,6.270000000000000000e+02
-9.022010803222656250e+01,9.249941253662109375e+01,6.270000000000000000e+02
-8.953850555419921875e+01,9.249941253662109375e+01,6.270000000000000000e+02
-8.885690307617187500e+01,9.249941253662109375e+01,6.270000000000000000e+02
-8.817530059814453125e+01,9.249941253662109375e+01,6.270000000000000000e+02
-8.749369049072265625e+01,9.249941253662109375e+01,6.270000000000000000e+02
-8.681208801269531250e+01,9.249941253662109375e+01,6.270000000000000000e+02
-8.613048553466796875e+01,9.249941253662109375e+01,6.270000000000000000e+02
-8.544888305664062500e+01,9.249941253662109375e+01,6.270000000000000000e+02
-8.490248107910156250e+01,9.264694213867187500e+01,6.280000000000000000e+02
-8.421978759765625000e+01,9.264694213867187500e+01,6.280000000000000000e+02
-8.353710174560546875e+01,9.264694213867187500e+01,6.280000000000000000e+02
-8.285441589355468750e+01,9.264694213867187500e+01,6.280000000000000000e+02
-8.230257415771484375e+01,9.279447174072265625e+01,6.290000000000000000e+02
-8.161879730224609375e+01,9.279447174072265625e+01,6.290000000000000000e+02
-8.106369018554687500e+01,9.294199371337890625e+01,6.300000000000000000e+02
-8.037882995605468750e+01,9.294199371337890625e+01,6.300000000000000000e+02
-7.969396209716796875e+01,9.294199371337890625e+01,6.300000000000000000e+02
-7.913451385498046875e+01,9.308952331542968750e+01,6.310000000000000000e+02
-7.857288360595703125e+01,9.323705291748046875e+01,6.320000000000000000e+02
-7.800908660888671875e+01,9.338457489013671875e+01,6.330000000000000000e+02
-7.732096099853515625e+01,9.338457489013671875e+01,6.330000000000000000e+02
-7.687496185302734375e+01,9.367963409423828125e+01,6.350000000000000000e+02
-7.630464172363281250e+01,9.382715606689453125e+01,6.360000000000000000e+02
-7.573214721679687500e+01,9.397468566894531250e+01,6.370000000000000000e+02
-7.515747070312500000e+01,9.412221527099609375e+01,6.380000000000000000e+02
-7.458062744140625000e+01,9.426973724365234375e+01,6.390000000000000000e+02
-7.423286437988281250e+01,9.471231842041015625e+01,6.420000000000000000e+02
-7.376403045654296875e+01,9.500737762451171875e+01,6.440000000000000000e+02
-7.329085540771484375e+01,9.530242919921875000e+01,6.460000000000000000e+02
-7.270096588134765625e+01,9.544995880126953125e+01,6.470000000000000000e+02
-7.222017669677734375e+01,9.574501037597656250e+01,6.490000000000000000e+02
-7.173504638671875000e+01,9.604006195068359375e+01,6.510000000000000000e+02
-7.113645935058593750e+01,9.618759155273437500e+01,6.520000000000000000e+02
-1.065022811889648438e+02,9.555912780761718750e+01,6.430000000000000000e+02
-1.054741973876953125e+02,9.526190185546875000e+01,6.410000000000000000e+02
-1.042869949340820312e+02,9.481605529785156250e+01,6.380000000000000000e+02
-1.032686920166015625e+02,9.451882934570312500e+01,6.360000000000000000e+02
-0.000000000000000000e+00,0.000000000000000000e+00,0.000000000000000000e+00
-0.000000000000000000e+00,0.000000000000000000e+00,0.000000000000000000e+00
-1.003989791870117188e+02,9.377575683593750000e+01,6.310000000000000000e+02
-9.955500793457031250e+01,9.362714385986328125e+01,6.300000000000000000e+02
-9.871320343017578125e+01,9.347853088378906250e+01,6.290000000000000000e+02
-9.802942657470703125e+01,9.347853088378906250e+01,6.290000000000000000e+02
-9.719089508056640625e+01,9.332991027832031250e+01,6.280000000000000000e+02
-9.650820159912109375e+01,9.332991027832031250e+01,6.280000000000000000e+02
-9.567292785644531250e+01,9.318129730224609375e+01,6.270000000000000000e+02
-9.499132537841796875e+01,9.318129730224609375e+01,6.270000000000000000e+02
-9.430972290039062500e+01,9.318129730224609375e+01,6.270000000000000000e+02
-9.362812042236328125e+01,9.318129730224609375e+01,6.270000000000000000e+02
-9.279827880859375000e+01,9.303268432617187500e+01,6.260000000000000000e+02
-9.211775970458984375e+01,9.303268432617187500e+01,6.260000000000000000e+02
-9.143724822998046875e+01,9.303268432617187500e+01,6.260000000000000000e+02
-9.090171051025390625e+01,9.318129730224609375e+01,6.270000000000000000e+02
-9.007621765136718750e+01,9.303268432617187500e+01,6.260000000000000000e+02
-8.939570617675781250e+01,9.303268432617187500e+01,6.260000000000000000e+02
-8.871518707275390625e+01,9.303268432617187500e+01,6.260000000000000000e+02
-8.803467559814453125e+01,9.303268432617187500e+01,6.260000000000000000e+02
-8.735414886474609375e+01,9.303268432617187500e+01,6.260000000000000000e+02
-8.667363739013671875e+01,9.303268432617187500e+01,6.260000000000000000e+02
-8.613048553466796875e+01,9.318129730224609375e+01,6.270000000000000000e+02
-8.544888305664062500e+01,9.318129730224609375e+01,6.270000000000000000e+02
-8.476728820800781250e+01,9.318129730224609375e+01,6.270000000000000000e+02
-8.421978759765625000e+01,9.332991027832031250e+01,6.280000000000000000e+02
-8.353710174560546875e+01,9.332991027832031250e+01,6.280000000000000000e+02
-8.285441589355468750e+01,9.332991027832031250e+01,6.280000000000000000e+02
-8.217172241210937500e+01,9.332991027832031250e+01,6.280000000000000000e+02
-8.161879730224609375e+01,9.347853088378906250e+01,6.290000000000000000e+02
-8.093502044677734375e+01,9.347853088378906250e+01,6.290000000000000000e+02
-8.037882995605468750e+01,9.362714385986328125e+01,6.300000000000000000e+02
-7.982046508789062500e+01,9.377575683593750000e+01,6.310000000000000000e+02
-7.913451385498046875e+01,9.377575683593750000e+01,6.310000000000000000e+02
-7.857288360595703125e+01,9.392436981201171875e+01,6.320000000000000000e+02
-7.800908660888671875e+01,9.407298278808593750e+01,6.330000000000000000e+02
-7.744311523437500000e+01,9.422160339355468750e+01,6.340000000000000000e+02
-7.687496185302734375e+01,9.437021636962890625e+01,6.350000000000000000e+02
-7.642461395263671875e+01,9.466744232177734375e+01,6.370000000000000000e+02
-7.585103607177734375e+01,9.481605529785156250e+01,6.380000000000000000e+02
-7.527527618408203125e+01,9.496467590332031250e+01,6.390000000000000000e+02
-7.481405639648437500e+01,9.526190185546875000e+01,6.410000000000000000e+02
-7.446411895751953125e+01,9.570774841308593750e+01,6.440000000000000000e+02
-7.399311065673828125e+01,9.600497436523437500e+01,6.460000000000000000e+02
-7.340431213378906250e+01,9.615358734130859375e+01,6.470000000000000000e+02
-7.292569732666015625e+01,9.645082092285156250e+01,6.490000000000000000e+02
-7.233145904541015625e+01,9.659943389892578125e+01,6.500000000000000000e+02
-7.184523773193359375e+01,9.689665985107421875e+01,6.520000000000000000e+02
-1.061710128784179688e+02,9.595900726318359375e+01,6.410000000000000000e+02
-1.049805526733398438e+02,9.550990295410156250e+01,6.380000000000000000e+02
-1.039600753784179688e+02,9.521050262451171875e+01,6.360000000000000000e+02
-0.000000000000000000e+00,0.000000000000000000e+00,0.000000000000000000e+00
-0.000000000000000000e+00,0.000000000000000000e+00,0.000000000000000000e+00
-1.009247360229492188e+02,9.431228637695312500e+01,6.300000000000000000e+02
-1.002398681640625000e+02,9.431228637695312500e+01,6.300000000000000000e+02
-9.939698028564453125e+01,9.416258239746093750e+01,6.290000000000000000e+02
-9.855626678466796875e+01,9.401288604736328125e+01,6.280000000000000000e+02
-9.787358093261718750e+01,9.401288604736328125e+01,6.280000000000000000e+02
-9.703612518310546875e+01,9.386318206787109375e+01,6.270000000000000000e+02
-9.635453033447265625e+01,9.386318206787109375e+01,6.270000000000000000e+02
-9.567292785644531250e+01,9.386318206787109375e+01,6.270000000000000000e+02
-9.483982086181640625e+01,9.371347808837890625e+01,6.260000000000000000e+02
-9.415930938720703125e+01,9.371347808837890625e+01,6.260000000000000000e+02
-9.347879028320312500e+01,9.371347808837890625e+01,6.260000000000000000e+02
-9.279827880859375000e+01,9.371347808837890625e+01,6.260000000000000000e+02
-9.211775970458984375e+01,9.371347808837890625e+01,6.260000000000000000e+02
-9.143724822998046875e+01,9.371347808837890625e+01,6.260000000000000000e+02
-9.075672912597656250e+01,9.371347808837890625e+01,6.260000000000000000e+02
-9.007621765136718750e+01,9.371347808837890625e+01,6.260000000000000000e+02
-8.939570617675781250e+01,9.371347808837890625e+01,6.260000000000000000e+02
-8.871518707275390625e+01,9.371347808837890625e+01,6.260000000000000000e+02
-8.803467559814453125e+01,9.371347808837890625e+01,6.260000000000000000e+02
-8.735414886474609375e+01,9.371347808837890625e+01,6.260000000000000000e+02
-8.667363739013671875e+01,9.371347808837890625e+01,6.260000000000000000e+02
-8.599311828613281250e+01,9.371347808837890625e+01,6.260000000000000000e+02
-8.544888305664062500e+01,9.386318206787109375e+01,6.270000000000000000e+02
-8.476728820800781250e+01,9.386318206787109375e+01,6.270000000000000000e+02
-8.421978759765625000e+01,9.401288604736328125e+01,6.280000000000000000e+02
-8.353710174560546875e+01,9.401288604736328125e+01,6.280000000000000000e+02
-8.285441589355468750e+01,9.401288604736328125e+01,6.280000000000000000e+02
-8.217172241210937500e+01,9.401288604736328125e+01,6.280000000000000000e+02
-8.161879730224609375e+01,9.416258239746093750e+01,6.290000000000000000e+02
-8.106369018554687500e+01,9.431228637695312500e+01,6.300000000000000000e+02
-8.037882995605468750e+01,9.431228637695312500e+01,6.300000000000000000e+02
-7.982046508789062500e+01,9.446199035644531250e+01,6.310000000000000000e+02
-7.925992584228515625e+01,9.461169433593750000e+01,6.320000000000000000e+02
-7.869721221923828125e+01,9.476139068603515625e+01,6.330000000000000000e+02
-7.813232421875000000e+01,9.491109466552734375e+01,6.340000000000000000e+02
-7.756526184082031250e+01,9.506079864501953125e+01,6.350000000000000000e+02
-7.711708831787109375e+01,9.536019897460937500e+01,6.370000000000000000e+02
-7.654459381103515625e+01,9.550990295410156250e+01,6.380000000000000000e+02
-7.596992492675781250e+01,9.565960693359375000e+01,6.390000000000000000e+02
-7.551087951660156250e+01,9.595900726318359375e+01,6.410000000000000000e+02
-7.516419982910156250e+01,9.640811157226562500e+01,6.440000000000000000e+02
-7.457974243164062500e+01,9.655781555175781250e+01,6.450000000000000000e+02
-7.410765075683593750e+01,9.685722351074218750e+01,6.470000000000000000e+02
-7.363121795654296875e+01,9.715662384033203125e+01,6.490000000000000000e+02
-7.303806304931640625e+01,9.730632781982421875e+01,6.500000000000000000e+02
-7.255401611328125000e+01,9.760572814941406250e+01,6.520000000000000000e+02
-1.056741180419921875e+02,9.620375061035156250e+01,6.380000000000000000e+02
-1.044869155883789062e+02,9.575138092041015625e+01,6.350000000000000000e+02
-0.000000000000000000e+00,0.000000000000000000e+00,0.000000000000000000e+00
-1.024568328857421875e+02,9.514822387695312500e+01,6.310000000000000000e+02
-1.016095962524414062e+02,9.499742889404296875e+01,6.300000000000000000e+02
-1.007645339965820312e+02,9.484664154052734375e+01,6.290000000000000000e+02
-9.992164611816406250e+01,9.469585418701171875e+01,6.280000000000000000e+02
-9.923896026611328125e+01,9.469585418701171875e+01,6.280000000000000000e+02
-9.839933013916015625e+01,9.454505920410156250e+01,6.270000000000000000e+02
-9.771772766113281250e+01,9.454505920410156250e+01,6.270000000000000000e+02
-9.703612518310546875e+01,9.454505920410156250e+01,6.270000000000000000e+02
-9.620085144042968750e+01,9.439427185058593750e+01,6.260000000000000000e+02
-9.552033996582031250e+01,9.439427185058593750e+01,6.260000000000000000e+02
-9.483982086181640625e+01,9.439427185058593750e+01,6.260000000000000000e+02
-9.415930938720703125e+01,9.439427185058593750e+01,6.260000000000000000e+02
-9.347879028320312500e+01,9.439427185058593750e+01,6.260000000000000000e+02
-9.279827880859375000e+01,9.439427185058593750e+01,6.260000000000000000e+02
-9.211775970458984375e+01,9.439427185058593750e+01,6.260000000000000000e+02
-9.143724822998046875e+01,9.439427185058593750e+01,6.260000000000000000e+02
-9.075672912597656250e+01,9.439427185058593750e+01,6.260000000000000000e+02
-9.007621765136718750e+01,9.439427185058593750e+01,6.260000000000000000e+02
-8.939570617675781250e+01,9.439427185058593750e+01,6.260000000000000000e+02
-8.871518707275390625e+01,9.439427185058593750e+01,6.260000000000000000e+02
-8.803467559814453125e+01,9.439427185058593750e+01,6.260000000000000000e+02
-8.735414886474609375e+01,9.439427185058593750e+01,6.260000000000000000e+02
-8.667363739013671875e+01,9.439427185058593750e+01,6.260000000000000000e+02
-8.599311828613281250e+01,9.439427185058593750e+01,6.260000000000000000e+02
-8.544888305664062500e+01,9.454505920410156250e+01,6.270000000000000000e+02
-8.476728820800781250e+01,9.454505920410156250e+01,6.270000000000000000e+02
-8.421978759765625000e+01,9.469585418701171875e+01,6.280000000000000000e+02
-8.353710174560546875e+01,9.469585418701171875e+01,6.280000000000000000e+02
-8.285441589355468750e+01,9.469585418701171875e+01,6.280000000000000000e+02
-8.217172241210937500e+01,9.469585418701171875e+01,6.280000000000000000e+02
-8.161879730224609375e+01,9.484664154052734375e+01,6.290000000000000000e+02
-8.106369018554687500e+01,9.499742889404296875e+01,6.300000000000000000e+02
-8.050641632080078125e+01,9.514822387695312500e+01,6.310000000000000000e+02
-7.982046508789062500e+01,9.514822387695312500e+01,6.310000000000000000e+02
-7.938533782958984375e+01,9.544979858398437500e+01,6.330000000000000000e+02
-7.882153320312500000e+01,9.560059356689453125e+01,6.340000000000000000e+02
-7.825556182861328125e+01,9.575138092041015625e+01,6.350000000000000000e+02
-7.768740844726562500e+01,9.590216827392578125e+01,6.360000000000000000e+02
-7.711708831787109375e+01,9.605295562744140625e+01,6.370000000000000000e+02
-7.666456604003906250e+01,9.635453796386718750e+01,6.390000000000000000e+02
-7.620769500732421875e+01,9.665612030029296875e+01,6.410000000000000000e+02
-7.562867736816406250e+01,9.680690765380859375e+01,6.420000000000000000e+02
-7.528091430664062500e+01,9.725927734375000000e+01,6.450000000000000000e+02
-7.481099700927734375e+01,9.756085205078125000e+01,6.470000000000000000e+02
-7.433673095703125000e+01,9.786243438720703125e+01,6.490000000000000000e+02
-7.374466705322265625e+01,9.801322174072265625e+01,6.500000000000000000e+02
-7.326279449462890625e+01,9.831480407714843750e+01,6.520000000000000000e+02
-0.000000000000000000e+00,0.000000000000000000e+00,0.000000000000000000e+00
-1.041578216552734375e+02,9.613820648193359375e+01,6.330000000000000000e+02
-1.031427841186523438e+02,9.583444976806640625e+01,6.310000000000000000e+02
-1.022944564819335938e+02,9.568257904052734375e+01,6.300000000000000000e+02
-1.014483108520507812e+02,9.553070068359375000e+01,6.290000000000000000e+02
-1.006043395996093750e+02,9.537882232666015625e+01,6.280000000000000000e+02
-9.992164611816406250e+01,9.537882232666015625e+01,6.280000000000000000e+02
-9.908093261718750000e+01,9.522694396972656250e+01,6.270000000000000000e+02
-9.839933013916015625e+01,9.522694396972656250e+01,6.270000000000000000e+02
-9.756188201904296875e+01,9.507506561279296875e+01,6.260000000000000000e+02
-9.688136291503906250e+01,9.507506561279296875e+01,6.260000000000000000e+02
-9.620085144042968750e+01,9.507506561279296875e+01,6.260000000000000000e+02
-9.552033996582031250e+01,9.507506561279296875e+01,6.260000000000000000e+02
-9.483982086181640625e+01,9.507506561279296875e+01,6.260000000000000000e+02
-9.400889587402343750e+01,9.492318725585937500e+01,6.250000000000000000e+02
-9.332946777343750000e+01,9.492318725585937500e+01,6.250000000000000000e+02
-9.265003967285156250e+01,9.492318725585937500e+01,6.250000000000000000e+02
-9.197061157226562500e+01,9.492318725585937500e+01,6.250000000000000000e+02
-9.129118347167968750e+01,9.492318725585937500e+01,6.250000000000000000e+02
-9.061175537109375000e+01,9.492318725585937500e+01,6.250000000000000000e+02
-8.993232727050781250e+01,9.492318725585937500e+01,6.250000000000000000e+02
-8.925289916992187500e+01,9.492318725585937500e+01,6.250000000000000000e+02
-8.871518707275390625e+01,9.507506561279296875e+01,6.260000000000000000e+02
-8.803467559814453125e+01,9.507506561279296875e+01,6.260000000000000000e+02
-8.735414886474609375e+01,9.507506561279296875e+01,6.260000000000000000e+02
-8.667363739013671875e+01,9.507506561279296875e+01,6.260000000000000000e+02
-8.599311828613281250e+01,9.507506561279296875e+01,6.260000000000000000e+02
-8.544888305664062500e+01,9.522694396972656250e+01,6.270000000000000000e+02
-8.476728820800781250e+01,9.522694396972656250e+01,6.270000000000000000e+02
-8.421978759765625000e+01,9.537882232666015625e+01,6.280000000000000000e+02
-8.353710174560546875e+01,9.537882232666015625e+01,6.280000000000000000e+02
-8.285441589355468750e+01,9.537882232666015625e+01,6.280000000000000000e+02
-8.230257415771484375e+01,9.553070068359375000e+01,6.290000000000000000e+02
-8.174855041503906250e+01,9.568257904052734375e+01,6.300000000000000000e+02
-8.106369018554687500e+01,9.568257904052734375e+01,6.300000000000000000e+02
-8.050641632080078125e+01,9.583444976806640625e+01,6.310000000000000000e+02
-7.994696044921875000e+01,9.598632812500000000e+01,6.320000000000000000e+02
-7.951074981689453125e+01,9.629008483886718750e+01,6.340000000000000000e+02
-7.894586181640625000e+01,9.644196319580078125e+01,6.350000000000000000e+02
-7.837879943847656250e+01,9.659384155273437500e+01,6.360000000000000000e+02
-7.780956268310546875e+01,9.674571228027343750e+01,6.370000000000000000e+02
-7.735921478271484375e+01,9.704946899414062500e+01,6.390000000000000000e+02
-7.690451812744140625e+01,9.735322570800781250e+01,6.410000000000000000e+02
-7.632658386230468750e+01,9.750510406494140625e+01,6.420000000000000000e+02
-7.598208618164062500e+01,9.796073150634765625e+01,6.450000000000000000e+02
-7.551434326171875000e+01,9.826448822021484375e+01,6.470000000000000000e+02
-7.504225921630859375e+01,9.856824493408203125e+01,6.490000000000000000e+02
-7.445127105712890625e+01,9.872011566162109375e+01,6.500000000000000000e+02
-1.062009582519531250e+02,9.743848419189453125e+01,6.370000000000000000e+02
-1.048459472656250000e+02,9.682662200927734375e+01,6.330000000000000000e+02
-1.038287353515625000e+02,9.652069854736328125e+01,6.310000000000000000e+02
-1.029793243408203125e+02,9.636772918701171875e+01,6.300000000000000000e+02
-1.019697113037109375e+02,9.606179809570312500e+01,6.280000000000000000e+02
-1.012870254516601562e+02,9.606179809570312500e+01,6.280000000000000000e+02
-1.006043395996093750e+02,9.606179809570312500e+01,6.280000000000000000e+02
-9.976253509521484375e+01,9.590883636474609375e+01,6.270000000000000000e+02
-9.908093261718750000e+01,9.590883636474609375e+01,6.270000000000000000e+02
-9.824239349365234375e+01,9.575587463378906250e+01,6.260000000000000000e+02
-9.756188201904296875e+01,9.575587463378906250e+01,6.260000000000000000e+02
-9.688136291503906250e+01,9.575587463378906250e+01,6.260000000000000000e+02
-9.620085144042968750e+01,9.575587463378906250e+01,6.260000000000000000e+02
-9.536775207519531250e+01,9.560290527343750000e+01,6.250000000000000000e+02
-9.468832397460937500e+01,9.560290527343750000e+01,6.250000000000000000e+02
-9.400889587402343750e+01,9.560290527343750000e+01,6.250000000000000000e+02
-9.332946777343750000e+01,9.560290527343750000e+01,6.250000000000000000e+02
-9.265003967285156250e+01,9.560290527343750000e+01,6.250000000000000000e+02
-9.197061157226562500e+01,9.560290527343750000e+01,6.250000000000000000e+02
-9.129118347167968750e+01,9.560290527343750000e+01,6.250000000000000000e+02
-9.061175537109375000e+01,9.560290527343750000e+01,6.250000000000000000e+02
-8.993232727050781250e+01,9.560290527343750000e+01,6.250000000000000000e+02
-8.925289916992187500e+01,9.560290527343750000e+01,6.250000000000000000e+02
-8.857347106933593750e+01,9.560290527343750000e+01,6.250000000000000000e+02
-8.803467559814453125e+01,9.575587463378906250e+01,6.260000000000000000e+02
-8.735414886474609375e+01,9.575587463378906250e+01,6.260000000000000000e+02
-8.667363739013671875e+01,9.575587463378906250e+01,6.260000000000000000e+02
-8.599311828613281250e+01,9.575587463378906250e+01,6.260000000000000000e+02
-8.531260681152343750e+01,9.575587463378906250e+01,6.260000000000000000e+02
-8.476728820800781250e+01,9.590883636474609375e+01,6.270000000000000000e+02
-8.421978759765625000e+01,9.606179809570312500e+01,6.280000000000000000e+02
-8.353710174560546875e+01,9.606179809570312500e+01,6.280000000000000000e+02
-8.298634338378906250e+01,9.621476745605468750e+01,6.290000000000000000e+02
-8.230257415771484375e+01,9.621476745605468750e+01,6.290000000000000000e+02
-8.174855041503906250e+01,9.636772918701171875e+01,6.300000000000000000e+02
-8.119235992431640625e+01,9.652069854736328125e+01,6.310000000000000000e+02
-8.063399505615234375e+01,9.667366027832031250e+01,6.320000000000000000e+02
-8.019995880126953125e+01,9.697959136962890625e+01,6.340000000000000000e+02
-7.963615417480468750e+01,9.713255310058593750e+01,6.350000000000000000e+02
-7.907018280029296875e+01,9.728551483154296875e+01,6.360000000000000000e+02
-7.850203704833984375e+01,9.743848419189453125e+01,6.370000000000000000e+02
-7.805386352539062500e+01,9.774441528320312500e+01,6.390000000000000000e+02
-7.760134124755859375e+01,9.805033874511718750e+01,6.410000000000000000e+02
-7.702449798583984375e+01,9.820330810546875000e+01,6.420000000000000000e+02
-7.680213928222656250e+01,9.881516265869140625e+01,6.460000000000000000e+02
-7.621768951416015625e+01,9.896813201904296875e+01,6.470000000000000000e+02
-7.574777221679687500e+01,9.927405548095703125e+01,6.490000000000000000e+02
-7.515788269042968750e+01,9.942702484130859375e+01,6.500000000000000000e+02
-1.046803131103515625e+02,9.736097717285156250e+01,6.320000000000000000e+02
-1.034996414184570312e+02,9.689882659912109375e+01,6.290000000000000000e+02
-1.028158645629882812e+02,9.689882659912109375e+01,6.290000000000000000e+02
-1.019697113037109375e+02,9.674477386474609375e+01,6.280000000000000000e+02
-1.011257400512695312e+02,9.659072113037109375e+01,6.270000000000000000e+02
-1.004441375732421875e+02,9.659072113037109375e+01,6.270000000000000000e+02
-9.976253509521484375e+01,9.659072113037109375e+01,6.270000000000000000e+02
-9.892291259765625000e+01,9.643666839599609375e+01,6.260000000000000000e+02
-9.824239349365234375e+01,9.643666839599609375e+01,6.260000000000000000e+02
-9.756188201904296875e+01,9.643666839599609375e+01,6.260000000000000000e+02
-9.688136291503906250e+01,9.643666839599609375e+01,6.260000000000000000e+02
-9.604717254638671875e+01,9.628261566162109375e+01,6.250000000000000000e+02
-9.536775207519531250e+01,9.628261566162109375e+01,6.250000000000000000e+02
-9.468832397460937500e+01,9.628261566162109375e+01,6.250000000000000000e+02
-9.400889587402343750e+01,9.628261566162109375e+01,6.250000000000000000e+02
-9.332946777343750000e+01,9.628261566162109375e+01,6.250000000000000000e+02
-9.265003967285156250e+01,9.628261566162109375e+01,6.250000000000000000e+02
-9.197061157226562500e+01,9.628261566162109375e+01,6.250000000000000000e+02
-9.129118347167968750e+01,9.628261566162109375e+01,6.250000000000000000e+02
-9.061175537109375000e+01,9.628261566162109375e+01,6.250000000000000000e+02
-8.993232727050781250e+01,9.628261566162109375e+01,6.250000000000000000e+02
-8.925289916992187500e+01,9.628261566162109375e+01,6.250000000000000000e+02
-8.857347106933593750e+01,9.628261566162109375e+01,6.250000000000000000e+02
-8.789404296875000000e+01,9.628261566162109375e+01,6.250000000000000000e+02
-8.735414886474609375e+01,9.643666839599609375e+01,6.260000000000000000e+02
-8.667363739013671875e+01,9.643666839599609375e+01,6.260000000000000000e+02
-8.599311828613281250e+01,9.643666839599609375e+01,6.260000000000000000e+02
-8.544888305664062500e+01,9.659072113037109375e+01,6.270000000000000000e+02
-8.476728820800781250e+01,9.659072113037109375e+01,6.270000000000000000e+02
-8.421978759765625000e+01,9.674477386474609375e+01,6.280000000000000000e+02
-8.353710174560546875e+01,9.674477386474609375e+01,6.280000000000000000e+02
-8.298634338378906250e+01,9.689882659912109375e+01,6.290000000000000000e+02
-8.243341827392578125e+01,9.705287170410156250e+01,6.300000000000000000e+02
-8.187831115722656250e+01,9.720692443847656250e+01,6.310000000000000000e+02
-8.132103729248046875e+01,9.736097717285156250e+01,6.320000000000000000e+02
-8.076158142089843750e+01,9.751502990722656250e+01,6.330000000000000000e+02
-8.032645416259765625e+01,9.782313537597656250e+01,6.350000000000000000e+02
-7.988697814941406250e+01,9.813124084472656250e+01,6.370000000000000000e+02
-7.931883239746093750e+01,9.828529357910156250e+01,6.380000000000000000e+02
-7.874851226806640625e+01,9.843934631347656250e+01,6.390000000000000000e+02
-7.829816436767578125e+01,9.874745178222656250e+01,6.410000000000000000e+02
-7.772240447998046875e+01,9.890150451660156250e+01,6.420000000000000000e+02
-7.726445007324218750e+01,9.920960235595703125e+01,6.440000000000000000e+02
-7.692102813720703125e+01,9.967176055908203125e+01,6.470000000000000000e+02
-7.645329284667968750e+01,9.997986602783203125e+01,6.490000000000000000e+02
-7.586448669433593750e+01,1.001339187622070312e+02,6.500000000000000000e+02
-1.043490447998046875e+02,9.773802185058593750e+01,6.300000000000000000e+02
-1.033350906372070312e+02,9.742774200439453125e+01,6.280000000000000000e+02
-1.026524047851562500e+02,9.742774200439453125e+01,6.280000000000000000e+02
-1.018073425292968750e+02,9.727259826660156250e+01,6.270000000000000000e+02
-1.011257400512695312e+02,9.727259826660156250e+01,6.270000000000000000e+02
-1.004441375732421875e+02,9.727259826660156250e+01,6.270000000000000000e+02
-9.960342407226562500e+01,9.711746215820312500e+01,6.260000000000000000e+02
-9.892291259765625000e+01,9.711746215820312500e+01,6.260000000000000000e+02
-9.824239349365234375e+01,9.711746215820312500e+01,6.260000000000000000e+02
-9.740602874755859375e+01,9.696231842041015625e+01,6.250000000000000000e+02
-9.672660064697265625e+01,9.696231842041015625e+01,6.250000000000000000e+02
-9.604717254638671875e+01,9.696231842041015625e+01,6.250000000000000000e+02
-9.536775207519531250e+01,9.696231842041015625e+01,6.250000000000000000e+02
-9.468832397460937500e+01,9.696231842041015625e+01,6.250000000000000000e+02
-9.400889587402343750e+01,9.696231842041015625e+01,6.250000000000000000e+02
-9.332946777343750000e+01,9.696231842041015625e+01,6.250000000000000000e+02
-9.265003967285156250e+01,9.696231842041015625e+01,6.250000000000000000e+02
-9.197061157226562500e+01,9.696231842041015625e+01,6.250000000000000000e+02
-9.129118347167968750e+01,9.696231842041015625e+01,6.250000000000000000e+02
-9.061175537109375000e+01,9.696231842041015625e+01,6.250000000000000000e+02
-8.993232727050781250e+01,9.696231842041015625e+01,6.250000000000000000e+02
-8.925289916992187500e+01,9.696231842041015625e+01,6.250000000000000000e+02
-8.857347106933593750e+01,9.696231842041015625e+01,6.250000000000000000e+02
-8.789404296875000000e+01,9.696231842041015625e+01,6.250000000000000000e+02
-8.721460723876953125e+01,9.696231842041015625e+01,6.250000000000000000e+02
-8.667363739013671875e+01,9.711746215820312500e+01,6.260000000000000000e+02
-8.599311828613281250e+01,9.711746215820312500e+01,6.260000000000000000e+02
-8.544888305664062500e+01,9.727259826660156250e+01,6.270000000000000000e+02
-8.476728820800781250e+01,9.727259826660156250e+01,6.270000000000000000e+02
-8.421978759765625000e+01,9.742774200439453125e+01,6.280000000000000000e+02
-8.367012023925781250e+01,9.758287811279296875e+01,6.290000000000000000e+02
-8.311827850341796875e+01,9.773802185058593750e+01,6.300000000000000000e+02
-8.256426239013671875e+01,9.789315795898437500e+01,6.310000000000000000e+02
-8.187831115722656250e+01,9.789315795898437500e+01,6.310000000000000000e+02
-8.144970703125000000e+01,9.820343780517578125e+01,6.330000000000000000e+02
-8.101675415039062500e+01,9.851371765136718750e+01,6.350000000000000000e+02
-8.057945251464843750e+01,9.882399749755859375e+01,6.370000000000000000e+02
-8.001239013671875000e+01,9.897914123535156250e+01,6.380000000000000000e+02
-7.944315338134765625e+01,9.913427734375000000e+01,6.390000000000000000e+02
-7.899497985839843750e+01,9.944455718994140625e+01,6.410000000000000000e+02
-7.842031097412109375e+01,9.959969329833984375e+01,6.420000000000000000e+02
-7.796453094482421875e+01,9.990997314453125000e+01,6.440000000000000000e+02
-7.762437438964843750e+01,1.003753967285156250e+02,6.470000000000000000e+02
-7.703991699218750000e+01,1.005305328369140625e+02,6.480000000000000000e+02
-7.645329284667968750e+01,1.006856765747070312e+02,6.490000000000000000e+02
-1.043490447998046875e+02,9.842316436767578125e+01,6.300000000000000000e+02
-1.033350906372070312e+02,9.811071014404296875e+01,6.280000000000000000e+02
-1.026524047851562500e+02,9.811071014404296875e+01,6.280000000000000000e+02
-1.018073425292968750e+02,9.795448303222656250e+01,6.270000000000000000e+02
-1.011257400512695312e+02,9.795448303222656250e+01,6.270000000000000000e+02
-1.002839431762695312e+02,9.779825592041015625e+01,6.260000000000000000e+02
-9.960342407226562500e+01,9.779825592041015625e+01,6.260000000000000000e+02
-9.892291259765625000e+01,9.779825592041015625e+01,6.260000000000000000e+02
-9.824239349365234375e+01,9.779825592041015625e+01,6.260000000000000000e+02
-9.740602874755859375e+01,9.764202880859375000e+01,6.250000000000000000e+02
-9.672660064697265625e+01,9.764202880859375000e+01,6.250000000000000000e+02
-9.604717254638671875e+01,9.764202880859375000e+01,6.250000000000000000e+02
-9.536775207519531250e+01,9.764202880859375000e+01,6.250000000000000000e+02
-9.468832397460937500e+01,9.764202880859375000e+01,6.250000000000000000e+02
-9.400889587402343750e+01,9.764202880859375000e+01,6.250000000000000000e+02
-9.318013763427734375e+01,9.748580169677734375e+01,6.240000000000000000e+02
-9.250180053710937500e+01,9.748580169677734375e+01,6.240000000000000000e+02
-9.182345581054687500e+01,9.748580169677734375e+01,6.240000000000000000e+02
-9.129118347167968750e+01,9.764202880859375000e+01,6.250000000000000000e+02
-9.061175537109375000e+01,9.764202880859375000e+01,6.250000000000000000e+02
-8.993232727050781250e+01,9.764202880859375000e+01,6.250000000000000000e+02
-8.925289916992187500e+01,9.764202880859375000e+01,6.250000000000000000e+02
-8.857347106933593750e+01,9.764202880859375000e+01,6.250000000000000000e+02
-8.789404296875000000e+01,9.764202880859375000e+01,6.250000000000000000e+02
-8.721460723876953125e+01,9.764202880859375000e+01,6.250000000000000000e+02
-8.667363739013671875e+01,9.779825592041015625e+01,6.260000000000000000e+02
-8.599311828613281250e+01,9.779825592041015625e+01,6.260000000000000000e+02
-8.544888305664062500e+01,9.795448303222656250e+01,6.270000000000000000e+02
-8.476728820800781250e+01,9.795448303222656250e+01,6.270000000000000000e+02
-8.435389709472656250e+01,9.826693725585937500e+01,6.290000000000000000e+02
-8.367012023925781250e+01,9.826693725585937500e+01,6.290000000000000000e+02
-8.311827850341796875e+01,9.842316436767578125e+01,6.300000000000000000e+02
-8.256426239013671875e+01,9.857939147949218750e+01,6.310000000000000000e+02
-8.213783264160156250e+01,9.889184570312500000e+01,6.330000000000000000e+02
-8.157838439941406250e+01,9.904807281494140625e+01,6.340000000000000000e+02
-8.127192687988281250e+01,9.951675415039062500e+01,6.370000000000000000e+02
-8.070594787597656250e+01,9.967298126220703125e+01,6.380000000000000000e+02
-8.026321411132812500e+01,9.998543548583984375e+01,6.400000000000000000e+02
-7.981613159179687500e+01,1.002978897094726562e+02,6.420000000000000000e+02
-7.924145507812500000e+01,1.004541168212890625e+02,6.430000000000000000e+02
-7.866461181640625000e+01,1.006103439331054688e+02,6.440000000000000000e+02
-7.832772064208984375e+01,1.010790252685546875e+02,6.470000000000000000e+02
-7.774435424804687500e+01,1.012352523803710938e+02,6.480000000000000000e+02
-7.715880584716796875e+01,1.013914794921875000e+02,6.490000000000000000e+02
-1.041834182739257812e+02,9.895099639892578125e+01,6.290000000000000000e+02
-1.033350906372070312e+02,9.879367828369140625e+01,6.280000000000000000e+02
-1.026524047851562500e+02,9.879367828369140625e+01,6.280000000000000000e+02
-1.018073425292968750e+02,9.863636779785156250e+01,6.270000000000000000e+02
-1.011257400512695312e+02,9.863636779785156250e+01,6.270000000000000000e+02
-1.002839431762695312e+02,9.847904968261718750e+01,6.260000000000000000e+02
-9.960342407226562500e+01,9.847904968261718750e+01,6.260000000000000000e+02
-9.892291259765625000e+01,9.847904968261718750e+01,6.260000000000000000e+02
-9.808545684814453125e+01,9.832173919677734375e+01,6.250000000000000000e+02
-9.740602874755859375e+01,9.832173919677734375e+01,6.250000000000000000e+02
-9.672660064697265625e+01,9.832173919677734375e+01,6.250000000000000000e+02
-9.604717254638671875e+01,9.832173919677734375e+01,6.250000000000000000e+02
-9.536775207519531250e+01,9.832173919677734375e+01,6.250000000000000000e+02
-9.468832397460937500e+01,9.832173919677734375e+01,6.250000000000000000e+02
-9.400889587402343750e+01,9.832173919677734375e+01,6.250000000000000000e+02
-9.332946777343750000e+01,9.832173919677734375e+01,6.250000000000000000e+02
-9.250180053710937500e+01,9.816442108154296875e+01,6.240000000000000000e+02
-9.182345581054687500e+01,9.816442108154296875e+01,6.240000000000000000e+02
-9.129118347167968750e+01,9.832173919677734375e+01,6.250000000000000000e+02
-9.061175537109375000e+01,9.832173919677734375e+01,6.250000000000000000e+02
-8.978843688964843750e+01,9.816442108154296875e+01,6.240000000000000000e+02
-8.925289916992187500e+01,9.832173919677734375e+01,6.250000000000000000e+02
-8.857347106933593750e+01,9.832173919677734375e+01,6.250000000000000000e+02
-8.789404296875000000e+01,9.832173919677734375e+01,6.250000000000000000e+02
-8.721460723876953125e+01,9.832173919677734375e+01,6.250000000000000000e+02
-8.667363739013671875e+01,9.847904968261718750e+01,6.260000000000000000e+02
-8.599311828613281250e+01,9.847904968261718750e+01,6.260000000000000000e+02
-8.544888305664062500e+01,9.863636779785156250e+01,6.270000000000000000e+02
-8.476728820800781250e+01,9.863636779785156250e+01,6.270000000000000000e+02
-8.435389709472656250e+01,9.895099639892578125e+01,6.290000000000000000e+02
-8.380314636230468750e+01,9.910830688476562500e+01,6.300000000000000000e+02
-8.325021362304687500e+01,9.926562500000000000e+01,6.310000000000000000e+02
-8.269511413574218750e+01,9.942294311523437500e+01,6.320000000000000000e+02
-8.226759338378906250e+01,9.973757171630859375e+01,6.340000000000000000e+02
-8.183572387695312500e+01,1.000522003173828125e+02,6.360000000000000000e+02
-8.139951324462890625e+01,1.003668289184570312e+02,6.380000000000000000e+02
-8.095894622802734375e+01,1.006814575195312500e+02,6.400000000000000000e+02
-8.051403808593750000e+01,1.009960861206054688e+02,6.420000000000000000e+02
-7.994045257568359375e+01,1.011534042358398438e+02,6.430000000000000000e+02
-7.948793029785156250e+01,1.014680328369140625e+02,6.450000000000000000e+02
-7.890891265869140625e+01,1.016253433227539062e+02,6.460000000000000000e+02
-7.844878387451171875e+01,1.019399719238281250e+02,6.480000000000000000e+02
-1.043490447998046875e+02,9.979345703125000000e+01,6.300000000000000000e+02
-1.034996414184570312e+02,9.963505554199218750e+01,6.290000000000000000e+02
-1.026524047851562500e+02,9.947664642333984375e+01,6.280000000000000000e+02
-1.018073425292968750e+02,9.931824493408203125e+01,6.270000000000000000e+02
-1.011257400512695312e+02,9.931824493408203125e+01,6.270000000000000000e+02
-1.002839431762695312e+02,9.915984344482421875e+01,6.260000000000000000e+02
-9.960342407226562500e+01,9.915984344482421875e+01,6.260000000000000000e+02
-9.892291259765625000e+01,9.915984344482421875e+01,6.260000000000000000e+02
-9.808545684814453125e+01,9.900144195556640625e+01,6.250000000000000000e+02
-9.740602874755859375e+01,9.900144195556640625e+01,6.250000000000000000e+02
-9.672660064697265625e+01,9.900144195556640625e+01,6.250000000000000000e+02
-9.604717254638671875e+01,9.900144195556640625e+01,6.250000000000000000e+02
-9.536775207519531250e+01,9.900144195556640625e+01,6.250000000000000000e+02
-9.468832397460937500e+01,9.900144195556640625e+01,6.250000000000000000e+02
-9.400889587402343750e+01,9.900144195556640625e+01,6.250000000000000000e+02
-9.332946777343750000e+01,9.900144195556640625e+01,6.250000000000000000e+02
-9.265003967285156250e+01,9.900144195556640625e+01,6.250000000000000000e+02
-9.197061157226562500e+01,9.900144195556640625e+01,6.250000000000000000e+02
-9.129118347167968750e+01,9.900144195556640625e+01,6.250000000000000000e+02
-9.061175537109375000e+01,9.900144195556640625e+01,6.250000000000000000e+02
-8.993232727050781250e+01,9.900144195556640625e+01,6.250000000000000000e+02
-8.925289916992187500e+01,9.900144195556640625e+01,6.250000000000000000e+02
-8.857347106933593750e+01,9.900144195556640625e+01,6.250000000000000000e+02
-8.789404296875000000e+01,9.900144195556640625e+01,6.250000000000000000e+02
-8.721460723876953125e+01,9.900144195556640625e+01,6.250000000000000000e+02
-8.667363739013671875e+01,9.915984344482421875e+01,6.260000000000000000e+02
-8.599311828613281250e+01,9.915984344482421875e+01,6.260000000000000000e+02
-8.544888305664062500e+01,9.931824493408203125e+01,6.270000000000000000e+02
-8.476728820800781250e+01,9.931824493408203125e+01,6.270000000000000000e+02
-8.435389709472656250e+01,9.963505554199218750e+01,6.290000000000000000e+02
-8.380314636230468750e+01,9.979345703125000000e+01,6.300000000000000000e+02
-8.325021362304687500e+01,9.995185852050781250e+01,6.310000000000000000e+02
-8.282595825195312500e+01,1.002686614990234375e+02,6.330000000000000000e+02
-8.239735412597656250e+01,1.005854644775390625e+02,6.350000000000000000e+02
-8.196440124511718750e+01,1.009022674560546875e+02,6.370000000000000000e+02
-8.152709960937500000e+01,1.012190780639648438e+02,6.390000000000000000e+02
-8.108544921875000000e+01,1.015358810424804688e+02,6.410000000000000000e+02
-8.063945007324218750e+01,1.018526840209960938e+02,6.430000000000000000e+02
-8.018910217285156250e+01,1.021694869995117188e+02,6.450000000000000000e+02
-7.961116790771484375e+01,1.023278884887695312e+02,6.460000000000000000e+02
-7.915321350097656250e+01,1.026446990966796875e+02,6.480000000000000000e+02
-1.034996414184570312e+02,1.003191070556640625e+02,6.290000000000000000e+02
-1.028158645629882812e+02,1.003191070556640625e+02,6.290000000000000000e+02
-1.019697113037109375e+02,1.001596221923828125e+02,6.280000000000000000e+02
-1.011257400512695312e+02,1.000001296997070312e+02,6.270000000000000000e+02
-1.004441375732421875e+02,1.000001296997070312e+02,6.270000000000000000e+02
-9.960342407226562500e+01,9.984063720703125000e+01,6.260000000000000000e+02
-9.892291259765625000e+01,9.984063720703125000e+01,6.260000000000000000e+02
-9.824239349365234375e+01,9.984063720703125000e+01,6.260000000000000000e+02
-9.740602874755859375e+01,9.968115234375000000e+01,6.250000000000000000e+02
-9.672660064697265625e+01,9.968115234375000000e+01,6.250000000000000000e+02
-9.604717254638671875e+01,9.968115234375000000e+01,6.250000000000000000e+02
-9.536775207519531250e+01,9.968115234375000000e+01,6.250000000000000000e+02
-9.468832397460937500e+01,9.968115234375000000e+01,6.250000000000000000e+02
-9.400889587402343750e+01,9.968115234375000000e+01,6.250000000000000000e+02
-9.332946777343750000e+01,9.968115234375000000e+01,6.250000000000000000e+02
-9.265003967285156250e+01,9.968115234375000000e+01,6.250000000000000000e+02
-9.197061157226562500e+01,9.968115234375000000e+01,6.250000000000000000e+02
-9.129118347167968750e+01,9.968115234375000000e+01,6.250000000000000000e+02
-9.061175537109375000e+01,9.968115234375000000e+01,6.250000000000000000e+02
-8.993232727050781250e+01,9.968115234375000000e+01,6.250000000000000000e+02
-8.925289916992187500e+01,9.968115234375000000e+01,6.250000000000000000e+02
-8.857347106933593750e+01,9.968115234375000000e+01,6.250000000000000000e+02
-8.789404296875000000e+01,9.968115234375000000e+01,6.250000000000000000e+02
-8.735414886474609375e+01,9.984063720703125000e+01,6.260000000000000000e+02
-8.667363739013671875e+01,9.984063720703125000e+01,6.260000000000000000e+02
-8.599311828613281250e+01,9.984063720703125000e+01,6.260000000000000000e+02
-8.544888305664062500e+01,1.000001296997070312e+02,6.270000000000000000e+02
-8.476728820800781250e+01,1.000001296997070312e+02,6.270000000000000000e+02
-8.435389709472656250e+01,1.003191070556640625e+02,6.290000000000000000e+02
-8.380314636230468750e+01,1.004785995483398438e+02,6.300000000000000000e+02
-8.338214874267578125e+01,1.007975769042968750e+02,6.320000000000000000e+02
-8.295680236816406250e+01,1.011165618896484375e+02,6.340000000000000000e+02
-8.252711486816406250e+01,1.014355392456054688e+02,6.360000000000000000e+02
-8.209307098388671875e+01,1.017545166015625000e+02,6.380000000000000000e+02
-8.178226470947265625e+01,1.022329864501953125e+02,6.410000000000000000e+02
-8.133843994140625000e+01,1.025519638061523438e+02,6.430000000000000000e+02
-8.089027404785156250e+01,1.028709487915039062e+02,6.450000000000000000e+02
-8.031342315673828125e+01,1.030304336547851562e+02,6.460000000000000000e+02
-7.973440551757812500e+01,1.031899261474609375e+02,6.470000000000000000e+02
-1.036641845703125000e+02,1.011637420654296875e+02,6.300000000000000000e+02
-1.028158645629882812e+02,1.010031661987304688e+02,6.290000000000000000e+02
-1.019697113037109375e+02,1.008425903320312500e+02,6.280000000000000000e+02
-1.012870254516601562e+02,1.008425903320312500e+02,6.280000000000000000e+02
-1.004441375732421875e+02,1.006820144653320312e+02,6.270000000000000000e+02
-9.960342407226562500e+01,1.005214309692382812e+02,6.260000000000000000e+02
-9.892291259765625000e+01,1.005214309692382812e+02,6.260000000000000000e+02
-9.824239349365234375e+01,1.005214309692382812e+02,6.260000000000000000e+02
-9.740602874755859375e+01,1.003608551025390625e+02,6.250000000000000000e+02
-9.672660064697265625e+01,1.003608551025390625e+02,6.250000000000000000e+02
-9.604717254638671875e+01,1.003608551025390625e+02,6.250000000000000000e+02
-9.536775207519531250e+01,1.003608551025390625e+02,6.250000000000000000e+02
-9.468832397460937500e+01,1.003608551025390625e+02,6.250000000000000000e+02
-9.400889587402343750e+01,1.003608551025390625e+02,6.250000000000000000e+02
-9.332946777343750000e+01,1.003608551025390625e+02,6.250000000000000000e+02
-9.265003967285156250e+01,1.003608551025390625e+02,6.250000000000000000e+02
-9.197061157226562500e+01,1.003608551025390625e+02,6.250000000000000000e+02
-9.129118347167968750e+01,1.003608551025390625e+02,6.250000000000000000e+02
-9.061175537109375000e+01,1.003608551025390625e+02,6.250000000000000000e+02
-8.993232727050781250e+01,1.003608551025390625e+02,6.250000000000000000e+02
-8.925289916992187500e+01,1.003608551025390625e+02,6.250000000000000000e+02
-8.857347106933593750e+01,1.003608551025390625e+02,6.250000000000000000e+02
-8.789404296875000000e+01,1.003608551025390625e+02,6.250000000000000000e+02
-8.735414886474609375e+01,1.005214309692382812e+02,6.260000000000000000e+02
-8.667363739013671875e+01,1.005214309692382812e+02,6.260000000000000000e+02
-8.613048553466796875e+01,1.006820144653320312e+02,6.270000000000000000e+02
-8.544888305664062500e+01,1.006820144653320312e+02,6.270000000000000000e+02
-8.503767395019531250e+01,1.010031661987304688e+02,6.290000000000000000e+02
-8.448800659179687500e+01,1.011637420654296875e+02,6.300000000000000000e+02
-8.393616485595703125e+01,1.013243179321289062e+02,6.310000000000000000e+02
-8.338214874267578125e+01,1.014849014282226562e+02,6.320000000000000000e+02
-8.295680236816406250e+01,1.018060531616210938e+02,6.340000000000000000e+02
-8.252711486816406250e+01,1.021272048950195312e+02,6.360000000000000000e+02
-8.222174072265625000e+01,1.026089401245117188e+02,6.390000000000000000e+02
-8.178226470947265625e+01,1.029300918579101562e+02,6.410000000000000000e+02
-8.133843994140625000e+01,1.032512512207031250e+02,6.430000000000000000e+02
-8.089027404785156250e+01,1.035724029541015625e+02,6.450000000000000000e+02
-8.043775177001953125e+01,1.038935623168945312e+02,6.470000000000000000e+02
-1.036641845703125000e+02,1.018488922119140625e+02,6.300000000000000000e+02
-1.029793243408203125e+02,1.018488922119140625e+02,6.300000000000000000e+02
-1.021320877075195312e+02,1.016872253417968750e+02,6.290000000000000000e+02
-1.012870254516601562e+02,1.015255584716796875e+02,6.280000000000000000e+02
-1.004441375732421875e+02,1.013638916015625000e+02,6.270000000000000000e+02
-9.976253509521484375e+01,1.013638916015625000e+02,6.270000000000000000e+02
-9.892291259765625000e+01,1.012022323608398438e+02,6.260000000000000000e+02
-9.824239349365234375e+01,1.012022323608398438e+02,6.260000000000000000e+02
-9.756188201904296875e+01,1.012022323608398438e+02,6.260000000000000000e+02
-9.672660064697265625e+01,1.010405654907226562e+02,6.250000000000000000e+02
-9.604717254638671875e+01,1.010405654907226562e+02,6.250000000000000000e+02
-9.536775207519531250e+01,1.010405654907226562e+02,6.250000000000000000e+02
-9.468832397460937500e+01,1.010405654907226562e+02,6.250000000000000000e+02
-9.400889587402343750e+01,1.010405654907226562e+02,6.250000000000000000e+02
-9.332946777343750000e+01,1.010405654907226562e+02,6.250000000000000000e+02
-9.265003967285156250e+01,1.010405654907226562e+02,6.250000000000000000e+02
-9.197061157226562500e+01,1.010405654907226562e+02,6.250000000000000000e+02
-9.129118347167968750e+01,1.010405654907226562e+02,6.250000000000000000e+02
-9.061175537109375000e+01,1.010405654907226562e+02,6.250000000000000000e+02
-8.993232727050781250e+01,1.010405654907226562e+02,6.250000000000000000e+02
-8.925289916992187500e+01,1.010405654907226562e+02,6.250000000000000000e+02
-8.871518707275390625e+01,1.012022323608398438e+02,6.260000000000000000e+02
-8.803467559814453125e+01,1.012022323608398438e+02,6.260000000000000000e+02
-8.735414886474609375e+01,1.012022323608398438e+02,6.260000000000000000e+02
-8.667363739013671875e+01,1.012022323608398438e+02,6.260000000000000000e+02
-8.613048553466796875e+01,1.013638916015625000e+02,6.270000000000000000e+02
-8.544888305664062500e+01,1.013638916015625000e+02,6.270000000000000000e+02
-8.490248107910156250e+01,1.015255584716796875e+02,6.280000000000000000e+02
-8.448800659179687500e+01,1.018488922119140625e+02,6.300000000000000000e+02
-8.393616485595703125e+01,1.020105514526367188e+02,6.310000000000000000e+02
-8.338214874267578125e+01,1.021722183227539062e+02,6.320000000000000000e+02
-8.295680236816406250e+01,1.024955520629882812e+02,6.340000000000000000e+02
-8.265686798095703125e+01,1.029805450439453125e+02,6.370000000000000000e+02
-8.222174072265625000e+01,1.033038711547851562e+02,6.390000000000000000e+02
-8.190985107421875000e+01,1.037888641357421875e+02,6.420000000000000000e+02
-8.146494293212890625e+01,1.041121978759765625e+02,6.440000000000000000e+02
-8.101567840576171875e+01,1.044355239868164062e+02,6.460000000000000000e+02
-1.038287353515625000e+02,1.026967849731445312e+02,6.310000000000000000e+02
-1.028158645629882812e+02,1.023712844848632812e+02,6.290000000000000000e+02
-1.021320877075195312e+02,1.023712844848632812e+02,6.290000000000000000e+02
-1.012870254516601562e+02,1.022085266113281250e+02,6.280000000000000000e+02
-1.006043395996093750e+02,1.022085266113281250e+02,6.280000000000000000e+02
-9.976253509521484375e+01,1.020457763671875000e+02,6.270000000000000000e+02
-9.908093261718750000e+01,1.020457763671875000e+02,6.270000000000000000e+02
-9.824239349365234375e+01,1.018830261230468750e+02,6.260000000000000000e+02
-9.756188201904296875e+01,1.018830261230468750e+02,6.260000000000000000e+02
-9.688136291503906250e+01,1.018830261230468750e+02,6.260000000000000000e+02
-9.620085144042968750e+01,1.018830261230468750e+02,6.260000000000000000e+02
-9.536775207519531250e+01,1.017202682495117188e+02,6.250000000000000000e+02
-9.468832397460937500e+01,1.017202682495117188e+02,6.250000000000000000e+02
-9.400889587402343750e+01,1.017202682495117188e+02,6.250000000000000000e+02
-9.332946777343750000e+01,1.017202682495117188e+02,6.250000000000000000e+02
-9.265003967285156250e+01,1.017202682495117188e+02,6.250000000000000000e+02
-9.197061157226562500e+01,1.017202682495117188e+02,6.250000000000000000e+02
-9.129118347167968750e+01,1.017202682495117188e+02,6.250000000000000000e+02
-9.075672912597656250e+01,1.018830261230468750e+02,6.260000000000000000e+02
-8.993232727050781250e+01,1.017202682495117188e+02,6.250000000000000000e+02
-8.939570617675781250e+01,1.018830261230468750e+02,6.260000000000000000e+02
-8.871518707275390625e+01,1.018830261230468750e+02,6.260000000000000000e+02
-8.803467559814453125e+01,1.018830261230468750e+02,6.260000000000000000e+02
-8.749369049072265625e+01,1.020457763671875000e+02,6.270000000000000000e+02
-8.681208801269531250e+01,1.020457763671875000e+02,6.270000000000000000e+02
-8.613048553466796875e+01,1.020457763671875000e+02,6.270000000000000000e+02
-8.558516693115234375e+01,1.022085266113281250e+02,6.280000000000000000e+02
-8.490248107910156250e+01,1.022085266113281250e+02,6.280000000000000000e+02
-8.448800659179687500e+01,1.025340347290039062e+02,6.300000000000000000e+02
-8.393616485595703125e+01,1.026967849731445312e+02,6.310000000000000000e+02
-8.351408386230468750e+01,1.030222930908203125e+02,6.330000000000000000e+02
-8.308765411376953125e+01,1.033477935791015625e+02,6.350000000000000000e+02
-8.265686798095703125e+01,1.036733016967773438e+02,6.370000000000000000e+02
-8.222174072265625000e+01,1.039988021850585938e+02,6.390000000000000000e+02
-8.190985107421875000e+01,1.044870605468750000e+02,6.420000000000000000e+02
-8.146494293212890625e+01,1.048125686645507812e+02,6.440000000000000000e+02
-1.038287353515625000e+02,1.033830184936523438e+02,6.310000000000000000e+02
-1.029793243408203125e+02,1.032191772460937500e+02,6.300000000000000000e+02
-1.021320877075195312e+02,1.030553359985351562e+02,6.290000000000000000e+02
-1.014483108520507812e+02,1.030553359985351562e+02,6.290000000000000000e+02
-1.006043395996093750e+02,1.028915023803710938e+02,6.280000000000000000e+02
-9.976253509521484375e+01,1.027276611328125000e+02,6.270000000000000000e+02
-9.908093261718750000e+01,1.027276611328125000e+02,6.270000000000000000e+02
-9.824239349365234375e+01,1.025638198852539062e+02,6.260000000000000000e+02
-9.756188201904296875e+01,1.025638198852539062e+02,6.260000000000000000e+02
-9.688136291503906250e+01,1.025638198852539062e+02,6.260000000000000000e+02
-9.620085144042968750e+01,1.025638198852539062e+02,6.260000000000000000e+02
-9.552033996582031250e+01,1.025638198852539062e+02,6.260000000000000000e+02
-9.483982086181640625e+01,1.025638198852539062e+02,6.260000000000000000e+02
-9.415930938720703125e+01,1.025638198852539062e+02,6.260000000000000000e+02
-9.347879028320312500e+01,1.025638198852539062e+02,6.260000000000000000e+02
-9.279827880859375000e+01,1.025638198852539062e+02,6.260000000000000000e+02
-9.211775970458984375e+01,1.025638198852539062e+02,6.260000000000000000e+02
-9.143724822998046875e+01,1.025638198852539062e+02,6.260000000000000000e+02
-9.075672912597656250e+01,1.025638198852539062e+02,6.260000000000000000e+02
-9.007621765136718750e+01,1.025638198852539062e+02,6.260000000000000000e+02
-8.939570617675781250e+01,1.025638198852539062e+02,6.260000000000000000e+02
-8.871518707275390625e+01,1.025638198852539062e+02,6.260000000000000000e+02
-8.817530059814453125e+01,1.027276611328125000e+02,6.270000000000000000e+02
-8.749369049072265625e+01,1.027276611328125000e+02,6.270000000000000000e+02
-8.681208801269531250e+01,1.027276611328125000e+02,6.270000000000000000e+02
-8.626786041259765625e+01,1.028915023803710938e+02,6.280000000000000000e+02
-8.558516693115234375e+01,1.028915023803710938e+02,6.280000000000000000e+02
-8.517286682128906250e+01,1.032191772460937500e+02,6.300000000000000000e+02
-8.462211608886718750e+01,1.033830184936523438e+02,6.310000000000000000e+02
-8.406918334960937500e+01,1.035468597412109375e+02,6.320000000000000000e+02
-8.351408386230468750e+01,1.037107009887695312e+02,6.330000000000000000e+02
-8.308765411376953125e+01,1.040383758544921875e+02,6.350000000000000000e+02
-8.265686798095703125e+01,1.043660583496093750e+02,6.370000000000000000e+02
-8.222174072265625000e+01,1.046937408447265625e+02,6.390000000000000000e+02
-8.190985107421875000e+01,1.051852569580078125e+02,6.420000000000000000e+02
-1.036641845703125000e+02,1.039043197631835938e+02,6.300000000000000000e+02
-1.029793243408203125e+02,1.039043197631835938e+02,6.300000000000000000e+02
-1.021320877075195312e+02,1.037393951416015625e+02,6.290000000000000000e+02
-1.014483108520507812e+02,1.037393951416015625e+02,6.290000000000000000e+02
-1.006043395996093750e+02,1.035744705200195312e+02,6.280000000000000000e+02
-9.992164611816406250e+01,1.035744705200195312e+02,6.280000000000000000e+02
-9.908093261718750000e+01,1.034095382690429688e+02,6.270000000000000000e+02
-9.839933013916015625e+01,1.034095382690429688e+02,6.270000000000000000e+02
-9.756188201904296875e+01,1.032446136474609375e+02,6.260000000000000000e+02
-9.688136291503906250e+01,1.032446136474609375e+02,6.260000000000000000e+02
-9.620085144042968750e+01,1.032446136474609375e+02,6.260000000000000000e+02
-9.552033996582031250e+01,1.032446136474609375e+02,6.260000000000000000e+02
-9.483982086181640625e+01,1.032446136474609375e+02,6.260000000000000000e+02
-9.415930938720703125e+01,1.032446136474609375e+02,6.260000000000000000e+02
-9.347879028320312500e+01,1.032446136474609375e+02,6.260000000000000000e+02
-9.279827880859375000e+01,1.032446136474609375e+02,6.260000000000000000e+02
-9.211775970458984375e+01,1.032446136474609375e+02,6.260000000000000000e+02
-9.143724822998046875e+01,1.032446136474609375e+02,6.260000000000000000e+02
-9.075672912597656250e+01,1.032446136474609375e+02,6.260000000000000000e+02
-9.007621765136718750e+01,1.032446136474609375e+02,6.260000000000000000e+02
-8.939570617675781250e+01,1.032446136474609375e+02,6.260000000000000000e+02
-8.885690307617187500e+01,1.034095382690429688e+02,6.270000000000000000e+02
-8.817530059814453125e+01,1.034095382690429688e+02,6.270000000000000000e+02
-8.763323974609375000e+01,1.035744705200195312e+02,6.280000000000000000e+02
-8.695054626464843750e+01,1.035744705200195312e+02,6.280000000000000000e+02
-8.626786041259765625e+01,1.035744705200195312e+02,6.280000000000000000e+02
-8.572145080566406250e+01,1.037393951416015625e+02,6.290000000000000000e+02
-8.517286682128906250e+01,1.039043197631835938e+02,6.300000000000000000e+02
-8.462211608886718750e+01,1.040692520141601562e+02,6.310000000000000000e+02
-8.406918334960937500e+01,1.042341766357421875e+02,6.320000000000000000e+02
-8.364601898193359375e+01,1.045640335083007812e+02,6.340000000000000000e+02
-8.321849822998046875e+01,1.048938903808593750e+02,6.360000000000000000e+02
-8.265686798095703125e+01,1.050588150024414062e+02,6.370000000000000000e+02
-8.235041809082031250e+01,1.055535964965820312e+02,6.400000000000000000e+02
-8.190985107421875000e+01,1.058834533691406250e+02,6.420000000000000000e+02
-1.036641845703125000e+02,1.045894775390625000e+02,6.300000000000000000e+02
-1.029793243408203125e+02,1.045894775390625000e+02,6.300000000000000000e+02
-1.021320877075195312e+02,1.044234619140625000e+02,6.290000000000000000e+02
-1.012870254516601562e+02,1.042574462890625000e+02,6.280000000000000000e+02
-1.006043395996093750e+02,1.042574462890625000e+02,6.280000000000000000e+02
-9.992164611816406250e+01,1.042574462890625000e+02,6.280000000000000000e+02
-9.908093261718750000e+01,1.040914306640625000e+02,6.270000000000000000e+02
-9.839933013916015625e+01,1.040914306640625000e+02,6.270000000000000000e+02
-9.756188201904296875e+01,1.039254150390625000e+02,6.260000000000000000e+02
-9.688136291503906250e+01,1.039254150390625000e+02,6.260000000000000000e+02
-9.620085144042968750e+01,1.039254150390625000e+02,6.260000000000000000e+02
-9.552033996582031250e+01,1.039254150390625000e+02,6.260000000000000000e+02
-9.483982086181640625e+01,1.039254150390625000e+02,6.260000000000000000e+02
-9.415930938720703125e+01,1.039254150390625000e+02,6.260000000000000000e+02
-9.347879028320312500e+01,1.039254150390625000e+02,6.260000000000000000e+02
-9.279827880859375000e+01,1.039254150390625000e+02,6.260000000000000000e+02
-9.211775970458984375e+01,1.039254150390625000e+02,6.260000000000000000e+02
-9.143724822998046875e+01,1.039254150390625000e+02,6.260000000000000000e+02
-9.075672912597656250e+01,1.039254150390625000e+02,6.260000000000000000e+02
-9.007621765136718750e+01,1.039254150390625000e+02,6.260000000000000000e+02
-8.953850555419921875e+01,1.040914306640625000e+02,6.270000000000000000e+02
-8.885690307617187500e+01,1.040914306640625000e+02,6.270000000000000000e+02
-8.831593322753906250e+01,1.042574462890625000e+02,6.280000000000000000e+02
-8.763323974609375000e+01,1.042574462890625000e+02,6.280000000000000000e+02
-8.708900451660156250e+01,1.044234619140625000e+02,6.290000000000000000e+02
-8.640522766113281250e+01,1.044234619140625000e+02,6.290000000000000000e+02
-8.585773468017578125e+01,1.045894775390625000e+02,6.300000000000000000e+02
-8.530806732177734375e+01,1.047554931640625000e+02,6.310000000000000000e+02
-8.475622558593750000e+01,1.049215087890625000e+02,6.320000000000000000e+02
-8.420220947265625000e+01,1.050875244140625000e+02,6.330000000000000000e+02
-8.364601898193359375e+01,1.052535400390625000e+02,6.340000000000000000e+02
-8.321849822998046875e+01,1.055855712890625000e+02,6.360000000000000000e+02
-8.278662872314453125e+01,1.059175949096679688e+02,6.380000000000000000e+02
-8.235041809082031250e+01,1.062496261596679688e+02,6.400000000000000000e+02
-1.045146789550781250e+02,1.054417266845703125e+02,6.310000000000000000e+02
-1.036641845703125000e+02,1.052746200561523438e+02,6.300000000000000000e+02
-1.028158645629882812e+02,1.051075210571289062e+02,6.290000000000000000e+02
-1.021320877075195312e+02,1.051075210571289062e+02,6.290000000000000000e+02
-1.012870254516601562e+02,1.049404144287109375e+02,6.280000000000000000e+02
-1.006043395996093750e+02,1.049404144287109375e+02,6.280000000000000000e+02
-9.992164611816406250e+01,1.049404144287109375e+02,6.280000000000000000e+02
-9.908093261718750000e+01,1.047733154296875000e+02,6.270000000000000000e+02
-9.839933013916015625e+01,1.047733154296875000e+02,6.270000000000000000e+02
-9.771772766113281250e+01,1.047733154296875000e+02,6.270000000000000000e+02
-9.703612518310546875e+01,1.047733154296875000e+02,6.270000000000000000e+02
-9.620085144042968750e+01,1.046062088012695312e+02,6.260000000000000000e+02
-9.552033996582031250e+01,1.046062088012695312e+02,6.260000000000000000e+02
-9.483982086181640625e+01,1.046062088012695312e+02,6.260000000000000000e+02
-9.415930938720703125e+01,1.046062088012695312e+02,6.260000000000000000e+02
-9.347879028320312500e+01,1.046062088012695312e+02,6.260000000000000000e+02
-9.279827880859375000e+01,1.046062088012695312e+02,6.260000000000000000e+02
-9.211775970458984375e+01,1.046062088012695312e+02,6.260000000000000000e+02
-9.143724822998046875e+01,1.046062088012695312e+02,6.260000000000000000e+02
-9.090171051025390625e+01,1.047733154296875000e+02,6.270000000000000000e+02
-9.022010803222656250e+01,1.047733154296875000e+02,6.270000000000000000e+02
-8.953850555419921875e+01,1.047733154296875000e+02,6.270000000000000000e+02
-8.899862670898437500e+01,1.049404144287109375e+02,6.280000000000000000e+02
-8.831593322753906250e+01,1.049404144287109375e+02,6.280000000000000000e+02
-8.777278137207031250e+01,1.051075210571289062e+02,6.290000000000000000e+02
-8.708900451660156250e+01,1.051075210571289062e+02,6.290000000000000000e+02
-8.654259490966796875e+01,1.052746200561523438e+02,6.300000000000000000e+02
-8.599401855468750000e+01,1.054417266845703125e+02,6.310000000000000000e+02
-8.544326019287109375e+01,1.056088256835937500e+02,6.320000000000000000e+02
-8.489032745361328125e+01,1.057759323120117188e+02,6.330000000000000000e+02
-8.420220947265625000e+01,1.057759323120117188e+02,6.330000000000000000e+02
-8.377794647216796875e+01,1.061101379394531250e+02,6.350000000000000000e+02
-8.334934234619140625e+01,1.064443435668945312e+02,6.370000000000000000e+02
-8.291638946533203125e+01,1.067785491943359375e+02,6.390000000000000000e+02
-1.052006301879882812e+02,1.061279602050781250e+02,6.310000000000000000e+02
-1.043490447998046875e+02,1.059597702026367188e+02,6.300000000000000000e+02
-1.036641845703125000e+02,1.059597702026367188e+02,6.300000000000000000e+02
-1.028158645629882812e+02,1.057915802001953125e+02,6.290000000000000000e+02
-1.021320877075195312e+02,1.057915802001953125e+02,6.290000000000000000e+02
-1.012870254516601562e+02,1.056233901977539062e+02,6.280000000000000000e+02
-1.006043395996093750e+02,1.056233901977539062e+02,6.280000000000000000e+02
-9.992164611816406250e+01,1.056233901977539062e+02,6.280000000000000000e+02
-9.908093261718750000e+01,1.054552001953125000e+02,6.270000000000000000e+02
-9.839933013916015625e+01,1.054552001953125000e+02,6.270000000000000000e+02
-9.771772766113281250e+01,1.054552001953125000e+02,6.270000000000000000e+02
-9.703612518310546875e+01,1.054552001953125000e+02,6.270000000000000000e+02
-9.635453033447265625e+01,1.054552001953125000e+02,6.270000000000000000e+02
-9.567292785644531250e+01,1.054552001953125000e+02,6.270000000000000000e+02
-9.483982086181640625e+01,1.052870101928710938e+02,6.260000000000000000e+02
-9.415930938720703125e+01,1.052870101928710938e+02,6.260000000000000000e+02
-9.347879028320312500e+01,1.052870101928710938e+02,6.260000000000000000e+02
-9.294651794433593750e+01,1.054552001953125000e+02,6.270000000000000000e+02
-9.226491546630859375e+01,1.054552001953125000e+02,6.270000000000000000e+02
-9.158331298828125000e+01,1.054552001953125000e+02,6.270000000000000000e+02
-9.090171051025390625e+01,1.054552001953125000e+02,6.270000000000000000e+02
-9.022010803222656250e+01,1.054552001953125000e+02,6.270000000000000000e+02
-8.968131256103515625e+01,1.056233901977539062e+02,6.280000000000000000e+02
-8.899862670898437500e+01,1.056233901977539062e+02,6.280000000000000000e+02
-8.845656585693359375e+01,1.057915802001953125e+02,6.290000000000000000e+02
-8.777278137207031250e+01,1.057915802001953125e+02,6.290000000000000000e+02
-8.722746276855468750e+01,1.059597702026367188e+02,6.300000000000000000e+02
-8.654259490966796875e+01,1.059597702026367188e+02,6.300000000000000000e+02
-8.599401855468750000e+01,1.061279602050781250e+02,6.310000000000000000e+02
-8.544326019287109375e+01,1.062961502075195312e+02,6.320000000000000000e+02
-8.489032745361328125e+01,1.064643402099609375e+02,6.330000000000000000e+02
-8.433522796630859375e+01,1.066325302124023438e+02,6.340000000000000000e+02
-8.390988159179687500e+01,1.069689102172851562e+02,6.360000000000000000e+02
-8.334934234619140625e+01,1.071371002197265625e+02,6.370000000000000000e+02
-8.291638946533203125e+01,1.074734802246093750e+02,6.390000000000000000e+02
-0.000000000000000000e+00,0.000000000000000000e+00,0.000000000000000000e+00
-1.060543899536132812e+02,1.069834671020507812e+02,6.320000000000000000e+02
-1.050339126586914062e+02,1.066449127197265625e+02,6.300000000000000000e+02
-1.043490447998046875e+02,1.066449127197265625e+02,6.300000000000000000e+02
-1.034996414184570312e+02,1.064756317138671875e+02,6.290000000000000000e+02
-1.028158645629882812e+02,1.064756317138671875e+02,6.290000000000000000e+02
-1.021320877075195312e+02,1.064756317138671875e+02,6.290000000000000000e+02
-1.012870254516601562e+02,1.063063583374023438e+02,6.280000000000000000e+02
-1.006043395996093750e+02,1.063063583374023438e+02,6.280000000000000000e+02
-9.992164611816406250e+01,1.063063583374023438e+02,6.280000000000000000e+02
-9.923896026611328125e+01,1.063063583374023438e+02,6.280000000000000000e+02
-9.855626678466796875e+01,1.063063583374023438e+02,6.280000000000000000e+02
-9.771772766113281250e+01,1.061370773315429688e+02,6.270000000000000000e+02
-9.703612518310546875e+01,1.061370773315429688e+02,6.270000000000000000e+02
-9.635453033447265625e+01,1.061370773315429688e+02,6.270000000000000000e+02
-9.567292785644531250e+01,1.061370773315429688e+02,6.270000000000000000e+02
-9.499132537841796875e+01,1.061370773315429688e+02,6.270000000000000000e+02
-9.430972290039062500e+01,1.061370773315429688e+02,6.270000000000000000e+02
-9.362812042236328125e+01,1.061370773315429688e+02,6.270000000000000000e+02
-9.294651794433593750e+01,1.061370773315429688e+02,6.270000000000000000e+02
-9.226491546630859375e+01,1.061370773315429688e+02,6.270000000000000000e+02
-9.158331298828125000e+01,1.061370773315429688e+02,6.270000000000000000e+02
-9.090171051025390625e+01,1.061370773315429688e+02,6.270000000000000000e+02
-9.036399841308593750e+01,1.063063583374023438e+02,6.280000000000000000e+02
-8.968131256103515625e+01,1.063063583374023438e+02,6.280000000000000000e+02
-8.914034271240234375e+01,1.064756317138671875e+02,6.290000000000000000e+02
-8.845656585693359375e+01,1.064756317138671875e+02,6.290000000000000000e+02
-8.791232299804687500e+01,1.066449127197265625e+02,6.300000000000000000e+02
-8.722746276855468750e+01,1.066449127197265625e+02,6.300000000000000000e+02
-8.654259490966796875e+01,1.066449127197265625e+02,6.300000000000000000e+02
-8.613029479980468750e+01,1.069834671020507812e+02,6.320000000000000000e+02
-8.557845306396484375e+01,1.071527481079101562e+02,6.330000000000000000e+02
-8.502443695068359375e+01,1.073220214843750000e+02,6.340000000000000000e+02
-8.446824645996093750e+01,1.074913024902343750e+02,6.350000000000000000e+02
-8.390988159179687500e+01,1.076605758666992188e+02,6.360000000000000000e+02
-8.348019409179687500e+01,1.079991302490234375e+02,6.380000000000000000e+02
-0.000000000000000000e+00,0.000000000000000000e+00,0.000000000000000000e+00
-1.067414245605468750e+02,1.076707839965820312e+02,6.320000000000000000e+02
-1.058865814208984375e+02,1.075004196166992188e+02,6.310000000000000000e+02
-1.050339126586914062e+02,1.073300552368164062e+02,6.300000000000000000e+02
-1.041834182739257812e+02,1.071596908569335938e+02,6.290000000000000000e+02
-1.034996414184570312e+02,1.071596908569335938e+02,6.290000000000000000e+02
-1.028158645629882812e+02,1.071596908569335938e+02,6.290000000000000000e+02
-1.021320877075195312e+02,1.071596908569335938e+02,6.290000000000000000e+02
-1.012870254516601562e+02,1.069893264770507812e+02,6.280000000000000000e+02
-1.006043395996093750e+02,1.069893264770507812e+02,6.280000000000000000e+02
-9.992164611816406250e+01,1.069893264770507812e+02,6.280000000000000000e+02
-9.923896026611328125e+01,1.069893264770507812e+02,6.280000000000000000e+02
-9.855626678466796875e+01,1.069893264770507812e+02,6.280000000000000000e+02
-9.787358093261718750e+01,1.069893264770507812e+02,6.280000000000000000e+02
-9.719089508056640625e+01,1.069893264770507812e+02,6.280000000000000000e+02
-9.635453033447265625e+01,1.068189620971679688e+02,6.270000000000000000e+02
-9.567292785644531250e+01,1.068189620971679688e+02,6.270000000000000000e+02
-9.499132537841796875e+01,1.068189620971679688e+02,6.270000000000000000e+02
-9.430972290039062500e+01,1.068189620971679688e+02,6.270000000000000000e+02
-9.362812042236328125e+01,1.068189620971679688e+02,6.270000000000000000e+02
-9.294651794433593750e+01,1.068189620971679688e+02,6.270000000000000000e+02
-9.241207122802734375e+01,1.069893264770507812e+02,6.280000000000000000e+02
-9.172937774658203125e+01,1.069893264770507812e+02,6.280000000000000000e+02
-9.104669189453125000e+01,1.069893264770507812e+02,6.280000000000000000e+02
-9.036399841308593750e+01,1.069893264770507812e+02,6.280000000000000000e+02
-8.982411956787109375e+01,1.071596908569335938e+02,6.290000000000000000e+02
-8.914034271240234375e+01,1.071596908569335938e+02,6.290000000000000000e+02
-8.845656585693359375e+01,1.071596908569335938e+02,6.290000000000000000e+02
-8.791232299804687500e+01,1.073300552368164062e+02,6.300000000000000000e+02
-8.722746276855468750e+01,1.073300552368164062e+02,6.300000000000000000e+02
-8.667996215820312500e+01,1.075004196166992188e+02,6.310000000000000000e+02
-8.613029479980468750e+01,1.076707839965820312e+02,6.320000000000000000e+02
-8.557845306396484375e+01,1.078411560058593750e+02,6.330000000000000000e+02
-8.502443695068359375e+01,1.080115203857421875e+02,6.340000000000000000e+02
-8.446824645996093750e+01,1.081818847656250000e+02,6.350000000000000000e+02
-8.404181671142578125e+01,1.085226135253906250e+02,6.370000000000000000e+02
-8.348019409179687500e+01,1.086929779052734375e+02,6.380000000000000000e+02
-1.084576416015625000e+02,1.087010116577148438e+02,6.340000000000000000e+02
-1.074284667968750000e+02,1.083581085205078125e+02,6.320000000000000000e+02
-1.065725326538085938e+02,1.081866531372070312e+02,6.310000000000000000e+02
-1.057187728881835938e+02,1.080152053833007812e+02,6.300000000000000000e+02
-1.048671875000000000e+02,1.078437500000000000e+02,6.290000000000000000e+02
-1.041834182739257812e+02,1.078437500000000000e+02,6.290000000000000000e+02
-1.033350906372070312e+02,1.076722946166992188e+02,6.280000000000000000e+02
-1.026524047851562500e+02,1.076722946166992188e+02,6.280000000000000000e+02
-1.019697113037109375e+02,1.076722946166992188e+02,6.280000000000000000e+02
-1.012870254516601562e+02,1.076722946166992188e+02,6.280000000000000000e+02
-1.006043395996093750e+02,1.076722946166992188e+02,6.280000000000000000e+02
-1.000807571411132812e+02,1.078437500000000000e+02,6.290000000000000000e+02
-9.923896026611328125e+01,1.076722946166992188e+02,6.280000000000000000e+02
-9.855626678466796875e+01,1.076722946166992188e+02,6.280000000000000000e+02
-9.787358093261718750e+01,1.076722946166992188e+02,6.280000000000000000e+02
-9.719089508056640625e+01,1.076722946166992188e+02,6.280000000000000000e+02
-9.650820159912109375e+01,1.076722946166992188e+02,6.280000000000000000e+02
-9.582551574707031250e+01,1.076722946166992188e+02,6.280000000000000000e+02
-9.514282226562500000e+01,1.076722946166992188e+02,6.280000000000000000e+02
-9.446013641357421875e+01,1.076722946166992188e+02,6.280000000000000000e+02
-9.377744293212890625e+01,1.076722946166992188e+02,6.280000000000000000e+02
-9.309475708007812500e+01,1.076722946166992188e+02,6.280000000000000000e+02
-9.241207122802734375e+01,1.076722946166992188e+02,6.280000000000000000e+02
-9.172937774658203125e+01,1.076722946166992188e+02,6.280000000000000000e+02
-9.104669189453125000e+01,1.076722946166992188e+02,6.280000000000000000e+02
-9.050789642333984375e+01,1.078437500000000000e+02,6.290000000000000000e+02
-8.982411956787109375e+01,1.078437500000000000e+02,6.290000000000000000e+02
-8.928205871582031250e+01,1.080152053833007812e+02,6.300000000000000000e+02
-8.859719848632812500e+01,1.080152053833007812e+02,6.300000000000000000e+02
-8.791232299804687500e+01,1.080152053833007812e+02,6.300000000000000000e+02
-8.722746276855468750e+01,1.080152053833007812e+02,6.300000000000000000e+02
-8.667996215820312500e+01,1.081866531372070312e+02,6.310000000000000000e+02
-8.613029479980468750e+01,1.083581085205078125e+02,6.320000000000000000e+02
-8.557845306396484375e+01,1.085295562744140625e+02,6.330000000000000000e+02
-8.515854644775390625e+01,1.088724670410156250e+02,6.350000000000000000e+02
-8.460127258300781250e+01,1.090439147949218750e+02,6.360000000000000000e+02
-8.404181671142578125e+01,1.092153701782226562e+02,6.370000000000000000e+02
-1.100093078613281250e+02,1.095630493164062500e+02,6.350000000000000000e+02
-0.000000000000000000e+00,0.000000000000000000e+00,0.000000000000000000e+00
-1.081155014038085938e+02,1.090454254150390625e+02,6.320000000000000000e+02
-1.072584838867187500e+02,1.088728866577148438e+02,6.310000000000000000e+02
-1.064036407470703125e+02,1.087003479003906250e+02,6.300000000000000000e+02
-1.055509643554687500e+02,1.085278091430664062e+02,6.290000000000000000e+02
-1.047004699707031250e+02,1.083552627563476562e+02,6.280000000000000000e+02
-1.040177841186523438e+02,1.083552627563476562e+02,6.280000000000000000e+02
-1.033350906372070312e+02,1.083552627563476562e+02,6.280000000000000000e+02
-1.028158645629882812e+02,1.085278091430664062e+02,6.290000000000000000e+02
-1.021320877075195312e+02,1.085278091430664062e+02,6.290000000000000000e+02
-1.014483108520507812e+02,1.085278091430664062e+02,6.290000000000000000e+02
-1.007645339965820312e+02,1.085278091430664062e+02,6.290000000000000000e+02
-1.000807571411132812e+02,1.085278091430664062e+02,6.290000000000000000e+02
-9.939698028564453125e+01,1.085278091430664062e+02,6.290000000000000000e+02
-9.871320343017578125e+01,1.085278091430664062e+02,6.290000000000000000e+02
-9.802942657470703125e+01,1.085278091430664062e+02,6.290000000000000000e+02
-9.734565734863281250e+01,1.085278091430664062e+02,6.290000000000000000e+02
-9.666188049316406250e+01,1.085278091430664062e+02,6.290000000000000000e+02
-9.582551574707031250e+01,1.083552627563476562e+02,6.280000000000000000e+02
-9.514282226562500000e+01,1.083552627563476562e+02,6.280000000000000000e+02
-9.446013641357421875e+01,1.083552627563476562e+02,6.280000000000000000e+02
-9.377744293212890625e+01,1.083552627563476562e+02,6.280000000000000000e+02
-9.324299621582031250e+01,1.085278091430664062e+02,6.290000000000000000e+02
-9.255921936035156250e+01,1.085278091430664062e+02,6.290000000000000000e+02
-9.187544250488281250e+01,1.085278091430664062e+02,6.290000000000000000e+02
-9.119166564941406250e+01,1.085278091430664062e+02,6.290000000000000000e+02
-9.050789642333984375e+01,1.085278091430664062e+02,6.290000000000000000e+02
-8.996691894531250000e+01,1.087003479003906250e+02,6.300000000000000000e+02
-8.928205871582031250e+01,1.087003479003906250e+02,6.300000000000000000e+02
-8.859719848632812500e+01,1.087003479003906250e+02,6.300000000000000000e+02
-8.791232299804687500e+01,1.087003479003906250e+02,6.300000000000000000e+02
-8.736591339111328125e+01,1.088728866577148438e+02,6.310000000000000000e+02
-8.681733703613281250e+01,1.090454254150390625e+02,6.320000000000000000e+02
-8.626657867431640625e+01,1.092179641723632812e+02,6.330000000000000000e+02
-8.571365356445312500e+01,1.093905105590820312e+02,6.340000000000000000e+02
-8.515854644775390625e+01,1.095630493164062500e+02,6.350000000000000000e+02
-8.460127258300781250e+01,1.097355880737304688e+02,6.360000000000000000e+02
-8.404181671142578125e+01,1.099081268310546875e+02,6.370000000000000000e+02
-1.106996154785156250e+02,1.102536315917968750e+02,6.350000000000000000e+02
-1.096628189086914062e+02,1.099063720703125000e+02,6.330000000000000000e+02
-1.088025360107421875e+02,1.097327499389648438e+02,6.320000000000000000e+02
-1.079444351196289062e+02,1.095591201782226562e+02,6.310000000000000000e+02
-1.070885009765625000e+02,1.093854904174804688e+02,6.300000000000000000e+02
-1.062347412109375000e+02,1.092118606567382812e+02,6.290000000000000000e+02
-1.053831634521484375e+02,1.090382385253906250e+02,6.280000000000000000e+02
-1.047004699707031250e+02,1.090382385253906250e+02,6.280000000000000000e+02
-1.040177841186523438e+02,1.090382385253906250e+02,6.280000000000000000e+02
-1.034996414184570312e+02,1.092118606567382812e+02,6.290000000000000000e+02
-1.029793243408203125e+02,1.093854904174804688e+02,6.300000000000000000e+02
-1.022944564819335938e+02,1.093854904174804688e+02,6.300000000000000000e+02
-1.016095962524414062e+02,1.093854904174804688e+02,6.300000000000000000e+02
-1.009247360229492188e+02,1.093854904174804688e+02,6.300000000000000000e+02
-9.666188049316406250e+01,1.092118606567382812e+02,6.290000000000000000e+02
-9.597810363769531250e+01,1.092118606567382812e+02,6.290000000000000000e+02
-9.529432678222656250e+01,1.092118606567382812e+02,6.290000000000000000e+02
-9.461054992675781250e+01,1.092118606567382812e+02,6.290000000000000000e+02
-9.392677307128906250e+01,1.092118606567382812e+02,6.290000000000000000e+02
-9.324299621582031250e+01,1.092118606567382812e+02,6.290000000000000000e+02
-9.255921936035156250e+01,1.092118606567382812e+02,6.290000000000000000e+02
-9.202151489257812500e+01,1.093854904174804688e+02,6.300000000000000000e+02
-9.133664703369140625e+01,1.093854904174804688e+02,6.300000000000000000e+02
-9.065178680419921875e+01,1.093854904174804688e+02,6.300000000000000000e+02
-8.996691894531250000e+01,1.093854904174804688e+02,6.300000000000000000e+02
-8.928205871582031250e+01,1.093854904174804688e+02,6.300000000000000000e+02
-8.873782348632812500e+01,1.095591201782226562e+02,6.310000000000000000e+02
-8.805186462402343750e+01,1.095591201782226562e+02,6.310000000000000000e+02
-8.736591339111328125e+01,1.095591201782226562e+02,6.310000000000000000e+02
-8.681733703613281250e+01,1.097327499389648438e+02,6.320000000000000000e+02
-8.626657867431640625e+01,1.099063720703125000e+02,6.330000000000000000e+02
-8.571365356445312500e+01,1.100800018310546875e+02,6.340000000000000000e+02
-8.529265594482421875e+01,1.104272613525390625e+02,6.360000000000000000e+02
-8.473429107666015625e+01,1.106008834838867188e+02,6.370000000000000000e+02
-1.112144927978515625e+02,1.107695007324218750e+02,6.340000000000000000e+02
-1.101766204833984375e+02,1.104200668334960938e+02,6.320000000000000000e+02
-1.093163299560546875e+02,1.102453536987304688e+02,6.310000000000000000e+02
-1.084582290649414062e+02,1.100706329345703125e+02,6.300000000000000000e+02
-1.076022949218750000e+02,1.098959197998046875e+02,6.290000000000000000e+02
-1.069185180664062500e+02,1.098959197998046875e+02,6.290000000000000000e+02
-1.060658493041992188e+02,1.097212066650390625e+02,6.280000000000000000e+02
-1.053831634521484375e+02,1.097212066650390625e+02,6.280000000000000000e+02
-1.048671875000000000e+02,1.098959197998046875e+02,6.290000000000000000e+02
-1.041834182739257812e+02,1.098959197998046875e+02,6.290000000000000000e+02
-1.036641845703125000e+02,1.100706329345703125e+02,6.300000000000000000e+02
-1.029793243408203125e+02,1.100706329345703125e+02,6.300000000000000000e+02
-1.024568328857421875e+02,1.102453536987304688e+02,6.310000000000000000e+02
-1.017708816528320312e+02,1.102453536987304688e+02,6.310000000000000000e+02
-9.613069152832031250e+01,1.100706329345703125e+02,6.300000000000000000e+02
-9.544582366943359375e+01,1.100706329345703125e+02,6.300000000000000000e+02
-9.476096343994140625e+01,1.100706329345703125e+02,6.300000000000000000e+02
-9.407610321044921875e+01,1.100706329345703125e+02,6.300000000000000000e+02
-9.339123535156250000e+01,1.100706329345703125e+02,6.300000000000000000e+02
-9.270637512207031250e+01,1.100706329345703125e+02,6.300000000000000000e+02
-9.216757965087890625e+01,1.102453536987304688e+02,6.310000000000000000e+02
-9.148162841796875000e+01,1.102453536987304688e+02,6.310000000000000000e+02
-9.079567718505859375e+01,1.102453536987304688e+02,6.310000000000000000e+02
-9.010972595214843750e+01,1.102453536987304688e+02,6.310000000000000000e+02
-8.956549072265625000e+01,1.104200668334960938e+02,6.320000000000000000e+02
-8.887845611572265625e+01,1.104200668334960938e+02,6.320000000000000000e+02
-8.819140625000000000e+01,1.104200668334960938e+02,6.320000000000000000e+02
-8.764282989501953125e+01,1.105947799682617188e+02,6.330000000000000000e+02
-8.695470428466796875e+01,1.105947799682617188e+02,6.330000000000000000e+02
-8.640286254882812500e+01,1.107695007324218750e+02,6.340000000000000000e+02
-8.584884643554687500e+01,1.109442138671875000e+02,6.350000000000000000e+02
-8.529265594482421875e+01,1.111189270019531250e+02,6.360000000000000000e+02
-8.473429107666015625e+01,1.112936401367187500e+02,6.370000000000000000e+02
-1.117272033691406250e+02,1.112831878662109375e+02,6.330000000000000000e+02
-1.108636627197265625e+02,1.111073837280273438e+02,6.320000000000000000e+02
-1.100022964477539062e+02,1.109315872192382812e+02,6.310000000000000000e+02
-1.091430892944335938e+02,1.107557830810546875e+02,6.300000000000000000e+02
-1.082860717773437500e+02,1.105799789428710938e+02,6.290000000000000000e+02
-1.076022949218750000e+02,1.105799789428710938e+02,6.290000000000000000e+02
-1.067485351562500000e+02,1.104041748046875000e+02,6.280000000000000000e+02
-1.062347412109375000e+02,1.105799789428710938e+02,6.290000000000000000e+02
-1.055509643554687500e+02,1.105799789428710938e+02,6.290000000000000000e+02
-1.050339126586914062e+02,1.107557830810546875e+02,6.300000000000000000e+02
-1.043490447998046875e+02,1.107557830810546875e+02,6.300000000000000000e+02
-1.038287353515625000e+02,1.109315872192382812e+02,6.310000000000000000e+02
-1.033062438964843750e+02,1.111073837280273438e+02,6.320000000000000000e+02
-1.026192016601562500e+02,1.111073837280273438e+02,6.320000000000000000e+02
-9.506179046630859375e+01,1.111073837280273438e+02,6.320000000000000000e+02
-9.437475585937500000e+01,1.111073837280273438e+02,6.320000000000000000e+02
-9.368772125244140625e+01,1.111073837280273438e+02,6.320000000000000000e+02
-9.300067901611328125e+01,1.111073837280273438e+02,6.320000000000000000e+02
-9.231364440917968750e+01,1.111073837280273438e+02,6.320000000000000000e+02
-9.162660217285156250e+01,1.111073837280273438e+02,6.320000000000000000e+02
-9.093956756591796875e+01,1.111073837280273438e+02,6.320000000000000000e+02
-9.039533233642578125e+01,1.112831878662109375e+02,6.330000000000000000e+02
-8.970721435546875000e+01,1.112831878662109375e+02,6.330000000000000000e+02
-8.901908874511718750e+01,1.112831878662109375e+02,6.330000000000000000e+02
-8.833095550537109375e+01,1.112831878662109375e+02,6.330000000000000000e+02
-8.778128814697265625e+01,1.114589920043945312e+02,6.340000000000000000e+02
-8.709207153320312500e+01,1.114589920043945312e+02,6.340000000000000000e+02
-8.653914642333984375e+01,1.116347961425781250e+02,6.350000000000000000e+02
-8.598403930664062500e+01,1.118106002807617188e+02,6.360000000000000000e+02
-8.542676544189453125e+01,1.119864044189453125e+02,6.370000000000000000e+02
-0.000000000000000000e+00,0.000000000000000000e+00,0.000000000000000000e+00
-1.113741912841796875e+02,1.116178131103515625e+02,6.310000000000000000e+02
-1.105128250122070312e+02,1.114409255981445312e+02,6.300000000000000000e+02
-1.098279647827148438e+02,1.114409255981445312e+02,6.300000000000000000e+02
-1.089698486328125000e+02,1.112640380859375000e+02,6.290000000000000000e+02
-1.081139144897460938e+02,1.110871429443359375e+02,6.280000000000000000e+02
-1.074312286376953125e+02,1.110871429443359375e+02,6.280000000000000000e+02
-1.067485351562500000e+02,1.110871429443359375e+02,6.280000000000000000e+02
-1.062347412109375000e+02,1.112640380859375000e+02,6.290000000000000000e+02
-1.057187728881835938e+02,1.114409255981445312e+02,6.300000000000000000e+02
-1.050339126586914062e+02,1.114409255981445312e+02,6.300000000000000000e+02
-1.046803131103515625e+02,1.117947082519531250e+02,6.320000000000000000e+02
-1.041578216552734375e+02,1.119715957641601562e+02,6.330000000000000000e+02
-1.034696960449218750e+02,1.119715957641601562e+02,6.330000000000000000e+02
-9.383596038818359375e+01,1.119715957641601562e+02,6.330000000000000000e+02
-9.314783477783203125e+01,1.119715957641601562e+02,6.330000000000000000e+02
-9.245970916748046875e+01,1.119715957641601562e+02,6.330000000000000000e+02
-9.191656494140625000e+01,1.121484909057617188e+02,6.340000000000000000e+02
-9.122734832763671875e+01,1.121484909057617188e+02,6.340000000000000000e+02
-9.053813934326171875e+01,1.121484909057617188e+02,6.340000000000000000e+02
-8.984893035888671875e+01,1.121484909057617188e+02,6.340000000000000000e+02
-8.944097900390625000e+01,1.125022659301757812e+02,6.360000000000000000e+02
-8.874958038330078125e+01,1.125022659301757812e+02,6.360000000000000000e+02
-8.805819702148437500e+01,1.125022659301757812e+02,6.360000000000000000e+02
-8.750418090820312500e+01,1.126791610717773438e+02,6.370000000000000000e+02
-8.681170654296875000e+01,1.126791610717773438e+02,6.370000000000000000e+02
-1.129247741699218750e+02,1.124820251464843750e+02,6.320000000000000000e+02
-1.118825531005859375e+02,1.121260681152343750e+02,6.300000000000000000e+02
-1.110211868286132812e+02,1.119480895996093750e+02,6.290000000000000000e+02
-1.103374099731445312e+02,1.119480895996093750e+02,6.290000000000000000e+02
-1.094793014526367188e+02,1.117701110839843750e+02,6.280000000000000000e+02
-1.087966079711914062e+02,1.117701110839843750e+02,6.280000000000000000e+02
-1.081139144897460938e+02,1.117701110839843750e+02,6.280000000000000000e+02
-1.074312286376953125e+02,1.117701110839843750e+02,6.280000000000000000e+02
-1.067485351562500000e+02,1.117701110839843750e+02,6.280000000000000000e+02
-1.064036407470703125e+02,1.121260681152343750e+02,6.300000000000000000e+02
-1.057187728881835938e+02,1.121260681152343750e+02,6.300000000000000000e+02
-1.053673553466796875e+02,1.124820251464843750e+02,6.320000000000000000e+02
-1.048459472656250000e+02,1.126600036621093750e+02,6.330000000000000000e+02
-1.043223724365234375e+02,1.128379821777343750e+02,6.340000000000000000e+02
-9.220652008056640625e+01,1.131939392089843750e+02,6.360000000000000000e+02
-9.165902709960937500e+01,1.133719177246093750e+02,6.370000000000000000e+02
-9.096655273437500000e+01,1.133719177246093750e+02,6.370000000000000000e+02
-9.027407836914062500e+01,1.133719177246093750e+02,6.370000000000000000e+02
-8.958161163330078125e+01,1.133719177246093750e+02,6.370000000000000000e+02
-1.132522811889648438e+02,1.128112182617187500e+02,6.300000000000000000e+02
-1.123887405395507812e+02,1.126321487426757812e+02,6.290000000000000000e+02
-1.115273666381835938e+02,1.124530868530273438e+02,6.280000000000000000e+02
-1.106681747436523438e+02,1.122740173339843750e+02,6.270000000000000000e+02
-1.099865722656250000e+02,1.122740173339843750e+02,6.270000000000000000e+02
-1.093049697875976562e+02,1.122740173339843750e+02,6.270000000000000000e+02
-1.086233596801757812e+02,1.122740173339843750e+02,6.270000000000000000e+02
-1.079417572021484375e+02,1.122740173339843750e+02,6.270000000000000000e+02
-1.074312286376953125e+02,1.124530868530273438e+02,6.280000000000000000e+02
-1.069185180664062500e+02,1.126321487426757812e+02,6.290000000000000000e+02
-1.064036407470703125e+02,1.128112182617187500e+02,6.300000000000000000e+02
-1.060543899536132812e+02,1.131693496704101562e+02,6.320000000000000000e+02
-1.055340728759765625e+02,1.133484115600585938e+02,6.330000000000000000e+02
-1.139371414184570312e+02,1.134963684082031250e+02,6.300000000000000000e+02
-1.128927459716796875e+02,1.131360626220703125e+02,6.280000000000000000e+02
-1.120313796997070312e+02,1.129559097290039062e+02,6.270000000000000000e+02
-1.111721878051757812e+02,1.127757568359375000e+02,6.260000000000000000e+02
-1.104916763305664062e+02,1.127757568359375000e+02,6.260000000000000000e+02
-1.096357421875000000e+02,1.125956039428710938e+02,6.250000000000000000e+02
-1.091306457519531250e+02,1.127757568359375000e+02,6.260000000000000000e+02
-1.086233596801757812e+02,1.129559097290039062e+02,6.270000000000000000e+02
-1.081139144897460938e+02,1.131360626220703125e+02,6.280000000000000000e+02
-1.074312286376953125e+02,1.131360626220703125e+02,6.280000000000000000e+02
-1.070885009765625000e+02,1.134963684082031250e+02,6.300000000000000000e+02
-1.067414245605468750e+02,1.138566741943359375e+02,6.320000000000000000e+02
-1.062221984863281250e+02,1.140368270874023438e+02,6.330000000000000000e+02
-1.060342330932617188e+02,1.145772857666015625e+02,6.360000000000000000e+02
-0.000000000000000000e+00,0.000000000000000000e+00,0.000000000000000000e+00
-1.132137298583984375e+02,1.134565505981445312e+02,6.260000000000000000e+02
-1.123534545898437500e+02,1.132753143310546875e+02,6.250000000000000000e+02
-1.116740264892578125e+02,1.132753143310546875e+02,6.250000000000000000e+02
-1.108170013427734375e+02,1.130940704345703125e+02,6.240000000000000000e+02
-1.103151702880859375e+02,1.132753143310546875e+02,6.250000000000000000e+02
-1.098111572265625000e+02,1.134565505981445312e+02,6.260000000000000000e+02
-1.091306457519531250e+02,1.134565505981445312e+02,6.260000000000000000e+02
-1.086233596801757812e+02,1.136377944946289062e+02,6.270000000000000000e+02
-1.082860717773437500e+02,1.140002746582031250e+02,6.290000000000000000e+02
-1.079444351196289062e+02,1.143627548217773438e+02,6.310000000000000000e+02
-1.075984497070312500e+02,1.147252349853515625e+02,6.330000000000000000e+02
-1.070792160034179688e+02,1.149064788818359375e+02,6.340000000000000000e+02
-1.067256164550781250e+02,1.152689590454101562e+02,6.360000000000000000e+02
-1.158076171875000000e+02,1.146843338012695312e+02,6.290000000000000000e+02
-1.147577896118164062e+02,1.143196716308593750e+02,6.270000000000000000e+02
-1.138942489624023438e+02,1.141373443603515625e+02,6.260000000000000000e+02
-1.130328826904296875e+02,1.139550170898437500e+02,6.250000000000000000e+02
-1.121736831665039062e+02,1.137726898193359375e+02,6.240000000000000000e+02
-1.114953460693359375e+02,1.137726898193359375e+02,6.240000000000000000e+02
-1.108170013427734375e+02,1.137726898193359375e+02,6.240000000000000000e+02
-1.103151702880859375e+02,1.139550170898437500e+02,6.250000000000000000e+02
-1.098111572265625000e+02,1.141373443603515625e+02,6.260000000000000000e+02
-1.093049697875976562e+02,1.143196716308593750e+02,6.270000000000000000e+02
-1.087966079711914062e+02,1.145020065307617188e+02,6.280000000000000000e+02
-1.082860717773437500e+02,1.146843338012695312e+02,6.290000000000000000e+02
-1.081155014038085938e+02,1.152313156127929688e+02,6.320000000000000000e+02
-1.077684249877929688e+02,1.155959701538085938e+02,6.340000000000000000e+02
-1.072481079101562500e+02,1.157782974243164062e+02,6.350000000000000000e+02
-1.161209945678710938e+02,1.150015563964843750e+02,6.270000000000000000e+02
-1.154393920898437500e+02,1.150015563964843750e+02,6.270000000000000000e+02
-1.145747604370117188e+02,1.148181381225585938e+02,6.260000000000000000e+02
-1.137123107910156250e+02,1.146347274780273438e+02,6.250000000000000000e+02
-1.128520278930664062e+02,1.144513092041015625e+02,6.240000000000000000e+02
-1.121736831665039062e+02,1.144513092041015625e+02,6.240000000000000000e+02
-1.114953460693359375e+02,1.144513092041015625e+02,6.240000000000000000e+02
-1.108170013427734375e+02,1.144513092041015625e+02,6.240000000000000000e+02
-1.103151702880859375e+02,1.146347274780273438e+02,6.250000000000000000e+02
-1.098111572265625000e+02,1.148181381225585938e+02,6.260000000000000000e+02
-1.094793014526367188e+02,1.151849746704101562e+02,6.280000000000000000e+02
-1.089698486328125000e+02,1.153683853149414062e+02,6.290000000000000000e+02
-1.088025360107421875e+02,1.159186325073242188e+02,6.320000000000000000e+02
-1.084576416015625000e+02,1.162854690551757812e+02,6.340000000000000000e+02
-1.166163024902343750e+02,1.154989395141601562e+02,6.260000000000000000e+02
-1.159357910156250000e+02,1.154989395141601562e+02,6.260000000000000000e+02
-1.150711593627929688e+02,1.153144302368164062e+02,6.250000000000000000e+02
-1.142087097167968750e+02,1.151299285888671875e+02,6.240000000000000000e+02
-1.135303649902343750e+02,1.151299285888671875e+02,6.240000000000000000e+02
-1.126711730957031250e+02,1.149454269409179688e+02,6.230000000000000000e+02
-1.121736831665039062e+02,1.151299285888671875e+02,6.240000000000000000e+02
-1.114953460693359375e+02,1.151299285888671875e+02,6.240000000000000000e+02
-1.109945983886718750e+02,1.153144302368164062e+02,6.250000000000000000e+02
-1.104916763305664062e+02,1.154989395141601562e+02,6.260000000000000000e+02
-1.101619949340820312e+02,1.158679428100585938e+02,6.280000000000000000e+02
-1.096536331176757812e+02,1.160524444580078125e+02,6.290000000000000000e+02
-1.091430892944335938e+02,1.162369461059570312e+02,6.300000000000000000e+02
-1.089746932983398438e+02,1.167904586791992188e+02,6.330000000000000000e+02
-1.171094436645507812e+02,1.159941406250000000e+02,6.250000000000000000e+02
-1.162437286376953125e+02,1.158085479736328125e+02,6.240000000000000000e+02
-1.155653915405273438e+02,1.158085479736328125e+02,6.240000000000000000e+02
-1.147029342651367188e+02,1.156229629516601562e+02,6.230000000000000000e+02
-1.140256805419921875e+02,1.156229629516601562e+02,6.230000000000000000e+02
-1.133484268188476562e+02,1.156229629516601562e+02,6.230000000000000000e+02
-1.126711730957031250e+02,1.156229629516601562e+02,6.230000000000000000e+02
-1.121736831665039062e+02,1.158085479736328125e+02,6.240000000000000000e+02
-1.116740264892578125e+02,1.159941406250000000e+02,6.250000000000000000e+02
-1.111721878051757812e+02,1.161797332763671875e+02,6.260000000000000000e+02
-1.108446807861328125e+02,1.165509109497070312e+02,6.280000000000000000e+02
-1.103374099731445312e+02,1.167365036010742188e+02,6.290000000000000000e+02
-1.098279647827148438e+02,1.169220962524414062e+02,6.300000000000000000e+02
-1.096628189086914062e+02,1.174788665771484375e+02,6.330000000000000000e+02
-1.184682998657226562e+02,1.166738510131835938e+02,6.250000000000000000e+02
-1.176004104614257812e+02,1.164871673583984375e+02,6.240000000000000000e+02
-1.167346954345703125e+02,1.163004913330078125e+02,6.230000000000000000e+02
-1.158711547851562500e+02,1.161138153076171875e+02,6.220000000000000000e+02
-1.151949844360351562e+02,1.161138153076171875e+02,6.220000000000000000e+02
-1.147029342651367188e+02,1.163004913330078125e+02,6.230000000000000000e+02
-1.140256805419921875e+02,1.163004913330078125e+02,6.230000000000000000e+02
-1.133484268188476562e+02,1.163004913330078125e+02,6.230000000000000000e+02
-1.128520278930664062e+02,1.164871673583984375e+02,6.240000000000000000e+02
-1.123534545898437500e+02,1.166738510131835938e+02,6.250000000000000000e+02
-1.118526992797851562e+02,1.168605270385742188e+02,6.260000000000000000e+02
-1.113497772216796875e+02,1.170472030639648438e+02,6.270000000000000000e+02
-1.110211868286132812e+02,1.174205627441406250e+02,6.290000000000000000e+02
-1.105128250122070312e+02,1.176072387695312500e+02,6.300000000000000000e+02
-1.100022964477539062e+02,1.177939147949218750e+02,6.310000000000000000e+02
-1.191477279663085938e+02,1.173535537719726562e+02,6.250000000000000000e+02
-1.180892028808593750e+02,1.169780197143554688e+02,6.230000000000000000e+02
-1.172234878540039062e+02,1.167902603149414062e+02,6.220000000000000000e+02
-1.165473175048828125e+02,1.167902603149414062e+02,6.220000000000000000e+02
-1.156848678588867188e+02,1.166024932861328125e+02,6.210000000000000000e+02
-1.151949844360351562e+02,1.167902603149414062e+02,6.220000000000000000e+02
-1.145188217163085938e+02,1.167902603149414062e+02,6.220000000000000000e+02
-1.140256805419921875e+02,1.169780197143554688e+02,6.230000000000000000e+02
-1.135303649902343750e+02,1.171657867431640625e+02,6.240000000000000000e+02
-1.128520278930664062e+02,1.171657867431640625e+02,6.240000000000000000e+02
-1.125332183837890625e+02,1.175413208007812500e+02,6.260000000000000000e+02
-1.120313796997070312e+02,1.177290878295898438e+02,6.270000000000000000e+02
-1.117049636840820312e+02,1.181046142578125000e+02,6.290000000000000000e+02
-1.111976928710937500e+02,1.182923812866210938e+02,6.300000000000000000e+02
-1.106882400512695312e+02,1.184801483154296875e+02,6.310000000000000000e+02
-1.198271560668945312e+02,1.180332641601562500e+02,6.250000000000000000e+02
-1.187664566040039062e+02,1.176555557250976562e+02,6.230000000000000000e+02
-1.178996505737304688e+02,1.174667053222656250e+02,6.220000000000000000e+02
-1.172234878540039062e+02,1.174667053222656250e+02,6.220000000000000000e+02
-1.163599472045898438e+02,1.172778472900390625e+02,6.210000000000000000e+02
-1.156848678588867188e+02,1.172778472900390625e+02,6.210000000000000000e+02
-1.151949844360351562e+02,1.174667053222656250e+02,6.220000000000000000e+02
-1.147029342651367188e+02,1.176555557250976562e+02,6.230000000000000000e+02
-1.140256805419921875e+02,1.176555557250976562e+02,6.230000000000000000e+02
-1.135303649902343750e+02,1.178444061279296875e+02,6.240000000000000000e+02
-1.132137298583984375e+02,1.182221145629882812e+02,6.260000000000000000e+02
-1.127129821777343750e+02,1.184109649658203125e+02,6.270000000000000000e+02
-1.123887405395507812e+02,1.187886734008789062e+02,6.290000000000000000e+02
-1.118825531005859375e+02,1.189775314331054688e+02,6.300000000000000000e+02
-1.205065841674804688e+02,1.187129669189453125e+02,6.250000000000000000e+02
-0.000000000000000000e+00,0.000000000000000000e+00,0.000000000000000000e+00
-1.185758209228515625e+02,1.181431503295898438e+02,6.220000000000000000e+02
-1.177101058959960938e+02,1.179532089233398438e+02,6.210000000000000000e+02
-1.170350265502929688e+02,1.179532089233398438e+02,6.210000000000000000e+02
-1.163599472045898438e+02,1.179532089233398438e+02,6.210000000000000000e+02
-1.156848678588867188e+02,1.179532089233398438e+02,6.210000000000000000e+02
-1.151949844360351562e+02,1.181431503295898438e+02,6.220000000000000000e+02
-1.147029342651367188e+02,1.183330841064453125e+02,6.230000000000000000e+02
-1.142087097167968750e+02,1.185230255126953125e+02,6.240000000000000000e+02
-1.138942489624023438e+02,1.189029083251953125e+02,6.260000000000000000e+02
-1.133945846557617188e+02,1.190928497314453125e+02,6.270000000000000000e+02
-1.128927459716796875e+02,1.192827911376953125e+02,6.280000000000000000e+02
-1.125674133300781250e+02,1.196626739501953125e+02,6.300000000000000000e+02
-1.201209640502929688e+02,1.190106201171875000e+02,6.230000000000000000e+02
-1.194437103271484375e+02,1.190106201171875000e+02,6.230000000000000000e+02
-1.185758209228515625e+02,1.188195877075195312e+02,6.220000000000000000e+02
-1.177101058959960938e+02,1.186285629272460938e+02,6.210000000000000000e+02
-1.170350265502929688e+02,1.186285629272460938e+02,6.210000000000000000e+02
-1.163599472045898438e+02,1.186285629272460938e+02,6.210000000000000000e+02
-1.158711547851562500e+02,1.188195877075195312e+02,6.220000000000000000e+02
-1.153801879882812500e+02,1.190106201171875000e+02,6.230000000000000000e+02
-1.148870468139648438e+02,1.192016448974609375e+02,6.240000000000000000e+02
-1.145747604370117188e+02,1.195837020874023438e+02,6.260000000000000000e+02
-1.140761871337890625e+02,1.197747344970703125e+02,6.270000000000000000e+02
-1.135754394531250000e+02,1.199657592773437500e+02,6.280000000000000000e+02
-1.132522811889648438e+02,1.203478164672851562e+02,6.300000000000000000e+02
-1.218654403686523438e+02,1.200723800659179688e+02,6.250000000000000000e+02
-1.207982177734375000e+02,1.196881484985351562e+02,6.230000000000000000e+02
-1.199281539916992188e+02,1.194960327148437500e+02,6.220000000000000000e+02
-1.192519836425781250e+02,1.194960327148437500e+02,6.220000000000000000e+02
-1.183851852416992188e+02,1.193039169311523438e+02,6.210000000000000000e+02
-1.177101058959960938e+02,1.193039169311523438e+02,6.210000000000000000e+02
-1.170350265502929688e+02,1.193039169311523438e+02,6.210000000000000000e+02
-1.165473175048828125e+02,1.194960327148437500e+02,6.220000000000000000e+02
-1.158711547851562500e+02,1.194960327148437500e+02,6.220000000000000000e+02
-1.155653915405273438e+02,1.198802642822265625e+02,6.240000000000000000e+02
-1.150711593627929688e+02,1.200723800659179688e+02,6.250000000000000000e+02
-1.147577896118164062e+02,1.204566116333007812e+02,6.270000000000000000e+02
-1.142581253051757812e+02,1.206487274169921875e+02,6.280000000000000000e+02
-1.139371414184570312e+02,1.210329589843750000e+02,6.300000000000000000e+02
-1.223487930297851562e+02,1.205588989257812500e+02,6.240000000000000000e+02
-1.214754714965820312e+02,1.203656921386718750e+02,6.230000000000000000e+02
-1.206043167114257812e+02,1.201724929809570312e+02,6.220000000000000000e+02
-1.197353439331054688e+02,1.199792861938476562e+02,6.210000000000000000e+02
-1.190602645874023438e+02,1.199792861938476562e+02,6.210000000000000000e+02
-1.183851852416992188e+02,1.199792861938476562e+02,6.210000000000000000e+02
-1.177101058959960938e+02,1.199792861938476562e+02,6.210000000000000000e+02
-1.172234878540039062e+02,1.201724929809570312e+02,6.220000000000000000e+02
-1.165473175048828125e+02,1.201724929809570312e+02,6.220000000000000000e+02
-1.160574417114257812e+02,1.203656921386718750e+02,6.230000000000000000e+02
-1.157505874633789062e+02,1.207520980834960938e+02,6.250000000000000000e+02
-1.152552795410156250e+02,1.209453048706054688e+02,6.260000000000000000e+02
-1.149408187866210938e+02,1.213317108154296875e+02,6.280000000000000000e+02
-1.237054748535156250e+02,1.212375183105468750e+02,6.240000000000000000e+02
-1.228299789428710938e+02,1.210432281494140625e+02,6.230000000000000000e+02
-1.219566497802734375e+02,1.208489379882812500e+02,6.220000000000000000e+02
-1.210855026245117188e+02,1.206546401977539062e+02,6.210000000000000000e+02
-1.202165222167968750e+02,1.204603500366210938e+02,6.200000000000000000e+02
-1.195425338745117188e+02,1.204603500366210938e+02,6.200000000000000000e+02
-1.188685379028320312e+02,1.204603500366210938e+02,6.200000000000000000e+02
-1.183851852416992188e+02,1.206546401977539062e+02,6.210000000000000000e+02
-1.177101058959960938e+02,1.206546401977539062e+02,6.210000000000000000e+02
-1.172234878540039062e+02,1.208489379882812500e+02,6.220000000000000000e+02
-1.167346954345703125e+02,1.210432281494140625e+02,6.230000000000000000e+02
-1.164300155639648438e+02,1.214318084716796875e+02,6.250000000000000000e+02
-1.159357910156250000e+02,1.216260986328125000e+02,6.260000000000000000e+02
-1.156235046386718750e+02,1.220146789550781250e+02,6.280000000000000000e+02
-1.241844863891601562e+02,1.217207565307617188e+02,6.230000000000000000e+02
-1.233089828491210938e+02,1.215253753662109375e+02,6.220000000000000000e+02
-1.224356613159179688e+02,1.213300018310546875e+02,6.210000000000000000e+02
-1.215645065307617188e+02,1.211346206665039062e+02,6.200000000000000000e+02
-1.208905181884765625e+02,1.211346206665039062e+02,6.200000000000000000e+02
-1.202165222167968750e+02,1.211346206665039062e+02,6.200000000000000000e+02
-1.195425338745117188e+02,1.211346206665039062e+02,6.200000000000000000e+02
-1.188685379028320312e+02,1.211346206665039062e+02,6.200000000000000000e+02
-1.183851852416992188e+02,1.213300018310546875e+02,6.210000000000000000e+02
-1.178996505737304688e+02,1.215253753662109375e+02,6.220000000000000000e+02
-1.174119491577148438e+02,1.217207565307617188e+02,6.230000000000000000e+02
-1.171094436645507812e+02,1.221115112304687500e+02,6.250000000000000000e+02
-1.166163024902343750e+02,1.223068923950195312e+02,6.260000000000000000e+02
-1.161209945678710938e+02,1.225022735595703125e+02,6.270000000000000000e+02
-0.000000000000000000e+00,0.000000000000000000e+00,0.000000000000000000e+00
-1.239851531982421875e+02,1.222018203735351562e+02,6.220000000000000000e+02
-1.231107406616210938e+02,1.220053558349609375e+02,6.210000000000000000e+02
-1.222385025024414062e+02,1.218088912963867188e+02,6.200000000000000000e+02
-1.215645065307617188e+02,1.218088912963867188e+02,6.200000000000000000e+02
-1.206955337524414062e+02,1.216124267578125000e+02,6.190000000000000000e+02
-1.200226287841796875e+02,1.216124267578125000e+02,6.190000000000000000e+02
-1.195425338745117188e+02,1.218088912963867188e+02,6.200000000000000000e+02
-1.190602645874023438e+02,1.220053558349609375e+02,6.210000000000000000e+02
-1.185758209228515625e+02,1.222018203735351562e+02,6.220000000000000000e+02
-1.180892028808593750e+02,1.223982925415039062e+02,6.230000000000000000e+02
-1.177888717651367188e+02,1.227912216186523438e+02,6.250000000000000000e+02
-1.172968215942382812e+02,1.229876861572265625e+02,6.260000000000000000e+02
-1.168025970458984375e+02,1.231841506958007812e+02,6.270000000000000000e+02
-1.255389938354492188e+02,1.230758209228515625e+02,6.230000000000000000e+02
-1.246613159179687500e+02,1.228782653808593750e+02,6.220000000000000000e+02
-1.235864868164062500e+02,1.224831619262695312e+02,6.200000000000000000e+02
-1.227142486572265625e+02,1.222856063842773438e+02,6.190000000000000000e+02
-1.220413436889648438e+02,1.222856063842773438e+02,6.190000000000000000e+02
-1.213684387207031250e+02,1.222856063842773438e+02,6.190000000000000000e+02
-1.206955337524414062e+02,1.222856063842773438e+02,6.190000000000000000e+02
-1.202165222167968750e+02,1.224831619262695312e+02,6.200000000000000000e+02
-1.197353439331054688e+02,1.226807174682617188e+02,6.210000000000000000e+02
-1.192519836425781250e+02,1.228782653808593750e+02,6.220000000000000000e+02
-1.187664566040039062e+02,1.230758209228515625e+02,6.230000000000000000e+02
-1.184682998657226562e+02,1.234709320068359375e+02,6.250000000000000000e+02
-1.179773330688476562e+02,1.236684799194335938e+02,6.260000000000000000e+02
-1.262162475585937500e+02,1.237533569335937500e+02,6.230000000000000000e+02
-1.251359786987304688e+02,1.233560714721679688e+02,6.210000000000000000e+02
-1.242604751586914062e+02,1.231574325561523438e+02,6.200000000000000000e+02
-1.233871536254882812e+02,1.229587860107421875e+02,6.190000000000000000e+02
-1.225159988403320312e+02,1.227601470947265625e+02,6.180000000000000000e+02
-1.218441848754882812e+02,1.227601470947265625e+02,6.180000000000000000e+02
-1.211723632812500000e+02,1.227601470947265625e+02,6.180000000000000000e+02
-1.206955337524414062e+02,1.229587860107421875e+02,6.190000000000000000e+02
-1.202165222167968750e+02,1.231574325561523438e+02,6.200000000000000000e+02
-1.199281539916992188e+02,1.235547103881835938e+02,6.220000000000000000e+02
-1.194437103271484375e+02,1.237533569335937500e+02,6.230000000000000000e+02
-1.189570922851562500e+02,1.239519958496093750e+02,6.240000000000000000e+02
-1.186578521728515625e+02,1.243492736816406250e+02,6.260000000000000000e+02
-1.277755203247070312e+02,1.246306152343750000e+02,6.240000000000000000e+02
-0.000000000000000000e+00,0.000000000000000000e+00,0.000000000000000000e+00
-0.000000000000000000e+00,0.000000000000000000e+00,0.000000000000000000e+00
-1.247329635620117188e+02,1.236319732666015625e+02,6.190000000000000000e+02
-1.238596343994140625e+02,1.234322433471679688e+02,6.180000000000000000e+02
-1.229884872436523438e+02,1.232325134277343750e+02,6.170000000000000000e+02
-1.223177566528320312e+02,1.232325134277343750e+02,6.170000000000000000e+02
-1.218441848754882812e+02,1.234322433471679688e+02,6.180000000000000000e+02
-1.211723632812500000e+02,1.234322433471679688e+02,6.180000000000000000e+02
-1.206955337524414062e+02,1.236319732666015625e+02,6.190000000000000000e+02
-1.204104232788085938e+02,1.240314254760742188e+02,6.210000000000000000e+02
-1.199281539916992188e+02,1.242311553955078125e+02,6.220000000000000000e+02
-1.196354370117187500e+02,1.246306152343750000e+02,6.240000000000000000e+02
-1.193383636474609375e+02,1.250300750732421875e+02,6.260000000000000000e+02
-1.282480010986328125e+02,1.251084213256835938e+02,6.230000000000000000e+02
-1.273659820556640625e+02,1.249076004028320312e+02,6.220000000000000000e+02
-1.262824554443359375e+02,1.245059661865234375e+02,6.200000000000000000e+02
-0.000000000000000000e+00,0.000000000000000000e+00,0.000000000000000000e+00
-1.245314559936523438e+02,1.241043395996093750e+02,6.180000000000000000e+02
-1.238596343994140625e+02,1.241043395996093750e+02,6.180000000000000000e+02
-1.229884872436523438e+02,1.239035186767578125e+02,6.170000000000000000e+02
-1.223177566528320312e+02,1.239035186767578125e+02,6.170000000000000000e+02
-1.216470260620117188e+02,1.239035186767578125e+02,6.170000000000000000e+02
-1.213684387207031250e+02,1.243051528930664062e+02,6.190000000000000000e+02
-1.206955337524414062e+02,1.243051528930664062e+02,6.190000000000000000e+02
-1.206043167114257812e+02,1.249076004028320312e+02,6.220000000000000000e+02
-1.203137741088867188e+02,1.253092346191406250e+02,6.240000000000000000e+02
-1.198271560668945312e+02,1.255100479125976562e+02,6.250000000000000000e+02
-1.298105468750000000e+02,1.259878540039062500e+02,6.240000000000000000e+02
-1.289252624511718750e+02,1.257859497070312500e+02,6.230000000000000000e+02
-1.278362960815429688e+02,1.253821411132812500e+02,6.210000000000000000e+02
-1.269564514160156250e+02,1.251802368164062500e+02,6.200000000000000000e+02
-1.260787734985351562e+02,1.249783325195312500e+02,6.190000000000000000e+02
-1.252032775878906250e+02,1.247764282226562500e+02,6.180000000000000000e+02
-1.243299484252929688e+02,1.245745315551757812e+02,6.170000000000000000e+02
-1.236592178344726562e+02,1.245745315551757812e+02,6.170000000000000000e+02
-1.227891540527343750e+02,1.243726272583007812e+02,6.160000000000000000e+02
-1.223177566528320312e+02,1.245745315551757812e+02,6.170000000000000000e+02
-1.218441848754882812e+02,1.247764282226562500e+02,6.180000000000000000e+02
-1.213684387207031250e+02,1.249783325195312500e+02,6.190000000000000000e+02
-1.212804870605468750e+02,1.255840454101562500e+02,6.220000000000000000e+02
-1.207982177734375000e+02,1.257859497070312500e+02,6.230000000000000000e+02
-1.205065841674804688e+02,1.261897583007812500e+02,6.250000000000000000e+02
-1.304888916015625000e+02,1.266664733886718750e+02,6.240000000000000000e+02
-1.293945007324218750e+02,1.262604904174804688e+02,6.220000000000000000e+02
-1.283044281005859375e+02,1.258545074462890625e+02,6.200000000000000000e+02
-1.274245834350585938e+02,1.256515197753906250e+02,6.190000000000000000e+02
-1.265469131469726562e+02,1.254485244750976562e+02,6.180000000000000000e+02
-1.258750915527343750e+02,1.254485244750976562e+02,6.180000000000000000e+02
-1.250006790161132812e+02,1.252455368041992188e+02,6.170000000000000000e+02
-1.241284408569335938e+02,1.250425415039062500e+02,6.160000000000000000e+02
-1.234588012695312500e+02,1.250425415039062500e+02,6.160000000000000000e+02
-1.229884872436523438e+02,1.252455368041992188e+02,6.170000000000000000e+02
-1.223177566528320312e+02,1.252455368041992188e+02,6.170000000000000000e+02
-1.218441848754882812e+02,1.254485244750976562e+02,6.180000000000000000e+02
-1.215645065307617188e+02,1.258545074462890625e+02,6.200000000000000000e+02
-1.212804870605468750e+02,1.262604904174804688e+02,6.220000000000000000e+02
-1.209921112060546875e+02,1.266664733886718750e+02,6.240000000000000000e+02
-1.298615417480468750e+02,1.267328567504882812e+02,6.210000000000000000e+02
-0.000000000000000000e+00,0.000000000000000000e+00,0.000000000000000000e+00
-1.278905487060546875e+02,1.261206207275390625e+02,6.180000000000000000e+02
-1.270128707885742188e+02,1.259165420532226562e+02,6.170000000000000000e+02
-1.263421401977539062e+02,1.259165420532226562e+02,6.170000000000000000e+02
-1.254677276611328125e+02,1.257124633789062500e+02,6.160000000000000000e+02
-1.247980880737304688e+02,1.257124633789062500e+02,6.160000000000000000e+02
-1.241284408569335938e+02,1.257124633789062500e+02,6.160000000000000000e+02
-1.236592178344726562e+02,1.259165420532226562e+02,6.170000000000000000e+02
-1.229884872436523438e+02,1.259165420532226562e+02,6.170000000000000000e+02
-1.225159988403320312e+02,1.261206207275390625e+02,6.180000000000000000e+02
-1.220413436889648438e+02,1.263246994018554688e+02,6.190000000000000000e+02
-1.219566497802734375e+02,1.269369354248046875e+02,6.220000000000000000e+02
-0.000000000000000000e+00,0.000000000000000000e+00,0.000000000000000000e+00
-0.000000000000000000e+00,0.000000000000000000e+00,0.000000000000000000e+00
-1.283543395996093750e+02,1.265875473022460938e+02,6.170000000000000000e+02
-1.274766616821289062e+02,1.263823852539062500e+02,6.160000000000000000e+02
-1.268070144653320312e+02,1.263823852539062500e+02,6.160000000000000000e+02
-1.261373748779296875e+02,1.263823852539062500e+02,6.160000000000000000e+02
-1.254677276611328125e+02,1.263823852539062500e+02,6.160000000000000000e+02
-1.247980880737304688e+02,1.263823852539062500e+02,6.160000000000000000e+02
-1.241284408569335938e+02,1.263823852539062500e+02,6.160000000000000000e+02
-1.236592178344726562e+02,1.265875473022460938e+02,6.170000000000000000e+02
-1.231878204345703125e+02,1.267927169799804688e+02,6.180000000000000000e+02
-1.227142486572265625e+02,1.269978790283203125e+02,6.190000000000000000e+02
-1.222385025024414062e+02,1.272030487060546875e+02,6.200000000000000000e+02
-0.000000000000000000e+00,0.000000000000000000e+00,0.000000000000000000e+00
-0.000000000000000000e+00,0.000000000000000000e+00,0.000000000000000000e+00
-1.296958007812500000e+02,1.272585525512695312e+02,6.170000000000000000e+02
-1.288159637451171875e+02,1.270522994995117188e+02,6.160000000000000000e+02
-1.279382858276367188e+02,1.268460464477539062e+02,6.150000000000000000e+02
-1.272697219848632812e+02,1.268460464477539062e+02,6.150000000000000000e+02
-1.266011657714843750e+02,1.268460464477539062e+02,6.150000000000000000e+02
-1.259326019287109375e+02,1.268460464477539062e+02,6.150000000000000000e+02
-1.254677276611328125e+02,1.270522994995117188e+02,6.160000000000000000e+02
-1.247980880737304688e+02,1.270522994995117188e+02,6.160000000000000000e+02
-1.243299484252929688e+02,1.272585525512695312e+02,6.170000000000000000e+02
-1.238596343994140625e+02,1.274648132324218750e+02,6.180000000000000000e+02
-1.233871536254882812e+02,1.276710662841796875e+02,6.190000000000000000e+02
-1.229124908447265625e+02,1.278773193359375000e+02,6.200000000000000000e+02
-0.000000000000000000e+00,0.000000000000000000e+00,0.000000000000000000e+00
-0.000000000000000000e+00,0.000000000000000000e+00,0.000000000000000000e+00
-1.301552429199218750e+02,1.277222290039062500e+02,6.160000000000000000e+02
-1.292754058837890625e+02,1.275148925781250000e+02,6.150000000000000000e+02
-1.283977203369140625e+02,1.273075485229492188e+02,6.140000000000000000e+02
-1.277302551269531250e+02,1.273075485229492188e+02,6.140000000000000000e+02
-1.270627746582031250e+02,1.273075485229492188e+02,6.140000000000000000e+02
-1.266011657714843750e+02,1.275148925781250000e+02,6.150000000000000000e+02
-1.259326019287109375e+02,1.275148925781250000e+02,6.150000000000000000e+02
-1.254677276611328125e+02,1.277222290039062500e+02,6.160000000000000000e+02
-1.250006790161132812e+02,1.279295730590820312e+02,6.170000000000000000e+02
-1.245314559936523438e+02,1.281369171142578125e+02,6.180000000000000000e+02
-1.240600585937500000e+02,1.283442535400390625e+02,6.190000000000000000e+02
-1.235864868164062500e+02,1.285515899658203125e+02,6.200000000000000000e+02
-0.000000000000000000e+00,0.000000000000000000e+00,0.000000000000000000e+00
-1.317079925537109375e+02,1.286005859375000000e+02,6.170000000000000000e+02
-1.308248901367187500e+02,1.283921508789062500e+02,6.160000000000000000e+02
-1.299439544677734375e+02,1.281837158203125000e+02,6.150000000000000000e+02
-1.290652008056640625e+02,1.279752960205078125e+02,6.140000000000000000e+02
-1.281886138916015625e+02,1.277668609619140625e+02,6.130000000000000000e+02
-1.275222244262695312e+02,1.277668609619140625e+02,6.130000000000000000e+02
-1.270627746582031250e+02,1.279752960205078125e+02,6.140000000000000000e+02
-1.266011657714843750e+02,1.281837158203125000e+02,6.150000000000000000e+02
-1.261373748779296875e+02,1.283921508789062500e+02,6.160000000000000000e+02
-1.256714096069335938e+02,1.286005859375000000e+02,6.170000000000000000e+02
-1.252032775878906250e+02,1.288090057373046875e+02,6.180000000000000000e+02
-1.247329635620117188e+02,1.290174407958984375e+02,6.190000000000000000e+02
-1.242604751586914062e+02,1.292258605957031250e+02,6.200000000000000000e+02
-1.323787384033203125e+02,1.292715911865234375e+02,6.170000000000000000e+02
-1.312810668945312500e+02,1.288525543212890625e+02,6.150000000000000000e+02
-1.304001312255859375e+02,1.286430358886718750e+02,6.140000000000000000e+02
-1.295213775634765625e+02,1.284335174560546875e+02,6.130000000000000000e+02
-1.288549957275390625e+02,1.284335174560546875e+02,6.130000000000000000e+02
-1.281886138916015625e+02,1.284335174560546875e+02,6.130000000000000000e+02
-1.275222244262695312e+02,1.284335174560546875e+02,6.130000000000000000e+02
-1.270627746582031250e+02,1.286430358886718750e+02,6.140000000000000000e+02
-1.266011657714843750e+02,1.288525543212890625e+02,6.150000000000000000e+02
-1.261373748779296875e+02,1.290620727539062500e+02,6.160000000000000000e+02
-1.258750915527343750e+02,1.294811096191406250e+02,6.180000000000000000e+02
-1.254058685302734375e+02,1.296906127929687500e+02,6.190000000000000000e+02
-0.000000000000000000e+00,0.000000000000000000e+00,0.000000000000000000e+00
-1.328338165283203125e+02,1.297319946289062500e+02,6.160000000000000000e+02
-1.319496307373046875e+02,1.295213775634765625e+02,6.150000000000000000e+02
-1.308541412353515625e+02,1.291001739501953125e+02,6.130000000000000000e+02
-1.299753723144531250e+02,1.288895721435546875e+02,6.120000000000000000e+02
-1.293100891113281250e+02,1.288895721435546875e+02,6.120000000000000000e+02
-1.286447906494140625e+02,1.288895721435546875e+02,6.120000000000000000e+02
-1.281886138916015625e+02,1.291001739501953125e+02,6.130000000000000000e+02
-1.277302551269531250e+02,1.293107757568359375e+02,6.140000000000000000e+02
-1.272697219848632812e+02,1.295213775634765625e+02,6.150000000000000000e+02
-1.268070144653320312e+02,1.297319946289062500e+02,6.160000000000000000e+02
-1.263421401977539062e+02,1.299425964355468750e+02,6.170000000000000000e+02
-1.260787734985351562e+02,1.303638000488281250e+02,6.190000000000000000e+02
-0.000000000000000000e+00,0.000000000000000000e+00,0.000000000000000000e+00
-1.337201995849609375e+02,1.306136016845703125e+02,6.170000000000000000e+02
-1.326181793212890625e+02,1.301902160644531250e+02,6.150000000000000000e+02
-1.315205230712890625e+02,1.297668304443359375e+02,6.130000000000000000e+02
-1.306406707763671875e+02,1.295551452636718750e+02,6.120000000000000000e+02
-1.299753723144531250e+02,1.295551452636718750e+02,6.120000000000000000e+02
-1.293100891113281250e+02,1.295551452636718750e+02,6.120000000000000000e+02
-1.288549957275390625e+02,1.297668304443359375e+02,6.130000000000000000e+02
-1.281886138916015625e+02,1.297668304443359375e+02,6.130000000000000000e+02
-1.277302551269531250e+02,1.299785308837890625e+02,6.140000000000000000e+02
-1.274766616821289062e+02,1.304019012451171875e+02,6.160000000000000000e+02
-1.270128707885742188e+02,1.306136016845703125e+02,6.170000000000000000e+02
-1.267516784667968750e+02,1.310369873046875000e+02,6.190000000000000000e+02
-0.000000000000000000e+00,0.000000000000000000e+00,0.000000000000000000e+00
-1.341731109619140625e+02,1.310718231201171875e+02,6.160000000000000000e+02
-1.332867431640625000e+02,1.308590545654296875e+02,6.150000000000000000e+02
-1.321869049072265625e+02,1.304334869384765625e+02,6.130000000000000000e+02
-1.315205230712890625e+02,1.304334869384765625e+02,6.130000000000000000e+02
-1.306406707763671875e+02,1.302207183837890625e+02,6.120000000000000000e+02
-1.299753723144531250e+02,1.302207183837890625e+02,6.120000000000000000e+02
-1.293100891113281250e+02,1.302207183837890625e+02,6.120000000000000000e+02
-1.290652008056640625e+02,1.306462707519531250e+02,6.140000000000000000e+02
-1.283977203369140625e+02,1.306462707519531250e+02,6.140000000000000000e+02
-1.279382858276367188e+02,1.308590545654296875e+02,6.150000000000000000e+02
-1.274766616821289062e+02,1.310718231201171875e+02,6.160000000000000000e+02
-1.272187271118164062e+02,1.314973907470703125e+02,6.180000000000000000e+02
-1.368452606201171875e+02,1.323833465576171875e+02,6.190000000000000000e+02
-0.000000000000000000e+00,0.000000000000000000e+00,0.000000000000000000e+00
-1.348427581787109375e+02,1.317417449951171875e+02,6.160000000000000000e+02
-1.337374877929687500e+02,1.313140106201171875e+02,6.140000000000000000e+02
-1.328532867431640625e+02,1.311001434326171875e+02,6.130000000000000000e+02
-1.321869049072265625e+02,1.311001434326171875e+02,6.130000000000000000e+02
-1.313059692382812500e+02,1.308862762451171875e+02,6.120000000000000000e+02
-1.306406707763671875e+02,1.308862762451171875e+02,6.120000000000000000e+02
-1.299753723144531250e+02,1.308862762451171875e+02,6.120000000000000000e+02
-1.295213775634765625e+02,1.311001434326171875e+02,6.130000000000000000e+02
-1.290652008056640625e+02,1.313140106201171875e+02,6.140000000000000000e+02
-1.286068420410156250e+02,1.315278778076171875e+02,6.150000000000000000e+02
-1.281463165283203125e+02,1.317417449951171875e+02,6.160000000000000000e+02
-1.278905487060546875e+02,1.321694793701171875e+02,6.180000000000000000e+02
-1.372960052490234375e+02,1.328415679931640625e+02,6.180000000000000000e+02
-0.000000000000000000e+00,0.000000000000000000e+00,0.000000000000000000e+00
-1.355124053955078125e+02,1.324116668701171875e+02,6.160000000000000000e+02
-1.344049530029296875e+02,1.319817657470703125e+02,6.140000000000000000e+02
-1.335196685791015625e+02,1.317667999267578125e+02,6.130000000000000000e+02
-1.326365661621093750e+02,1.315518493652343750e+02,6.120000000000000000e+02
-1.319712677001953125e+02,1.315518493652343750e+02,6.120000000000000000e+02
-1.313059692382812500e+02,1.315518493652343750e+02,6.120000000000000000e+02
-1.306406707763671875e+02,1.315518493652343750e+02,6.120000000000000000e+02
-1.301877593994140625e+02,1.317667999267578125e+02,6.130000000000000000e+02
-1.297326660156250000e+02,1.319817657470703125e+02,6.140000000000000000e+02
-1.292754058837890625e+02,1.321967163085937500e+02,6.150000000000000000e+02
-1.288159637451171875e+02,1.324116668701171875e+02,6.160000000000000000e+02
-1.377445831298828125e+02,1.332976226806640625e+02,6.170000000000000000e+02
-1.368516845703125000e+02,1.330815887451171875e+02,6.160000000000000000e+02
-1.357398986816406250e+02,1.326495056152343750e+02,6.140000000000000000e+02
-1.350724182128906250e+02,1.326495056152343750e+02,6.140000000000000000e+02
-1.341860504150390625e+02,1.324334564208984375e+02,6.130000000000000000e+02
-1.333018493652343750e+02,1.322174224853515625e+02,6.120000000000000000e+02
-1.326365661621093750e+02,1.322174224853515625e+02,6.120000000000000000e+02
-1.319712677001953125e+02,1.322174224853515625e+02,6.120000000000000000e+02
-1.313059692382812500e+02,1.322174224853515625e+02,6.120000000000000000e+02
-1.306406707763671875e+02,1.322174224853515625e+02,6.120000000000000000e+02
-1.301877593994140625e+02,1.324334564208984375e+02,6.130000000000000000e+02
-1.297326660156250000e+02,1.326495056152343750e+02,6.140000000000000000e+02
-1.294855957031250000e+02,1.330815887451171875e+02,6.160000000000000000e+02
-1.381909790039062500e+02,1.337515106201171875e+02,6.160000000000000000e+02
-1.372980804443359375e+02,1.335343780517578125e+02,6.150000000000000000e+02
-1.364073638916015625e+02,1.333172454833984375e+02,6.140000000000000000e+02
-1.355188140869140625e+02,1.331001129150390625e+02,6.130000000000000000e+02
-1.346324462890625000e+02,1.328829956054687500e+02,6.120000000000000000e+02
-1.339671478271484375e+02,1.328829956054687500e+02,6.120000000000000000e+02
-1.333018493652343750e+02,1.328829956054687500e+02,6.120000000000000000e+02
-1.326365661621093750e+02,1.328829956054687500e+02,6.120000000000000000e+02
-1.317556304931640625e+02,1.326658630371093750e+02,6.110000000000000000e+02
-1.313059692382812500e+02,1.328829956054687500e+02,6.120000000000000000e+02
-1.308541412353515625e+02,1.331001129150390625e+02,6.130000000000000000e+02
-1.304001312255859375e+02,1.333172454833984375e+02,6.140000000000000000e+02
-1.301552429199218750e+02,1.337515106201171875e+02,6.160000000000000000e+02
-0.000000000000000000e+00,0.000000000000000000e+00,0.000000000000000000e+00
-1.379666442871093750e+02,1.342032012939453125e+02,6.150000000000000000e+02
-1.370748291015625000e+02,1.339849853515625000e+02,6.140000000000000000e+02
-1.361851959228515625e+02,1.337667694091796875e+02,6.130000000000000000e+02
-1.352977447509765625e+02,1.335485534667968750e+02,6.120000000000000000e+02
-1.344124603271484375e+02,1.333303375244140625e+02,6.110000000000000000e+02
-1.337482452392578125e+02,1.333303375244140625e+02,6.110000000000000000e+02
-1.330840454101562500e+02,1.333303375244140625e+02,6.110000000000000000e+02
-1.324198303222656250e+02,1.333303375244140625e+02,6.110000000000000000e+02
-1.319712677001953125e+02,1.335485534667968750e+02,6.120000000000000000e+02
-1.315205230712890625e+02,1.337667694091796875e+02,6.130000000000000000e+02
-1.310676116943359375e+02,1.339849853515625000e+02,6.140000000000000000e+02
-1.395302581787109375e+02,1.350913391113281250e+02,6.160000000000000000e+02
-1.384097747802734375e+02,1.346527404785156250e+02,6.140000000000000000e+02
-1.377423095703125000e+02,1.346527404785156250e+02,6.140000000000000000e+02
-1.366283416748046875e+02,1.342141265869140625e+02,6.120000000000000000e+02
-1.359630432128906250e+02,1.342141265869140625e+02,6.120000000000000000e+02
-1.350766754150390625e+02,1.339948272705078125e+02,6.110000000000000000e+02
-1.344124603271484375e+02,1.339948272705078125e+02,6.110000000000000000e+02
-1.337482452392578125e+02,1.339948272705078125e+02,6.110000000000000000e+02
-1.333018493652343750e+02,1.342141265869140625e+02,6.120000000000000000e+02
-1.326365661621093750e+02,1.342141265869140625e+02,6.120000000000000000e+02
-1.321869049072265625e+02,1.344334259033203125e+02,6.130000000000000000e+02
-1.317350769042968750e+02,1.346527404785156250e+02,6.140000000000000000e+02
-1.399723052978515625e+02,1.355408782958984375e+02,6.150000000000000000e+02
-1.390772399902343750e+02,1.353204956054687500e+02,6.140000000000000000e+02
-1.381843566894531250e+02,1.351000976562500000e+02,6.130000000000000000e+02
-1.372936248779296875e+02,1.348796997070312500e+02,6.120000000000000000e+02
-1.364050903320312500e+02,1.346593170166015625e+02,6.110000000000000000e+02
-1.357408752441406250e+02,1.346593170166015625e+02,6.110000000000000000e+02
-1.348555908203125000e+02,1.344389190673828125e+02,6.100000000000000000e+02
-1.341924743652343750e+02,1.344389190673828125e+02,6.100000000000000000e+02
-1.337482452392578125e+02,1.346593170166015625e+02,6.110000000000000000e+02
-1.333018493652343750e+02,1.348796997070312500e+02,6.120000000000000000e+02
-1.328532867431640625e+02,1.351000976562500000e+02,6.130000000000000000e+02
-1.324025421142578125e+02,1.353204956054687500e+02,6.140000000000000000e+02
-1.404121856689453125e+02,1.359882354736328125e+02,6.140000000000000000e+02
-1.395171203613281250e+02,1.357667541503906250e+02,6.130000000000000000e+02
-1.386242218017578125e+02,1.355452728271484375e+02,6.120000000000000000e+02
-1.377335052490234375e+02,1.353237915039062500e+02,6.110000000000000000e+02
-1.368449554443359375e+02,1.351023101806640625e+02,6.100000000000000000e+02
-1.361818389892578125e+02,1.351023101806640625e+02,6.100000000000000000e+02
-1.355187225341796875e+02,1.351023101806640625e+02,6.100000000000000000e+02
-1.348555908203125000e+02,1.351023101806640625e+02,6.100000000000000000e+02
-1.344124603271484375e+02,1.353237915039062500e+02,6.110000000000000000e+02
-1.339671478271484375e+02,1.355452728271484375e+02,6.120000000000000000e+02
-1.335196685791015625e+02,1.357667541503906250e+02,6.130000000000000000e+02
-1.330700073242187500e+02,1.359882354736328125e+02,6.140000000000000000e+02
-1.417471160888671875e+02,1.366559753417968750e+02,6.140000000000000000e+02
-1.408498840332031250e+02,1.364334106445312500e+02,6.130000000000000000e+02
-1.399548187255859375e+02,1.362108459472656250e+02,6.120000000000000000e+02
-1.390619201660156250e+02,1.359882812500000000e+02,6.110000000000000000e+02
-1.383977050781250000e+02,1.359882812500000000e+02,6.110000000000000000e+02
-1.375080871582031250e+02,1.357657165527343750e+02,6.100000000000000000e+02
-1.366206207275390625e+02,1.355431365966796875e+02,6.090000000000000000e+02
-1.359585876464843750e+02,1.355431365966796875e+02,6.090000000000000000e+02
-1.355187225341796875e+02,1.357657165527343750e+02,6.100000000000000000e+02
-1.348555908203125000e+02,1.357657165527343750e+02,6.100000000000000000e+02
-1.344124603271484375e+02,1.359882812500000000e+02,6.110000000000000000e+02
-1.341860504150390625e+02,1.364334106445312500e+02,6.130000000000000000e+02
-1.337374877929687500e+02,1.366559753417968750e+02,6.140000000000000000e+02
-1.421826477050781250e+02,1.371000671386718750e+02,6.130000000000000000e+02
-0.000000000000000000e+00,0.000000000000000000e+00,0.000000000000000000e+00
-1.403903350830078125e+02,1.366527557373046875e+02,6.110000000000000000e+02
-1.394974517822265625e+02,1.364291076660156250e+02,6.100000000000000000e+02
-1.388343200683593750e+02,1.364291076660156250e+02,6.100000000000000000e+02
-1.379446868896484375e+02,1.362054443359375000e+02,6.090000000000000000e+02
-1.372826538085937500e+02,1.362054443359375000e+02,6.090000000000000000e+02
-1.366206207275390625e+02,1.362054443359375000e+02,6.090000000000000000e+02
-1.359585876464843750e+02,1.362054443359375000e+02,6.090000000000000000e+02
-1.355187225341796875e+02,1.364291076660156250e+02,6.100000000000000000e+02
-1.350766754150390625e+02,1.366527557373046875e+02,6.110000000000000000e+02
-1.346324462890625000e+02,1.368764190673828125e+02,6.120000000000000000e+02
-1.344049530029296875e+02,1.373237152099609375e+02,6.140000000000000000e+02
-1.426159973144531250e+02,1.375419769287109375e+02,6.120000000000000000e+02
-1.417187500000000000e+02,1.373172454833984375e+02,6.110000000000000000e+02
-1.408236846923828125e+02,1.370924987792968750e+02,6.100000000000000000e+02
-1.399308013916015625e+02,1.368677520751953125e+02,6.090000000000000000e+02
-1.390400695800781250e+02,1.366430206298828125e+02,6.080000000000000000e+02
-1.383791351318359375e+02,1.366430206298828125e+02,6.080000000000000000e+02
-1.377181854248046875e+02,1.366430206298828125e+02,6.080000000000000000e+02
-1.370572357177734375e+02,1.366430206298828125e+02,6.080000000000000000e+02
-1.366206207275390625e+02,1.368677520751953125e+02,6.090000000000000000e+02
-1.359585876464843750e+02,1.368677520751953125e+02,6.090000000000000000e+02
-1.355187225341796875e+02,1.370924987792968750e+02,6.100000000000000000e+02
-1.350766754150390625e+02,1.373172454833984375e+02,6.110000000000000000e+02
-1.350724182128906250e+02,1.379914703369140625e+02,6.140000000000000000e+02
-1.430471649169921875e+02,1.379817199707031250e+02,6.110000000000000000e+02
-1.421499328613281250e+02,1.377558898925781250e+02,6.100000000000000000e+02
-1.410229187011718750e+02,1.373042297363281250e+02,6.080000000000000000e+02
-1.403619689941406250e+02,1.373042297363281250e+02,6.080000000000000000e+02
-1.397010192871093750e+02,1.373042297363281250e+02,6.080000000000000000e+02
-1.388113861083984375e+02,1.370783996582031250e+02,6.070000000000000000e+02
-1.381515350341796875e+02,1.370783996582031250e+02,6.070000000000000000e+02
-1.377181854248046875e+02,1.373042297363281250e+02,6.080000000000000000e+02
-1.370572357177734375e+02,1.373042297363281250e+02,6.080000000000000000e+02
-1.366206207275390625e+02,1.375300598144531250e+02,6.090000000000000000e+02
-1.361818389892578125e+02,1.377558898925781250e+02,6.100000000000000000e+02
-1.357408752441406250e+02,1.379817199707031250e+02,6.110000000000000000e+02
-1.430057678222656250e+02,1.379654541015625000e+02,6.080000000000000000e+02
-1.421106872558593750e+02,1.377385406494140625e+02,6.070000000000000000e+02
-1.412178039550781250e+02,1.375116271972656250e+02,6.060000000000000000e+02
-1.403270874023437500e+02,1.372846984863281250e+02,6.050000000000000000e+02
-1.396693878173828125e+02,1.372846984863281250e+02,6.050000000000000000e+02
-1.392414855957031250e+02,1.375116271972656250e+02,6.060000000000000000e+02
-1.385827026367187500e+02,1.375116271972656250e+02,6.060000000000000000e+02
-1.381515350341796875e+02,1.377385406494140625e+02,6.070000000000000000e+02
-1.377181854248046875e+02,1.379654541015625000e+02,6.080000000000000000e+02
-1.372826538085937500e+02,1.381923675537109375e+02,6.090000000000000000e+02
-1.368449554443359375e+02,1.384192810058593750e+02,6.100000000000000000e+02
-1.366283416748046875e+02,1.388731231689453125e+02,6.120000000000000000e+02
-1.436667022705078125e+02,1.386266784667968750e+02,6.080000000000000000e+02
-1.427705535888671875e+02,1.383986663818359375e+02,6.070000000000000000e+02
-1.418765716552734375e+02,1.381706695556640625e+02,6.060000000000000000e+02
-1.409847717285156250e+02,1.379426574707031250e+02,6.050000000000000000e+02
-1.403270874023437500e+02,1.379426574707031250e+02,6.050000000000000000e+02
-1.396693878173828125e+02,1.379426574707031250e+02,6.050000000000000000e+02
-1.392414855957031250e+02,1.381706695556640625e+02,6.060000000000000000e+02
-1.388113861083984375e+02,1.383986663818359375e+02,6.070000000000000000e+02
-1.383791351318359375e+02,1.386266784667968750e+02,6.080000000000000000e+02
-1.379446868896484375e+02,1.388546752929687500e+02,6.090000000000000000e+02
-1.375080871582031250e+02,1.390826873779296875e+02,6.100000000000000000e+02
-1.443276519775390625e+02,1.392878875732421875e+02,6.080000000000000000e+02
-1.431941223144531250e+02,1.388297119140625000e+02,6.060000000000000000e+02
-1.425353393554687500e+02,1.388297119140625000e+02,6.060000000000000000e+02
-1.416424560546875000e+02,1.386006164550781250e+02,6.050000000000000000e+02
-1.409847717285156250e+02,1.386006164550781250e+02,6.050000000000000000e+02
-1.403270874023437500e+02,1.386006164550781250e+02,6.050000000000000000e+02
-1.399002532958984375e+02,1.388297119140625000e+02,6.060000000000000000e+02
-1.392414855957031250e+02,1.388297119140625000e+02,6.060000000000000000e+02
-1.390400695800781250e+02,1.392878875732421875e+02,6.080000000000000000e+02
-1.386067199707031250e+02,1.395169830322265625e+02,6.090000000000000000e+02
-1.381712036132812500e+02,1.397460784912109375e+02,6.100000000000000000e+02
-1.447501373291015625e+02,1.397189331054687500e+02,6.070000000000000000e+02
-1.438528900146484375e+02,1.394887542724609375e+02,6.060000000000000000e+02
-1.429578247070312500e+02,1.392585754394531250e+02,6.050000000000000000e+02
-1.423001403808593750e+02,1.392585754394531250e+02,6.050000000000000000e+02
-1.416424560546875000e+02,1.392585754394531250e+02,6.050000000000000000e+02
-1.409847717285156250e+02,1.392585754394531250e+02,6.050000000000000000e+02
-1.403270874023437500e+02,1.392585754394531250e+02,6.050000000000000000e+02
-1.399002532958984375e+02,1.394887542724609375e+02,6.060000000000000000e+02
-1.394712524414062500e+02,1.397189331054687500e+02,6.070000000000000000e+02
-1.390400695800781250e+02,1.399491119384765625e+02,6.080000000000000000e+02
-1.388343200683593750e+02,1.404094696044921875e+02,6.100000000000000000e+02
-1.383977050781250000e+02,1.406396484375000000e+02,6.110000000000000000e+02
-1.451704406738281250e+02,1.401477966308593750e+02,6.060000000000000000e+02
-1.442731933593750000e+02,1.399165344238281250e+02,6.050000000000000000e+02
-1.433781280517578125e+02,1.396852569580078125e+02,6.040000000000000000e+02
-1.427215270996093750e+02,1.396852569580078125e+02,6.040000000000000000e+02
-1.420649261474609375e+02,1.396852569580078125e+02,6.040000000000000000e+02
-1.414083404541015625e+02,1.396852569580078125e+02,6.040000000000000000e+02
-1.409847717285156250e+02,1.399165344238281250e+02,6.050000000000000000e+02
-1.405590209960937500e+02,1.401477966308593750e+02,6.060000000000000000e+02
-1.401311187744140625e+02,1.403790588378906250e+02,6.070000000000000000e+02
-1.397010192871093750e+02,1.406103363037109375e+02,6.080000000000000000e+02
-1.394974517822265625e+02,1.410728607177734375e+02,6.100000000000000000e+02
-1.390619201660156250e+02,1.413041381835937500e+02,6.110000000000000000e+02
-1.455885772705078125e+02,1.405744781494140625e+02,6.050000000000000000e+02
-1.446913299560546875e+02,1.403421325683593750e+02,6.040000000000000000e+02
-1.440347290039062500e+02,1.403421325683593750e+02,6.040000000000000000e+02
-1.431407470703125000e+02,1.401097717285156250e+02,6.030000000000000000e+02
-1.427215270996093750e+02,1.403421325683593750e+02,6.040000000000000000e+02
-1.420649261474609375e+02,1.403421325683593750e+02,6.040000000000000000e+02
-1.416424560546875000e+02,1.405744781494140625e+02,6.050000000000000000e+02
-1.412178039550781250e+02,1.408068389892578125e+02,6.060000000000000000e+02
-1.407909698486328125e+02,1.410391998291015625e+02,6.070000000000000000e+02
-1.403619689941406250e+02,1.412715454101562500e+02,6.080000000000000000e+02
-1.401605682373046875e+02,1.417362518310546875e+02,6.100000000000000000e+02
-1.397261352539062500e+02,1.419686126708984375e+02,6.110000000000000000e+02
-1.469039459228515625e+02,1.412324371337890625e+02,6.050000000000000000e+02
-1.460045318603515625e+02,1.409989929199218750e+02,6.040000000000000000e+02
-1.451072845458984375e+02,1.407655639648437500e+02,6.030000000000000000e+02
-1.444517669677734375e+02,1.407655639648437500e+02,6.030000000000000000e+02
-1.437962646484375000e+02,1.407655639648437500e+02,6.030000000000000000e+02
-1.431407470703125000e+02,1.407655639648437500e+02,6.030000000000000000e+02
-1.427215270996093750e+02,1.409989929199218750e+02,6.040000000000000000e+02
-1.420649261474609375e+02,1.409989929199218750e+02,6.040000000000000000e+02
-1.416424560546875000e+02,1.412324371337890625e+02,6.050000000000000000e+02
-1.414508361816406250e+02,1.416993255615234375e+02,6.070000000000000000e+02
-1.410229187011718750e+02,1.419327697753906250e+02,6.080000000000000000e+02
-1.408236846923828125e+02,1.423996582031250000e+02,6.100000000000000000e+02
-1.473177337646484375e+02,1.416558837890625000e+02,6.040000000000000000e+02
-1.464183197021484375e+02,1.414213409423828125e+02,6.030000000000000000e+02
-1.455210723876953125e+02,1.411868133544921875e+02,6.020000000000000000e+02
-1.448666381835937500e+02,1.411868133544921875e+02,6.020000000000000000e+02
-1.442122192382812500e+02,1.411868133544921875e+02,6.020000000000000000e+02
-1.435578002929687500e+02,1.411868133544921875e+02,6.020000000000000000e+02
-1.431407470703125000e+02,1.414213409423828125e+02,6.030000000000000000e+02
-1.427215270996093750e+02,1.416558837890625000e+02,6.040000000000000000e+02
-1.423001403808593750e+02,1.418904113769531250e+02,6.050000000000000000e+02
-1.418765716552734375e+02,1.421249389648437500e+02,6.060000000000000000e+02
-1.416838684082031250e+02,1.425939941406250000e+02,6.080000000000000000e+02
-1.414868164062500000e+02,1.430630493164062500e+02,6.100000000000000000e+02
-1.479743347167968750e+02,1.423127441406250000e+02,6.040000000000000000e+02
-1.470738372802734375e+02,1.420771331787109375e+02,6.030000000000000000e+02
-1.461755065917968750e+02,1.418415069580078125e+02,6.020000000000000000e+02
-1.452793426513671875e+02,1.416058959960937500e+02,6.010000000000000000e+02
-1.446260070800781250e+02,1.416058959960937500e+02,6.010000000000000000e+02
-1.442122192382812500e+02,1.418415069580078125e+02,6.020000000000000000e+02
-1.435578002929687500e+02,1.418415069580078125e+02,6.020000000000000000e+02
-1.431407470703125000e+02,1.420771331787109375e+02,6.030000000000000000e+02
-1.427215270996093750e+02,1.423127441406250000e+02,6.040000000000000000e+02
-1.425353393554687500e+02,1.427839813232421875e+02,6.060000000000000000e+02
-1.423448181152343750e+02,1.432552185058593750e+02,6.080000000000000000e+02
-1.419169006347656250e+02,1.434908294677734375e+02,6.090000000000000000e+02
-1.497818603515625000e+02,1.434430236816406250e+02,6.060000000000000000e+02
-1.488770141601562500e+02,1.432063140869140625e+02,6.050000000000000000e+02
-1.477293395996093750e+02,1.427329101562500000e+02,6.030000000000000000e+02
-1.468299255371093750e+02,1.424962005615234375e+02,6.020000000000000000e+02
-1.459326782226562500e+02,1.422595062255859375e+02,6.010000000000000000e+02
-1.452793426513671875e+02,1.422595062255859375e+02,6.010000000000000000e+02
-1.446260070800781250e+02,1.422595062255859375e+02,6.010000000000000000e+02
-1.442122192382812500e+02,1.424962005615234375e+02,6.020000000000000000e+02
-1.437962646484375000e+02,1.427329101562500000e+02,6.030000000000000000e+02
-1.433781280517578125e+02,1.429696197509765625e+02,6.040000000000000000e+02
-1.431941223144531250e+02,1.434430236816406250e+02,6.060000000000000000e+02
-1.427705535888671875e+02,1.436797332763671875e+02,6.070000000000000000e+02
-1.425789337158203125e+02,1.441531372070312500e+02,6.090000000000000000e+02
-1.504406280517578125e+02,1.441020660400390625e+02,6.060000000000000000e+02
-1.495346984863281250e+02,1.438642730712890625e+02,6.050000000000000000e+02
-1.486309356689453125e+02,1.436264801025390625e+02,6.040000000000000000e+02
-1.474843444824218750e+02,1.431508941650390625e+02,6.020000000000000000e+02
-1.465860290527343750e+02,1.429131011962890625e+02,6.010000000000000000e+02
-1.459326782226562500e+02,1.429131011962890625e+02,6.010000000000000000e+02
-1.452793426513671875e+02,1.429131011962890625e+02,6.010000000000000000e+02
-1.446260070800781250e+02,1.429131011962890625e+02,6.010000000000000000e+02
-1.444517669677734375e+02,1.433886871337890625e+02,6.030000000000000000e+02
-1.440347290039062500e+02,1.436264801025390625e+02,6.040000000000000000e+02
-1.438528900146484375e+02,1.441020660400390625e+02,6.060000000000000000e+02
-1.434304199218750000e+02,1.443398590087890625e+02,6.070000000000000000e+02
-1.513487396240234375e+02,1.450000000000000000e+02,6.070000000000000000e+02
-1.501923828125000000e+02,1.445222320556640625e+02,6.050000000000000000e+02
-1.492875366210937500e+02,1.442833557128906250e+02,6.040000000000000000e+02
-1.481387786865234375e+02,1.438055877685546875e+02,6.020000000000000000e+02
-1.474843444824218750e+02,1.438055877685546875e+02,6.020000000000000000e+02
-1.465860290527343750e+02,1.435667114257812500e+02,6.010000000000000000e+02
-1.459326782226562500e+02,1.435667114257812500e+02,6.010000000000000000e+02
-1.452793426513671875e+02,1.435667114257812500e+02,6.010000000000000000e+02
-1.451072845458984375e+02,1.440444793701171875e+02,6.030000000000000000e+02
-1.446913299560546875e+02,1.442833557128906250e+02,6.040000000000000000e+02
-1.445116729736328125e+02,1.447611083984375000e+02,6.060000000000000000e+02
-1.440902709960937500e+02,1.450000000000000000e+02,6.070000000000000000e+02
-1.517581634521484375e+02,1.454201507568359375e+02,6.060000000000000000e+02
-0.000000000000000000e+00,0.000000000000000000e+00,0.000000000000000000e+00
-1.496958770751953125e+02,1.447002563476562500e+02,6.030000000000000000e+02
-1.487931976318359375e+02,1.444602813720703125e+02,6.020000000000000000e+02
-1.481387786865234375e+02,1.444602813720703125e+02,6.020000000000000000e+02
-1.472393646240234375e+02,1.442203216552734375e+02,6.010000000000000000e+02
-1.465860290527343750e+02,1.442203216552734375e+02,6.010000000000000000e+02
-1.459326782226562500e+02,1.442203216552734375e+02,6.010000000000000000e+02
-1.455210723876953125e+02,1.444602813720703125e+02,6.020000000000000000e+02
-1.453479309082031250e+02,1.449402160644531250e+02,6.040000000000000000e+02
-1.449308776855468750e+02,1.451801910400390625e+02,6.050000000000000000e+02
-1.447501373291015625e+02,1.456601257324218750e+02,6.070000000000000000e+02
-0.000000000000000000e+00,0.000000000000000000e+00,0.000000000000000000e+00
-1.512573242187500000e+02,1.455970916748046875e+02,6.040000000000000000e+02
-1.503513946533203125e+02,1.453560333251953125e+02,6.030000000000000000e+02
-1.494476318359375000e+02,1.451149749755859375e+02,6.020000000000000000e+02
-1.485460357666015625e+02,1.448739318847656250e+02,6.010000000000000000e+02
-1.478927001953125000e+02,1.448739318847656250e+02,6.010000000000000000e+02
-1.472393646240234375e+02,1.448739318847656250e+02,6.010000000000000000e+02
-1.465860290527343750e+02,1.448739318847656250e+02,6.010000000000000000e+02
-1.461755065917968750e+02,1.451149749755859375e+02,6.020000000000000000e+02
-1.460045318603515625e+02,1.455970916748046875e+02,6.040000000000000000e+02
-1.455885772705078125e+02,1.458381500244140625e+02,6.050000000000000000e+02
-1.454099884033203125e+02,1.463202514648437500e+02,6.070000000000000000e+02
-1.528231201171875000e+02,1.464961090087890625e+02,6.050000000000000000e+02
-1.519139251708984375e+02,1.462539672851562500e+02,6.040000000000000000e+02
-1.507564697265625000e+02,1.457696838378906250e+02,6.020000000000000000e+02
-1.501020507812500000e+02,1.457696838378906250e+02,6.020000000000000000e+02
-1.491993713378906250e+02,1.455275268554687500e+02,6.010000000000000000e+02
-1.485460357666015625e+02,1.455275268554687500e+02,6.010000000000000000e+02
-1.478927001953125000e+02,1.455275268554687500e+02,6.010000000000000000e+02
-1.472393646240234375e+02,1.455275268554687500e+02,6.010000000000000000e+02
-1.468299255371093750e+02,1.457696838378906250e+02,6.020000000000000000e+02
-1.464183197021484375e+02,1.460118255615234375e+02,6.030000000000000000e+02
-1.462462615966796875e+02,1.464961090087890625e+02,6.050000000000000000e+02
-1.532271270751953125e+02,1.469108276367187500e+02,6.040000000000000000e+02
-1.523179168701171875e+02,1.466676025390625000e+02,6.030000000000000000e+02
-1.514109039306640625e+02,1.464243774414062500e+02,6.020000000000000000e+02
-1.505060424804687500e+02,1.461811370849609375e+02,6.010000000000000000e+02
-1.498527069091796875e+02,1.461811370849609375e+02,6.010000000000000000e+02
-1.491993713378906250e+02,1.461811370849609375e+02,6.010000000000000000e+02
-1.485460357666015625e+02,1.461811370849609375e+02,6.010000000000000000e+02
-1.478927001953125000e+02,1.461811370849609375e+02,6.010000000000000000e+02
-1.474843444824218750e+02,1.464243774414062500e+02,6.020000000000000000e+02
-1.468299255371093750e+02,1.464243774414062500e+02,6.020000000000000000e+02
-1.469039459228515625e+02,1.471540527343750000e+02,6.050000000000000000e+02
-1.547961883544921875e+02,1.478120117187500000e+02,6.050000000000000000e+02
-1.536289367675781250e+02,1.473233795166015625e+02,6.030000000000000000e+02
-1.527197570800781250e+02,1.470790710449218750e+02,6.020000000000000000e+02
-1.518127136230468750e+02,1.468347473144531250e+02,6.010000000000000000e+02
-1.511593933105468750e+02,1.468347473144531250e+02,6.010000000000000000e+02
-1.502556152343750000e+02,1.465904235839843750e+02,6.000000000000000000e+02
-1.496033782958984375e+02,1.465904235839843750e+02,6.000000000000000000e+02
-1.489511260986328125e+02,1.465904235839843750e+02,6.000000000000000000e+02
-1.485460357666015625e+02,1.468347473144531250e+02,6.010000000000000000e+02
-1.481387786865234375e+02,1.470790710449218750e+02,6.020000000000000000e+02
-1.474843444824218750e+02,1.470790710449218750e+02,6.020000000000000000e+02
-1.470738372802734375e+02,1.473233795166015625e+02,6.030000000000000000e+02
-1.551969146728515625e+02,1.482245635986328125e+02,6.040000000000000000e+02
-1.542844543457031250e+02,1.479791564941406250e+02,6.030000000000000000e+02
-1.533741607666015625e+02,1.477337646484375000e+02,6.020000000000000000e+02
-1.524660644531250000e+02,1.474883575439453125e+02,6.010000000000000000e+02
-1.515601196289062500e+02,1.472429504394531250e+02,6.000000000000000000e+02
-1.509078674316406250e+02,1.472429504394531250e+02,6.000000000000000000e+02
-1.502556152343750000e+02,1.472429504394531250e+02,6.000000000000000000e+02
-1.496033782958984375e+02,1.472429504394531250e+02,6.000000000000000000e+02
-1.491993713378906250e+02,1.474883575439453125e+02,6.010000000000000000e+02
-1.485460357666015625e+02,1.474883575439453125e+02,6.010000000000000000e+02
-1.481387786865234375e+02,1.477337646484375000e+02,6.020000000000000000e+02
-1.477293395996093750e+02,1.479791564941406250e+02,6.030000000000000000e+02
-1.558535156250000000e+02,1.488814392089843750e+02,6.040000000000000000e+02
-1.549399566650390625e+02,1.486349487304687500e+02,6.030000000000000000e+02
-1.537727355957031250e+02,1.481419525146484375e+02,6.010000000000000000e+02
-1.528646240234375000e+02,1.478954620361328125e+02,6.000000000000000000e+02
-1.522123718261718750e+02,1.478954620361328125e+02,6.000000000000000000e+02
-1.515601196289062500e+02,1.478954620361328125e+02,6.000000000000000000e+02
-1.509078674316406250e+02,1.478954620361328125e+02,6.000000000000000000e+02
-1.502556152343750000e+02,1.478954620361328125e+02,6.000000000000000000e+02
-1.498527069091796875e+02,1.481419525146484375e+02,6.010000000000000000e+02
-1.491993713378906250e+02,1.481419525146484375e+02,6.010000000000000000e+02
-1.487931976318359375e+02,1.483884582519531250e+02,6.020000000000000000e+02
-1.483848571777343750e+02,1.486349487304687500e+02,6.030000000000000000e+02
-1.479743347167968750e+02,1.488814392089843750e+02,6.040000000000000000e+02
-1.565101318359375000e+02,1.495382995605468750e+02,6.040000000000000000e+02
-1.553374481201171875e+02,1.490431518554687500e+02,6.020000000000000000e+02
-1.544260711669921875e+02,1.487955627441406250e+02,6.010000000000000000e+02
-1.535168762207031250e+02,1.485479888916015625e+02,6.000000000000000000e+02
-1.528646240234375000e+02,1.485479888916015625e+02,6.000000000000000000e+02
-1.522123718261718750e+02,1.485479888916015625e+02,6.000000000000000000e+02
-1.515601196289062500e+02,1.485479888916015625e+02,6.000000000000000000e+02
-1.509078674316406250e+02,1.485479888916015625e+02,6.000000000000000000e+02
-1.505060424804687500e+02,1.487955627441406250e+02,6.010000000000000000e+02
-1.498527069091796875e+02,1.487955627441406250e+02,6.010000000000000000e+02
-1.494476318359375000e+02,1.490431518554687500e+02,6.020000000000000000e+02
-1.490403594970703125e+02,1.492907257080078125e+02,6.030000000000000000e+02
-1.569065093994140625e+02,1.499465179443359375e+02,6.030000000000000000e+02
-1.559918823242187500e+02,1.496978454589843750e+02,6.020000000000000000e+02
-1.550794067382812500e+02,1.494491882324218750e+02,6.010000000000000000e+02
-1.541691131591796875e+02,1.492005157470703125e+02,6.000000000000000000e+02
-1.532610168457031250e+02,1.489518432617187500e+02,5.990000000000000000e+02
-1.526098480224609375e+02,1.489518432617187500e+02,5.990000000000000000e+02
-1.519586944580078125e+02,1.489518432617187500e+02,5.990000000000000000e+02
-1.515601196289062500e+02,1.492005157470703125e+02,6.000000000000000000e+02
-1.509078674316406250e+02,1.492005157470703125e+02,6.000000000000000000e+02
-1.505060424804687500e+02,1.494491882324218750e+02,6.010000000000000000e+02
-1.501020507812500000e+02,1.496978454589843750e+02,6.020000000000000000e+02
-1.584799194335937500e+02,1.508520507812500000e+02,6.040000000000000000e+02
-1.573007354736328125e+02,1.503525390625000000e+02,6.020000000000000000e+02
-1.563860931396484375e+02,1.501027832031250000e+02,6.010000000000000000e+02
-1.554736328125000000e+02,1.498530273437500000e+02,6.000000000000000000e+02
-1.545633392333984375e+02,1.496032714843750000e+02,5.990000000000000000e+02
-1.539121704101562500e+02,1.496032714843750000e+02,5.990000000000000000e+02
-1.532610168457031250e+02,1.496032714843750000e+02,5.990000000000000000e+02
-1.526098480224609375e+02,1.496032714843750000e+02,5.990000000000000000e+02
-1.519586944580078125e+02,1.496032714843750000e+02,5.990000000000000000e+02
-1.515601196289062500e+02,1.498530273437500000e+02,6.000000000000000000e+02
-1.511593933105468750e+02,1.501027832031250000e+02,6.010000000000000000e+02
-1.507564697265625000e+02,1.503525390625000000e+02,6.020000000000000000e+02
-1.586095886230468750e+02,1.510072326660156250e+02,6.020000000000000000e+02
-1.576927642822265625e+02,1.507563781738281250e+02,6.010000000000000000e+02
-1.567781372070312500e+02,1.505055389404296875e+02,6.000000000000000000e+02
-1.558656768798828125e+02,1.502546997070312500e+02,5.990000000000000000e+02
-1.552145080566406250e+02,1.502546997070312500e+02,5.990000000000000000e+02
-1.545633392333984375e+02,1.502546997070312500e+02,5.990000000000000000e+02
-1.536552276611328125e+02,1.500038604736328125e+02,5.980000000000000000e+02
-1.532610168457031250e+02,1.502546997070312500e+02,5.990000000000000000e+02
-1.526098480224609375e+02,1.502546997070312500e+02,5.990000000000000000e+02
-1.522123718261718750e+02,1.505055389404296875e+02,6.000000000000000000e+02
-1.518127136230468750e+02,1.507563781738281250e+02,6.010000000000000000e+02
-1.514109039306640625e+02,1.510072326660156250e+02,6.020000000000000000e+02
-0.000000000000000000e+00,0.000000000000000000e+00,0.000000000000000000e+00
-0.000000000000000000e+00,0.000000000000000000e+00,0.000000000000000000e+00
-1.571679992675781250e+02,1.509061431884765625e+02,5.990000000000000000e+02
-1.565168457031250000e+02,1.509061431884765625e+02,5.990000000000000000e+02
-1.556054534912109375e+02,1.506542053222656250e+02,5.980000000000000000e+02
-1.549553985595703125e+02,1.506542053222656250e+02,5.980000000000000000e+02
-1.543053131103515625e+02,1.506542053222656250e+02,5.980000000000000000e+02
-1.536552276611328125e+02,1.506542053222656250e+02,5.980000000000000000e+02
-1.532610168457031250e+02,1.509061431884765625e+02,5.990000000000000000e+02
-1.528646240234375000e+02,1.511580657958984375e+02,6.000000000000000000e+02
-1.524660644531250000e+02,1.514100036621093750e+02,6.010000000000000000e+02
-1.520653228759765625e+02,1.516619262695312500e+02,6.020000000000000000e+02
-1.593871459960937500e+02,1.518105773925781250e+02,6.000000000000000000e+02
-1.584703216552734375e+02,1.515575561523437500e+02,5.990000000000000000e+02
-1.575556945800781250e+02,1.513045501708984375e+02,5.980000000000000000e+02
-1.566432342529296875e+02,1.510515289306640625e+02,5.970000000000000000e+02
-1.559942474365234375e+02,1.510515289306640625e+02,5.970000000000000000e+02
-1.553452453613281250e+02,1.510515289306640625e+02,5.970000000000000000e+02
-1.546962738037109375e+02,1.510515289306640625e+02,5.970000000000000000e+02
-1.543053131103515625e+02,1.513045501708984375e+02,5.980000000000000000e+02
-1.539121704101562500e+02,1.515575561523437500e+02,5.990000000000000000e+02
-1.535168762207031250e+02,1.518105773925781250e+02,6.000000000000000000e+02
-1.531193847656250000e+02,1.520635986328125000e+02,6.010000000000000000e+02
-1.527197570800781250e+02,1.523166198730468750e+02,6.020000000000000000e+02
-1.595059204101562500e+02,1.519548950195312500e+02,5.980000000000000000e+02
-1.585902099609375000e+02,1.517007904052734375e+02,5.970000000000000000e+02
-1.579412078857421875e+02,1.517007904052734375e+02,5.970000000000000000e+02
-1.570287628173828125e+02,1.514466857910156250e+02,5.960000000000000000e+02
-1.563808441162109375e+02,1.514466857910156250e+02,5.960000000000000000e+02
-1.557329559326171875e+02,1.514466857910156250e+02,5.960000000000000000e+02
-1.550850372314453125e+02,1.514466857910156250e+02,5.960000000000000000e+02
-1.546962738037109375e+02,1.517007904052734375e+02,5.970000000000000000e+02
-1.543053131103515625e+02,1.519548950195312500e+02,5.980000000000000000e+02
-1.539121704101562500e+02,1.522089996337890625e+02,5.990000000000000000e+02
-1.537727355957031250e+02,1.527172088623046875e+02,6.010000000000000000e+02
-1.533741607666015625e+02,1.529713134765625000e+02,6.020000000000000000e+02
-1.608060760498046875e+02,1.526052551269531250e+02,5.980000000000000000e+02
-1.598881835937500000e+02,1.523500518798828125e+02,5.970000000000000000e+02
-1.589724578857421875e+02,1.520948638916015625e+02,5.960000000000000000e+02
-1.583245544433593750e+02,1.520948638916015625e+02,5.960000000000000000e+02
-1.574120941162109375e+02,1.518396759033203125e+02,5.950000000000000000e+02
-1.567652893066406250e+02,1.518396759033203125e+02,5.950000000000000000e+02
-1.561184539794921875e+02,1.518396759033203125e+02,5.950000000000000000e+02
-1.557329559326171875e+02,1.520948638916015625e+02,5.960000000000000000e+02
-1.553452453613281250e+02,1.523500518798828125e+02,5.970000000000000000e+02
-1.549553985595703125e+02,1.526052551269531250e+02,5.980000000000000000e+02
-1.545633392333984375e+02,1.528604431152343750e+02,5.990000000000000000e+02
-1.541691131591796875e+02,1.531156311035156250e+02,6.000000000000000000e+02
-1.540285949707031250e+02,1.536260223388671875e+02,6.020000000000000000e+02
-1.614561614990234375e+02,1.532555847167968750e+02,5.980000000000000000e+02
-0.000000000000000000e+00,0.000000000000000000e+00,0.000000000000000000e+00
-1.596203613281250000e+02,1.527430267333984375e+02,5.960000000000000000e+02
-1.587057189941406250e+02,1.524867401123046875e+02,5.950000000000000000e+02
-1.580589141845703125e+02,1.524867401123046875e+02,5.950000000000000000e+02
-1.571475372314453125e+02,1.522304687500000000e+02,5.940000000000000000e+02
-1.567652893066406250e+02,1.524867401123046875e+02,5.950000000000000000e+02
-1.561184539794921875e+02,1.524867401123046875e+02,5.950000000000000000e+02
-1.557329559326171875e+02,1.527430267333984375e+02,5.960000000000000000e+02
-1.553452453613281250e+02,1.529992980957031250e+02,5.970000000000000000e+02
-1.552145080566406250e+02,1.535118713378906250e+02,5.990000000000000000e+02
-1.548213806152343750e+02,1.537681427001953125e+02,6.000000000000000000e+02
-1.544260711669921875e+02,1.540244293212890625e+02,6.010000000000000000e+02
-0.000000000000000000e+00,0.000000000000000000e+00,0.000000000000000000e+00
-1.602682647705078125e+02,1.533912048339843750e+02,5.960000000000000000e+02
-1.593525390625000000e+02,1.531338348388671875e+02,5.950000000000000000e+02
-1.587057189941406250e+02,1.531338348388671875e+02,5.950000000000000000e+02
-1.577932739257812500e+02,1.528764648437500000e+02,5.940000000000000000e+02
-1.571475372314453125e+02,1.528764648437500000e+02,5.940000000000000000e+02
-1.567652893066406250e+02,1.531338348388671875e+02,5.950000000000000000e+02
-1.563808441162109375e+02,1.533912048339843750e+02,5.960000000000000000e+02
-1.559942474365234375e+02,1.536485748291015625e+02,5.970000000000000000e+02
-1.556054534912109375e+02,1.539059448242187500e+02,5.980000000000000000e+02
-1.554736328125000000e+02,1.544206695556640625e+02,6.000000000000000000e+02
-1.630284729003906250e+02,1.548147277832031250e+02,5.990000000000000000e+02
-1.621062316894531250e+02,1.545562744140625000e+02,5.980000000000000000e+02
-1.611861572265625000e+02,1.542978210449218750e+02,5.970000000000000000e+02
-1.602682647705078125e+02,1.540393676757812500e+02,5.960000000000000000e+02
-1.593525390625000000e+02,1.537809143066406250e+02,5.950000000000000000e+02
-1.587057189941406250e+02,1.537809143066406250e+02,5.950000000000000000e+02
-1.580589141845703125e+02,1.537809143066406250e+02,5.950000000000000000e+02
-1.574120941162109375e+02,1.537809143066406250e+02,5.950000000000000000e+02
-1.570287628173828125e+02,1.540393676757812500e+02,5.960000000000000000e+02
-1.566432342529296875e+02,1.542978210449218750e+02,5.970000000000000000e+02
-1.562555389404296875e+02,1.545562744140625000e+02,5.980000000000000000e+02
-1.636796264648437500e+02,1.554661712646484375e+02,5.990000000000000000e+02
-1.627563171386718750e+02,1.552066192626953125e+02,5.980000000000000000e+02
-1.618351440429687500e+02,1.549470825195312500e+02,5.970000000000000000e+02
-1.609161682128906250e+02,1.546875457763671875e+02,5.960000000000000000e+02
-1.602682647705078125e+02,1.546875457763671875e+02,5.960000000000000000e+02
-1.593525390625000000e+02,1.544279937744140625e+02,5.950000000000000000e+02
-1.587057189941406250e+02,1.544279937744140625e+02,5.950000000000000000e+02
-1.583245544433593750e+02,1.546875457763671875e+02,5.960000000000000000e+02
-1.579412078857421875e+02,1.549470825195312500e+02,5.970000000000000000e+02
-1.572922210693359375e+02,1.549470825195312500e+02,5.970000000000000000e+02
-1.640564575195312500e+02,1.558569641113281250e+02,5.980000000000000000e+02
-1.631331176757812500e+02,1.555963287353515625e+02,5.970000000000000000e+02
-1.624841461181640625e+02,1.555963287353515625e+02,5.970000000000000000e+02
-1.615640563964843750e+02,1.553356933593750000e+02,5.960000000000000000e+02
-1.606461791992187500e+02,1.550750732421875000e+02,5.950000000000000000e+02
-1.599993591308593750e+02,1.550750732421875000e+02,5.950000000000000000e+02
-1.593525390625000000e+02,1.550750732421875000e+02,5.950000000000000000e+02
-1.587057189941406250e+02,1.550750732421875000e+02,5.950000000000000000e+02
-1.585902099609375000e+02,1.555963287353515625e+02,5.970000000000000000e+02
-1.647065277099609375e+02,1.565073089599609375e+02,5.980000000000000000e+02
-1.637821197509765625e+02,1.562455902099609375e+02,5.970000000000000000e+02
-1.628598632812500000e+02,1.559838714599609375e+02,5.960000000000000000e+02
-1.622119750976562500e+02,1.559838714599609375e+02,5.960000000000000000e+02
-1.612929840087890625e+02,1.557221527099609375e+02,5.950000000000000000e+02
-1.606461791992187500e+02,1.557221527099609375e+02,5.950000000000000000e+02
-1.599993591308593750e+02,1.557221527099609375e+02,5.950000000000000000e+02
-1.596203613281250000e+02,1.559838714599609375e+02,5.960000000000000000e+02
-1.592391815185546875e+02,1.562455902099609375e+02,5.970000000000000000e+02
-1.650800933837890625e+02,1.568948364257812500e+02,5.970000000000000000e+02
-1.644311065673828125e+02,1.568948364257812500e+02,5.970000000000000000e+02
-1.635077819824218750e+02,1.566320343017578125e+02,5.960000000000000000e+02
-1.628598632812500000e+02,1.566320343017578125e+02,5.960000000000000000e+02
-1.619398040771484375e+02,1.563692321777343750e+02,5.950000000000000000e+02
-1.612929840087890625e+02,1.563692321777343750e+02,5.950000000000000000e+02
-1.609161682128906250e+02,1.566320343017578125e+02,5.960000000000000000e+02
-1.602682647705078125e+02,1.566320343017578125e+02,5.960000000000000000e+02
-1.598881835937500000e+02,1.568948364257812500e+02,5.970000000000000000e+02
-1.663780822753906250e+02,1.575441131591796875e+02,5.970000000000000000e+02
-1.657290802001953125e+02,1.575441131591796875e+02,5.970000000000000000e+02
-1.648035888671875000e+02,1.572802124023437500e+02,5.960000000000000000e+02
-1.641556701660156250e+02,1.572802124023437500e+02,5.960000000000000000e+02
-1.632334442138671875e+02,1.570163269042968750e+02,5.950000000000000000e+02
-1.625866088867187500e+02,1.570163269042968750e+02,5.950000000000000000e+02
-1.619398040771484375e+02,1.570163269042968750e+02,5.950000000000000000e+02
-1.615640563964843750e+02,1.572802124023437500e+02,5.960000000000000000e+02
-1.609161682128906250e+02,1.572802124023437500e+02,5.960000000000000000e+02
-1.605371704101562500e+02,1.575441131591796875e+02,5.970000000000000000e+02
-1.670270538330078125e+02,1.581933593750000000e+02,5.970000000000000000e+02
-1.660993957519531250e+02,1.579283752441406250e+02,5.960000000000000000e+02
-1.654514770507812500e+02,1.579283752441406250e+02,5.960000000000000000e+02
-1.645270690917968750e+02,1.576633911132812500e+02,5.950000000000000000e+02
-1.638802490234375000e+02,1.576633911132812500e+02,5.950000000000000000e+02
-1.632334442138671875e+02,1.576633911132812500e+02,5.950000000000000000e+02
-1.625866088867187500e+02,1.576633911132812500e+02,5.950000000000000000e+02
-1.622119750976562500e+02,1.579283752441406250e+02,5.960000000000000000e+02
-1.615640563964843750e+02,1.579283752441406250e+02,5.960000000000000000e+02
-1.611861572265625000e+02,1.581933593750000000e+02,5.970000000000000000e+02
-1.673951873779296875e+02,1.585765533447265625e+02,5.960000000000000000e+02
-1.664674987792968750e+02,1.583104858398437500e+02,5.950000000000000000e+02
-1.658206939697265625e+02,1.583104858398437500e+02,5.950000000000000000e+02
-1.651738739013671875e+02,1.583104858398437500e+02,5.950000000000000000e+02
-1.645270690917968750e+02,1.583104858398437500e+02,5.950000000000000000e+02
-1.638802490234375000e+02,1.583104858398437500e+02,5.950000000000000000e+02
-1.632334442138671875e+02,1.583104858398437500e+02,5.950000000000000000e+02
-1.628598632812500000e+02,1.585765533447265625e+02,5.960000000000000000e+02
-1.622119750976562500e+02,1.585765533447265625e+02,5.960000000000000000e+02
-1.618351440429687500e+02,1.588426208496093750e+02,5.970000000000000000e+02
-1.684079589843750000e+02,1.589575500488281250e+02,5.950000000000000000e+02
-1.677611389160156250e+02,1.589575500488281250e+02,5.950000000000000000e+02
-1.668334655761718750e+02,1.586903991699218750e+02,5.940000000000000000e+02
-1.661877288818359375e+02,1.586903991699218750e+02,5.940000000000000000e+02
-1.655420074462890625e+02,1.586903991699218750e+02,5.940000000000000000e+02
-1.648962707519531250e+02,1.586903991699218750e+02,5.940000000000000000e+02
-1.642505493164062500e+02,1.586903991699218750e+02,5.940000000000000000e+02
-1.638802490234375000e+02,1.589575500488281250e+02,5.950000000000000000e+02
-1.632334442138671875e+02,1.589575500488281250e+02,5.950000000000000000e+02
-1.628598632812500000e+02,1.592247161865234375e+02,5.960000000000000000e+02
-1.624841461181640625e+02,1.594918670654296875e+02,5.970000000000000000e+02
-1.687706451416015625e+02,1.593364105224609375e+02,5.940000000000000000e+02
-1.681249237060546875e+02,1.593364105224609375e+02,5.940000000000000000e+02
-1.671972351074218750e+02,1.590681610107421875e+02,5.930000000000000000e+02
-1.665525970458984375e+02,1.590681610107421875e+02,5.930000000000000000e+02
-1.659079437255859375e+02,1.590681610107421875e+02,5.930000000000000000e+02
-1.652633209228515625e+02,1.590681610107421875e+02,5.930000000000000000e+02
-1.646186676025390625e+02,1.590681610107421875e+02,5.930000000000000000e+02
-1.642505493164062500e+02,1.593364105224609375e+02,5.940000000000000000e+02
-1.638802490234375000e+02,1.596046447753906250e+02,5.950000000000000000e+02
-1.635077819824218750e+02,1.598728942871093750e+02,5.960000000000000000e+02
-1.691311645507812500e+02,1.597130737304687500e+02,5.930000000000000000e+02
-1.684865112304687500e+02,1.597130737304687500e+02,5.930000000000000000e+02
-1.678418884277343750e+02,1.597130737304687500e+02,5.930000000000000000e+02
-1.669152832031250000e+02,1.594437408447265625e+02,5.920000000000000000e+02
-1.662717285156250000e+02,1.594437408447265625e+02,5.920000000000000000e+02
-1.659079437255859375e+02,1.597130737304687500e+02,5.930000000000000000e+02
-1.652633209228515625e+02,1.597130737304687500e+02,5.930000000000000000e+02
-1.648962707519531250e+02,1.599824066162109375e+02,5.940000000000000000e+02
-1.642505493164062500e+02,1.599824066162109375e+02,5.940000000000000000e+02
-1.638802490234375000e+02,1.602517395019531250e+02,5.950000000000000000e+02
-1.697758026123046875e+02,1.603579711914062500e+02,5.930000000000000000e+02
-1.688459472656250000e+02,1.600875549316406250e+02,5.920000000000000000e+02
-1.682023925781250000e+02,1.600875549316406250e+02,5.920000000000000000e+02
-1.675588378906250000e+02,1.600875549316406250e+02,5.920000000000000000e+02
-1.669152832031250000e+02,1.600875549316406250e+02,5.920000000000000000e+02
-1.662717285156250000e+02,1.600875549316406250e+02,5.920000000000000000e+02
-1.656281738281250000e+02,1.600875549316406250e+02,5.920000000000000000e+02
-1.652633209228515625e+02,1.603579711914062500e+02,5.930000000000000000e+02
-1.648962707519531250e+02,1.606283874511718750e+02,5.940000000000000000e+02
-1.645270690917968750e+02,1.608988037109375000e+02,5.950000000000000000e+02
-1.694895019531250000e+02,1.607313842773437500e+02,5.920000000000000000e+02
-1.688459472656250000e+02,1.607313842773437500e+02,5.920000000000000000e+02
-1.682023925781250000e+02,1.607313842773437500e+02,5.920000000000000000e+02
-1.675588378906250000e+02,1.607313842773437500e+02,5.920000000000000000e+02
-1.669152832031250000e+02,1.607313842773437500e+02,5.920000000000000000e+02
-1.662717285156250000e+02,1.607313842773437500e+02,5.920000000000000000e+02
-1.659079437255859375e+02,1.610028839111328125e+02,5.930000000000000000e+02
-1.655420074462890625e+02,1.612743988037109375e+02,5.940000000000000000e+02
-1.701330566406250000e+02,1.613751983642578125e+02,5.920000000000000000e+02
-1.694895019531250000e+02,1.613751983642578125e+02,5.920000000000000000e+02
-1.685607452392578125e+02,1.611026000976562500e+02,5.910000000000000000e+02
-1.682023925781250000e+02,1.613751983642578125e+02,5.920000000000000000e+02
-1.675588378906250000e+02,1.613751983642578125e+02,5.920000000000000000e+02
-1.669152832031250000e+02,1.613751983642578125e+02,5.920000000000000000e+02
-1.665525970458984375e+02,1.616477813720703125e+02,5.930000000000000000e+02
-1.661877288818359375e+02,1.619203796386718750e+02,5.940000000000000000e+02
-1.707766113281250000e+02,1.620190124511718750e+02,5.920000000000000000e+02
-1.701330566406250000e+02,1.620190124511718750e+02,5.920000000000000000e+02
-1.694895019531250000e+02,1.620190124511718750e+02,5.920000000000000000e+02
-1.688459472656250000e+02,1.620190124511718750e+02,5.920000000000000000e+02
-1.682023925781250000e+02,1.620190124511718750e+02,5.920000000000000000e+02
-1.675588378906250000e+02,1.620190124511718750e+02,5.920000000000000000e+02
-1.671972351074218750e+02,1.622926940917968750e+02,5.930000000000000000e+02
-1.665525970458984375e+02,1.622926940917968750e+02,5.930000000000000000e+02
-1.714201660156250000e+02,1.626628265380859375e+02,5.920000000000000000e+02
-1.707766113281250000e+02,1.626628265380859375e+02,5.920000000000000000e+02
-1.701330566406250000e+02,1.626628265380859375e+02,5.920000000000000000e+02
-1.694895019531250000e+02,1.626628265380859375e+02,5.920000000000000000e+02
-1.688459472656250000e+02,1.626628265380859375e+02,5.920000000000000000e+02
-1.682023925781250000e+02,1.626628265380859375e+02,5.920000000000000000e+02
-1.678418884277343750e+02,1.629375915527343750e+02,5.930000000000000000e+02
-1.671972351074218750e+02,1.629375915527343750e+02,5.930000000000000000e+02
-1.720637054443359375e+02,1.633066558837890625e+02,5.920000000000000000e+02
-1.714201660156250000e+02,1.633066558837890625e+02,5.920000000000000000e+02
-1.707766113281250000e+02,1.633066558837890625e+02,5.920000000000000000e+02
-1.701330566406250000e+02,1.633066558837890625e+02,5.920000000000000000e+02
-1.694895019531250000e+02,1.633066558837890625e+02,5.920000000000000000e+02
-1.688459472656250000e+02,1.633066558837890625e+02,5.920000000000000000e+02
-1.684865112304687500e+02,1.635825195312500000e+02,5.930000000000000000e+02
-1.678418884277343750e+02,1.635825195312500000e+02,5.930000000000000000e+02
-1.724155426025390625e+02,1.636735229492187500e+02,5.910000000000000000e+02
-1.717730712890625000e+02,1.636735229492187500e+02,5.910000000000000000e+02
-1.711305999755859375e+02,1.636735229492187500e+02,5.910000000000000000e+02
-1.707766113281250000e+02,1.639504699707031250e+02,5.920000000000000000e+02
-1.701330566406250000e+02,1.639504699707031250e+02,5.920000000000000000e+02
-1.697758026123046875e+02,1.642274169921875000e+02,5.930000000000000000e+02
-1.691311645507812500e+02,1.642274169921875000e+02,5.930000000000000000e+02
-1.730580139160156250e+02,1.643162689208984375e+02,5.910000000000000000e+02
-1.724155426025390625e+02,1.643162689208984375e+02,5.910000000000000000e+02
-1.717730712890625000e+02,1.643162689208984375e+02,5.910000000000000000e+02
-1.711305999755859375e+02,1.643162689208984375e+02,5.910000000000000000e+02
-1.707766113281250000e+02,1.645942993164062500e+02,5.920000000000000000e+02
-1.701330566406250000e+02,1.645942993164062500e+02,5.920000000000000000e+02
-1.697758026123046875e+02,1.648723297119140625e+02,5.930000000000000000e+02
-1.727651977539062500e+02,1.646798706054687500e+02,5.900000000000000000e+02
-1.724155426025390625e+02,1.649589843750000000e+02,5.910000000000000000e+02
-1.717730712890625000e+02,1.649589843750000000e+02,5.910000000000000000e+02
-1.714201660156250000e+02,1.652380981445312500e+02,5.920000000000000000e+02
-1.707766113281250000e+02,1.652380981445312500e+02,5.920000000000000000e+02
-1.704204406738281250e+02,1.655172271728515625e+02,5.930000000000000000e+02
-1.730580139160156250e+02,1.656017303466796875e+02,5.910000000000000000e+02
-1.724155426025390625e+02,1.656017303466796875e+02,5.910000000000000000e+02
-1.717730712890625000e+02,1.656017303466796875e+02,5.910000000000000000e+02
-1.714201660156250000e+02,1.658819274902343750e+02,5.920000000000000000e+02
-1.710650787353515625e+02,1.661621398925781250e+02,5.930000000000000000e+02
-1.737004699707031250e+02,1.662444458007812500e+02,5.910000000000000000e+02
-1.730580139160156250e+02,1.662444458007812500e+02,5.910000000000000000e+02
-1.724155426025390625e+02,1.662444458007812500e+02,5.910000000000000000e+02
-1.720637054443359375e+02,1.665257415771484375e+02,5.920000000000000000e+02
-1.714201660156250000e+02,1.665257415771484375e+02,5.920000000000000000e+02
-1.737004699707031250e+02,1.668871917724609375e+02,5.910000000000000000e+02
