-8.953727722167968750e+01,-7.542269897460937500e+01,5.910000000000000000e+02
-8.904522705078125000e+01,-7.555031585693359375e+01,5.920000000000000000e+02
-9.601735687255859375e+01,-8.205886840820312500e+01,6.430000000000000000e+02
-9.531835937500000000e+01,-8.205886840820312500e+01,6.430000000000000000e+02
-9.447221374511718750e+01,-8.193125152587890625e+01,6.420000000000000000e+02
-9.377429962158203125e+01,-8.193125152587890625e+01,6.420000000000000000e+02
-9.293141174316406250e+01,-8.180363464355468750e+01,6.410000000000000000e+02
-9.209069824218750000e+01,-8.167601776123046875e+01,6.400000000000000000e+02
-9.139496612548828125e+01,-8.167601776123046875e+01,6.400000000000000000e+02
-0.000000000000000000e+00,-0.000000000000000000e+00,0.000000000000000000e+00
-9.000350189208984375e+01,-8.167601776123046875e+01,6.400000000000000000e+02
-8.930775451660156250e+01,-8.167601776123046875e+01,6.400000000000000000e+02
-8.861202239990234375e+01,-8.167601776123046875e+01,6.400000000000000000e+02
-8.791629028320312500e+01,-8.167601776123046875e+01,6.400000000000000000e+02
-8.722055053710937500e+01,-8.167601776123046875e+01,6.400000000000000000e+02
-8.652481842041015625e+01,-8.167601776123046875e+01,6.400000000000000000e+02
-0.000000000000000000e+00,-0.000000000000000000e+00,0.000000000000000000e+00
-9.195129394531250000e+01,-7.465343475341796875e+01,5.900000000000000000e+02
-9.130991363525390625e+01,-7.465343475341796875e+01,5.900000000000000000e+02
-9.066853332519531250e+01,-7.465343475341796875e+01,5.900000000000000000e+02
-9.002715301513671875e+01,-7.465343475341796875e+01,5.900000000000000000e+02
-8.953727722167968750e+01,-7.477996826171875000e+01,5.910000000000000000e+02
-8.904522705078125000e+01,-7.490649414062500000e+01,5.920000000000000000e+02
-8.840167236328125000e+01,-7.490649414062500000e+01,5.920000000000000000e+02
-0.000000000000000000e+00,-0.000000000000000000e+00,0.000000000000000000e+00
-0.000000000000000000e+00,-0.000000000000000000e+00,0.000000000000000000e+00
-0.000000000000000000e+00,-0.000000000000000000e+00,0.000000000000000000e+00
-0.000000000000000000e+00,-0.000000000000000000e+00,0.000000000000000000e+00
-0.000000000000000000e+00,-0.000000000000000000e+00,0.000000000000000000e+00
-0.000000000000000000e+00,-0.000000000000000000e+00,0.000000000000000000e+00
-0.000000000000000000e+00,-0.000000000000000000e+00,0.000000000000000000e+00
-0.000000000000000000e+00,-0.000000000000000000e+00,0.000000000000000000e+00
-0.000000000000000000e+00,-0.000000000000000000e+00,0.000000000000000000e+00
-0.000000000000000000e+00,-0.000000000000000000e+00,0.000000000000000000e+00
-0.000000000000000000e+00,-0.000000000000000000e+00,0.000000000000000000e+00
-0.000000000000000000e+00,-0.000000000000000000e+00,0.000000000000000000e+00
-0.000000000000000000e+00,-0.000000000000000000e+00,0.000000000000000000e+00
-8.582908630371093750e+01,-8.097999572753906250e+01,6.400000000000000000e+02
-8.526637268066406250e+01,-8.110652923583984375e+01,6.410000000000000000e+02
-8.456954956054687500e+01,-8.110652923583984375e+01,6.410000000000000000e+02
-0.000000000000000000e+00,-0.000000000000000000e+00,0.000000000000000000e+00
-0.000000000000000000e+00,-0.000000000000000000e+00,0.000000000000000000e+00
-0.000000000000000000e+00,-0.000000000000000000e+00,0.000000000000000000e+00
-9.307602691650390625e+01,-7.388634490966796875e+01,5.890000000000000000e+02
-9.243573760986328125e+01,-7.388634490966796875e+01,5.890000000000000000e+02
-9.179544067382812500e+01,-7.388634490966796875e+01,5.890000000000000000e+02
-0.000000000000000000e+00,-0.000000000000000000e+00,0.000000000000000000e+00
-9.051486206054687500e+01,-7.388634490966796875e+01,5.890000000000000000e+02
-9.002715301513671875e+01,-7.401178741455078125e+01,5.900000000000000000e+02
-8.938577270507812500e+01,-7.401178741455078125e+01,5.900000000000000000e+02
-8.889480590820312500e+01,-7.413722991943359375e+01,5.910000000000000000e+02
-8.840167236328125000e+01,-7.426268005371093750e+01,5.920000000000000000e+02
-8.790635681152343750e+01,-7.438812255859375000e+01,5.930000000000000000e+02
-0.000000000000000000e+00,-0.000000000000000000e+00,0.000000000000000000e+00
-8.690920257568359375e+01,-7.463900756835937500e+01,5.950000000000000000e+02
-8.640737152099609375e+01,-7.476445007324218750e+01,5.960000000000000000e+02
-8.590335845947265625e+01,-7.488989257812500000e+01,5.970000000000000000e+02
-8.539717102050781250e+01,-7.501534271240234375e+01,5.980000000000000000e+02
-8.474709320068359375e+01,-7.501534271240234375e+01,5.980000000000000000e+02
-8.409702301025390625e+01,-7.501534271240234375e+01,5.980000000000000000e+02
-8.344693756103515625e+01,-7.501534271240234375e+01,5.980000000000000000e+02
-8.279685974121093750e+01,-7.501534271240234375e+01,5.980000000000000000e+02
-8.214678192138671875e+01,-7.501534271240234375e+01,5.980000000000000000e+02
-8.149670410156250000e+01,-7.501534271240234375e+01,5.980000000000000000e+02
-8.084662628173828125e+01,-7.501534271240234375e+01,5.980000000000000000e+02
-8.019655609130859375e+01,-7.501534271240234375e+01,5.980000000000000000e+02
-0.000000000000000000e+00,-0.000000000000000000e+00,0.000000000000000000e+00
-0.000000000000000000e+00,-0.000000000000000000e+00,0.000000000000000000e+00
-8.387273406982421875e+01,-8.040941619873046875e+01,6.410000000000000000e+02
-8.317591094970703125e+01,-8.040941619873046875e+01,6.410000000000000000e+02
-0.000000000000000000e+00,-0.000000000000000000e+00,0.000000000000000000e+00
-0.000000000000000000e+00,-0.000000000000000000e+00,0.000000000000000000e+00
-0.000000000000000000e+00,-0.000000000000000000e+00,0.000000000000000000e+00
-0.000000000000000000e+00,-0.000000000000000000e+00,0.000000000000000000e+00
-0.000000000000000000e+00,-0.000000000000000000e+00,0.000000000000000000e+00
-0.000000000000000000e+00,-0.000000000000000000e+00,0.000000000000000000e+00
-9.499691009521484375e+01,-7.324578857421875000e+01,5.890000000000000000e+02
-9.435661315917968750e+01,-7.324578857421875000e+01,5.890000000000000000e+02
-9.371632385253906250e+01,-7.324578857421875000e+01,5.890000000000000000e+02
-9.307602691650390625e+01,-7.324578857421875000e+01,5.890000000000000000e+02
-9.243573760986328125e+01,-7.324578857421875000e+01,5.890000000000000000e+02
-9.179544067382812500e+01,-7.324578857421875000e+01,5.890000000000000000e+02
-9.115515136718750000e+01,-7.324578857421875000e+01,5.890000000000000000e+02
-9.051486206054687500e+01,-7.324578857421875000e+01,5.890000000000000000e+02
-8.987456512451171875e+01,-7.324578857421875000e+01,5.890000000000000000e+02
-8.938577270507812500e+01,-7.337014770507812500e+01,5.900000000000000000e+02
-8.874439239501953125e+01,-7.337014770507812500e+01,5.900000000000000000e+02
-8.825234222412109375e+01,-7.349449920654296875e+01,5.910000000000000000e+02
-8.775811767578125000e+01,-7.361885833740234375e+01,5.920000000000000000e+02
-8.726171112060546875e+01,-7.374321746826171875e+01,5.930000000000000000e+02
-8.676313781738281250e+01,-7.386756896972656250e+01,5.940000000000000000e+02
-8.626239013671875000e+01,-7.399192810058593750e+01,5.950000000000000000e+02
-8.575946807861328125e+01,-7.411628723144531250e+01,5.960000000000000000e+02
-8.525437164306640625e+01,-7.424063873291015625e+01,5.970000000000000000e+02
-8.460537719726562500e+01,-7.424063873291015625e+01,5.970000000000000000e+02
-8.395639038085937500e+01,-7.424063873291015625e+01,5.970000000000000000e+02
-8.330738830566406250e+01,-7.424063873291015625e+01,5.970000000000000000e+02
-8.265840148925781250e+01,-7.424063873291015625e+01,5.970000000000000000e+02
-8.200941467285156250e+01,-7.424063873291015625e+01,5.970000000000000000e+02
-8.136042022705078125e+01,-7.424063873291015625e+01,5.970000000000000000e+02
-8.071143341064453125e+01,-7.424063873291015625e+01,5.970000000000000000e+02
-8.006244659423828125e+01,-7.424063873291015625e+01,5.970000000000000000e+02
-7.941345214843750000e+01,-7.424063873291015625e+01,5.970000000000000000e+02
-7.876446533203125000e+01,-7.424063873291015625e+01,5.970000000000000000e+02
-7.811547851562500000e+01,-7.424063873291015625e+01,5.970000000000000000e+02
-0.000000000000000000e+00,-0.000000000000000000e+00,0.000000000000000000e+00
-8.247908782958984375e+01,-7.971231079101562500e+01,6.410000000000000000e+02
-8.178226470947265625e+01,-7.971231079101562500e+01,6.410000000000000000e+02
-1.105290374755859375e+02,-7.864539337158203125e+01,6.380000000000000000e+02
-0.000000000000000000e+00,-0.000000000000000000e+00,0.000000000000000000e+00
-0.000000000000000000e+00,-0.000000000000000000e+00,0.000000000000000000e+00
-0.000000000000000000e+00,-0.000000000000000000e+00,0.000000000000000000e+00
-0.000000000000000000e+00,-0.000000000000000000e+00,0.000000000000000000e+00
-0.000000000000000000e+00,-0.000000000000000000e+00,0.000000000000000000e+00
-0.000000000000000000e+00,-0.000000000000000000e+00,0.000000000000000000e+00
-0.000000000000000000e+00,-0.000000000000000000e+00,0.000000000000000000e+00
-9.691778564453125000e+01,-7.260523223876953125e+01,5.890000000000000000e+02
-9.627749633789062500e+01,-7.260523223876953125e+01,5.890000000000000000e+02
-9.563719940185546875e+01,-7.260523223876953125e+01,5.890000000000000000e+02
-9.499691009521484375e+01,-7.260523223876953125e+01,5.890000000000000000e+02
-9.435661315917968750e+01,-7.260523223876953125e+01,5.890000000000000000e+02
-9.371632385253906250e+01,-7.260523223876953125e+01,5.890000000000000000e+02
-9.307602691650390625e+01,-7.260523223876953125e+01,5.890000000000000000e+02
-9.243573760986328125e+01,-7.260523223876953125e+01,5.890000000000000000e+02
-9.179544067382812500e+01,-7.260523223876953125e+01,5.890000000000000000e+02
-9.115515136718750000e+01,-7.260523223876953125e+01,5.890000000000000000e+02
-9.036118316650390625e+01,-7.248196411132812500e+01,5.880000000000000000e+02
-8.972197723388671875e+01,-7.248196411132812500e+01,5.880000000000000000e+02
-8.923427581787109375e+01,-7.260523223876953125e+01,5.890000000000000000e+02
-8.874439239501953125e+01,-7.272850036621093750e+01,5.900000000000000000e+02
-8.825234222412109375e+01,-7.285176849365234375e+01,5.910000000000000000e+02
-8.760987854003906250e+01,-7.285176849365234375e+01,5.910000000000000000e+02
-8.711456298828125000e+01,-7.297503662109375000e+01,5.920000000000000000e+02
-8.661707305908203125e+01,-7.309830474853515625e+01,5.930000000000000000e+02
-8.626239013671875000e+01,-7.334484100341796875e+01,5.950000000000000000e+02
-8.575946807861328125e+01,-7.346810913085937500e+01,5.960000000000000000e+02
-8.511156463623046875e+01,-7.346810913085937500e+01,5.960000000000000000e+02
-8.460537719726562500e+01,-7.359137725830078125e+01,5.970000000000000000e+02
-8.395639038085937500e+01,-7.359137725830078125e+01,5.970000000000000000e+02
-8.330738830566406250e+01,-7.359137725830078125e+01,5.970000000000000000e+02
-8.265840148925781250e+01,-7.359137725830078125e+01,5.970000000000000000e+02
-8.200941467285156250e+01,-7.359137725830078125e+01,5.970000000000000000e+02
-8.136042022705078125e+01,-7.359137725830078125e+01,5.970000000000000000e+02
-8.071143341064453125e+01,-7.359137725830078125e+01,5.970000000000000000e+02
-8.006244659423828125e+01,-7.359137725830078125e+01,5.970000000000000000e+02
-7.941345214843750000e+01,-7.359137725830078125e+01,5.970000000000000000e+02
-7.876446533203125000e+01,-7.359137725830078125e+01,5.970000000000000000e+02
-7.811547851562500000e+01,-7.359137725830078125e+01,5.970000000000000000e+02
-7.746648406982421875e+01,-7.359137725830078125e+01,5.970000000000000000e+02
-7.681749725341796875e+01,-7.359137725830078125e+01,5.970000000000000000e+02
-8.178226470947265625e+01,-7.901519775390625000e+01,6.410000000000000000e+02
-8.095894622802734375e+01,-7.889192962646484375e+01,6.400000000000000000e+02
-0.000000000000000000e+00,-0.000000000000000000e+00,0.000000000000000000e+00
-0.000000000000000000e+00,-0.000000000000000000e+00,0.000000000000000000e+00
-0.000000000000000000e+00,-0.000000000000000000e+00,0.000000000000000000e+00
-0.000000000000000000e+00,-0.000000000000000000e+00,0.000000000000000000e+00
-0.000000000000000000e+00,-0.000000000000000000e+00,0.000000000000000000e+00
-0.000000000000000000e+00,-0.000000000000000000e+00,0.000000000000000000e+00
-0.000000000000000000e+00,-0.000000000000000000e+00,0.000000000000000000e+00
-0.000000000000000000e+00,-0.000000000000000000e+00,0.000000000000000000e+00
-0.000000000000000000e+00,-0.000000000000000000e+00,0.000000000000000000e+00
-0.000000000000000000e+00,-0.000000000000000000e+00,0.000000000000000000e+00
-9.819837188720703125e+01,-7.196467590332031250e+01,5.890000000000000000e+02
-9.755807495117187500e+01,-7.196467590332031250e+01,5.890000000000000000e+02
-9.691778564453125000e+01,-7.196467590332031250e+01,5.890000000000000000e+02
-9.611403656005859375e+01,-7.184249114990234375e+01,5.880000000000000000e+02
-9.547483062744140625e+01,-7.184249114990234375e+01,5.880000000000000000e+02
-9.499691009521484375e+01,-7.196467590332031250e+01,5.890000000000000000e+02
-9.435661315917968750e+01,-7.196467590332031250e+01,5.890000000000000000e+02
-9.371632385253906250e+01,-7.196467590332031250e+01,5.890000000000000000e+02
-9.307602691650390625e+01,-7.196467590332031250e+01,5.890000000000000000e+02
-9.227880096435546875e+01,-7.184249114990234375e+01,5.880000000000000000e+02
-9.163959503173828125e+01,-7.184249114990234375e+01,5.880000000000000000e+02
-9.100038909912109375e+01,-7.184249114990234375e+01,5.880000000000000000e+02
-9.036118316650390625e+01,-7.184249114990234375e+01,5.880000000000000000e+02
-8.972197723388671875e+01,-7.184249114990234375e+01,5.880000000000000000e+02
-8.908277130126953125e+01,-7.184249114990234375e+01,5.880000000000000000e+02
-8.859397888183593750e+01,-7.196467590332031250e+01,5.890000000000000000e+02
-8.810301208496093750e+01,-7.208685302734375000e+01,5.900000000000000000e+02
-8.760987854003906250e+01,-7.220903778076171875e+01,5.910000000000000000e+02
-8.711456298828125000e+01,-7.233121490478515625e+01,5.920000000000000000e+02
-8.661707305908203125e+01,-7.245339965820312500e+01,5.930000000000000000e+02
-8.611740875244140625e+01,-7.257557678222656250e+01,5.940000000000000000e+02
-8.561557769775390625e+01,-7.269776153564453125e+01,5.950000000000000000e+02
-8.511156463623046875e+01,-7.281993865966796875e+01,5.960000000000000000e+02
-8.446366119384765625e+01,-7.281993865966796875e+01,5.960000000000000000e+02
-8.395639038085937500e+01,-7.294212341308593750e+01,5.970000000000000000e+02
-8.330738830566406250e+01,-7.294212341308593750e+01,5.970000000000000000e+02
-8.265840148925781250e+01,-7.294212341308593750e+01,5.970000000000000000e+02
-8.200941467285156250e+01,-7.294212341308593750e+01,5.970000000000000000e+02
-8.136042022705078125e+01,-7.294212341308593750e+01,5.970000000000000000e+02
-8.057624053955078125e+01,-7.281993865966796875e+01,5.960000000000000000e+02
-8.006244659423828125e+01,-7.294212341308593750e+01,5.970000000000000000e+02
-7.941345214843750000e+01,-7.294212341308593750e+01,5.970000000000000000e+02
-7.876446533203125000e+01,-7.294212341308593750e+01,5.970000000000000000e+02
-7.811547851562500000e+01,-7.294212341308593750e+01,5.970000000000000000e+02
-7.746648406982421875e+01,-7.294212341308593750e+01,5.970000000000000000e+02
-7.681749725341796875e+01,-7.294212341308593750e+01,5.970000000000000000e+02
-0.000000000000000000e+00,-0.000000000000000000e+00,0.000000000000000000e+00
-0.000000000000000000e+00,-0.000000000000000000e+00,0.000000000000000000e+00
-8.038862609863281250e+01,-7.831809234619140625e+01,6.410000000000000000e+02
-0.000000000000000000e+00,-0.000000000000000000e+00,0.000000000000000000e+00
-0.000000000000000000e+00,-0.000000000000000000e+00,0.000000000000000000e+00
-0.000000000000000000e+00,-0.000000000000000000e+00,0.000000000000000000e+00
-0.000000000000000000e+00,-0.000000000000000000e+00,0.000000000000000000e+00
-0.000000000000000000e+00,-0.000000000000000000e+00,0.000000000000000000e+00
-0.000000000000000000e+00,-0.000000000000000000e+00,0.000000000000000000e+00
-0.000000000000000000e+00,-0.000000000000000000e+00,0.000000000000000000e+00
-1.029698867797851562e+02,-7.108193206787109375e+01,5.870000000000000000e+02
-1.023317718505859375e+02,-7.108193206787109375e+01,5.870000000000000000e+02
-1.016936416625976562e+02,-7.108193206787109375e+01,5.870000000000000000e+02
-1.010555267333984375e+02,-7.108193206787109375e+01,5.870000000000000000e+02
-1.004174041748046875e+02,-7.108193206787109375e+01,5.870000000000000000e+02
-9.994926452636718750e+01,-7.120302581787109375e+01,5.880000000000000000e+02
-9.931005859375000000e+01,-7.120302581787109375e+01,5.880000000000000000e+02
-9.867085266113281250e+01,-7.120302581787109375e+01,5.880000000000000000e+02
-9.803165435791015625e+01,-7.120302581787109375e+01,5.880000000000000000e+02
-9.739244842529296875e+01,-7.120302581787109375e+01,5.880000000000000000e+02
-9.675324249267578125e+01,-7.120302581787109375e+01,5.880000000000000000e+02
-9.611403656005859375e+01,-7.120302581787109375e+01,5.880000000000000000e+02
-9.547483062744140625e+01,-7.120302581787109375e+01,5.880000000000000000e+02
-9.483562469482421875e+01,-7.120302581787109375e+01,5.880000000000000000e+02
-9.419641876220703125e+01,-7.120302581787109375e+01,5.880000000000000000e+02
-9.355721282958984375e+01,-7.120302581787109375e+01,5.880000000000000000e+02
-9.291800689697265625e+01,-7.120302581787109375e+01,5.880000000000000000e+02
-9.227880096435546875e+01,-7.120302581787109375e+01,5.880000000000000000e+02
-9.148374176025390625e+01,-7.108193206787109375e+01,5.870000000000000000e+02
-9.100038909912109375e+01,-7.120302581787109375e+01,5.880000000000000000e+02
-9.036118316650390625e+01,-7.120302581787109375e+01,5.880000000000000000e+02
-8.972197723388671875e+01,-7.120302581787109375e+01,5.880000000000000000e+02
-8.908277130126953125e+01,-7.120302581787109375e+01,5.880000000000000000e+02
-8.859397888183593750e+01,-7.132411956787109375e+01,5.890000000000000000e+02
-8.795368957519531250e+01,-7.132411956787109375e+01,5.890000000000000000e+02
-8.746163177490234375e+01,-7.144521331787109375e+01,5.900000000000000000e+02
-8.696740722656250000e+01,-7.156630706787109375e+01,5.910000000000000000e+02
-8.647100830078125000e+01,-7.168740081787109375e+01,5.920000000000000000e+02
-8.597243499755859375e+01,-7.180849456787109375e+01,5.930000000000000000e+02
-8.547167968750000000e+01,-7.192958831787109375e+01,5.940000000000000000e+02
-8.496875762939453125e+01,-7.205068206787109375e+01,5.950000000000000000e+02
-8.446366119384765625e+01,-7.217177581787109375e+01,5.960000000000000000e+02
-8.381575775146484375e+01,-7.217177581787109375e+01,5.960000000000000000e+02
-8.316784667968750000e+01,-7.217177581787109375e+01,5.960000000000000000e+02
-8.251994323730468750e+01,-7.217177581787109375e+01,5.960000000000000000e+02
-8.187203979492187500e+01,-7.217177581787109375e+01,5.960000000000000000e+02
-8.122414398193359375e+01,-7.217177581787109375e+01,5.960000000000000000e+02
-8.057624053955078125e+01,-7.217177581787109375e+01,5.960000000000000000e+02
-7.992833709716796875e+01,-7.217177581787109375e+01,5.960000000000000000e+02
-7.928043365478515625e+01,-7.217177581787109375e+01,5.960000000000000000e+02
-7.863253021240234375e+01,-7.217177581787109375e+01,5.960000000000000000e+02
-7.811547851562500000e+01,-7.229286956787109375e+01,5.970000000000000000e+02
-7.746648406982421875e+01,-7.229286956787109375e+01,5.970000000000000000e+02
-7.681749725341796875e+01,-7.229286956787109375e+01,5.970000000000000000e+02
-7.616851043701171875e+01,-7.229286956787109375e+01,5.970000000000000000e+02
-0.000000000000000000e+00,-0.000000000000000000e+00,0.000000000000000000e+00
-0.000000000000000000e+00,-0.000000000000000000e+00,0.000000000000000000e+00
-7.956748199462890625e+01,-7.749989318847656250e+01,6.400000000000000000e+02
-0.000000000000000000e+00,-0.000000000000000000e+00,0.000000000000000000e+00
-0.000000000000000000e+00,-0.000000000000000000e+00,0.000000000000000000e+00
-0.000000000000000000e+00,-0.000000000000000000e+00,0.000000000000000000e+00
-0.000000000000000000e+00,-0.000000000000000000e+00,0.000000000000000000e+00
-0.000000000000000000e+00,-0.000000000000000000e+00,0.000000000000000000e+00
-1.062527770996093750e+02,-7.008353424072265625e+01,5.840000000000000000e+02
-1.057987747192382812e+02,-7.020353698730468750e+01,5.850000000000000000e+02
-1.051628341674804688e+02,-7.020353698730468750e+01,5.850000000000000000e+02
-1.045268859863281250e+02,-7.020353698730468750e+01,5.850000000000000000e+02
-1.040685348510742188e+02,-7.032354736328125000e+01,5.860000000000000000e+02
-1.034315032958984375e+02,-7.032354736328125000e+01,5.860000000000000000e+02
-1.027944717407226562e+02,-7.032354736328125000e+01,5.860000000000000000e+02
-1.023317718505859375e+02,-7.044355010986328125e+01,5.870000000000000000e+02
-1.016936416625976562e+02,-7.044355010986328125e+01,5.870000000000000000e+02
-1.010555267333984375e+02,-7.044355010986328125e+01,5.870000000000000000e+02
-1.004174041748046875e+02,-7.044355010986328125e+01,5.870000000000000000e+02
-9.977928924560546875e+01,-7.044355010986328125e+01,5.870000000000000000e+02
-9.914116668701171875e+01,-7.044355010986328125e+01,5.870000000000000000e+02
-9.867085266113281250e+01,-7.056355285644531250e+01,5.880000000000000000e+02
-9.803165435791015625e+01,-7.056355285644531250e+01,5.880000000000000000e+02
-9.739244842529296875e+01,-7.056355285644531250e+01,5.880000000000000000e+02
-9.675324249267578125e+01,-7.056355285644531250e+01,5.880000000000000000e+02
-9.611403656005859375e+01,-7.056355285644531250e+01,5.880000000000000000e+02
-9.547483062744140625e+01,-7.056355285644531250e+01,5.880000000000000000e+02
-9.483562469482421875e+01,-7.056355285644531250e+01,5.880000000000000000e+02
-9.419641876220703125e+01,-7.056355285644531250e+01,5.880000000000000000e+02
-9.339810180664062500e+01,-7.044355010986328125e+01,5.870000000000000000e+02
-9.291800689697265625e+01,-7.056355285644531250e+01,5.880000000000000000e+02
-9.212186431884765625e+01,-7.044355010986328125e+01,5.870000000000000000e+02
-9.148374176025390625e+01,-7.044355010986328125e+01,5.870000000000000000e+02
-9.084562683105468750e+01,-7.044355010986328125e+01,5.870000000000000000e+02
-9.020750427246093750e+01,-7.044355010986328125e+01,5.870000000000000000e+02
-8.956938934326171875e+01,-7.044355010986328125e+01,5.870000000000000000e+02
-8.893127441406250000e+01,-7.044355010986328125e+01,5.870000000000000000e+02
-8.829315185546875000e+01,-7.044355010986328125e+01,5.870000000000000000e+02
-8.795368957519531250e+01,-7.068356323242187500e+01,5.890000000000000000e+02
-8.731339263916015625e+01,-7.068356323242187500e+01,5.890000000000000000e+02
-8.682025909423828125e+01,-7.080356597900390625e+01,5.900000000000000000e+02
-8.632494354248046875e+01,-7.092357635498046875e+01,5.910000000000000000e+02
-8.582745361328125000e+01,-7.104357910156250000e+01,5.920000000000000000e+02
-8.532778930664062500e+01,-7.116358947753906250e+01,5.930000000000000000e+02
-8.482595825195312500e+01,-7.128359222412109375e+01,5.940000000000000000e+02
-8.432194519042968750e+01,-7.140359497070312500e+01,5.950000000000000000e+02
-8.367512512207031250e+01,-7.140359497070312500e+01,5.950000000000000000e+02
-8.302830505371093750e+01,-7.140359497070312500e+01,5.950000000000000000e+02
-8.251994323730468750e+01,-7.152360534667968750e+01,5.960000000000000000e+02
-8.187203979492187500e+01,-7.152360534667968750e+01,5.960000000000000000e+02
-8.122414398193359375e+01,-7.152360534667968750e+01,5.960000000000000000e+02
-8.057624053955078125e+01,-7.152360534667968750e+01,5.960000000000000000e+02
-7.992833709716796875e+01,-7.152360534667968750e+01,5.960000000000000000e+02
-7.928043365478515625e+01,-7.152360534667968750e+01,5.960000000000000000e+02
-7.863253021240234375e+01,-7.152360534667968750e+01,5.960000000000000000e+02
-7.798462677001953125e+01,-7.152360534667968750e+01,5.960000000000000000e+02
-7.746648406982421875e+01,-7.164360809326171875e+01,5.970000000000000000e+02
-7.681749725341796875e+01,-7.164360809326171875e+01,5.970000000000000000e+02
-7.616851043701171875e+01,-7.164360809326171875e+01,5.970000000000000000e+02
-7.564601898193359375e+01,-7.176361846923828125e+01,5.980000000000000000e+02
-0.000000000000000000e+00,-0.000000000000000000e+00,0.000000000000000000e+00
-0.000000000000000000e+00,-0.000000000000000000e+00,0.000000000000000000e+00
-7.887174987792968750e+01,-7.680387115478515625e+01,6.400000000000000000e+02
-0.000000000000000000e+00,-0.000000000000000000e+00,0.000000000000000000e+00
-0.000000000000000000e+00,-0.000000000000000000e+00,0.000000000000000000e+00
-0.000000000000000000e+00,-0.000000000000000000e+00,0.000000000000000000e+00
-0.000000000000000000e+00,-0.000000000000000000e+00,0.000000000000000000e+00
-0.000000000000000000e+00,-0.000000000000000000e+00,0.000000000000000000e+00
-0.000000000000000000e+00,-0.000000000000000000e+00,0.000000000000000000e+00
-1.079721527099609375e+02,-6.932949829101562500e+01,5.830000000000000000e+02
-1.073383789062500000e+02,-6.932949829101562500e+01,5.830000000000000000e+02
-1.067046127319335938e+02,-6.932949829101562500e+01,5.830000000000000000e+02
-1.062527770996093750e+02,-6.944841003417968750e+01,5.840000000000000000e+02
-1.056179199218750000e+02,-6.944841003417968750e+01,5.840000000000000000e+02
-1.049830627441406250e+02,-6.944841003417968750e+01,5.840000000000000000e+02
-1.045268859863281250e+02,-6.956732940673828125e+01,5.850000000000000000e+02
-1.038909454345703125e+02,-6.956732940673828125e+01,5.850000000000000000e+02
-1.034315032958984375e+02,-6.968624877929687500e+01,5.860000000000000000e+02
-1.027944717407226562e+02,-6.968624877929687500e+01,5.860000000000000000e+02
-1.021574401855468750e+02,-6.968624877929687500e+01,5.860000000000000000e+02
-1.016936416625976562e+02,-6.980516815185546875e+01,5.870000000000000000e+02
-1.008833694458007812e+02,-6.968624877929687500e+01,5.860000000000000000e+02
-1.004174041748046875e+02,-6.980516815185546875e+01,5.870000000000000000e+02
-9.977928924560546875e+01,-6.980516815185546875e+01,5.870000000000000000e+02
-9.914116668701171875e+01,-6.980516815185546875e+01,5.870000000000000000e+02
-9.850305175781250000e+01,-6.980516815185546875e+01,5.870000000000000000e+02
-9.786492919921875000e+01,-6.980516815185546875e+01,5.870000000000000000e+02
-9.722681427001953125e+01,-6.980516815185546875e+01,5.870000000000000000e+02
-9.658869171142578125e+01,-6.980516815185546875e+01,5.870000000000000000e+02
-9.595057678222656250e+01,-6.980516815185546875e+01,5.870000000000000000e+02
-9.531245422363281250e+01,-6.980516815185546875e+01,5.870000000000000000e+02
-9.467433929443359375e+01,-6.980516815185546875e+01,5.870000000000000000e+02
-9.403621673583984375e+01,-6.980516815185546875e+01,5.870000000000000000e+02
-9.339810180664062500e+01,-6.980516815185546875e+01,5.870000000000000000e+02
-9.275997924804687500e+01,-6.980516815185546875e+01,5.870000000000000000e+02
-9.212186431884765625e+01,-6.980516815185546875e+01,5.870000000000000000e+02
-9.148374176025390625e+01,-6.980516815185546875e+01,5.870000000000000000e+02
-9.069086456298828125e+01,-6.968624877929687500e+01,5.860000000000000000e+02
-9.005383300781250000e+01,-6.968624877929687500e+01,5.860000000000000000e+02
-8.941680145263671875e+01,-6.968624877929687500e+01,5.860000000000000000e+02
-8.877976989746093750e+01,-6.968624877929687500e+01,5.860000000000000000e+02
-8.829315185546875000e+01,-6.980516815185546875e+01,5.870000000000000000e+02
-8.780435943603515625e+01,-6.992408752441406250e+01,5.880000000000000000e+02
-8.716515350341796875e+01,-6.992408752441406250e+01,5.880000000000000000e+02
-8.667310333251953125e+01,-7.004300689697265625e+01,5.890000000000000000e+02
-8.617887878417968750e+01,-7.016192626953125000e+01,5.900000000000000000e+02
-8.568247222900390625e+01,-7.028084564208984375e+01,5.910000000000000000e+02
-8.518389892578125000e+01,-7.039976501464843750e+01,5.920000000000000000e+02
-8.468315124511718750e+01,-7.051867675781250000e+01,5.930000000000000000e+02
-8.418022918701171875e+01,-7.063759613037109375e+01,5.940000000000000000e+02
-8.353450012207031250e+01,-7.063759613037109375e+01,5.940000000000000000e+02
-8.302830505371093750e+01,-7.075651550292968750e+01,5.950000000000000000e+02
-8.238149261474609375e+01,-7.075651550292968750e+01,5.950000000000000000e+02
-8.173467254638671875e+01,-7.075651550292968750e+01,5.950000000000000000e+02
-8.108786010742187500e+01,-7.075651550292968750e+01,5.950000000000000000e+02
-8.044104766845703125e+01,-7.075651550292968750e+01,5.950000000000000000e+02
-7.979422760009765625e+01,-7.075651550292968750e+01,5.950000000000000000e+02
-7.914741516113281250e+01,-7.075651550292968750e+01,5.950000000000000000e+02
-7.863253021240234375e+01,-7.087543487548828125e+01,5.960000000000000000e+02
-7.798462677001953125e+01,-7.087543487548828125e+01,5.960000000000000000e+02
-7.733673095703125000e+01,-7.087543487548828125e+01,5.960000000000000000e+02
-7.668882751464843750e+01,-7.087543487548828125e+01,5.960000000000000000e+02
-7.616851043701171875e+01,-7.099435424804687500e+01,5.970000000000000000e+02
-7.551951599121093750e+01,-7.099435424804687500e+01,5.970000000000000000e+02
-7.499594116210937500e+01,-7.111327362060546875e+01,5.980000000000000000e+02
-0.000000000000000000e+00,-0.000000000000000000e+00,0.000000000000000000e+00
-0.000000000000000000e+00,-0.000000000000000000e+00,0.000000000000000000e+00
-7.805386352539062500e+01,-7.598892974853515625e+01,6.390000000000000000e+02
-0.000000000000000000e+00,-0.000000000000000000e+00,0.000000000000000000e+00
-0.000000000000000000e+00,-0.000000000000000000e+00,0.000000000000000000e+00
-0.000000000000000000e+00,-0.000000000000000000e+00,0.000000000000000000e+00
-0.000000000000000000e+00,-0.000000000000000000e+00,0.000000000000000000e+00
-0.000000000000000000e+00,-0.000000000000000000e+00,0.000000000000000000e+00
-0.000000000000000000e+00,-0.000000000000000000e+00,0.000000000000000000e+00
-1.103176803588867188e+02,-6.857762908935546875e+01,5.820000000000000000e+02
-1.096849975585937500e+02,-6.857762908935546875e+01,5.820000000000000000e+02
-1.090523147583007812e+02,-6.857762908935546875e+01,5.820000000000000000e+02
-1.084196319580078125e+02,-6.857762908935546875e+01,5.820000000000000000e+02
-1.077869491577148438e+02,-6.857762908935546875e+01,5.820000000000000000e+02
-1.073383789062500000e+02,-6.869546508789062500e+01,5.830000000000000000e+02
-1.067046127319335938e+02,-6.869546508789062500e+01,5.830000000000000000e+02
-1.060708389282226562e+02,-6.869546508789062500e+01,5.830000000000000000e+02
-1.054370727539062500e+02,-6.869546508789062500e+01,5.830000000000000000e+02
-1.049830627441406250e+02,-6.881329345703125000e+01,5.840000000000000000e+02
-1.045268859863281250e+02,-6.893112945556640625e+01,5.850000000000000000e+02
-1.038909454345703125e+02,-6.893112945556640625e+01,5.850000000000000000e+02
-1.032549972534179688e+02,-6.893112945556640625e+01,5.850000000000000000e+02
-1.026190567016601562e+02,-6.893112945556640625e+01,5.850000000000000000e+02
-1.021574401855468750e+02,-6.904895782470703125e+01,5.860000000000000000e+02
-1.015204010009765625e+02,-6.904895782470703125e+01,5.860000000000000000e+02
-1.008833694458007812e+02,-6.904895782470703125e+01,5.860000000000000000e+02
-1.002463378906250000e+02,-6.904895782470703125e+01,5.860000000000000000e+02
-9.960930633544921875e+01,-6.904895782470703125e+01,5.860000000000000000e+02
-9.897227478027343750e+01,-6.904895782470703125e+01,5.860000000000000000e+02
-9.850305175781250000e+01,-6.916678619384765625e+01,5.870000000000000000e+02
-9.786492919921875000e+01,-6.916678619384765625e+01,5.870000000000000000e+02
-9.722681427001953125e+01,-6.916678619384765625e+01,5.870000000000000000e+02
-9.642414855957031250e+01,-6.904895782470703125e+01,5.860000000000000000e+02
-9.595057678222656250e+01,-6.916678619384765625e+01,5.870000000000000000e+02
-9.531245422363281250e+01,-6.916678619384765625e+01,5.870000000000000000e+02
-9.467433929443359375e+01,-6.916678619384765625e+01,5.870000000000000000e+02
-9.403621673583984375e+01,-6.916678619384765625e+01,5.870000000000000000e+02
-9.323899078369140625e+01,-6.904895782470703125e+01,5.860000000000000000e+02
-9.260195922851562500e+01,-6.904895782470703125e+01,5.860000000000000000e+02
-9.196492767333984375e+01,-6.904895782470703125e+01,5.860000000000000000e+02
-9.132789611816406250e+01,-6.904895782470703125e+01,5.860000000000000000e+02
-9.069086456298828125e+01,-6.904895782470703125e+01,5.860000000000000000e+02
-9.005383300781250000e+01,-6.904895782470703125e+01,5.860000000000000000e+02
-8.941680145263671875e+01,-6.904895782470703125e+01,5.860000000000000000e+02
-8.877976989746093750e+01,-6.904895782470703125e+01,5.860000000000000000e+02
-8.814273834228515625e+01,-6.904895782470703125e+01,5.860000000000000000e+02
-8.750570678710937500e+01,-6.904895782470703125e+01,5.860000000000000000e+02
-8.701691436767578125e+01,-6.916678619384765625e+01,5.870000000000000000e+02
-8.652594757080078125e+01,-6.928462219238281250e+01,5.880000000000000000e+02
-8.603280639648437500e+01,-6.940245056152343750e+01,5.890000000000000000e+02
-8.553749847412109375e+01,-6.952027893066406250e+01,5.900000000000000000e+02
-8.504000854492187500e+01,-6.963811492919921875e+01,5.910000000000000000e+02
-8.454034423828125000e+01,-6.975594329833984375e+01,5.920000000000000000e+02
-8.403850555419921875e+01,-6.987377166748046875e+01,5.930000000000000000e+02
-8.339386749267578125e+01,-6.987377166748046875e+01,5.930000000000000000e+02
-8.288876342773437500e+01,-6.999160766601562500e+01,5.940000000000000000e+02
-8.224303436279296875e+01,-6.999160766601562500e+01,5.940000000000000000e+02
-8.159730529785156250e+01,-6.999160766601562500e+01,5.940000000000000000e+02
-8.108786010742187500e+01,-7.010943603515625000e+01,5.950000000000000000e+02
-8.044104766845703125e+01,-7.010943603515625000e+01,5.950000000000000000e+02
-7.979422760009765625e+01,-7.010943603515625000e+01,5.950000000000000000e+02
-7.914741516113281250e+01,-7.010943603515625000e+01,5.950000000000000000e+02
-7.850059509277343750e+01,-7.010943603515625000e+01,5.950000000000000000e+02
-7.798462677001953125e+01,-7.022726440429687500e+01,5.960000000000000000e+02
-7.733673095703125000e+01,-7.022726440429687500e+01,5.960000000000000000e+02
-7.668882751464843750e+01,-7.022726440429687500e+01,5.960000000000000000e+02
-7.604092407226562500e+01,-7.022726440429687500e+01,5.960000000000000000e+02
-7.551951599121093750e+01,-7.034510040283203125e+01,5.970000000000000000e+02
-7.487052917480468750e+01,-7.034510040283203125e+01,5.970000000000000000e+02
-7.434586334228515625e+01,-7.046292877197265625e+01,5.980000000000000000e+02
-0.000000000000000000e+00,-0.000000000000000000e+00,0.000000000000000000e+00
-0.000000000000000000e+00,-0.000000000000000000e+00,0.000000000000000000e+00
-7.735921478271484375e+01,-7.529399871826171875e+01,6.390000000000000000e+02
-0.000000000000000000e+00,-0.000000000000000000e+00,0.000000000000000000e+00
-0.000000000000000000e+00,-0.000000000000000000e+00,0.000000000000000000e+00
-0.000000000000000000e+00,-0.000000000000000000e+00,0.000000000000000000e+00
-0.000000000000000000e+00,-0.000000000000000000e+00,0.000000000000000000e+00
-0.000000000000000000e+00,-0.000000000000000000e+00,0.000000000000000000e+00
-0.000000000000000000e+00,-0.000000000000000000e+00,0.000000000000000000e+00
-0.000000000000000000e+00,-0.000000000000000000e+00,0.000000000000000000e+00
-0.000000000000000000e+00,-0.000000000000000000e+00,0.000000000000000000e+00
-1.118301086425781250e+02,-6.771119689941406250e+01,5.800000000000000000e+02
-1.113913269042968750e+02,-6.782794189453125000e+01,5.810000000000000000e+02
-1.107597274780273438e+02,-6.782794189453125000e+01,5.810000000000000000e+02
-1.101281356811523438e+02,-6.782794189453125000e+01,5.810000000000000000e+02
-1.094965362548828125e+02,-6.782794189453125000e+01,5.810000000000000000e+02
-1.088649444580078125e+02,-6.782794189453125000e+01,5.810000000000000000e+02
-1.084196319580078125e+02,-6.794468688964843750e+01,5.820000000000000000e+02
-1.077869491577148438e+02,-6.794468688964843750e+01,5.820000000000000000e+02
-1.071542663574218750e+02,-6.794468688964843750e+01,5.820000000000000000e+02
-1.067046127319335938e+02,-6.806143188476562500e+01,5.830000000000000000e+02
-1.060708389282226562e+02,-6.806143188476562500e+01,5.830000000000000000e+02
-1.054370727539062500e+02,-6.806143188476562500e+01,5.830000000000000000e+02
-1.049830627441406250e+02,-6.817816925048828125e+01,5.840000000000000000e+02
-1.043482055664062500e+02,-6.817816925048828125e+01,5.840000000000000000e+02
-1.037133483886718750e+02,-6.817816925048828125e+01,5.840000000000000000e+02
-1.032549972534179688e+02,-6.829491424560546875e+01,5.850000000000000000e+02
-1.026190567016601562e+02,-6.829491424560546875e+01,5.850000000000000000e+02
-1.021574401855468750e+02,-6.841165924072265625e+01,5.860000000000000000e+02
-1.013471527099609375e+02,-6.829491424560546875e+01,5.850000000000000000e+02
-1.008833694458007812e+02,-6.841165924072265625e+01,5.860000000000000000e+02
-1.002463378906250000e+02,-6.841165924072265625e+01,5.860000000000000000e+02
-9.960930633544921875e+01,-6.841165924072265625e+01,5.860000000000000000e+02
-9.897227478027343750e+01,-6.841165924072265625e+01,5.860000000000000000e+02
-9.833524322509765625e+01,-6.841165924072265625e+01,5.860000000000000000e+02
-9.769821166992187500e+01,-6.841165924072265625e+01,5.860000000000000000e+02
-9.706118011474609375e+01,-6.841165924072265625e+01,5.860000000000000000e+02
-9.642414855957031250e+01,-6.841165924072265625e+01,5.860000000000000000e+02
-9.578711700439453125e+01,-6.841165924072265625e+01,5.860000000000000000e+02
-9.515008544921875000e+01,-6.841165924072265625e+01,5.860000000000000000e+02
-9.451305389404296875e+01,-6.841165924072265625e+01,5.860000000000000000e+02
-9.387602233886718750e+01,-6.841165924072265625e+01,5.860000000000000000e+02
-9.323899078369140625e+01,-6.841165924072265625e+01,5.860000000000000000e+02
-9.260195922851562500e+01,-6.841165924072265625e+01,5.860000000000000000e+02
-9.196492767333984375e+01,-6.841165924072265625e+01,5.860000000000000000e+02
-9.117204284667968750e+01,-6.829491424560546875e+01,5.850000000000000000e+02
-9.053610229492187500e+01,-6.829491424560546875e+01,5.850000000000000000e+02
-8.990015411376953125e+01,-6.829491424560546875e+01,5.850000000000000000e+02
-8.926421356201171875e+01,-6.829491424560546875e+01,5.850000000000000000e+02
-8.862826538085937500e+01,-6.829491424560546875e+01,5.850000000000000000e+02
-8.799232482910156250e+01,-6.829491424560546875e+01,5.850000000000000000e+02
-8.735637664794921875e+01,-6.829491424560546875e+01,5.850000000000000000e+02
-8.686867523193359375e+01,-6.841165924072265625e+01,5.860000000000000000e+02
-8.637879943847656250e+01,-6.852840423583984375e+01,5.870000000000000000e+02
-8.588674163818359375e+01,-6.864514923095703125e+01,5.880000000000000000e+02
-8.539251708984375000e+01,-6.876188659667968750e+01,5.890000000000000000e+02
-8.489611816406250000e+01,-6.887863159179687500e+01,5.900000000000000000e+02
-8.439753723144531250e+01,-6.899537658691406250e+01,5.910000000000000000e+02
-8.389678955078125000e+01,-6.911212158203125000e+01,5.920000000000000000e+02
-8.339386749267578125e+01,-6.922886657714843750e+01,5.930000000000000000e+02
-8.274922180175781250e+01,-6.922886657714843750e+01,5.930000000000000000e+02
-8.210457611083984375e+01,-6.922886657714843750e+01,5.930000000000000000e+02
-8.159730529785156250e+01,-6.934560394287109375e+01,5.940000000000000000e+02
-8.095157623291015625e+01,-6.934560394287109375e+01,5.940000000000000000e+02
-8.030584716796875000e+01,-6.934560394287109375e+01,5.940000000000000000e+02
-7.966011810302734375e+01,-6.934560394287109375e+01,5.940000000000000000e+02
-7.914741516113281250e+01,-6.946234893798828125e+01,5.950000000000000000e+02
-7.850059509277343750e+01,-6.946234893798828125e+01,5.950000000000000000e+02
-7.785378265380859375e+01,-6.946234893798828125e+01,5.950000000000000000e+02
-7.720697021484375000e+01,-6.946234893798828125e+01,5.950000000000000000e+02
-7.668882751464843750e+01,-6.957909393310546875e+01,5.960000000000000000e+02
-7.604092407226562500e+01,-6.957909393310546875e+01,5.960000000000000000e+02
-7.539302062988281250e+01,-6.957909393310546875e+01,5.960000000000000000e+02
-7.487052917480468750e+01,-6.969583892822265625e+01,5.970000000000000000e+02
-7.422154235839843750e+01,-6.969583892822265625e+01,5.970000000000000000e+02
-7.369578552246093750e+01,-6.981258392333984375e+01,5.980000000000000000e+02
-7.292356109619140625e+01,-6.969583892822265625e+01,5.970000000000000000e+02
-0.000000000000000000e+00,-0.000000000000000000e+00,0.000000000000000000e+00
-0.000000000000000000e+00,-0.000000000000000000e+00,0.000000000000000000e+00
-0.000000000000000000e+00,-0.000000000000000000e+00,0.000000000000000000e+00
-0.000000000000000000e+00,-0.000000000000000000e+00,0.000000000000000000e+00
-0.000000000000000000e+00,-0.000000000000000000e+00,0.000000000000000000e+00
-0.000000000000000000e+00,-0.000000000000000000e+00,0.000000000000000000e+00
-0.000000000000000000e+00,-0.000000000000000000e+00,0.000000000000000000e+00
-0.000000000000000000e+00,-0.000000000000000000e+00,0.000000000000000000e+00
-0.000000000000000000e+00,-0.000000000000000000e+00,0.000000000000000000e+00
-1.147844085693359375e+02,-6.696477508544921875e+01,5.790000000000000000e+02
-1.141549911499023438e+02,-6.696477508544921875e+01,5.790000000000000000e+02
-1.137216339111328125e+02,-6.708042907714843750e+01,5.800000000000000000e+02
-1.130911254882812500e+02,-6.708042907714843750e+01,5.800000000000000000e+02
-1.124606170654296875e+02,-6.708042907714843750e+01,5.800000000000000000e+02
-1.118301086425781250e+02,-6.708042907714843750e+01,5.800000000000000000e+02
-1.111996002197265625e+02,-6.708042907714843750e+01,5.800000000000000000e+02
-1.107597274780273438e+02,-6.719608306884765625e+01,5.810000000000000000e+02
-1.101281356811523438e+02,-6.719608306884765625e+01,5.810000000000000000e+02
-1.094965362548828125e+02,-6.719608306884765625e+01,5.810000000000000000e+02
-1.088649444580078125e+02,-6.719608306884765625e+01,5.810000000000000000e+02
-1.084196319580078125e+02,-6.731174468994140625e+01,5.820000000000000000e+02
-1.077869491577148438e+02,-6.731174468994140625e+01,5.820000000000000000e+02
-1.071542663574218750e+02,-6.731174468994140625e+01,5.820000000000000000e+02
-1.065215835571289062e+02,-6.731174468994140625e+01,5.820000000000000000e+02
-1.058889007568359375e+02,-6.731174468994140625e+01,5.820000000000000000e+02
-1.054370727539062500e+02,-6.742739868164062500e+01,5.830000000000000000e+02
-1.048032989501953125e+02,-6.742739868164062500e+01,5.830000000000000000e+02
-1.043482055664062500e+02,-6.754305267333984375e+01,5.840000000000000000e+02
-1.037133483886718750e+02,-6.754305267333984375e+01,5.840000000000000000e+02
-1.030784912109375000e+02,-6.754305267333984375e+01,5.840000000000000000e+02
-1.026190567016601562e+02,-6.765870666503906250e+01,5.850000000000000000e+02
-1.019831085205078125e+02,-6.765870666503906250e+01,5.850000000000000000e+02
-1.013471527099609375e+02,-6.765870666503906250e+01,5.850000000000000000e+02
-1.007112121582031250e+02,-6.765870666503906250e+01,5.850000000000000000e+02
-1.000752639770507812e+02,-6.765870666503906250e+01,5.850000000000000000e+02
-9.960930633544921875e+01,-6.777436828613281250e+01,5.860000000000000000e+02
-9.897227478027343750e+01,-6.777436828613281250e+01,5.860000000000000000e+02
-9.833524322509765625e+01,-6.777436828613281250e+01,5.860000000000000000e+02
-9.769821166992187500e+01,-6.777436828613281250e+01,5.860000000000000000e+02
-9.706118011474609375e+01,-6.777436828613281250e+01,5.860000000000000000e+02
-9.642414855957031250e+01,-6.777436828613281250e+01,5.860000000000000000e+02
-9.578711700439453125e+01,-6.777436828613281250e+01,5.860000000000000000e+02
-9.515008544921875000e+01,-6.777436828613281250e+01,5.860000000000000000e+02
-9.451305389404296875e+01,-6.777436828613281250e+01,5.860000000000000000e+02
-9.371582031250000000e+01,-6.765870666503906250e+01,5.850000000000000000e+02
-9.307987976074218750e+01,-6.765870666503906250e+01,5.850000000000000000e+02
-9.244393157958984375e+01,-6.765870666503906250e+01,5.850000000000000000e+02
-9.180799102783203125e+01,-6.765870666503906250e+01,5.850000000000000000e+02
-9.117204284667968750e+01,-6.765870666503906250e+01,5.850000000000000000e+02
-9.053610229492187500e+01,-6.765870666503906250e+01,5.850000000000000000e+02
-8.974648284912109375e+01,-6.754305267333984375e+01,5.840000000000000000e+02
-8.911162567138671875e+01,-6.754305267333984375e+01,5.840000000000000000e+02
-8.847676849365234375e+01,-6.754305267333984375e+01,5.840000000000000000e+02
-8.784191131591796875e+01,-6.754305267333984375e+01,5.840000000000000000e+02
-8.735637664794921875e+01,-6.765870666503906250e+01,5.850000000000000000e+02
-8.672043609619140625e+01,-6.765870666503906250e+01,5.850000000000000000e+02
-8.637879943847656250e+01,-6.789002227783203125e+01,5.870000000000000000e+02
-8.574067687988281250e+01,-6.789002227783203125e+01,5.870000000000000000e+02
-8.524753570556640625e+01,-6.800567626953125000e+01,5.880000000000000000e+02
-8.475222778320312500e+01,-6.812133026123046875e+01,5.890000000000000000e+02
-8.425473785400390625e+01,-6.823699188232421875e+01,5.900000000000000000e+02
-8.375507354736328125e+01,-6.835264587402343750e+01,5.910000000000000000e+02
-8.325323486328125000e+01,-6.846829986572265625e+01,5.920000000000000000e+02
-8.274922180175781250e+01,-6.858395385742187500e+01,5.930000000000000000e+02
-8.210457611083984375e+01,-6.858395385742187500e+01,5.930000000000000000e+02
-8.145993804931640625e+01,-6.858395385742187500e+01,5.930000000000000000e+02
-8.081529235839843750e+01,-6.858395385742187500e+01,5.930000000000000000e+02
-8.030584716796875000e+01,-6.869961547851562500e+01,5.940000000000000000e+02
-7.966011810302734375e+01,-6.869961547851562500e+01,5.940000000000000000e+02
-7.901438903808593750e+01,-6.869961547851562500e+01,5.940000000000000000e+02
-7.836866760253906250e+01,-6.869961547851562500e+01,5.940000000000000000e+02
-7.772293853759765625e+01,-6.869961547851562500e+01,5.940000000000000000e+02
-7.720697021484375000e+01,-6.881526947021484375e+01,5.950000000000000000e+02
-7.656015014648437500e+01,-6.881526947021484375e+01,5.950000000000000000e+02
-7.604092407226562500e+01,-6.893092346191406250e+01,5.960000000000000000e+02
-7.539302062988281250e+01,-6.893092346191406250e+01,5.960000000000000000e+02
-7.474511718750000000e+01,-6.893092346191406250e+01,5.960000000000000000e+02
-7.422154235839843750e+01,-6.904657745361328125e+01,5.970000000000000000e+02
-7.357254791259765625e+01,-6.904657745361328125e+01,5.970000000000000000e+02
-7.292356109619140625e+01,-6.904657745361328125e+01,5.970000000000000000e+02
-7.227457427978515625e+01,-6.904657745361328125e+01,5.970000000000000000e+02
-0.000000000000000000e+00,-0.000000000000000000e+00,0.000000000000000000e+00
-0.000000000000000000e+00,-0.000000000000000000e+00,0.000000000000000000e+00
-0.000000000000000000e+00,-0.000000000000000000e+00,0.000000000000000000e+00
-0.000000000000000000e+00,-0.000000000000000000e+00,0.000000000000000000e+00
-0.000000000000000000e+00,-0.000000000000000000e+00,0.000000000000000000e+00
-0.000000000000000000e+00,-0.000000000000000000e+00,0.000000000000000000e+00
-0.000000000000000000e+00,-0.000000000000000000e+00,0.000000000000000000e+00
-0.000000000000000000e+00,-0.000000000000000000e+00,0.000000000000000000e+00
-1.173020935058593750e+02,-6.633509063720703125e+01,5.790000000000000000e+02
-1.166726760864257812e+02,-6.633509063720703125e+01,5.790000000000000000e+02
-1.160432510375976562e+02,-6.633509063720703125e+01,5.790000000000000000e+02
-1.154138336181640625e+02,-6.633509063720703125e+01,5.790000000000000000e+02
-1.147844085693359375e+02,-6.633509063720703125e+01,5.790000000000000000e+02
-1.141549911499023438e+02,-6.633509063720703125e+01,5.790000000000000000e+02
-1.135255661010742188e+02,-6.633509063720703125e+01,5.790000000000000000e+02
-1.128961410522460938e+02,-6.633509063720703125e+01,5.790000000000000000e+02
-1.122667236328125000e+02,-6.633509063720703125e+01,5.790000000000000000e+02
-1.118301086425781250e+02,-6.644966125488281250e+01,5.800000000000000000e+02
-1.111996002197265625e+02,-6.644966125488281250e+01,5.800000000000000000e+02
-1.107597274780273438e+02,-6.656423187255859375e+01,5.810000000000000000e+02
-1.099385833740234375e+02,-6.644966125488281250e+01,5.800000000000000000e+02
-1.094965362548828125e+02,-6.656423187255859375e+01,5.810000000000000000e+02
-1.088649444580078125e+02,-6.656423187255859375e+01,5.810000000000000000e+02
-1.082333450317382812e+02,-6.656423187255859375e+01,5.810000000000000000e+02
-1.077869491577148438e+02,-6.667879486083984375e+01,5.820000000000000000e+02
-1.071542663574218750e+02,-6.667879486083984375e+01,5.820000000000000000e+02
-1.065215835571289062e+02,-6.667879486083984375e+01,5.820000000000000000e+02
-1.058889007568359375e+02,-6.667879486083984375e+01,5.820000000000000000e+02
-1.054370727539062500e+02,-6.679336547851562500e+01,5.830000000000000000e+02
-1.048032989501953125e+02,-6.679336547851562500e+01,5.830000000000000000e+02
-1.041695327758789062e+02,-6.679336547851562500e+01,5.830000000000000000e+02
-1.037133483886718750e+02,-6.690793609619140625e+01,5.840000000000000000e+02
-1.030784912109375000e+02,-6.690793609619140625e+01,5.840000000000000000e+02
-1.024436340332031250e+02,-6.690793609619140625e+01,5.840000000000000000e+02
-1.018087768554687500e+02,-6.690793609619140625e+01,5.840000000000000000e+02
-1.011739120483398438e+02,-6.690793609619140625e+01,5.840000000000000000e+02
-1.007112121582031250e+02,-6.702250671386718750e+01,5.850000000000000000e+02
-1.000752639770507812e+02,-6.702250671386718750e+01,5.850000000000000000e+02
-9.943932342529296875e+01,-6.702250671386718750e+01,5.850000000000000000e+02
-9.880337524414062500e+01,-6.702250671386718750e+01,5.850000000000000000e+02
-9.816743469238281250e+01,-6.702250671386718750e+01,5.850000000000000000e+02
-9.753148651123046875e+01,-6.702250671386718750e+01,5.850000000000000000e+02
-9.689554595947265625e+01,-6.702250671386718750e+01,5.850000000000000000e+02
-9.625959777832031250e+01,-6.702250671386718750e+01,5.850000000000000000e+02
-9.562365722656250000e+01,-6.702250671386718750e+01,5.850000000000000000e+02
-9.498770904541015625e+01,-6.702250671386718750e+01,5.850000000000000000e+02
-9.435176849365234375e+01,-6.702250671386718750e+01,5.850000000000000000e+02
-9.371582031250000000e+01,-6.702250671386718750e+01,5.850000000000000000e+02
-9.307987976074218750e+01,-6.702250671386718750e+01,5.850000000000000000e+02
-9.244393157958984375e+01,-6.702250671386718750e+01,5.850000000000000000e+02
-9.165105438232421875e+01,-6.690793609619140625e+01,5.840000000000000000e+02
-9.101619720458984375e+01,-6.690793609619140625e+01,5.840000000000000000e+02
-9.038134002685546875e+01,-6.690793609619140625e+01,5.840000000000000000e+02
-8.974648284912109375e+01,-6.690793609619140625e+01,5.840000000000000000e+02
-8.911162567138671875e+01,-6.690793609619140625e+01,5.840000000000000000e+02
-8.847676849365234375e+01,-6.690793609619140625e+01,5.840000000000000000e+02
-8.784191131591796875e+01,-6.690793609619140625e+01,5.840000000000000000e+02
-8.720705413818359375e+01,-6.690793609619140625e+01,5.840000000000000000e+02
-8.657219696044921875e+01,-6.690793609619140625e+01,5.840000000000000000e+02
-8.608448791503906250e+01,-6.702250671386718750e+01,5.850000000000000000e+02
-8.574067687988281250e+01,-6.725164031982421875e+01,5.870000000000000000e+02
-8.524753570556640625e+01,-6.736621093750000000e+01,5.880000000000000000e+02
-8.475222778320312500e+01,-6.748077392578125000e+01,5.890000000000000000e+02
-8.411193084716796875e+01,-6.748077392578125000e+01,5.890000000000000000e+02
-8.361335754394531250e+01,-6.759534454345703125e+01,5.900000000000000000e+02
-8.311260986328125000e+01,-6.770991516113281250e+01,5.910000000000000000e+02
-8.260967254638671875e+01,-6.782448577880859375e+01,5.920000000000000000e+02
-8.196611785888671875e+01,-6.782448577880859375e+01,5.920000000000000000e+02
-8.145993804931640625e+01,-6.793904876708984375e+01,5.930000000000000000e+02
-8.081529235839843750e+01,-6.793904876708984375e+01,5.930000000000000000e+02
-8.017065429687500000e+01,-6.793904876708984375e+01,5.930000000000000000e+02
-7.952601623535156250e+01,-6.793904876708984375e+01,5.930000000000000000e+02
-7.888137054443359375e+01,-6.793904876708984375e+01,5.930000000000000000e+02
-7.823673248291015625e+01,-6.793904876708984375e+01,5.930000000000000000e+02
-7.772293853759765625e+01,-6.805361938476562500e+01,5.940000000000000000e+02
-7.707720947265625000e+01,-6.805361938476562500e+01,5.940000000000000000e+02
-7.656015014648437500e+01,-6.816819000244140625e+01,5.950000000000000000e+02
-7.591333770751953125e+01,-6.816819000244140625e+01,5.950000000000000000e+02
-7.526652526855468750e+01,-6.816819000244140625e+01,5.950000000000000000e+02
-7.474511718750000000e+01,-6.828275299072265625e+01,5.960000000000000000e+02
-7.409721374511718750e+01,-6.828275299072265625e+01,5.960000000000000000e+02
-7.357254791259765625e+01,-6.839732360839843750e+01,5.970000000000000000e+02
-7.292356109619140625e+01,-6.839732360839843750e+01,5.970000000000000000e+02
-7.227457427978515625e+01,-6.839732360839843750e+01,5.970000000000000000e+02
-7.162557983398437500e+01,-6.839732360839843750e+01,5.970000000000000000e+02
-0.000000000000000000e+00,-0.000000000000000000e+00,0.000000000000000000e+00
-0.000000000000000000e+00,-0.000000000000000000e+00,0.000000000000000000e+00
-0.000000000000000000e+00,-0.000000000000000000e+00,0.000000000000000000e+00
-0.000000000000000000e+00,-0.000000000000000000e+00,0.000000000000000000e+00
-0.000000000000000000e+00,-0.000000000000000000e+00,0.000000000000000000e+00
-1.217080612182617188e+02,-6.570541381835937500e+01,5.790000000000000000e+02
-1.210786361694335938e+02,-6.570541381835937500e+01,5.790000000000000000e+02
-1.204492111206054688e+02,-6.570541381835937500e+01,5.790000000000000000e+02
-1.198197860717773438e+02,-6.570541381835937500e+01,5.790000000000000000e+02
-1.191903610229492188e+02,-6.570541381835937500e+01,5.790000000000000000e+02
-1.185609436035156250e+02,-6.570541381835937500e+01,5.790000000000000000e+02
-1.179315185546875000e+02,-6.570541381835937500e+01,5.790000000000000000e+02
-1.170995025634765625e+02,-6.559193420410156250e+01,5.780000000000000000e+02
-1.164711685180664062e+02,-6.559193420410156250e+01,5.780000000000000000e+02
-1.158428344726562500e+02,-6.559193420410156250e+01,5.780000000000000000e+02
-1.152145004272460938e+02,-6.559193420410156250e+01,5.780000000000000000e+02
-1.147844085693359375e+02,-6.570541381835937500e+01,5.790000000000000000e+02
-1.141549911499023438e+02,-6.570541381835937500e+01,5.790000000000000000e+02
-1.135255661010742188e+02,-6.570541381835937500e+01,5.790000000000000000e+02
-1.128961410522460938e+02,-6.570541381835937500e+01,5.790000000000000000e+02
-1.122667236328125000e+02,-6.570541381835937500e+01,5.790000000000000000e+02
-1.118301086425781250e+02,-6.581889343261718750e+01,5.800000000000000000e+02
-1.111996002197265625e+02,-6.581889343261718750e+01,5.800000000000000000e+02
-1.105690917968750000e+02,-6.581889343261718750e+01,5.800000000000000000e+02
-1.101281356811523438e+02,-6.593237304687500000e+01,5.810000000000000000e+02
-1.094965362548828125e+02,-6.593237304687500000e+01,5.810000000000000000e+02
-1.086775665283203125e+02,-6.581889343261718750e+01,5.800000000000000000e+02
-1.082333450317382812e+02,-6.593237304687500000e+01,5.810000000000000000e+02
-1.076017456054687500e+02,-6.593237304687500000e+01,5.810000000000000000e+02
-1.069701538085937500e+02,-6.593237304687500000e+01,5.810000000000000000e+02
-1.065215835571289062e+02,-6.604585266113281250e+01,5.820000000000000000e+02
-1.058889007568359375e+02,-6.604585266113281250e+01,5.820000000000000000e+02
-1.052562179565429688e+02,-6.604585266113281250e+01,5.820000000000000000e+02
-1.046235351562500000e+02,-6.604585266113281250e+01,5.820000000000000000e+02
-1.041695327758789062e+02,-6.615933990478515625e+01,5.830000000000000000e+02
-1.035357589721679688e+02,-6.615933990478515625e+01,5.830000000000000000e+02
-1.029019851684570312e+02,-6.615933990478515625e+01,5.830000000000000000e+02
-1.022682189941406250e+02,-6.615933990478515625e+01,5.830000000000000000e+02
-1.018087768554687500e+02,-6.627281951904296875e+01,5.840000000000000000e+02
-1.011739120483398438e+02,-6.627281951904296875e+01,5.840000000000000000e+02
-1.005390548706054688e+02,-6.627281951904296875e+01,5.840000000000000000e+02
-9.990419769287109375e+01,-6.627281951904296875e+01,5.840000000000000000e+02
-9.926934051513671875e+01,-6.627281951904296875e+01,5.840000000000000000e+02
-9.863448333740234375e+01,-6.627281951904296875e+01,5.840000000000000000e+02
-9.799962615966796875e+01,-6.627281951904296875e+01,5.840000000000000000e+02
-9.736476898193359375e+01,-6.627281951904296875e+01,5.840000000000000000e+02
-9.672991180419921875e+01,-6.627281951904296875e+01,5.840000000000000000e+02
-9.609505462646484375e+01,-6.627281951904296875e+01,5.840000000000000000e+02
-9.562365722656250000e+01,-6.638629913330078125e+01,5.850000000000000000e+02
-9.482534027099609375e+01,-6.627281951904296875e+01,5.840000000000000000e+02
-9.419048309326171875e+01,-6.627281951904296875e+01,5.840000000000000000e+02
-9.355562591552734375e+01,-6.627281951904296875e+01,5.840000000000000000e+02
-9.292076873779296875e+01,-6.627281951904296875e+01,5.840000000000000000e+02
-9.228591156005859375e+01,-6.627281951904296875e+01,5.840000000000000000e+02
-9.165105438232421875e+01,-6.627281951904296875e+01,5.840000000000000000e+02
-9.101619720458984375e+01,-6.627281951904296875e+01,5.840000000000000000e+02
-9.038134002685546875e+01,-6.627281951904296875e+01,5.840000000000000000e+02
-8.974648284912109375e+01,-6.627281951904296875e+01,5.840000000000000000e+02
-8.911162567138671875e+01,-6.627281951904296875e+01,5.840000000000000000e+02
-8.847676849365234375e+01,-6.627281951904296875e+01,5.840000000000000000e+02
-8.784191131591796875e+01,-6.627281951904296875e+01,5.840000000000000000e+02
-8.720705413818359375e+01,-6.627281951904296875e+01,5.840000000000000000e+02
-8.657219696044921875e+01,-6.627281951904296875e+01,5.840000000000000000e+02
-8.608448791503906250e+01,-6.638629913330078125e+01,5.850000000000000000e+02
-8.559461212158203125e+01,-6.649977874755859375e+01,5.860000000000000000e+02
-8.510256195068359375e+01,-6.661325836181640625e+01,5.870000000000000000e+02
-8.460832977294921875e+01,-6.672673797607421875e+01,5.880000000000000000e+02
-8.411193084716796875e+01,-6.684021759033203125e+01,5.890000000000000000e+02
-8.361335754394531250e+01,-6.695370483398437500e+01,5.900000000000000000e+02
-8.311260986328125000e+01,-6.706718444824218750e+01,5.910000000000000000e+02
-8.247013092041015625e+01,-6.706718444824218750e+01,5.910000000000000000e+02
-8.196611785888671875e+01,-6.718066406250000000e+01,5.920000000000000000e+02
-8.132256317138671875e+01,-6.718066406250000000e+01,5.920000000000000000e+02
-8.067901611328125000e+01,-6.718066406250000000e+01,5.920000000000000000e+02
-8.003546142578125000e+01,-6.718066406250000000e+01,5.920000000000000000e+02
-7.952601623535156250e+01,-6.729414367675781250e+01,5.930000000000000000e+02
-7.888137054443359375e+01,-6.729414367675781250e+01,5.930000000000000000e+02
-7.823673248291015625e+01,-6.729414367675781250e+01,5.930000000000000000e+02
-7.759208679199218750e+01,-6.729414367675781250e+01,5.930000000000000000e+02
-7.694744873046875000e+01,-6.729414367675781250e+01,5.930000000000000000e+02
-7.643148040771484375e+01,-6.740762329101562500e+01,5.940000000000000000e+02
-7.578575134277343750e+01,-6.740762329101562500e+01,5.940000000000000000e+02
-7.526652526855468750e+01,-6.752110290527343750e+01,5.950000000000000000e+02
-7.461970520019531250e+01,-6.752110290527343750e+01,5.950000000000000000e+02
-7.397289276123046875e+01,-6.752110290527343750e+01,5.950000000000000000e+02
-7.344931030273437500e+01,-6.763459014892578125e+01,5.960000000000000000e+02
-7.280141448974609375e+01,-6.763459014892578125e+01,5.960000000000000000e+02
-7.215351104736328125e+01,-6.763459014892578125e+01,5.960000000000000000e+02
-7.150560760498046875e+01,-6.763459014892578125e+01,5.960000000000000000e+02
-0.000000000000000000e+00,-0.000000000000000000e+00,0.000000000000000000e+00
-0.000000000000000000e+00,-0.000000000000000000e+00,0.000000000000000000e+00
-0.000000000000000000e+00,-0.000000000000000000e+00,0.000000000000000000e+00
-0.000000000000000000e+00,-0.000000000000000000e+00,0.000000000000000000e+00
-0.000000000000000000e+00,-0.000000000000000000e+00,0.000000000000000000e+00
-0.000000000000000000e+00,-0.000000000000000000e+00,0.000000000000000000e+00
-1.223374786376953125e+02,-6.507572937011718750e+01,5.790000000000000000e+02
-1.217080612182617188e+02,-6.507572937011718750e+01,5.790000000000000000e+02
-1.210786361694335938e+02,-6.507572937011718750e+01,5.790000000000000000e+02
-1.204492111206054688e+02,-6.507572937011718750e+01,5.790000000000000000e+02
-1.198197860717773438e+02,-6.507572937011718750e+01,5.790000000000000000e+02
-1.191903610229492188e+02,-6.507572937011718750e+01,5.790000000000000000e+02
-1.183561706542968750e+02,-6.496334075927734375e+01,5.780000000000000000e+02
-1.177278366088867188e+02,-6.496334075927734375e+01,5.780000000000000000e+02
-1.173020935058593750e+02,-6.507572937011718750e+01,5.790000000000000000e+02
-1.164711685180664062e+02,-6.496334075927734375e+01,5.780000000000000000e+02
-1.158428344726562500e+02,-6.496334075927734375e+01,5.780000000000000000e+02
-1.154138336181640625e+02,-6.507572937011718750e+01,5.790000000000000000e+02
-1.145861663818359375e+02,-6.496334075927734375e+01,5.780000000000000000e+02
-1.141549911499023438e+02,-6.507572937011718750e+01,5.790000000000000000e+02
-1.135255661010742188e+02,-6.507572937011718750e+01,5.790000000000000000e+02
-1.128961410522460938e+02,-6.507572937011718750e+01,5.790000000000000000e+02
-1.124606170654296875e+02,-6.518812561035156250e+01,5.800000000000000000e+02
-1.116372985839843750e+02,-6.507572937011718750e+01,5.790000000000000000e+02
-1.111996002197265625e+02,-6.518812561035156250e+01,5.800000000000000000e+02
-1.105690917968750000e+02,-6.518812561035156250e+01,5.800000000000000000e+02
-1.099385833740234375e+02,-6.518812561035156250e+01,5.800000000000000000e+02
-1.093080749511718750e+02,-6.518812561035156250e+01,5.800000000000000000e+02
-1.086775665283203125e+02,-6.518812561035156250e+01,5.800000000000000000e+02
-1.082333450317382812e+02,-6.530052185058593750e+01,5.810000000000000000e+02
-1.076017456054687500e+02,-6.530052185058593750e+01,5.810000000000000000e+02
-1.069701538085937500e+02,-6.530052185058593750e+01,5.810000000000000000e+02
-1.063385543823242188e+02,-6.530052185058593750e+01,5.810000000000000000e+02
-1.057069625854492188e+02,-6.530052185058593750e+01,5.810000000000000000e+02
-1.052562179565429688e+02,-6.541291046142578125e+01,5.820000000000000000e+02
-1.046235351562500000e+02,-6.541291046142578125e+01,5.820000000000000000e+02
-1.039908523559570312e+02,-6.541291046142578125e+01,5.820000000000000000e+02
-1.033581695556640625e+02,-6.541291046142578125e+01,5.820000000000000000e+02
-1.029019851684570312e+02,-6.552530670166015625e+01,5.830000000000000000e+02
-1.022682189941406250e+02,-6.552530670166015625e+01,5.830000000000000000e+02
-1.016344451904296875e+02,-6.552530670166015625e+01,5.830000000000000000e+02
-1.010006713867187500e+02,-6.552530670166015625e+01,5.830000000000000000e+02
-1.003668975830078125e+02,-6.552530670166015625e+01,5.830000000000000000e+02
-9.990419769287109375e+01,-6.563769531250000000e+01,5.840000000000000000e+02
-9.926934051513671875e+01,-6.563769531250000000e+01,5.840000000000000000e+02
-9.863448333740234375e+01,-6.563769531250000000e+01,5.840000000000000000e+02
-9.799962615966796875e+01,-6.563769531250000000e+01,5.840000000000000000e+02
-9.736476898193359375e+01,-6.563769531250000000e+01,5.840000000000000000e+02
-9.672991180419921875e+01,-6.563769531250000000e+01,5.840000000000000000e+02
-9.609505462646484375e+01,-6.563769531250000000e+01,5.840000000000000000e+02
-9.546019744873046875e+01,-6.563769531250000000e+01,5.840000000000000000e+02
-9.482534027099609375e+01,-6.563769531250000000e+01,5.840000000000000000e+02
-9.419048309326171875e+01,-6.563769531250000000e+01,5.840000000000000000e+02
-9.355562591552734375e+01,-6.563769531250000000e+01,5.840000000000000000e+02
-9.292076873779296875e+01,-6.563769531250000000e+01,5.840000000000000000e+02
-9.228591156005859375e+01,-6.563769531250000000e+01,5.840000000000000000e+02
-9.165105438232421875e+01,-6.563769531250000000e+01,5.840000000000000000e+02
-9.101619720458984375e+01,-6.563769531250000000e+01,5.840000000000000000e+02
-9.038134002685546875e+01,-6.563769531250000000e+01,5.840000000000000000e+02
-8.959280395507812500e+01,-6.552530670166015625e+01,5.830000000000000000e+02
-8.895903778076171875e+01,-6.552530670166015625e+01,5.830000000000000000e+02
-8.832526397705078125e+01,-6.552530670166015625e+01,5.830000000000000000e+02
-8.769149780273437500e+01,-6.552530670166015625e+01,5.830000000000000000e+02
-8.720705413818359375e+01,-6.563769531250000000e+01,5.840000000000000000e+02
-8.657219696044921875e+01,-6.563769531250000000e+01,5.840000000000000000e+02
-8.593733978271484375e+01,-6.563769531250000000e+01,5.840000000000000000e+02
-8.544854736328125000e+01,-6.575009155273437500e+01,5.850000000000000000e+02
-8.510256195068359375e+01,-6.597487640380859375e+01,5.870000000000000000e+02
-8.460832977294921875e+01,-6.608727264404296875e+01,5.880000000000000000e+02
-8.411193084716796875e+01,-6.619966888427734375e+01,5.890000000000000000e+02
-8.347164154052734375e+01,-6.619966888427734375e+01,5.890000000000000000e+02
-8.297197723388671875e+01,-6.631205749511718750e+01,5.900000000000000000e+02
-8.247013092041015625e+01,-6.642445373535156250e+01,5.910000000000000000e+02
-8.182766723632812500e+01,-6.642445373535156250e+01,5.910000000000000000e+02
-8.118519592285156250e+01,-6.642445373535156250e+01,5.910000000000000000e+02
-8.067901611328125000e+01,-6.653684234619140625e+01,5.920000000000000000e+02
-8.003546142578125000e+01,-6.653684234619140625e+01,5.920000000000000000e+02
-7.939190673828125000e+01,-6.653684234619140625e+01,5.920000000000000000e+02
-7.874835205078125000e+01,-6.653684234619140625e+01,5.920000000000000000e+02
-7.810479736328125000e+01,-6.653684234619140625e+01,5.920000000000000000e+02
-7.746124267578125000e+01,-6.653684234619140625e+01,5.920000000000000000e+02
-7.694744873046875000e+01,-6.664923858642578125e+01,5.930000000000000000e+02
-7.630281066894531250e+01,-6.664923858642578125e+01,5.930000000000000000e+02
-7.565816497802734375e+01,-6.664923858642578125e+01,5.930000000000000000e+02
-7.514002227783203125e+01,-6.676163482666015625e+01,5.940000000000000000e+02
-7.449429321289062500e+01,-6.676163482666015625e+01,5.940000000000000000e+02
-7.397289276123046875e+01,-6.687402343750000000e+01,5.950000000000000000e+02
-7.332607269287109375e+01,-6.687402343750000000e+01,5.950000000000000000e+02
-7.267926025390625000e+01,-6.687402343750000000e+01,5.950000000000000000e+02
-7.203244781494140625e+01,-6.687402343750000000e+01,5.950000000000000000e+02
-7.150560760498046875e+01,-6.698641967773437500e+01,5.960000000000000000e+02
-0.000000000000000000e+00,-0.000000000000000000e+00,0.000000000000000000e+00
-0.000000000000000000e+00,-0.000000000000000000e+00,0.000000000000000000e+00
-0.000000000000000000e+00,-0.000000000000000000e+00,0.000000000000000000e+00
-0.000000000000000000e+00,-0.000000000000000000e+00,0.000000000000000000e+00
-0.000000000000000000e+00,-0.000000000000000000e+00,0.000000000000000000e+00
-0.000000000000000000e+00,-0.000000000000000000e+00,0.000000000000000000e+00
-0.000000000000000000e+00,-0.000000000000000000e+00,0.000000000000000000e+00
-0.000000000000000000e+00,-0.000000000000000000e+00,0.000000000000000000e+00
-1.235963211059570312e+02,-6.444605255126953125e+01,5.790000000000000000e+02
-1.229669036865234375e+02,-6.444605255126953125e+01,5.790000000000000000e+02
-1.223374786376953125e+02,-6.444605255126953125e+01,5.790000000000000000e+02
-1.214978561401367188e+02,-6.433474731445312500e+01,5.780000000000000000e+02
-1.208695220947265625e+02,-6.433474731445312500e+01,5.780000000000000000e+02
-1.204492111206054688e+02,-6.444605255126953125e+01,5.790000000000000000e+02
-1.198197860717773438e+02,-6.444605255126953125e+01,5.790000000000000000e+02
-1.191903610229492188e+02,-6.444605255126953125e+01,5.790000000000000000e+02
-1.183561706542968750e+02,-6.433474731445312500e+01,5.780000000000000000e+02
-1.177278366088867188e+02,-6.433474731445312500e+01,5.780000000000000000e+02
-1.170995025634765625e+02,-6.433474731445312500e+01,5.780000000000000000e+02
-1.164711685180664062e+02,-6.433474731445312500e+01,5.780000000000000000e+02
-1.158428344726562500e+02,-6.433474731445312500e+01,5.780000000000000000e+02
-1.152145004272460938e+02,-6.433474731445312500e+01,5.780000000000000000e+02
-1.145861663818359375e+02,-6.433474731445312500e+01,5.780000000000000000e+02
-1.141549911499023438e+02,-6.444605255126953125e+01,5.790000000000000000e+02
-1.133294906616210938e+02,-6.433474731445312500e+01,5.780000000000000000e+02
-1.128961410522460938e+02,-6.444605255126953125e+01,5.790000000000000000e+02
-1.122667236328125000e+02,-6.444605255126953125e+01,5.790000000000000000e+02
-1.116372985839843750e+02,-6.444605255126953125e+01,5.790000000000000000e+02
-1.110078811645507812e+02,-6.444605255126953125e+01,5.790000000000000000e+02
-1.105690917968750000e+02,-6.455735778808593750e+01,5.800000000000000000e+02
-1.099385833740234375e+02,-6.455735778808593750e+01,5.800000000000000000e+02
-1.093080749511718750e+02,-6.455735778808593750e+01,5.800000000000000000e+02
-1.086775665283203125e+02,-6.455735778808593750e+01,5.800000000000000000e+02
-1.080470581054687500e+02,-6.455735778808593750e+01,5.800000000000000000e+02
-1.076017456054687500e+02,-6.466866302490234375e+01,5.810000000000000000e+02
-1.069701538085937500e+02,-6.466866302490234375e+01,5.810000000000000000e+02
-1.063385543823242188e+02,-6.466866302490234375e+01,5.810000000000000000e+02
-1.057069625854492188e+02,-6.466866302490234375e+01,5.810000000000000000e+02
-1.050753631591796875e+02,-6.466866302490234375e+01,5.810000000000000000e+02
-1.046235351562500000e+02,-6.477996826171875000e+01,5.820000000000000000e+02
-1.039908523559570312e+02,-6.477996826171875000e+01,5.820000000000000000e+02
-1.033581695556640625e+02,-6.477996826171875000e+01,5.820000000000000000e+02
-1.027254867553710938e+02,-6.477996826171875000e+01,5.820000000000000000e+02
-1.022682189941406250e+02,-6.489127349853515625e+01,5.830000000000000000e+02
-1.016344451904296875e+02,-6.489127349853515625e+01,5.830000000000000000e+02
-1.010006713867187500e+02,-6.489127349853515625e+01,5.830000000000000000e+02
-1.003668975830078125e+02,-6.489127349853515625e+01,5.830000000000000000e+02
-9.973313140869140625e+01,-6.489127349853515625e+01,5.830000000000000000e+02
-9.909935760498046875e+01,-6.489127349853515625e+01,5.830000000000000000e+02
-9.863448333740234375e+01,-6.500257873535156250e+01,5.840000000000000000e+02
-9.799962615966796875e+01,-6.500257873535156250e+01,5.840000000000000000e+02
-9.736476898193359375e+01,-6.500257873535156250e+01,5.840000000000000000e+02
-9.672991180419921875e+01,-6.500257873535156250e+01,5.840000000000000000e+02
-9.609505462646484375e+01,-6.500257873535156250e+01,5.840000000000000000e+02
-9.546019744873046875e+01,-6.500257873535156250e+01,5.840000000000000000e+02
-9.482534027099609375e+01,-6.500257873535156250e+01,5.840000000000000000e+02
-9.419048309326171875e+01,-6.500257873535156250e+01,5.840000000000000000e+02
-9.355562591552734375e+01,-6.500257873535156250e+01,5.840000000000000000e+02
-9.292076873779296875e+01,-6.500257873535156250e+01,5.840000000000000000e+02
-9.228591156005859375e+01,-6.500257873535156250e+01,5.840000000000000000e+02
-9.165105438232421875e+01,-6.500257873535156250e+01,5.840000000000000000e+02
-9.086034393310546875e+01,-6.489127349853515625e+01,5.830000000000000000e+02
-9.022657775878906250e+01,-6.489127349853515625e+01,5.830000000000000000e+02
-8.959280395507812500e+01,-6.489127349853515625e+01,5.830000000000000000e+02
-8.895903778076171875e+01,-6.489127349853515625e+01,5.830000000000000000e+02
-8.832526397705078125e+01,-6.489127349853515625e+01,5.830000000000000000e+02
-8.769149780273437500e+01,-6.489127349853515625e+01,5.830000000000000000e+02
-8.705772399902343750e+01,-6.489127349853515625e+01,5.830000000000000000e+02
-8.657219696044921875e+01,-6.500257873535156250e+01,5.840000000000000000e+02
-8.593733978271484375e+01,-6.500257873535156250e+01,5.840000000000000000e+02
-8.544854736328125000e+01,-6.511388397216796875e+01,5.850000000000000000e+02
-8.510256195068359375e+01,-6.533649444580078125e+01,5.870000000000000000e+02
-8.446443939208984375e+01,-6.533649444580078125e+01,5.870000000000000000e+02
-8.396912384033203125e+01,-6.544779968261718750e+01,5.880000000000000000e+02
-8.347164154052734375e+01,-6.555911254882812500e+01,5.890000000000000000e+02
-8.297197723388671875e+01,-6.567041778564453125e+01,5.900000000000000000e+02
-8.233058929443359375e+01,-6.567041778564453125e+01,5.900000000000000000e+02
-8.182766723632812500e+01,-6.578172302246093750e+01,5.910000000000000000e+02
-8.118519592285156250e+01,-6.578172302246093750e+01,5.910000000000000000e+02
-8.054273223876953125e+01,-6.578172302246093750e+01,5.910000000000000000e+02
-7.990026092529296875e+01,-6.578172302246093750e+01,5.910000000000000000e+02
-7.925779724121093750e+01,-6.578172302246093750e+01,5.910000000000000000e+02
-7.874835205078125000e+01,-6.589302825927734375e+01,5.920000000000000000e+02
-7.810479736328125000e+01,-6.589302825927734375e+01,5.920000000000000000e+02
-7.746124267578125000e+01,-6.589302825927734375e+01,5.920000000000000000e+02
-7.681768798828125000e+01,-6.589302825927734375e+01,5.920000000000000000e+02
-7.617413330078125000e+01,-6.589302825927734375e+01,5.920000000000000000e+02
-7.553057861328125000e+01,-6.589302825927734375e+01,5.920000000000000000e+02
-7.501352691650390625e+01,-6.600433349609375000e+01,5.930000000000000000e+02
-7.436888122558593750e+01,-6.600433349609375000e+01,5.930000000000000000e+02
-7.372424316406250000e+01,-6.600433349609375000e+01,5.930000000000000000e+02
-7.320284271240234375e+01,-6.611563873291015625e+01,5.940000000000000000e+02
-7.255711364746093750e+01,-6.611563873291015625e+01,5.940000000000000000e+02
-7.203244781494140625e+01,-6.622694396972656250e+01,5.950000000000000000e+02
-7.138562774658203125e+01,-6.622694396972656250e+01,5.950000000000000000e+02
-0.000000000000000000e+00,-0.000000000000000000e+00,0.000000000000000000e+00
-0.000000000000000000e+00,-0.000000000000000000e+00,0.000000000000000000e+00
-0.000000000000000000e+00,-0.000000000000000000e+00,0.000000000000000000e+00
-0.000000000000000000e+00,-0.000000000000000000e+00,0.000000000000000000e+00
-0.000000000000000000e+00,-0.000000000000000000e+00,0.000000000000000000e+00
-0.000000000000000000e+00,-0.000000000000000000e+00,0.000000000000000000e+00
-0.000000000000000000e+00,-0.000000000000000000e+00,0.000000000000000000e+00
-0.000000000000000000e+00,-0.000000000000000000e+00,0.000000000000000000e+00
-1.246395263671875000e+02,-6.370615386962890625e+01,5.780000000000000000e+02
-1.240111923217773438e+02,-6.370615386962890625e+01,5.780000000000000000e+02
-1.233828582763671875e+02,-6.370615386962890625e+01,5.780000000000000000e+02
-1.227545242309570312e+02,-6.370615386962890625e+01,5.780000000000000000e+02
-1.221261901855468750e+02,-6.370615386962890625e+01,5.780000000000000000e+02
-1.214978561401367188e+02,-6.370615386962890625e+01,5.780000000000000000e+02
-1.208695220947265625e+02,-6.370615386962890625e+01,5.780000000000000000e+02
-1.204492111206054688e+02,-6.381637191772460938e+01,5.790000000000000000e+02
-1.198197860717773438e+02,-6.381637191772460938e+01,5.790000000000000000e+02
-1.189845046997070312e+02,-6.370615386962890625e+01,5.780000000000000000e+02
-1.183561706542968750e+02,-6.370615386962890625e+01,5.780000000000000000e+02
-1.177278366088867188e+02,-6.370615386962890625e+01,5.780000000000000000e+02
-1.170995025634765625e+02,-6.370615386962890625e+01,5.780000000000000000e+02
-1.164711685180664062e+02,-6.370615386962890625e+01,5.780000000000000000e+02
-1.158428344726562500e+02,-6.370615386962890625e+01,5.780000000000000000e+02
-1.152145004272460938e+02,-6.370615386962890625e+01,5.780000000000000000e+02
-1.145861663818359375e+02,-6.370615386962890625e+01,5.780000000000000000e+02
-1.139578323364257812e+02,-6.370615386962890625e+01,5.780000000000000000e+02
-1.133294906616210938e+02,-6.370615386962890625e+01,5.780000000000000000e+02
-1.128961410522460938e+02,-6.381637191772460938e+01,5.790000000000000000e+02
-1.122667236328125000e+02,-6.381637191772460938e+01,5.790000000000000000e+02
-1.116372985839843750e+02,-6.381637191772460938e+01,5.790000000000000000e+02
-1.110078811645507812e+02,-6.381637191772460938e+01,5.790000000000000000e+02
-1.103784561157226562e+02,-6.381637191772460938e+01,5.790000000000000000e+02
-1.097490310668945312e+02,-6.381637191772460938e+01,5.790000000000000000e+02
-1.093080749511718750e+02,-6.392658996582031250e+01,5.800000000000000000e+02
-1.086775665283203125e+02,-6.392658996582031250e+01,5.800000000000000000e+02
-1.080470581054687500e+02,-6.392658996582031250e+01,5.800000000000000000e+02
-1.074165496826171875e+02,-6.392658996582031250e+01,5.800000000000000000e+02
-1.067860412597656250e+02,-6.392658996582031250e+01,5.800000000000000000e+02
-1.063385543823242188e+02,-6.403680419921875000e+01,5.810000000000000000e+02
-1.057069625854492188e+02,-6.403680419921875000e+01,5.810000000000000000e+02
-1.050753631591796875e+02,-6.403680419921875000e+01,5.810000000000000000e+02
-1.044437713623046875e+02,-6.403680419921875000e+01,5.810000000000000000e+02
-1.038121719360351562e+02,-6.403680419921875000e+01,5.810000000000000000e+02
-1.033581695556640625e+02,-6.414702606201171875e+01,5.820000000000000000e+02
-1.027254867553710938e+02,-6.414702606201171875e+01,5.820000000000000000e+02
-1.020928039550781250e+02,-6.414702606201171875e+01,5.820000000000000000e+02
-1.014601211547851562e+02,-6.414702606201171875e+01,5.820000000000000000e+02
-1.010006713867187500e+02,-6.425724029541015625e+01,5.830000000000000000e+02
-1.003668975830078125e+02,-6.425724029541015625e+01,5.830000000000000000e+02
-9.973313140869140625e+01,-6.425724029541015625e+01,5.830000000000000000e+02
-9.909935760498046875e+01,-6.425724029541015625e+01,5.830000000000000000e+02
-9.846559143066406250e+01,-6.425724029541015625e+01,5.830000000000000000e+02
-9.783181762695312500e+01,-6.425724029541015625e+01,5.830000000000000000e+02
-9.736476898193359375e+01,-6.436746215820312500e+01,5.840000000000000000e+02
-9.672991180419921875e+01,-6.436746215820312500e+01,5.840000000000000000e+02
-9.609505462646484375e+01,-6.436746215820312500e+01,5.840000000000000000e+02
-9.546019744873046875e+01,-6.436746215820312500e+01,5.840000000000000000e+02
-9.482534027099609375e+01,-6.436746215820312500e+01,5.840000000000000000e+02
-9.419048309326171875e+01,-6.436746215820312500e+01,5.840000000000000000e+02
-9.355562591552734375e+01,-6.436746215820312500e+01,5.840000000000000000e+02
-9.276165771484375000e+01,-6.425724029541015625e+01,5.830000000000000000e+02
-9.212788391113281250e+01,-6.425724029541015625e+01,5.830000000000000000e+02
-9.149411773681640625e+01,-6.425724029541015625e+01,5.830000000000000000e+02
-9.086034393310546875e+01,-6.425724029541015625e+01,5.830000000000000000e+02
-9.022657775878906250e+01,-6.425724029541015625e+01,5.830000000000000000e+02
-8.959280395507812500e+01,-6.425724029541015625e+01,5.830000000000000000e+02
-8.895903778076171875e+01,-6.425724029541015625e+01,5.830000000000000000e+02
-8.832526397705078125e+01,-6.425724029541015625e+01,5.830000000000000000e+02
-8.769149780273437500e+01,-6.425724029541015625e+01,5.830000000000000000e+02
-8.705772399902343750e+01,-6.425724029541015625e+01,5.830000000000000000e+02
-8.657219696044921875e+01,-6.436746215820312500e+01,5.840000000000000000e+02
-8.593733978271484375e+01,-6.436746215820312500e+01,5.840000000000000000e+02
-8.544854736328125000e+01,-6.447767639160156250e+01,5.850000000000000000e+02
-8.495758056640625000e+01,-6.458789825439453125e+01,5.860000000000000000e+02
-8.446443939208984375e+01,-6.469812011718750000e+01,5.870000000000000000e+02
-8.396912384033203125e+01,-6.480833435058593750e+01,5.880000000000000000e+02
-8.332991790771484375e+01,-6.480833435058593750e+01,5.880000000000000000e+02
-8.283134460449218750e+01,-6.491855621337890625e+01,5.890000000000000000e+02
-8.233058929443359375e+01,-6.502877044677734375e+01,5.900000000000000000e+02
-8.168920898437500000e+01,-6.502877044677734375e+01,5.900000000000000000e+02
-8.104782867431640625e+01,-6.502877044677734375e+01,5.900000000000000000e+02
-8.040644836425781250e+01,-6.502877044677734375e+01,5.900000000000000000e+02
-7.990026092529296875e+01,-6.513899230957031250e+01,5.910000000000000000e+02
-7.925779724121093750e+01,-6.513899230957031250e+01,5.910000000000000000e+02
-7.861533355712890625e+01,-6.513899230957031250e+01,5.910000000000000000e+02
-7.797286224365234375e+01,-6.513899230957031250e+01,5.910000000000000000e+02
-7.733039855957031250e+01,-6.513899230957031250e+01,5.910000000000000000e+02
-7.668792724609375000e+01,-6.513899230957031250e+01,5.910000000000000000e+02
-7.604546356201171875e+01,-6.513899230957031250e+01,5.910000000000000000e+02
-7.553057861328125000e+01,-6.524920654296875000e+01,5.920000000000000000e+02
-7.488702392578125000e+01,-6.524920654296875000e+01,5.920000000000000000e+02
-7.424346923828125000e+01,-6.524920654296875000e+01,5.920000000000000000e+02
-7.359992218017578125e+01,-6.524920654296875000e+01,5.920000000000000000e+02
-7.307960510253906250e+01,-6.535942840576171875e+01,5.930000000000000000e+02
-7.243495941162109375e+01,-6.535942840576171875e+01,5.930000000000000000e+02
-7.179032135009765625e+01,-6.535942840576171875e+01,5.930000000000000000e+02
-7.126565551757812500e+01,-6.546964263916015625e+01,5.940000000000000000e+02
-0.000000000000000000e+00,-0.000000000000000000e+00,0.000000000000000000e+00
-0.000000000000000000e+00,-0.000000000000000000e+00,0.000000000000000000e+00
-0.000000000000000000e+00,-0.000000000000000000e+00,0.000000000000000000e+00
-0.000000000000000000e+00,-0.000000000000000000e+00,0.000000000000000000e+00
-0.000000000000000000e+00,-0.000000000000000000e+00,0.000000000000000000e+00
-0.000000000000000000e+00,-0.000000000000000000e+00,0.000000000000000000e+00
-0.000000000000000000e+00,-0.000000000000000000e+00,0.000000000000000000e+00
-0.000000000000000000e+00,-0.000000000000000000e+00,0.000000000000000000e+00
-0.000000000000000000e+00,-0.000000000000000000e+00,0.000000000000000000e+00
-0.000000000000000000e+00,-0.000000000000000000e+00,0.000000000000000000e+00
-1.252678604125976562e+02,-6.307755661010742188e+01,5.780000000000000000e+02
-1.246395263671875000e+02,-6.307755661010742188e+01,5.780000000000000000e+02
-1.240111923217773438e+02,-6.307755661010742188e+01,5.780000000000000000e+02
-1.233828582763671875e+02,-6.307755661010742188e+01,5.780000000000000000e+02
-1.227545242309570312e+02,-6.307755661010742188e+01,5.780000000000000000e+02
-1.221261901855468750e+02,-6.307755661010742188e+01,5.780000000000000000e+02
-1.214978561401367188e+02,-6.307755661010742188e+01,5.780000000000000000e+02
-1.208695220947265625e+02,-6.307755661010742188e+01,5.780000000000000000e+02
-1.202411880493164062e+02,-6.307755661010742188e+01,5.780000000000000000e+02
-1.196128387451171875e+02,-6.307755661010742188e+01,5.780000000000000000e+02
-1.189845046997070312e+02,-6.307755661010742188e+01,5.780000000000000000e+02
-1.183561706542968750e+02,-6.307755661010742188e+01,5.780000000000000000e+02
-1.177278366088867188e+02,-6.307755661010742188e+01,5.780000000000000000e+02
-1.170995025634765625e+02,-6.307755661010742188e+01,5.780000000000000000e+02
-1.164711685180664062e+02,-6.307755661010742188e+01,5.780000000000000000e+02
-1.158428344726562500e+02,-6.307755661010742188e+01,5.780000000000000000e+02
-1.152145004272460938e+02,-6.307755661010742188e+01,5.780000000000000000e+02
-1.145861663818359375e+02,-6.307755661010742188e+01,5.780000000000000000e+02
-1.139578323364257812e+02,-6.307755661010742188e+01,5.780000000000000000e+02
-1.133294906616210938e+02,-6.307755661010742188e+01,5.780000000000000000e+02
-1.127011566162109375e+02,-6.307755661010742188e+01,5.780000000000000000e+02
-1.120728225708007812e+02,-6.307755661010742188e+01,5.780000000000000000e+02
-1.116372985839843750e+02,-6.318668746948242188e+01,5.790000000000000000e+02
-1.110078811645507812e+02,-6.318668746948242188e+01,5.790000000000000000e+02
-1.103784561157226562e+02,-6.318668746948242188e+01,5.790000000000000000e+02
-1.097490310668945312e+02,-6.318668746948242188e+01,5.790000000000000000e+02
-1.091196136474609375e+02,-6.318668746948242188e+01,5.790000000000000000e+02
-1.086775665283203125e+02,-6.329581451416015625e+01,5.800000000000000000e+02
-1.080470581054687500e+02,-6.329581451416015625e+01,5.800000000000000000e+02
-1.074165496826171875e+02,-6.329581451416015625e+01,5.800000000000000000e+02
-1.067860412597656250e+02,-6.329581451416015625e+01,5.800000000000000000e+02
-1.061555328369140625e+02,-6.329581451416015625e+01,5.800000000000000000e+02
-1.057069625854492188e+02,-6.340494537353515625e+01,5.810000000000000000e+02
-1.050753631591796875e+02,-6.340494537353515625e+01,5.810000000000000000e+02
-1.044437713623046875e+02,-6.340494537353515625e+01,5.810000000000000000e+02
-1.038121719360351562e+02,-6.340494537353515625e+01,5.810000000000000000e+02
-1.031805801391601562e+02,-6.340494537353515625e+01,5.810000000000000000e+02
-1.025489807128906250e+02,-6.340494537353515625e+01,5.810000000000000000e+02
-1.020928039550781250e+02,-6.351407623291015625e+01,5.820000000000000000e+02
-1.014601211547851562e+02,-6.351407623291015625e+01,5.820000000000000000e+02
-1.008274230957031250e+02,-6.351407623291015625e+01,5.820000000000000000e+02
-1.003668975830078125e+02,-6.362320709228515625e+01,5.830000000000000000e+02
-9.973313140869140625e+01,-6.362320709228515625e+01,5.830000000000000000e+02
-9.909935760498046875e+01,-6.362320709228515625e+01,5.830000000000000000e+02
-9.846559143066406250e+01,-6.362320709228515625e+01,5.830000000000000000e+02
-9.783181762695312500e+01,-6.362320709228515625e+01,5.830000000000000000e+02
-9.719805145263671875e+01,-6.362320709228515625e+01,5.830000000000000000e+02
-9.656427764892578125e+01,-6.362320709228515625e+01,5.830000000000000000e+02
-9.593051147460937500e+01,-6.362320709228515625e+01,5.830000000000000000e+02
-9.529673767089843750e+01,-6.362320709228515625e+01,5.830000000000000000e+02
-9.466296386718750000e+01,-6.362320709228515625e+01,5.830000000000000000e+02
-9.402919769287109375e+01,-6.362320709228515625e+01,5.830000000000000000e+02
-9.339542388916015625e+01,-6.362320709228515625e+01,5.830000000000000000e+02
-9.276165771484375000e+01,-6.362320709228515625e+01,5.830000000000000000e+02
-9.212788391113281250e+01,-6.362320709228515625e+01,5.830000000000000000e+02
-9.149411773681640625e+01,-6.362320709228515625e+01,5.830000000000000000e+02
-9.086034393310546875e+01,-6.362320709228515625e+01,5.830000000000000000e+02
-9.022657775878906250e+01,-6.362320709228515625e+01,5.830000000000000000e+02
-8.959280395507812500e+01,-6.362320709228515625e+01,5.830000000000000000e+02
-8.895903778076171875e+01,-6.362320709228515625e+01,5.830000000000000000e+02
-8.832526397705078125e+01,-6.362320709228515625e+01,5.830000000000000000e+02
-8.769149780273437500e+01,-6.362320709228515625e+01,5.830000000000000000e+02
-8.705772399902343750e+01,-6.362320709228515625e+01,5.830000000000000000e+02
-8.657219696044921875e+01,-6.373233795166015625e+01,5.840000000000000000e+02
-8.593733978271484375e+01,-6.373233795166015625e+01,5.840000000000000000e+02
-8.544854736328125000e+01,-6.384146881103515625e+01,5.850000000000000000e+02
-8.495758056640625000e+01,-6.395059967041015625e+01,5.860000000000000000e+02
-8.446443939208984375e+01,-6.405973052978515625e+01,5.870000000000000000e+02
-8.382632446289062500e+01,-6.405973052978515625e+01,5.870000000000000000e+02
-8.332991790771484375e+01,-6.416886138916015625e+01,5.880000000000000000e+02
-8.283134460449218750e+01,-6.427799224853515625e+01,5.890000000000000000e+02
-8.219104766845703125e+01,-6.427799224853515625e+01,5.890000000000000000e+02
-8.155075073242187500e+01,-6.427799224853515625e+01,5.890000000000000000e+02
-8.104782867431640625e+01,-6.438712310791015625e+01,5.900000000000000000e+02
-8.040644836425781250e+01,-6.438712310791015625e+01,5.900000000000000000e+02
-7.976506805419921875e+01,-6.438712310791015625e+01,5.900000000000000000e+02
-7.912368774414062500e+01,-6.438712310791015625e+01,5.900000000000000000e+02
-7.848230743408203125e+01,-6.438712310791015625e+01,5.900000000000000000e+02
-7.784092712402343750e+01,-6.438712310791015625e+01,5.900000000000000000e+02
-7.733039855957031250e+01,-6.449625396728515625e+01,5.910000000000000000e+02
-7.668792724609375000e+01,-6.449625396728515625e+01,5.910000000000000000e+02
-7.604546356201171875e+01,-6.449625396728515625e+01,5.910000000000000000e+02
-7.540299224853515625e+01,-6.449625396728515625e+01,5.910000000000000000e+02
-7.476052856445312500e+01,-6.449625396728515625e+01,5.910000000000000000e+02
-7.424346923828125000e+01,-6.460538482666015625e+01,5.920000000000000000e+02
-7.359992218017578125e+01,-6.460538482666015625e+01,5.920000000000000000e+02
-7.295636749267578125e+01,-6.460538482666015625e+01,5.920000000000000000e+02
-7.243495941162109375e+01,-6.471451568603515625e+01,5.930000000000000000e+02
-7.179032135009765625e+01,-6.471451568603515625e+01,5.930000000000000000e+02
-7.114567565917968750e+01,-6.471451568603515625e+01,5.930000000000000000e+02
-0.000000000000000000e+00,-0.000000000000000000e+00,0.000000000000000000e+00
-0.000000000000000000e+00,-0.000000000000000000e+00,0.000000000000000000e+00
-0.000000000000000000e+00,-0.000000000000000000e+00,0.000000000000000000e+00
-0.000000000000000000e+00,-0.000000000000000000e+00,0.000000000000000000e+00
-0.000000000000000000e+00,-0.000000000000000000e+00,0.000000000000000000e+00
-0.000000000000000000e+00,-0.000000000000000000e+00,0.000000000000000000e+00
-0.000000000000000000e+00,-0.000000000000000000e+00,0.000000000000000000e+00
-0.000000000000000000e+00,-0.000000000000000000e+00,0.000000000000000000e+00
-0.000000000000000000e+00,-0.000000000000000000e+00,0.000000000000000000e+00
-0.000000000000000000e+00,-0.000000000000000000e+00,0.000000000000000000e+00
-1.263056335449218750e+02,-6.234091949462890625e+01,5.770000000000000000e+02
-1.256783828735351562e+02,-6.234091949462890625e+01,5.770000000000000000e+02
-1.250511398315429688e+02,-6.234091949462890625e+01,5.770000000000000000e+02
-1.244238891601562500e+02,-6.234091949462890625e+01,5.770000000000000000e+02
-1.237966384887695312e+02,-6.234091949462890625e+01,5.770000000000000000e+02
-1.231693954467773438e+02,-6.234091949462890625e+01,5.770000000000000000e+02
-1.227545242309570312e+02,-6.244896316528320312e+01,5.780000000000000000e+02
-1.221261901855468750e+02,-6.244896316528320312e+01,5.780000000000000000e+02
-1.214978561401367188e+02,-6.244896316528320312e+01,5.780000000000000000e+02
-1.206604003906250000e+02,-6.234091949462890625e+01,5.770000000000000000e+02
-1.202411880493164062e+02,-6.244896316528320312e+01,5.780000000000000000e+02
-1.196128387451171875e+02,-6.244896316528320312e+01,5.780000000000000000e+02
-1.189845046997070312e+02,-6.244896316528320312e+01,5.780000000000000000e+02
-1.183561706542968750e+02,-6.244896316528320312e+01,5.780000000000000000e+02
-1.177278366088867188e+02,-6.244896316528320312e+01,5.780000000000000000e+02
-1.170995025634765625e+02,-6.244896316528320312e+01,5.780000000000000000e+02
-1.164711685180664062e+02,-6.244896316528320312e+01,5.780000000000000000e+02
-1.158428344726562500e+02,-6.244896316528320312e+01,5.780000000000000000e+02
-1.152145004272460938e+02,-6.244896316528320312e+01,5.780000000000000000e+02
-1.145861663818359375e+02,-6.244896316528320312e+01,5.780000000000000000e+02
-1.139578323364257812e+02,-6.244896316528320312e+01,5.780000000000000000e+02
-1.133294906616210938e+02,-6.244896316528320312e+01,5.780000000000000000e+02
-1.127011566162109375e+02,-6.244896316528320312e+01,5.780000000000000000e+02
-1.120728225708007812e+02,-6.244896316528320312e+01,5.780000000000000000e+02
-1.114444885253906250e+02,-6.244896316528320312e+01,5.780000000000000000e+02
-1.108161544799804688e+02,-6.244896316528320312e+01,5.780000000000000000e+02
-1.103784561157226562e+02,-6.255700302124023438e+01,5.790000000000000000e+02
-1.097490310668945312e+02,-6.255700302124023438e+01,5.790000000000000000e+02
-1.091196136474609375e+02,-6.255700302124023438e+01,5.790000000000000000e+02
-1.084901885986328125e+02,-6.255700302124023438e+01,5.790000000000000000e+02
-1.078607711791992188e+02,-6.255700302124023438e+01,5.790000000000000000e+02
-1.074165496826171875e+02,-6.266504669189453125e+01,5.800000000000000000e+02
-1.067860412597656250e+02,-6.266504669189453125e+01,5.800000000000000000e+02
-1.061555328369140625e+02,-6.266504669189453125e+01,5.800000000000000000e+02
-1.055250244140625000e+02,-6.266504669189453125e+01,5.800000000000000000e+02
-1.048945083618164062e+02,-6.266504669189453125e+01,5.800000000000000000e+02
-1.044437713623046875e+02,-6.277309036254882812e+01,5.810000000000000000e+02
-1.038121719360351562e+02,-6.277309036254882812e+01,5.810000000000000000e+02
-1.031805801391601562e+02,-6.277309036254882812e+01,5.810000000000000000e+02
-1.025489807128906250e+02,-6.277309036254882812e+01,5.810000000000000000e+02
-1.020928039550781250e+02,-6.288113403320312500e+01,5.820000000000000000e+02
-1.014601211547851562e+02,-6.288113403320312500e+01,5.820000000000000000e+02
-1.008274230957031250e+02,-6.288113403320312500e+01,5.820000000000000000e+02
-1.001947402954101562e+02,-6.288113403320312500e+01,5.820000000000000000e+02
-9.973313140869140625e+01,-6.298917770385742188e+01,5.830000000000000000e+02
-9.909935760498046875e+01,-6.298917770385742188e+01,5.830000000000000000e+02
-9.846559143066406250e+01,-6.298917770385742188e+01,5.830000000000000000e+02
-9.783181762695312500e+01,-6.298917770385742188e+01,5.830000000000000000e+02
-9.719805145263671875e+01,-6.298917770385742188e+01,5.830000000000000000e+02
-9.656427764892578125e+01,-6.298917770385742188e+01,5.830000000000000000e+02
-9.593051147460937500e+01,-6.298917770385742188e+01,5.830000000000000000e+02
-9.529673767089843750e+01,-6.298917770385742188e+01,5.830000000000000000e+02
-9.466296386718750000e+01,-6.298917770385742188e+01,5.830000000000000000e+02
-9.402919769287109375e+01,-6.298917770385742188e+01,5.830000000000000000e+02
-9.339542388916015625e+01,-6.298917770385742188e+01,5.830000000000000000e+02
-9.276165771484375000e+01,-6.298917770385742188e+01,5.830000000000000000e+02
-9.212788391113281250e+01,-6.298917770385742188e+01,5.830000000000000000e+02
-9.149411773681640625e+01,-6.298917770385742188e+01,5.830000000000000000e+02
-9.086034393310546875e+01,-6.298917770385742188e+01,5.830000000000000000e+02
-9.022657775878906250e+01,-6.298917770385742188e+01,5.830000000000000000e+02
-8.959280395507812500e+01,-6.298917770385742188e+01,5.830000000000000000e+02
-8.895903778076171875e+01,-6.298917770385742188e+01,5.830000000000000000e+02
-8.832526397705078125e+01,-6.298917770385742188e+01,5.830000000000000000e+02
-8.769149780273437500e+01,-6.298917770385742188e+01,5.830000000000000000e+02
-8.705772399902343750e+01,-6.298917770385742188e+01,5.830000000000000000e+02
-8.642395782470703125e+01,-6.298917770385742188e+01,5.830000000000000000e+02
-8.593733978271484375e+01,-6.309722137451171875e+01,5.840000000000000000e+02
-8.530248260498046875e+01,-6.309722137451171875e+01,5.840000000000000000e+02
-8.495758056640625000e+01,-6.331330871582031250e+01,5.860000000000000000e+02
-8.432054901123046875e+01,-6.331330871582031250e+01,5.860000000000000000e+02
-8.382632446289062500e+01,-6.342134857177734375e+01,5.870000000000000000e+02
-8.332991790771484375e+01,-6.352939224243164062e+01,5.880000000000000000e+02
-8.269071197509765625e+01,-6.352939224243164062e+01,5.880000000000000000e+02
-8.219104766845703125e+01,-6.363743591308593750e+01,5.890000000000000000e+02
-8.155075073242187500e+01,-6.363743591308593750e+01,5.890000000000000000e+02
-8.091046142578125000e+01,-6.363743591308593750e+01,5.890000000000000000e+02
-8.027016448974609375e+01,-6.363743591308593750e+01,5.890000000000000000e+02
-7.962987518310546875e+01,-6.363743591308593750e+01,5.890000000000000000e+02
-7.912368774414062500e+01,-6.374547958374023438e+01,5.900000000000000000e+02
-7.848230743408203125e+01,-6.374547958374023438e+01,5.900000000000000000e+02
-7.784092712402343750e+01,-6.374547958374023438e+01,5.900000000000000000e+02
-7.719954681396484375e+01,-6.374547958374023438e+01,5.900000000000000000e+02
-7.655816650390625000e+01,-6.374547958374023438e+01,5.900000000000000000e+02
-7.591678619384765625e+01,-6.374547958374023438e+01,5.900000000000000000e+02
-7.527541351318359375e+01,-6.374547958374023438e+01,5.900000000000000000e+02
-7.476052856445312500e+01,-6.385352325439453125e+01,5.910000000000000000e+02
-7.411806488037109375e+01,-6.385352325439453125e+01,5.910000000000000000e+02
-7.347559356689453125e+01,-6.385352325439453125e+01,5.910000000000000000e+02
-7.283312988281250000e+01,-6.385352325439453125e+01,5.910000000000000000e+02
-7.231281280517578125e+01,-6.396156692504882812e+01,5.920000000000000000e+02
-7.166925811767578125e+01,-6.396156692504882812e+01,5.920000000000000000e+02
-7.102570343017578125e+01,-6.396156692504882812e+01,5.920000000000000000e+02
-0.000000000000000000e+00,-0.000000000000000000e+00,0.000000000000000000e+00
-0.000000000000000000e+00,-0.000000000000000000e+00,0.000000000000000000e+00
-0.000000000000000000e+00,-0.000000000000000000e+00,0.000000000000000000e+00
-0.000000000000000000e+00,-0.000000000000000000e+00,0.000000000000000000e+00
-0.000000000000000000e+00,-0.000000000000000000e+00,0.000000000000000000e+00
-0.000000000000000000e+00,-0.000000000000000000e+00,0.000000000000000000e+00
-0.000000000000000000e+00,-0.000000000000000000e+00,0.000000000000000000e+00
-0.000000000000000000e+00,-0.000000000000000000e+00,0.000000000000000000e+00
-0.000000000000000000e+00,-0.000000000000000000e+00,0.000000000000000000e+00
-1.275601272583007812e+02,-6.171341323852539062e+01,5.770000000000000000e+02
-1.269328765869140625e+02,-6.171341323852539062e+01,5.770000000000000000e+02
-1.260867309570312500e+02,-6.160645675659179688e+01,5.760000000000000000e+02
-1.256783828735351562e+02,-6.171341323852539062e+01,5.770000000000000000e+02
-1.250511398315429688e+02,-6.171341323852539062e+01,5.770000000000000000e+02
-1.244238891601562500e+02,-6.171341323852539062e+01,5.770000000000000000e+02
-1.237966384887695312e+02,-6.171341323852539062e+01,5.770000000000000000e+02
-1.231693954467773438e+02,-6.171341323852539062e+01,5.770000000000000000e+02
-1.225421447753906250e+02,-6.171341323852539062e+01,5.770000000000000000e+02
-1.219149017333984375e+02,-6.171341323852539062e+01,5.770000000000000000e+02
-1.212876510620117188e+02,-6.171341323852539062e+01,5.770000000000000000e+02
-1.206604003906250000e+02,-6.171341323852539062e+01,5.770000000000000000e+02
-1.200331573486328125e+02,-6.171341323852539062e+01,5.770000000000000000e+02
-1.194058990478515625e+02,-6.171341323852539062e+01,5.770000000000000000e+02
-1.187786483764648438e+02,-6.171341323852539062e+01,5.770000000000000000e+02
-1.181514053344726562e+02,-6.171341323852539062e+01,5.770000000000000000e+02
-1.175241546630859375e+02,-6.171341323852539062e+01,5.770000000000000000e+02
-1.168969116210937500e+02,-6.171341323852539062e+01,5.770000000000000000e+02
-1.162696609497070312e+02,-6.171341323852539062e+01,5.770000000000000000e+02
-1.156424102783203125e+02,-6.171341323852539062e+01,5.770000000000000000e+02
-1.150151672363281250e+02,-6.171341323852539062e+01,5.770000000000000000e+02
-1.143879165649414062e+02,-6.171341323852539062e+01,5.770000000000000000e+02
-1.137606735229492188e+02,-6.171341323852539062e+01,5.770000000000000000e+02
-1.133294906616210938e+02,-6.182036972045898438e+01,5.780000000000000000e+02
-1.127011566162109375e+02,-6.182036972045898438e+01,5.780000000000000000e+02
-1.120728225708007812e+02,-6.182036972045898438e+01,5.780000000000000000e+02
-1.114444885253906250e+02,-6.182036972045898438e+01,5.780000000000000000e+02
-1.108161544799804688e+02,-6.182036972045898438e+01,5.780000000000000000e+02
-1.101878204345703125e+02,-6.182036972045898438e+01,5.780000000000000000e+02
-1.097490310668945312e+02,-6.192732238769531250e+01,5.790000000000000000e+02
-1.091196136474609375e+02,-6.192732238769531250e+01,5.790000000000000000e+02
-1.084901885986328125e+02,-6.192732238769531250e+01,5.790000000000000000e+02
-1.078607711791992188e+02,-6.192732238769531250e+01,5.790000000000000000e+02
-1.072313461303710938e+02,-6.192732238769531250e+01,5.790000000000000000e+02
-1.067860412597656250e+02,-6.203427886962890625e+01,5.800000000000000000e+02
-1.061555328369140625e+02,-6.203427886962890625e+01,5.800000000000000000e+02
-1.055250244140625000e+02,-6.203427886962890625e+01,5.800000000000000000e+02
-1.048945083618164062e+02,-6.203427886962890625e+01,5.800000000000000000e+02
-1.042639999389648438e+02,-6.203427886962890625e+01,5.800000000000000000e+02
-1.038121719360351562e+02,-6.214123535156250000e+01,5.810000000000000000e+02
-1.031805801391601562e+02,-6.214123535156250000e+01,5.810000000000000000e+02
-1.025489807128906250e+02,-6.214123535156250000e+01,5.810000000000000000e+02
-1.020928039550781250e+02,-6.224819183349609375e+01,5.820000000000000000e+02
-1.014601211547851562e+02,-6.224819183349609375e+01,5.820000000000000000e+02
-1.008274230957031250e+02,-6.224819183349609375e+01,5.820000000000000000e+02
-1.001947402954101562e+02,-6.224819183349609375e+01,5.820000000000000000e+02
-9.956205749511718750e+01,-6.224819183349609375e+01,5.820000000000000000e+02
-9.909935760498046875e+01,-6.235514831542968750e+01,5.830000000000000000e+02
-9.846559143066406250e+01,-6.235514831542968750e+01,5.830000000000000000e+02
-9.783181762695312500e+01,-6.235514831542968750e+01,5.830000000000000000e+02
-9.719805145263671875e+01,-6.235514831542968750e+01,5.830000000000000000e+02
-9.656427764892578125e+01,-6.235514831542968750e+01,5.830000000000000000e+02
-9.593051147460937500e+01,-6.235514831542968750e+01,5.830000000000000000e+02
-9.529673767089843750e+01,-6.235514831542968750e+01,5.830000000000000000e+02
-9.466296386718750000e+01,-6.235514831542968750e+01,5.830000000000000000e+02
-9.402919769287109375e+01,-6.235514831542968750e+01,5.830000000000000000e+02
-9.339542388916015625e+01,-6.235514831542968750e+01,5.830000000000000000e+02
-9.276165771484375000e+01,-6.235514831542968750e+01,5.830000000000000000e+02
-9.212788391113281250e+01,-6.235514831542968750e+01,5.830000000000000000e+02
-9.149411773681640625e+01,-6.235514831542968750e+01,5.830000000000000000e+02
-9.086034393310546875e+01,-6.235514831542968750e+01,5.830000000000000000e+02
-9.022657775878906250e+01,-6.235514831542968750e+01,5.830000000000000000e+02
-8.959280395507812500e+01,-6.235514831542968750e+01,5.830000000000000000e+02
-8.895903778076171875e+01,-6.235514831542968750e+01,5.830000000000000000e+02
-8.832526397705078125e+01,-6.235514831542968750e+01,5.830000000000000000e+02
-8.769149780273437500e+01,-6.235514831542968750e+01,5.830000000000000000e+02
-8.705772399902343750e+01,-6.235514831542968750e+01,5.830000000000000000e+02
-8.642395782470703125e+01,-6.235514831542968750e+01,5.830000000000000000e+02
-8.593733978271484375e+01,-6.246210098266601562e+01,5.840000000000000000e+02
-8.530248260498046875e+01,-6.246210098266601562e+01,5.840000000000000000e+02
-8.481259918212890625e+01,-6.256905746459960938e+01,5.850000000000000000e+02
-8.432054901123046875e+01,-6.267601394653320312e+01,5.860000000000000000e+02
-8.368351745605468750e+01,-6.267601394653320312e+01,5.860000000000000000e+02
-8.318820190429687500e+01,-6.278297042846679688e+01,5.870000000000000000e+02
-8.269071197509765625e+01,-6.288992691040039062e+01,5.880000000000000000e+02
-8.205149841308593750e+01,-6.288992691040039062e+01,5.880000000000000000e+02
-8.141229248046875000e+01,-6.288992691040039062e+01,5.880000000000000000e+02
-8.091046142578125000e+01,-6.299687957763671875e+01,5.890000000000000000e+02
-8.027016448974609375e+01,-6.299687957763671875e+01,5.890000000000000000e+02
-7.962987518310546875e+01,-6.299687957763671875e+01,5.890000000000000000e+02
-7.898957824707031250e+01,-6.299687957763671875e+01,5.890000000000000000e+02
-7.834928894042968750e+01,-6.299687957763671875e+01,5.890000000000000000e+02
-7.770899200439453125e+01,-6.299687957763671875e+01,5.890000000000000000e+02
-7.706870269775390625e+01,-6.299687957763671875e+01,5.890000000000000000e+02
-7.655816650390625000e+01,-6.310383605957031250e+01,5.900000000000000000e+02
-7.591678619384765625e+01,-6.310383605957031250e+01,5.900000000000000000e+02
-7.527541351318359375e+01,-6.310383605957031250e+01,5.900000000000000000e+02
-7.463403320312500000e+01,-6.310383605957031250e+01,5.900000000000000000e+02
-7.399265289306640625e+01,-6.310383605957031250e+01,5.900000000000000000e+02
-7.347559356689453125e+01,-6.321079254150390625e+01,5.910000000000000000e+02
-7.283312988281250000e+01,-6.321079254150390625e+01,5.910000000000000000e+02
-7.219065856933593750e+01,-6.321079254150390625e+01,5.910000000000000000e+02
-7.154819488525390625e+01,-6.321079254150390625e+01,5.910000000000000000e+02
-0.000000000000000000e+00,-0.000000000000000000e+00,0.000000000000000000e+00
-0.000000000000000000e+00,-0.000000000000000000e+00,0.000000000000000000e+00
-0.000000000000000000e+00,-0.000000000000000000e+00,0.000000000000000000e+00
-0.000000000000000000e+00,-0.000000000000000000e+00,0.000000000000000000e+00
-0.000000000000000000e+00,-0.000000000000000000e+00,0.000000000000000000e+00
-0.000000000000000000e+00,-0.000000000000000000e+00,0.000000000000000000e+00
-0.000000000000000000e+00,-0.000000000000000000e+00,0.000000000000000000e+00
-0.000000000000000000e+00,-0.000000000000000000e+00,0.000000000000000000e+00
-0.000000000000000000e+00,-0.000000000000000000e+00,0.000000000000000000e+00
-0.000000000000000000e+00,-0.000000000000000000e+00,0.000000000000000000e+00
-0.000000000000000000e+00,-0.000000000000000000e+00,0.000000000000000000e+00
-1.292175292968750000e+02,-6.098003768920898438e+01,5.760000000000000000e+02
-1.285913696289062500e+02,-6.098003768920898438e+01,5.760000000000000000e+02
-1.279652099609375000e+02,-6.098003768920898438e+01,5.760000000000000000e+02
-1.273390502929687500e+02,-6.098003768920898438e+01,5.760000000000000000e+02
-1.267128906250000000e+02,-6.098003768920898438e+01,5.760000000000000000e+02
-1.260867309570312500e+02,-6.098003768920898438e+01,5.760000000000000000e+02
-1.254605712890625000e+02,-6.098003768920898438e+01,5.760000000000000000e+02
-1.250511398315429688e+02,-6.108590698242187500e+01,5.770000000000000000e+02
-1.244238891601562500e+02,-6.108590698242187500e+01,5.770000000000000000e+02
-1.237966384887695312e+02,-6.108590698242187500e+01,5.770000000000000000e+02
-1.231693954467773438e+02,-6.108590698242187500e+01,5.770000000000000000e+02
-1.225421447753906250e+02,-6.108590698242187500e+01,5.770000000000000000e+02
-1.219149017333984375e+02,-6.108590698242187500e+01,5.770000000000000000e+02
-1.212876510620117188e+02,-6.108590698242187500e+01,5.770000000000000000e+02
-1.206604003906250000e+02,-6.108590698242187500e+01,5.770000000000000000e+02
-1.200331573486328125e+02,-6.108590698242187500e+01,5.770000000000000000e+02
-1.194058990478515625e+02,-6.108590698242187500e+01,5.770000000000000000e+02
-1.187786483764648438e+02,-6.108590698242187500e+01,5.770000000000000000e+02
-1.181514053344726562e+02,-6.108590698242187500e+01,5.770000000000000000e+02
-1.175241546630859375e+02,-6.108590698242187500e+01,5.770000000000000000e+02
-1.168969116210937500e+02,-6.108590698242187500e+01,5.770000000000000000e+02
-1.162696609497070312e+02,-6.108590698242187500e+01,5.770000000000000000e+02
-1.156424102783203125e+02,-6.108590698242187500e+01,5.770000000000000000e+02
-1.150151672363281250e+02,-6.108590698242187500e+01,5.770000000000000000e+02
-1.143879165649414062e+02,-6.108590698242187500e+01,5.770000000000000000e+02
-1.137606735229492188e+02,-6.108590698242187500e+01,5.770000000000000000e+02
-1.131334228515625000e+02,-6.108590698242187500e+01,5.770000000000000000e+02
-1.127011566162109375e+02,-6.119177627563476562e+01,5.780000000000000000e+02
-1.120728225708007812e+02,-6.119177627563476562e+01,5.780000000000000000e+02
-1.114444885253906250e+02,-6.119177627563476562e+01,5.780000000000000000e+02
-1.108161544799804688e+02,-6.119177627563476562e+01,5.780000000000000000e+02
-1.101878204345703125e+02,-6.119177627563476562e+01,5.780000000000000000e+02
-1.095594863891601562e+02,-6.119177627563476562e+01,5.780000000000000000e+02
-1.091196136474609375e+02,-6.129764175415039062e+01,5.790000000000000000e+02
-1.084901885986328125e+02,-6.129764175415039062e+01,5.790000000000000000e+02
-1.078607711791992188e+02,-6.129764175415039062e+01,5.790000000000000000e+02
-1.072313461303710938e+02,-6.129764175415039062e+01,5.790000000000000000e+02
-1.066019287109375000e+02,-6.129764175415039062e+01,5.790000000000000000e+02
-1.061555328369140625e+02,-6.140351104736328125e+01,5.800000000000000000e+02
-1.055250244140625000e+02,-6.140351104736328125e+01,5.800000000000000000e+02
-1.048945083618164062e+02,-6.140351104736328125e+01,5.800000000000000000e+02
-1.042639999389648438e+02,-6.140351104736328125e+01,5.800000000000000000e+02
-1.038121719360351562e+02,-6.150938034057617188e+01,5.810000000000000000e+02
-1.031805801391601562e+02,-6.150938034057617188e+01,5.810000000000000000e+02
-1.025489807128906250e+02,-6.150938034057617188e+01,5.810000000000000000e+02
-1.020928039550781250e+02,-6.161524963378906250e+01,5.820000000000000000e+02
-1.014601211547851562e+02,-6.161524963378906250e+01,5.820000000000000000e+02
-1.008274230957031250e+02,-6.161524963378906250e+01,5.820000000000000000e+02
-1.001947402954101562e+02,-6.161524963378906250e+01,5.820000000000000000e+02
-9.956205749511718750e+01,-6.161524963378906250e+01,5.820000000000000000e+02
-9.892937469482421875e+01,-6.161524963378906250e+01,5.820000000000000000e+02
-9.846559143066406250e+01,-6.172111511230468750e+01,5.830000000000000000e+02
-9.783181762695312500e+01,-6.172111511230468750e+01,5.830000000000000000e+02
-9.719805145263671875e+01,-6.172111511230468750e+01,5.830000000000000000e+02
-9.656427764892578125e+01,-6.172111511230468750e+01,5.830000000000000000e+02
-9.593051147460937500e+01,-6.172111511230468750e+01,5.830000000000000000e+02
-9.529673767089843750e+01,-6.172111511230468750e+01,5.830000000000000000e+02
-9.466296386718750000e+01,-6.172111511230468750e+01,5.830000000000000000e+02
-9.402919769287109375e+01,-6.172111511230468750e+01,5.830000000000000000e+02
-9.339542388916015625e+01,-6.172111511230468750e+01,5.830000000000000000e+02
-9.276165771484375000e+01,-6.172111511230468750e+01,5.830000000000000000e+02
-9.212788391113281250e+01,-6.172111511230468750e+01,5.830000000000000000e+02
-9.149411773681640625e+01,-6.172111511230468750e+01,5.830000000000000000e+02
-9.086034393310546875e+01,-6.172111511230468750e+01,5.830000000000000000e+02
-9.022657775878906250e+01,-6.172111511230468750e+01,5.830000000000000000e+02
-8.959280395507812500e+01,-6.172111511230468750e+01,5.830000000000000000e+02
-8.895903778076171875e+01,-6.172111511230468750e+01,5.830000000000000000e+02
-8.832526397705078125e+01,-6.172111511230468750e+01,5.830000000000000000e+02
-8.769149780273437500e+01,-6.172111511230468750e+01,5.830000000000000000e+02
-8.705772399902343750e+01,-6.172111511230468750e+01,5.830000000000000000e+02
-8.642395782470703125e+01,-6.172111511230468750e+01,5.830000000000000000e+02
-8.593733978271484375e+01,-6.182698440551757812e+01,5.840000000000000000e+02
-8.530248260498046875e+01,-6.182698440551757812e+01,5.840000000000000000e+02
-8.466762542724609375e+01,-6.182698440551757812e+01,5.840000000000000000e+02
-8.432054901123046875e+01,-6.203871917724609375e+01,5.860000000000000000e+02
-8.368351745605468750e+01,-6.203871917724609375e+01,5.860000000000000000e+02
-8.318820190429687500e+01,-6.214458847045898438e+01,5.870000000000000000e+02
-8.255008697509765625e+01,-6.214458847045898438e+01,5.870000000000000000e+02
-8.205149841308593750e+01,-6.225045776367187500e+01,5.880000000000000000e+02
-8.141229248046875000e+01,-6.225045776367187500e+01,5.880000000000000000e+02
-8.077308654785156250e+01,-6.225045776367187500e+01,5.880000000000000000e+02
-8.013388061523437500e+01,-6.225045776367187500e+01,5.880000000000000000e+02
-7.962987518310546875e+01,-6.235632324218750000e+01,5.890000000000000000e+02
-7.898957824707031250e+01,-6.235632324218750000e+01,5.890000000000000000e+02
-7.834928894042968750e+01,-6.235632324218750000e+01,5.890000000000000000e+02
-7.770899200439453125e+01,-6.235632324218750000e+01,5.890000000000000000e+02
-7.706870269775390625e+01,-6.235632324218750000e+01,5.890000000000000000e+02
-7.642841339111328125e+01,-6.235632324218750000e+01,5.890000000000000000e+02
-7.578811645507812500e+01,-6.235632324218750000e+01,5.890000000000000000e+02
-7.514782714843750000e+01,-6.235632324218750000e+01,5.890000000000000000e+02
-7.463403320312500000e+01,-6.246219253540039062e+01,5.900000000000000000e+02
-7.399265289306640625e+01,-6.246219253540039062e+01,5.900000000000000000e+02
-7.335127258300781250e+01,-6.246219253540039062e+01,5.900000000000000000e+02
-7.270989227294921875e+01,-6.246219253540039062e+01,5.900000000000000000e+02
-7.219065856933593750e+01,-6.256806182861328125e+01,5.910000000000000000e+02
-7.142713165283203125e+01,-6.246219253540039062e+01,5.900000000000000000e+02
-0.000000000000000000e+00,-0.000000000000000000e+00,0.000000000000000000e+00
-0.000000000000000000e+00,-0.000000000000000000e+00,0.000000000000000000e+00
-0.000000000000000000e+00,-0.000000000000000000e+00,0.000000000000000000e+00
-0.000000000000000000e+00,-0.000000000000000000e+00,0.000000000000000000e+00
-0.000000000000000000e+00,-0.000000000000000000e+00,0.000000000000000000e+00
-0.000000000000000000e+00,-0.000000000000000000e+00,0.000000000000000000e+00
-0.000000000000000000e+00,-0.000000000000000000e+00,0.000000000000000000e+00
-0.000000000000000000e+00,-0.000000000000000000e+00,0.000000000000000000e+00
-0.000000000000000000e+00,-0.000000000000000000e+00,0.000000000000000000e+00
-0.000000000000000000e+00,-0.000000000000000000e+00,0.000000000000000000e+00
-0.000000000000000000e+00,-0.000000000000000000e+00,0.000000000000000000e+00
-1.304698486328125000e+02,-6.035362243652343750e+01,5.760000000000000000e+02
-1.298436889648437500e+02,-6.035362243652343750e+01,5.760000000000000000e+02
-1.292175292968750000e+02,-6.035362243652343750e+01,5.760000000000000000e+02
-1.285913696289062500e+02,-6.035362243652343750e+01,5.760000000000000000e+02
-1.279652099609375000e+02,-6.035362243652343750e+01,5.760000000000000000e+02
-1.273390502929687500e+02,-6.035362243652343750e+01,5.760000000000000000e+02
-1.267128906250000000e+02,-6.035362243652343750e+01,5.760000000000000000e+02
-1.260867309570312500e+02,-6.035362243652343750e+01,5.760000000000000000e+02
-1.254605712890625000e+02,-6.035362243652343750e+01,5.760000000000000000e+02
-1.248344116210937500e+02,-6.035362243652343750e+01,5.760000000000000000e+02
-1.242082519531250000e+02,-6.035362243652343750e+01,5.760000000000000000e+02
-1.235820922851562500e+02,-6.035362243652343750e+01,5.760000000000000000e+02
-1.231693954467773438e+02,-6.045840072631835938e+01,5.770000000000000000e+02
-1.223297653198242188e+02,-6.035362243652343750e+01,5.760000000000000000e+02
-1.217036056518554688e+02,-6.035362243652343750e+01,5.760000000000000000e+02
-1.210774459838867188e+02,-6.035362243652343750e+01,5.760000000000000000e+02
-1.204512863159179688e+02,-6.035362243652343750e+01,5.760000000000000000e+02
-1.198251266479492188e+02,-6.035362243652343750e+01,5.760000000000000000e+02
-1.191989593505859375e+02,-6.035362243652343750e+01,5.760000000000000000e+02
-1.185727996826171875e+02,-6.035362243652343750e+01,5.760000000000000000e+02
-1.181514053344726562e+02,-6.045840072631835938e+01,5.770000000000000000e+02
-1.175241546630859375e+02,-6.045840072631835938e+01,5.770000000000000000e+02
-1.168969116210937500e+02,-6.045840072631835938e+01,5.770000000000000000e+02
-1.162696609497070312e+02,-6.045840072631835938e+01,5.770000000000000000e+02
-1.156424102783203125e+02,-6.045840072631835938e+01,5.770000000000000000e+02
-1.150151672363281250e+02,-6.045840072631835938e+01,5.770000000000000000e+02
-1.143879165649414062e+02,-6.045840072631835938e+01,5.770000000000000000e+02
-1.137606735229492188e+02,-6.045840072631835938e+01,5.770000000000000000e+02
-1.131334228515625000e+02,-6.045840072631835938e+01,5.770000000000000000e+02
-1.125061721801757812e+02,-6.045840072631835938e+01,5.770000000000000000e+02
-1.120728225708007812e+02,-6.056318283081054688e+01,5.780000000000000000e+02
-1.114444885253906250e+02,-6.056318283081054688e+01,5.780000000000000000e+02
-1.108161544799804688e+02,-6.056318283081054688e+01,5.780000000000000000e+02
-1.101878204345703125e+02,-6.056318283081054688e+01,5.780000000000000000e+02
-1.095594863891601562e+02,-6.056318283081054688e+01,5.780000000000000000e+02
-1.089311523437500000e+02,-6.056318283081054688e+01,5.780000000000000000e+02
-1.084901885986328125e+02,-6.066796112060546875e+01,5.790000000000000000e+02
-1.078607711791992188e+02,-6.066796112060546875e+01,5.790000000000000000e+02
-1.072313461303710938e+02,-6.066796112060546875e+01,5.790000000000000000e+02
-1.066019287109375000e+02,-6.066796112060546875e+01,5.790000000000000000e+02
-1.059725036621093750e+02,-6.066796112060546875e+01,5.790000000000000000e+02
-1.055250244140625000e+02,-6.077274322509765625e+01,5.800000000000000000e+02
-1.048945083618164062e+02,-6.077274322509765625e+01,5.800000000000000000e+02
-1.042639999389648438e+02,-6.077274322509765625e+01,5.800000000000000000e+02
-1.036334915161132812e+02,-6.077274322509765625e+01,5.800000000000000000e+02
-1.031805801391601562e+02,-6.087752532958984375e+01,5.810000000000000000e+02
-1.025489807128906250e+02,-6.087752532958984375e+01,5.810000000000000000e+02
-1.019173812866210938e+02,-6.087752532958984375e+01,5.810000000000000000e+02
-1.014601211547851562e+02,-6.098230361938476562e+01,5.820000000000000000e+02
-1.008274230957031250e+02,-6.098230361938476562e+01,5.820000000000000000e+02
-1.001947402954101562e+02,-6.098230361938476562e+01,5.820000000000000000e+02
-9.956205749511718750e+01,-6.098230361938476562e+01,5.820000000000000000e+02
-9.892937469482421875e+01,-6.098230361938476562e+01,5.820000000000000000e+02
-9.829669189453125000e+01,-6.098230361938476562e+01,5.820000000000000000e+02
-9.783181762695312500e+01,-6.108708572387695312e+01,5.830000000000000000e+02
-9.719805145263671875e+01,-6.108708572387695312e+01,5.830000000000000000e+02
-9.656427764892578125e+01,-6.108708572387695312e+01,5.830000000000000000e+02
-9.593051147460937500e+01,-6.108708572387695312e+01,5.830000000000000000e+02
-9.529673767089843750e+01,-6.108708572387695312e+01,5.830000000000000000e+02
-9.466296386718750000e+01,-6.108708572387695312e+01,5.830000000000000000e+02
-9.402919769287109375e+01,-6.108708572387695312e+01,5.830000000000000000e+02
-9.339542388916015625e+01,-6.108708572387695312e+01,5.830000000000000000e+02
-9.276165771484375000e+01,-6.108708572387695312e+01,5.830000000000000000e+02
-9.212788391113281250e+01,-6.108708572387695312e+01,5.830000000000000000e+02
-9.149411773681640625e+01,-6.108708572387695312e+01,5.830000000000000000e+02
-9.086034393310546875e+01,-6.108708572387695312e+01,5.830000000000000000e+02
-9.022657775878906250e+01,-6.108708572387695312e+01,5.830000000000000000e+02
-8.959280395507812500e+01,-6.108708572387695312e+01,5.830000000000000000e+02
-8.895903778076171875e+01,-6.108708572387695312e+01,5.830000000000000000e+02
-8.832526397705078125e+01,-6.108708572387695312e+01,5.830000000000000000e+02
-8.769149780273437500e+01,-6.108708572387695312e+01,5.830000000000000000e+02
-8.705772399902343750e+01,-6.108708572387695312e+01,5.830000000000000000e+02
-8.642395782470703125e+01,-6.108708572387695312e+01,5.830000000000000000e+02
-8.593733978271484375e+01,-6.119186401367187500e+01,5.840000000000000000e+02
-8.530248260498046875e+01,-6.119186401367187500e+01,5.840000000000000000e+02
-8.466762542724609375e+01,-6.119186401367187500e+01,5.840000000000000000e+02
-8.417665863037109375e+01,-6.129664611816406250e+01,5.850000000000000000e+02
-8.368351745605468750e+01,-6.140142822265625000e+01,5.860000000000000000e+02
-8.304648590087890625e+01,-6.140142822265625000e+01,5.860000000000000000e+02
-8.255008697509765625e+01,-6.150620651245117188e+01,5.870000000000000000e+02
-8.191195678710937500e+01,-6.150620651245117188e+01,5.870000000000000000e+02
-8.141229248046875000e+01,-6.161098861694335938e+01,5.880000000000000000e+02
-8.077308654785156250e+01,-6.161098861694335938e+01,5.880000000000000000e+02
-8.013388061523437500e+01,-6.161098861694335938e+01,5.880000000000000000e+02
-7.949468231201171875e+01,-6.161098861694335938e+01,5.880000000000000000e+02
-7.898957824707031250e+01,-6.171576690673828125e+01,5.890000000000000000e+02
-7.834928894042968750e+01,-6.171576690673828125e+01,5.890000000000000000e+02
-7.770899200439453125e+01,-6.171576690673828125e+01,5.890000000000000000e+02
-7.706870269775390625e+01,-6.171576690673828125e+01,5.890000000000000000e+02
-7.642841339111328125e+01,-6.171576690673828125e+01,5.890000000000000000e+02
-7.578811645507812500e+01,-6.171576690673828125e+01,5.890000000000000000e+02
-7.514782714843750000e+01,-6.171576690673828125e+01,5.890000000000000000e+02
-7.450753021240234375e+01,-6.171576690673828125e+01,5.890000000000000000e+02
-7.399265289306640625e+01,-6.182054901123046875e+01,5.900000000000000000e+02
-7.335127258300781250e+01,-6.182054901123046875e+01,5.900000000000000000e+02
-7.270989227294921875e+01,-6.182054901123046875e+01,5.900000000000000000e+02
-7.206851196289062500e+01,-6.182054901123046875e+01,5.900000000000000000e+02
-7.130606842041015625e+01,-6.171576690673828125e+01,5.890000000000000000e+02
-0.000000000000000000e+00,-0.000000000000000000e+00,0.000000000000000000e+00
-0.000000000000000000e+00,-0.000000000000000000e+00,0.000000000000000000e+00
-0.000000000000000000e+00,-0.000000000000000000e+00,0.000000000000000000e+00
-0.000000000000000000e+00,-0.000000000000000000e+00,0.000000000000000000e+00
-0.000000000000000000e+00,-0.000000000000000000e+00,0.000000000000000000e+00
-0.000000000000000000e+00,-0.000000000000000000e+00,0.000000000000000000e+00
-0.000000000000000000e+00,-0.000000000000000000e+00,0.000000000000000000e+00
-0.000000000000000000e+00,-0.000000000000000000e+00,0.000000000000000000e+00
-0.000000000000000000e+00,-0.000000000000000000e+00,0.000000000000000000e+00
-0.000000000000000000e+00,-0.000000000000000000e+00,0.000000000000000000e+00
-0.000000000000000000e+00,-0.000000000000000000e+00,0.000000000000000000e+00
-0.000000000000000000e+00,-0.000000000000000000e+00,0.000000000000000000e+00
-1.317221832275390625e+02,-5.972720336914062500e+01,5.760000000000000000e+02
-1.310960235595703125e+02,-5.972720336914062500e+01,5.760000000000000000e+02
-1.304698486328125000e+02,-5.972720336914062500e+01,5.760000000000000000e+02
-1.298436889648437500e+02,-5.972720336914062500e+01,5.760000000000000000e+02
-1.292175292968750000e+02,-5.972720336914062500e+01,5.760000000000000000e+02
-1.285913696289062500e+02,-5.972720336914062500e+01,5.760000000000000000e+02
-1.279652099609375000e+02,-5.972720336914062500e+01,5.760000000000000000e+02
-1.273390502929687500e+02,-5.972720336914062500e+01,5.760000000000000000e+02
-1.267128906250000000e+02,-5.972720336914062500e+01,5.760000000000000000e+02
-1.260867309570312500e+02,-5.972720336914062500e+01,5.760000000000000000e+02
-1.254605712890625000e+02,-5.972720336914062500e+01,5.760000000000000000e+02
-1.248344116210937500e+02,-5.972720336914062500e+01,5.760000000000000000e+02
-1.242082519531250000e+02,-5.972720336914062500e+01,5.760000000000000000e+02
-1.235820922851562500e+02,-5.972720336914062500e+01,5.760000000000000000e+02
-1.229559326171875000e+02,-5.972720336914062500e+01,5.760000000000000000e+02
-1.223297653198242188e+02,-5.972720336914062500e+01,5.760000000000000000e+02
-1.217036056518554688e+02,-5.972720336914062500e+01,5.760000000000000000e+02
-1.210774459838867188e+02,-5.972720336914062500e+01,5.760000000000000000e+02
-1.204512863159179688e+02,-5.972720336914062500e+01,5.760000000000000000e+02
-1.198251266479492188e+02,-5.972720336914062500e+01,5.760000000000000000e+02
-1.191989593505859375e+02,-5.972720336914062500e+01,5.760000000000000000e+02
-1.185727996826171875e+02,-5.972720336914062500e+01,5.760000000000000000e+02
-1.179466323852539062e+02,-5.972720336914062500e+01,5.760000000000000000e+02
-1.173204727172851562e+02,-5.972720336914062500e+01,5.760000000000000000e+02
-1.166943130493164062e+02,-5.972720336914062500e+01,5.760000000000000000e+02
-1.160681533813476562e+02,-5.972720336914062500e+01,5.760000000000000000e+02
-1.156424102783203125e+02,-5.983089447021484375e+01,5.770000000000000000e+02
-1.150151672363281250e+02,-5.983089447021484375e+01,5.770000000000000000e+02
-1.143879165649414062e+02,-5.983089447021484375e+01,5.770000000000000000e+02
-1.137606735229492188e+02,-5.983089447021484375e+01,5.770000000000000000e+02
-1.131334228515625000e+02,-5.983089447021484375e+01,5.770000000000000000e+02
-1.125061721801757812e+02,-5.983089447021484375e+01,5.770000000000000000e+02
-1.118789291381835938e+02,-5.983089447021484375e+01,5.770000000000000000e+02
-1.112516784667968750e+02,-5.983089447021484375e+01,5.770000000000000000e+02
-1.108161544799804688e+02,-5.993458938598632812e+01,5.780000000000000000e+02
-1.101878204345703125e+02,-5.993458938598632812e+01,5.780000000000000000e+02
-1.095594863891601562e+02,-5.993458938598632812e+01,5.780000000000000000e+02
-1.089311523437500000e+02,-5.993458938598632812e+01,5.780000000000000000e+02
-1.083028182983398438e+02,-5.993458938598632812e+01,5.780000000000000000e+02
-1.078607711791992188e+02,-6.003828048706054688e+01,5.790000000000000000e+02
-1.072313461303710938e+02,-6.003828048706054688e+01,5.790000000000000000e+02
-1.066019287109375000e+02,-6.003828048706054688e+01,5.790000000000000000e+02
-1.059725036621093750e+02,-6.003828048706054688e+01,5.790000000000000000e+02
-1.055250244140625000e+02,-6.014197540283203125e+01,5.800000000000000000e+02
-1.048945083618164062e+02,-6.014197540283203125e+01,5.800000000000000000e+02
-1.042639999389648438e+02,-6.014197540283203125e+01,5.800000000000000000e+02
-1.036334915161132812e+02,-6.014197540283203125e+01,5.800000000000000000e+02
-1.031805801391601562e+02,-6.024566650390625000e+01,5.810000000000000000e+02
-1.025489807128906250e+02,-6.024566650390625000e+01,5.810000000000000000e+02
-1.019173812866210938e+02,-6.024566650390625000e+01,5.810000000000000000e+02
-1.014601211547851562e+02,-6.034936141967773438e+01,5.820000000000000000e+02
-1.008274230957031250e+02,-6.034936141967773438e+01,5.820000000000000000e+02
-1.001947402954101562e+02,-6.034936141967773438e+01,5.820000000000000000e+02
-9.956205749511718750e+01,-6.034936141967773438e+01,5.820000000000000000e+02
-9.892937469482421875e+01,-6.034936141967773438e+01,5.820000000000000000e+02
-9.829669189453125000e+01,-6.034936141967773438e+01,5.820000000000000000e+02
-9.766400909423828125e+01,-6.034936141967773438e+01,5.820000000000000000e+02
-9.719805145263671875e+01,-6.045305252075195312e+01,5.830000000000000000e+02
-9.656427764892578125e+01,-6.045305252075195312e+01,5.830000000000000000e+02
-9.593051147460937500e+01,-6.045305252075195312e+01,5.830000000000000000e+02
-9.529673767089843750e+01,-6.045305252075195312e+01,5.830000000000000000e+02
-9.466296386718750000e+01,-6.045305252075195312e+01,5.830000000000000000e+02
-9.402919769287109375e+01,-6.045305252075195312e+01,5.830000000000000000e+02
-9.339542388916015625e+01,-6.045305252075195312e+01,5.830000000000000000e+02
-9.276165771484375000e+01,-6.045305252075195312e+01,5.830000000000000000e+02
-9.212788391113281250e+01,-6.045305252075195312e+01,5.830000000000000000e+02
-9.149411773681640625e+01,-6.045305252075195312e+01,5.830000000000000000e+02
-9.086034393310546875e+01,-6.045305252075195312e+01,5.830000000000000000e+02
-9.022657775878906250e+01,-6.045305252075195312e+01,5.830000000000000000e+02
-8.959280395507812500e+01,-6.045305252075195312e+01,5.830000000000000000e+02
-8.895903778076171875e+01,-6.045305252075195312e+01,5.830000000000000000e+02
-8.832526397705078125e+01,-6.045305252075195312e+01,5.830000000000000000e+02
-8.769149780273437500e+01,-6.045305252075195312e+01,5.830000000000000000e+02
-8.705772399902343750e+01,-6.045305252075195312e+01,5.830000000000000000e+02
-8.642395782470703125e+01,-6.045305252075195312e+01,5.830000000000000000e+02
-8.593733978271484375e+01,-6.055674743652343750e+01,5.840000000000000000e+02
-8.530248260498046875e+01,-6.055674743652343750e+01,5.840000000000000000e+02
-8.466762542724609375e+01,-6.055674743652343750e+01,5.840000000000000000e+02
-8.417665863037109375e+01,-6.066043853759765625e+01,5.850000000000000000e+02
-8.368351745605468750e+01,-6.076413345336914062e+01,5.860000000000000000e+02
-8.304648590087890625e+01,-6.076413345336914062e+01,5.860000000000000000e+02
-8.255008697509765625e+01,-6.086782836914062500e+01,5.870000000000000000e+02
-8.191195678710937500e+01,-6.086782836914062500e+01,5.870000000000000000e+02
-8.127384185791015625e+01,-6.086782836914062500e+01,5.870000000000000000e+02
-8.077308654785156250e+01,-6.097151947021484375e+01,5.880000000000000000e+02
-8.013388061523437500e+01,-6.097151947021484375e+01,5.880000000000000000e+02
-7.949468231201171875e+01,-6.097151947021484375e+01,5.880000000000000000e+02
-7.885547637939453125e+01,-6.097151947021484375e+01,5.880000000000000000e+02
-7.821627044677734375e+01,-6.097151947021484375e+01,5.880000000000000000e+02
-7.757706451416015625e+01,-6.097151947021484375e+01,5.880000000000000000e+02
-7.706870269775390625e+01,-6.107521438598632812e+01,5.890000000000000000e+02
-7.642841339111328125e+01,-6.107521438598632812e+01,5.890000000000000000e+02
-7.578811645507812500e+01,-6.107521438598632812e+01,5.890000000000000000e+02
-7.514782714843750000e+01,-6.107521438598632812e+01,5.890000000000000000e+02
-7.450753021240234375e+01,-6.107521438598632812e+01,5.890000000000000000e+02
-7.386724090576171875e+01,-6.107521438598632812e+01,5.890000000000000000e+02
-7.335127258300781250e+01,-6.117890548706054688e+01,5.900000000000000000e+02
-7.270989227294921875e+01,-6.117890548706054688e+01,5.900000000000000000e+02
-7.194635772705078125e+01,-6.107521438598632812e+01,5.890000000000000000e+02
-7.130606842041015625e+01,-6.107521438598632812e+01,5.890000000000000000e+02
-0.000000000000000000e+00,-0.000000000000000000e+00,0.000000000000000000e+00
-0.000000000000000000e+00,-0.000000000000000000e+00,0.000000000000000000e+00
-0.000000000000000000e+00,-0.000000000000000000e+00,0.000000000000000000e+00
-0.000000000000000000e+00,-0.000000000000000000e+00,0.000000000000000000e+00
-0.000000000000000000e+00,-0.000000000000000000e+00,0.000000000000000000e+00
-0.000000000000000000e+00,-0.000000000000000000e+00,0.000000000000000000e+00
-0.000000000000000000e+00,-0.000000000000000000e+00,0.000000000000000000e+00
-0.000000000000000000e+00,-0.000000000000000000e+00,0.000000000000000000e+00
-0.000000000000000000e+00,-0.000000000000000000e+00,0.000000000000000000e+00
-0.000000000000000000e+00,-0.000000000000000000e+00,0.000000000000000000e+00
-0.000000000000000000e+00,-0.000000000000000000e+00,0.000000000000000000e+00
-0.000000000000000000e+00,-0.000000000000000000e+00,0.000000000000000000e+00
-0.000000000000000000e+00,-0.000000000000000000e+00,0.000000000000000000e+00
-1.321185607910156250e+02,-5.899817657470703125e+01,5.750000000000000000e+02
-1.317221832275390625e+02,-5.910078048706054688e+01,5.760000000000000000e+02
-1.310960235595703125e+02,-5.910078048706054688e+01,5.760000000000000000e+02
-1.304698486328125000e+02,-5.910078048706054688e+01,5.760000000000000000e+02
-1.298436889648437500e+02,-5.910078048706054688e+01,5.760000000000000000e+02
-1.292175292968750000e+02,-5.910078048706054688e+01,5.760000000000000000e+02
-1.285913696289062500e+02,-5.910078048706054688e+01,5.760000000000000000e+02
-1.279652099609375000e+02,-5.910078048706054688e+01,5.760000000000000000e+02
-1.273390502929687500e+02,-5.910078048706054688e+01,5.760000000000000000e+02
-1.267128906250000000e+02,-5.910078048706054688e+01,5.760000000000000000e+02
-1.260867309570312500e+02,-5.910078048706054688e+01,5.760000000000000000e+02
-1.254605712890625000e+02,-5.910078048706054688e+01,5.760000000000000000e+02
-1.248344116210937500e+02,-5.910078048706054688e+01,5.760000000000000000e+02
-1.242082519531250000e+02,-5.910078048706054688e+01,5.760000000000000000e+02
-1.235820922851562500e+02,-5.910078048706054688e+01,5.760000000000000000e+02
-1.229559326171875000e+02,-5.910078048706054688e+01,5.760000000000000000e+02
-1.223297653198242188e+02,-5.910078048706054688e+01,5.760000000000000000e+02
-1.217036056518554688e+02,-5.910078048706054688e+01,5.760000000000000000e+02
-1.210774459838867188e+02,-5.910078048706054688e+01,5.760000000000000000e+02
-1.204512863159179688e+02,-5.910078048706054688e+01,5.760000000000000000e+02
-1.198251266479492188e+02,-5.910078048706054688e+01,5.760000000000000000e+02
-1.191989593505859375e+02,-5.910078048706054688e+01,5.760000000000000000e+02
-1.185727996826171875e+02,-5.910078048706054688e+01,5.760000000000000000e+02
-1.179466323852539062e+02,-5.910078048706054688e+01,5.760000000000000000e+02
-1.173204727172851562e+02,-5.910078048706054688e+01,5.760000000000000000e+02
-1.166943130493164062e+02,-5.910078048706054688e+01,5.760000000000000000e+02
-1.160681533813476562e+02,-5.910078048706054688e+01,5.760000000000000000e+02
-1.154419937133789062e+02,-5.910078048706054688e+01,5.760000000000000000e+02
-1.150151672363281250e+02,-5.920338439941406250e+01,5.770000000000000000e+02
-1.143879165649414062e+02,-5.920338439941406250e+01,5.770000000000000000e+02
-1.137606735229492188e+02,-5.920338439941406250e+01,5.770000000000000000e+02
-1.131334228515625000e+02,-5.920338439941406250e+01,5.770000000000000000e+02
-1.125061721801757812e+02,-5.920338439941406250e+01,5.770000000000000000e+02
-1.118789291381835938e+02,-5.920338439941406250e+01,5.770000000000000000e+02
-1.112516784667968750e+02,-5.920338439941406250e+01,5.770000000000000000e+02
-1.106244277954101562e+02,-5.920338439941406250e+01,5.770000000000000000e+02
-1.101878204345703125e+02,-5.930599212646484375e+01,5.780000000000000000e+02
-1.095594863891601562e+02,-5.930599212646484375e+01,5.780000000000000000e+02
-1.089311523437500000e+02,-5.930599212646484375e+01,5.780000000000000000e+02
-1.083028182983398438e+02,-5.930599212646484375e+01,5.780000000000000000e+02
-1.076744842529296875e+02,-5.930599212646484375e+01,5.780000000000000000e+02
-1.072313461303710938e+02,-5.940859603881835938e+01,5.790000000000000000e+02
-1.066019287109375000e+02,-5.940859603881835938e+01,5.790000000000000000e+02
-1.059725036621093750e+02,-5.940859603881835938e+01,5.790000000000000000e+02
-1.053430786132812500e+02,-5.940859603881835938e+01,5.790000000000000000e+02
-1.048945083618164062e+02,-5.951120376586914062e+01,5.800000000000000000e+02
-1.042639999389648438e+02,-5.951120376586914062e+01,5.800000000000000000e+02
-1.036334915161132812e+02,-5.951120376586914062e+01,5.800000000000000000e+02
-1.030029830932617188e+02,-5.951120376586914062e+01,5.800000000000000000e+02
-1.025489807128906250e+02,-5.961380767822265625e+01,5.810000000000000000e+02
-1.019173812866210938e+02,-5.961380767822265625e+01,5.810000000000000000e+02
-1.012857894897460938e+02,-5.961380767822265625e+01,5.810000000000000000e+02
-1.008274230957031250e+02,-5.971641540527343750e+01,5.820000000000000000e+02
-1.001947402954101562e+02,-5.971641540527343750e+01,5.820000000000000000e+02
-9.956205749511718750e+01,-5.971641540527343750e+01,5.820000000000000000e+02
-9.892937469482421875e+01,-5.971641540527343750e+01,5.820000000000000000e+02
-9.829669189453125000e+01,-5.971641540527343750e+01,5.820000000000000000e+02
-9.766400909423828125e+01,-5.971641540527343750e+01,5.820000000000000000e+02
-9.703132629394531250e+01,-5.971641540527343750e+01,5.820000000000000000e+02
-9.639864349365234375e+01,-5.971641540527343750e+01,5.820000000000000000e+02
-9.593051147460937500e+01,-5.981901931762695312e+01,5.830000000000000000e+02
-9.529673767089843750e+01,-5.981901931762695312e+01,5.830000000000000000e+02
-9.466296386718750000e+01,-5.981901931762695312e+01,5.830000000000000000e+02
-9.402919769287109375e+01,-5.981901931762695312e+01,5.830000000000000000e+02
-9.339542388916015625e+01,-5.981901931762695312e+01,5.830000000000000000e+02
-9.276165771484375000e+01,-5.981901931762695312e+01,5.830000000000000000e+02
-9.212788391113281250e+01,-5.981901931762695312e+01,5.830000000000000000e+02
-9.149411773681640625e+01,-5.981901931762695312e+01,5.830000000000000000e+02
-9.086034393310546875e+01,-5.981901931762695312e+01,5.830000000000000000e+02
-9.022657775878906250e+01,-5.981901931762695312e+01,5.830000000000000000e+02
-8.959280395507812500e+01,-5.981901931762695312e+01,5.830000000000000000e+02
-8.895903778076171875e+01,-5.981901931762695312e+01,5.830000000000000000e+02
-8.832526397705078125e+01,-5.981901931762695312e+01,5.830000000000000000e+02
-8.769149780273437500e+01,-5.981901931762695312e+01,5.830000000000000000e+02
-8.705772399902343750e+01,-5.981901931762695312e+01,5.830000000000000000e+02
-8.642395782470703125e+01,-5.981901931762695312e+01,5.830000000000000000e+02
-8.593733978271484375e+01,-5.992162322998046875e+01,5.840000000000000000e+02
-8.530248260498046875e+01,-5.992162322998046875e+01,5.840000000000000000e+02
-8.466762542724609375e+01,-5.992162322998046875e+01,5.840000000000000000e+02
-8.403276824951171875e+01,-5.992162322998046875e+01,5.840000000000000000e+02
-8.354071044921875000e+01,-6.002423095703125000e+01,5.850000000000000000e+02
-8.304648590087890625e+01,-6.012683486938476562e+01,5.860000000000000000e+02
-8.240945434570312500e+01,-6.012683486938476562e+01,5.860000000000000000e+02
-8.177241516113281250e+01,-6.012683486938476562e+01,5.860000000000000000e+02
-8.127384185791015625e+01,-6.022944259643554688e+01,5.870000000000000000e+02
-8.063571929931640625e+01,-6.022944259643554688e+01,5.870000000000000000e+02
-7.999760437011718750e+01,-6.022944259643554688e+01,5.870000000000000000e+02
-7.949468231201171875e+01,-6.033204650878906250e+01,5.880000000000000000e+02
-7.885547637939453125e+01,-6.033204650878906250e+01,5.880000000000000000e+02
-7.821627044677734375e+01,-6.033204650878906250e+01,5.880000000000000000e+02
-7.757706451416015625e+01,-6.033204650878906250e+01,5.880000000000000000e+02
-7.693785858154296875e+01,-6.033204650878906250e+01,5.880000000000000000e+02
-7.642841339111328125e+01,-6.043465042114257812e+01,5.890000000000000000e+02
-7.578811645507812500e+01,-6.043465042114257812e+01,5.890000000000000000e+02
-7.514782714843750000e+01,-6.043465042114257812e+01,5.890000000000000000e+02
-7.450753021240234375e+01,-6.043465042114257812e+01,5.890000000000000000e+02
-7.386724090576171875e+01,-6.043465042114257812e+01,5.890000000000000000e+02
-7.322694396972656250e+01,-6.043465042114257812e+01,5.890000000000000000e+02
-7.258665466308593750e+01,-6.043465042114257812e+01,5.890000000000000000e+02
-7.194635772705078125e+01,-6.043465042114257812e+01,5.890000000000000000e+02
-7.130606842041015625e+01,-6.043465042114257812e+01,5.890000000000000000e+02
-0.000000000000000000e+00,-0.000000000000000000e+00,0.000000000000000000e+00
-0.000000000000000000e+00,-0.000000000000000000e+00,0.000000000000000000e+00
-0.000000000000000000e+00,-0.000000000000000000e+00,0.000000000000000000e+00
-0.000000000000000000e+00,-0.000000000000000000e+00,0.000000000000000000e+00
-0.000000000000000000e+00,-0.000000000000000000e+00,0.000000000000000000e+00
-0.000000000000000000e+00,-0.000000000000000000e+00,0.000000000000000000e+00
-0.000000000000000000e+00,-0.000000000000000000e+00,0.000000000000000000e+00
-0.000000000000000000e+00,-0.000000000000000000e+00,0.000000000000000000e+00
-0.000000000000000000e+00,-0.000000000000000000e+00,0.000000000000000000e+00
-0.000000000000000000e+00,-0.000000000000000000e+00,0.000000000000000000e+00
-0.000000000000000000e+00,-0.000000000000000000e+00,0.000000000000000000e+00
-0.000000000000000000e+00,-0.000000000000000000e+00,0.000000000000000000e+00
-0.000000000000000000e+00,-0.000000000000000000e+00,0.000000000000000000e+00
-0.000000000000000000e+00,-0.000000000000000000e+00,0.000000000000000000e+00
-0.000000000000000000e+00,-0.000000000000000000e+00,0.000000000000000000e+00
-1.327436370849609375e+02,-5.837284469604492188e+01,5.750000000000000000e+02
-1.321185607910156250e+02,-5.837284469604492188e+01,5.750000000000000000e+02
-1.314934997558593750e+02,-5.837284469604492188e+01,5.750000000000000000e+02
-1.308684234619140625e+02,-5.837284469604492188e+01,5.750000000000000000e+02
-1.302433471679687500e+02,-5.837284469604492188e+01,5.750000000000000000e+02
-1.298436889648437500e+02,-5.847436141967773438e+01,5.760000000000000000e+02
-1.292175292968750000e+02,-5.847436141967773438e+01,5.760000000000000000e+02
-1.285913696289062500e+02,-5.847436141967773438e+01,5.760000000000000000e+02
-1.279652099609375000e+02,-5.847436141967773438e+01,5.760000000000000000e+02
-1.273390502929687500e+02,-5.847436141967773438e+01,5.760000000000000000e+02
-1.267128906250000000e+02,-5.847436141967773438e+01,5.760000000000000000e+02
-1.260867309570312500e+02,-5.847436141967773438e+01,5.760000000000000000e+02
-1.254605712890625000e+02,-5.847436141967773438e+01,5.760000000000000000e+02
-1.248344116210937500e+02,-5.847436141967773438e+01,5.760000000000000000e+02
-1.242082519531250000e+02,-5.847436141967773438e+01,5.760000000000000000e+02
-1.235820922851562500e+02,-5.847436141967773438e+01,5.760000000000000000e+02
-1.227424621582031250e+02,-5.837284469604492188e+01,5.750000000000000000e+02
-1.221173934936523438e+02,-5.837284469604492188e+01,5.750000000000000000e+02
-1.214923171997070312e+02,-5.837284469604492188e+01,5.750000000000000000e+02
-1.208672409057617188e+02,-5.837284469604492188e+01,5.750000000000000000e+02
-1.204512863159179688e+02,-5.847436141967773438e+01,5.760000000000000000e+02
-1.198251266479492188e+02,-5.847436141967773438e+01,5.760000000000000000e+02
-1.191989593505859375e+02,-5.847436141967773438e+01,5.760000000000000000e+02
-1.185727996826171875e+02,-5.847436141967773438e+01,5.760000000000000000e+02
-1.179466323852539062e+02,-5.847436141967773438e+01,5.760000000000000000e+02
-1.173204727172851562e+02,-5.847436141967773438e+01,5.760000000000000000e+02
-1.166943130493164062e+02,-5.847436141967773438e+01,5.760000000000000000e+02
-1.160681533813476562e+02,-5.847436141967773438e+01,5.760000000000000000e+02
-1.154419937133789062e+02,-5.847436141967773438e+01,5.760000000000000000e+02
-1.148158340454101562e+02,-5.847436141967773438e+01,5.760000000000000000e+02
-1.141896743774414062e+02,-5.847436141967773438e+01,5.760000000000000000e+02
-1.137606735229492188e+02,-5.857588195800781250e+01,5.770000000000000000e+02
-1.131334228515625000e+02,-5.857588195800781250e+01,5.770000000000000000e+02
-1.125061721801757812e+02,-5.857588195800781250e+01,5.770000000000000000e+02
-1.118789291381835938e+02,-5.857588195800781250e+01,5.770000000000000000e+02
-1.112516784667968750e+02,-5.857588195800781250e+01,5.770000000000000000e+02
-1.106244277954101562e+02,-5.857588195800781250e+01,5.770000000000000000e+02
-1.099971847534179688e+02,-5.857588195800781250e+01,5.770000000000000000e+02
-1.095594863891601562e+02,-5.867739868164062500e+01,5.780000000000000000e+02
-1.089311523437500000e+02,-5.867739868164062500e+01,5.780000000000000000e+02
-1.083028182983398438e+02,-5.867739868164062500e+01,5.780000000000000000e+02
-1.076744842529296875e+02,-5.867739868164062500e+01,5.780000000000000000e+02
-1.072313461303710938e+02,-5.877891540527343750e+01,5.790000000000000000e+02
-1.066019287109375000e+02,-5.877891540527343750e+01,5.790000000000000000e+02
-1.059725036621093750e+02,-5.877891540527343750e+01,5.790000000000000000e+02
-1.053430786132812500e+02,-5.877891540527343750e+01,5.790000000000000000e+02
-1.048945083618164062e+02,-5.888043594360351562e+01,5.800000000000000000e+02
-1.042639999389648438e+02,-5.888043594360351562e+01,5.800000000000000000e+02
-1.036334915161132812e+02,-5.888043594360351562e+01,5.800000000000000000e+02
-1.030029830932617188e+02,-5.888043594360351562e+01,5.800000000000000000e+02
-1.025489807128906250e+02,-5.898195266723632812e+01,5.810000000000000000e+02
-1.019173812866210938e+02,-5.898195266723632812e+01,5.810000000000000000e+02
-1.012857894897460938e+02,-5.898195266723632812e+01,5.810000000000000000e+02
-1.006541824340820312e+02,-5.898195266723632812e+01,5.810000000000000000e+02
-1.001947402954101562e+02,-5.908346939086914062e+01,5.820000000000000000e+02
-9.956205749511718750e+01,-5.908346939086914062e+01,5.820000000000000000e+02
-9.892937469482421875e+01,-5.908346939086914062e+01,5.820000000000000000e+02
-9.829669189453125000e+01,-5.908346939086914062e+01,5.820000000000000000e+02
-9.766400909423828125e+01,-5.908346939086914062e+01,5.820000000000000000e+02
-9.703132629394531250e+01,-5.908346939086914062e+01,5.820000000000000000e+02
-9.639864349365234375e+01,-5.908346939086914062e+01,5.820000000000000000e+02
-9.576596069335937500e+01,-5.908346939086914062e+01,5.820000000000000000e+02
-9.513327789306640625e+01,-5.908346939086914062e+01,5.820000000000000000e+02
-9.466296386718750000e+01,-5.918498992919921875e+01,5.830000000000000000e+02
-9.402919769287109375e+01,-5.918498992919921875e+01,5.830000000000000000e+02
-9.339542388916015625e+01,-5.918498992919921875e+01,5.830000000000000000e+02
-9.276165771484375000e+01,-5.918498992919921875e+01,5.830000000000000000e+02
-9.212788391113281250e+01,-5.918498992919921875e+01,5.830000000000000000e+02
-9.149411773681640625e+01,-5.918498992919921875e+01,5.830000000000000000e+02
-9.086034393310546875e+01,-5.918498992919921875e+01,5.830000000000000000e+02
-9.022657775878906250e+01,-5.918498992919921875e+01,5.830000000000000000e+02
-8.959280395507812500e+01,-5.918498992919921875e+01,5.830000000000000000e+02
-8.895903778076171875e+01,-5.918498992919921875e+01,5.830000000000000000e+02
-8.832526397705078125e+01,-5.918498992919921875e+01,5.830000000000000000e+02
-8.769149780273437500e+01,-5.918498992919921875e+01,5.830000000000000000e+02
-8.705772399902343750e+01,-5.918498992919921875e+01,5.830000000000000000e+02
-8.642395782470703125e+01,-5.918498992919921875e+01,5.830000000000000000e+02
-8.593733978271484375e+01,-5.928650665283203125e+01,5.840000000000000000e+02
-8.530248260498046875e+01,-5.928650665283203125e+01,5.840000000000000000e+02
-8.466762542724609375e+01,-5.928650665283203125e+01,5.840000000000000000e+02
-8.403276824951171875e+01,-5.928650665283203125e+01,5.840000000000000000e+02
-8.354071044921875000e+01,-5.938802337646484375e+01,5.850000000000000000e+02
-8.290476989746093750e+01,-5.938802337646484375e+01,5.850000000000000000e+02
-8.240945434570312500e+01,-5.948954391479492188e+01,5.860000000000000000e+02
-8.177241516113281250e+01,-5.948954391479492188e+01,5.860000000000000000e+02
-8.113538360595703125e+01,-5.948954391479492188e+01,5.860000000000000000e+02
-8.063571929931640625e+01,-5.959106063842773438e+01,5.870000000000000000e+02
-7.999760437011718750e+01,-5.959106063842773438e+01,5.870000000000000000e+02
-7.935948181152343750e+01,-5.959106063842773438e+01,5.870000000000000000e+02
-7.885547637939453125e+01,-5.969257736206054688e+01,5.880000000000000000e+02
-7.821627044677734375e+01,-5.969257736206054688e+01,5.880000000000000000e+02
-7.757706451416015625e+01,-5.969257736206054688e+01,5.880000000000000000e+02
-7.693785858154296875e+01,-5.969257736206054688e+01,5.880000000000000000e+02
-7.629865264892578125e+01,-5.969257736206054688e+01,5.880000000000000000e+02
-7.578811645507812500e+01,-5.979409790039062500e+01,5.890000000000000000e+02
-7.514782714843750000e+01,-5.979409790039062500e+01,5.890000000000000000e+02
-7.450753021240234375e+01,-5.979409790039062500e+01,5.890000000000000000e+02
-7.386724090576171875e+01,-5.979409790039062500e+01,5.890000000000000000e+02
-7.322694396972656250e+01,-5.979409790039062500e+01,5.890000000000000000e+02
-7.258665466308593750e+01,-5.979409790039062500e+01,5.890000000000000000e+02
-7.194635772705078125e+01,-5.979409790039062500e+01,5.890000000000000000e+02
-7.130606842041015625e+01,-5.979409790039062500e+01,5.890000000000000000e+02
-7.066577911376953125e+01,-5.979409790039062500e+01,5.890000000000000000e+02
-7.002548217773437500e+01,-5.979409790039062500e+01,5.890000000000000000e+02
-6.938519287109375000e+01,-5.979409790039062500e+01,5.890000000000000000e+02
-0.000000000000000000e+00,-0.000000000000000000e+00,0.000000000000000000e+00
-0.000000000000000000e+00,-0.000000000000000000e+00,0.000000000000000000e+00
-1.526291503906250000e+02,-6.256817626953125000e+01,6.230000000000000000e+02
-0.000000000000000000e+00,-0.000000000000000000e+00,0.000000000000000000e+00
-0.000000000000000000e+00,-0.000000000000000000e+00,0.000000000000000000e+00
-0.000000000000000000e+00,-0.000000000000000000e+00,0.000000000000000000e+00
-0.000000000000000000e+00,-0.000000000000000000e+00,0.000000000000000000e+00
-0.000000000000000000e+00,-0.000000000000000000e+00,0.000000000000000000e+00
-0.000000000000000000e+00,-0.000000000000000000e+00,0.000000000000000000e+00
-0.000000000000000000e+00,-0.000000000000000000e+00,0.000000000000000000e+00
-0.000000000000000000e+00,-0.000000000000000000e+00,0.000000000000000000e+00
-0.000000000000000000e+00,-0.000000000000000000e+00,0.000000000000000000e+00
-0.000000000000000000e+00,-0.000000000000000000e+00,0.000000000000000000e+00
-0.000000000000000000e+00,-0.000000000000000000e+00,0.000000000000000000e+00
-1.331367645263671875e+02,-5.764708328247070312e+01,5.740000000000000000e+02
-1.325127868652343750e+02,-5.764708328247070312e+01,5.740000000000000000e+02
-1.321185607910156250e+02,-5.774751281738281250e+01,5.750000000000000000e+02
-1.314934997558593750e+02,-5.774751281738281250e+01,5.750000000000000000e+02
-1.308684234619140625e+02,-5.774751281738281250e+01,5.750000000000000000e+02
-1.302433471679687500e+02,-5.774751281738281250e+01,5.750000000000000000e+02
-1.296182708740234375e+02,-5.774751281738281250e+01,5.750000000000000000e+02
-1.289931945800781250e+02,-5.774751281738281250e+01,5.750000000000000000e+02
-1.285913696289062500e+02,-5.784794616699218750e+01,5.760000000000000000e+02
-1.279652099609375000e+02,-5.784794616699218750e+01,5.760000000000000000e+02
-1.273390502929687500e+02,-5.784794616699218750e+01,5.760000000000000000e+02
-1.264929046630859375e+02,-5.774751281738281250e+01,5.750000000000000000e+02
-1.258678283691406250e+02,-5.774751281738281250e+01,5.750000000000000000e+02
-1.252427597045898438e+02,-5.774751281738281250e+01,5.750000000000000000e+02
-1.246176834106445312e+02,-5.774751281738281250e+01,5.750000000000000000e+02
-1.239926071166992188e+02,-5.774751281738281250e+01,5.750000000000000000e+02
-1.233675384521484375e+02,-5.774751281738281250e+01,5.750000000000000000e+02
-1.227424621582031250e+02,-5.774751281738281250e+01,5.750000000000000000e+02
-1.221173934936523438e+02,-5.774751281738281250e+01,5.750000000000000000e+02
-1.214923171997070312e+02,-5.774751281738281250e+01,5.750000000000000000e+02
-1.208672409057617188e+02,-5.774751281738281250e+01,5.750000000000000000e+02
-1.202421722412109375e+02,-5.774751281738281250e+01,5.750000000000000000e+02
-1.196170959472656250e+02,-5.774751281738281250e+01,5.750000000000000000e+02
-1.189920120239257812e+02,-5.774751281738281250e+01,5.750000000000000000e+02
-1.183669433593750000e+02,-5.774751281738281250e+01,5.750000000000000000e+02
-1.177418670654296875e+02,-5.774751281738281250e+01,5.750000000000000000e+02
-1.171167907714843750e+02,-5.774751281738281250e+01,5.750000000000000000e+02
-1.166943130493164062e+02,-5.784794616699218750e+01,5.760000000000000000e+02
-1.160681533813476562e+02,-5.784794616699218750e+01,5.760000000000000000e+02
-1.154419937133789062e+02,-5.784794616699218750e+01,5.760000000000000000e+02
-1.148158340454101562e+02,-5.784794616699218750e+01,5.760000000000000000e+02
-1.141896743774414062e+02,-5.784794616699218750e+01,5.760000000000000000e+02
-1.135635070800781250e+02,-5.784794616699218750e+01,5.760000000000000000e+02
-1.129373474121093750e+02,-5.784794616699218750e+01,5.760000000000000000e+02
-1.125061721801757812e+02,-5.794837570190429688e+01,5.770000000000000000e+02
-1.118789291381835938e+02,-5.794837570190429688e+01,5.770000000000000000e+02
-1.112516784667968750e+02,-5.794837570190429688e+01,5.770000000000000000e+02
-1.106244277954101562e+02,-5.794837570190429688e+01,5.770000000000000000e+02
-1.099971847534179688e+02,-5.794837570190429688e+01,5.770000000000000000e+02
-1.095594863891601562e+02,-5.804880523681640625e+01,5.780000000000000000e+02
-1.089311523437500000e+02,-5.804880523681640625e+01,5.780000000000000000e+02
-1.083028182983398438e+02,-5.804880523681640625e+01,5.780000000000000000e+02
-1.076744842529296875e+02,-5.804880523681640625e+01,5.780000000000000000e+02
-1.070461425781250000e+02,-5.804880523681640625e+01,5.780000000000000000e+02
-1.066019287109375000e+02,-5.814923477172851562e+01,5.790000000000000000e+02
-1.059725036621093750e+02,-5.814923477172851562e+01,5.790000000000000000e+02
-1.053430786132812500e+02,-5.814923477172851562e+01,5.790000000000000000e+02
-1.048945083618164062e+02,-5.824966430664062500e+01,5.800000000000000000e+02
-1.042639999389648438e+02,-5.824966430664062500e+01,5.800000000000000000e+02
-1.036334915161132812e+02,-5.824966430664062500e+01,5.800000000000000000e+02
-1.030029830932617188e+02,-5.824966430664062500e+01,5.800000000000000000e+02
-1.023724746704101562e+02,-5.824966430664062500e+01,5.800000000000000000e+02
-1.019173812866210938e+02,-5.835009765625000000e+01,5.810000000000000000e+02
-1.012857894897460938e+02,-5.835009765625000000e+01,5.810000000000000000e+02
-1.006541824340820312e+02,-5.835009765625000000e+01,5.810000000000000000e+02
-1.000225906372070312e+02,-5.835009765625000000e+01,5.810000000000000000e+02
-9.939099121093750000e+01,-5.835009765625000000e+01,5.810000000000000000e+02
-9.875939178466796875e+01,-5.835009765625000000e+01,5.810000000000000000e+02
-9.829669189453125000e+01,-5.845052719116210938e+01,5.820000000000000000e+02
-9.766400909423828125e+01,-5.845052719116210938e+01,5.820000000000000000e+02
-9.703132629394531250e+01,-5.845052719116210938e+01,5.820000000000000000e+02
-9.639864349365234375e+01,-5.845052719116210938e+01,5.820000000000000000e+02
-9.576596069335937500e+01,-5.845052719116210938e+01,5.820000000000000000e+02
-9.513327789306640625e+01,-5.845052719116210938e+01,5.820000000000000000e+02
-9.450059509277343750e+01,-5.845052719116210938e+01,5.820000000000000000e+02
-9.402919769287109375e+01,-5.855095672607421875e+01,5.830000000000000000e+02
-9.339542388916015625e+01,-5.855095672607421875e+01,5.830000000000000000e+02
-9.276165771484375000e+01,-5.855095672607421875e+01,5.830000000000000000e+02
-9.212788391113281250e+01,-5.855095672607421875e+01,5.830000000000000000e+02
-9.149411773681640625e+01,-5.855095672607421875e+01,5.830000000000000000e+02
-9.086034393310546875e+01,-5.855095672607421875e+01,5.830000000000000000e+02
-9.022657775878906250e+01,-5.855095672607421875e+01,5.830000000000000000e+02
-8.959280395507812500e+01,-5.855095672607421875e+01,5.830000000000000000e+02
-8.895903778076171875e+01,-5.855095672607421875e+01,5.830000000000000000e+02
-8.832526397705078125e+01,-5.855095672607421875e+01,5.830000000000000000e+02
-8.769149780273437500e+01,-5.855095672607421875e+01,5.830000000000000000e+02
-8.705772399902343750e+01,-5.855095672607421875e+01,5.830000000000000000e+02
-8.642395782470703125e+01,-5.855095672607421875e+01,5.830000000000000000e+02
-8.579018402099609375e+01,-5.855095672607421875e+01,5.830000000000000000e+02
-8.530248260498046875e+01,-5.865138626098632812e+01,5.840000000000000000e+02
-8.466762542724609375e+01,-5.865138626098632812e+01,5.840000000000000000e+02
-8.403276824951171875e+01,-5.865138626098632812e+01,5.840000000000000000e+02
-8.339791107177734375e+01,-5.865138626098632812e+01,5.840000000000000000e+02
-8.290476989746093750e+01,-5.875181961059570312e+01,5.850000000000000000e+02
-8.226882171630859375e+01,-5.875181961059570312e+01,5.850000000000000000e+02
-8.177241516113281250e+01,-5.885224914550781250e+01,5.860000000000000000e+02
-8.113538360595703125e+01,-5.885224914550781250e+01,5.860000000000000000e+02
-8.049835205078125000e+01,-5.885224914550781250e+01,5.860000000000000000e+02
-7.999760437011718750e+01,-5.895267868041992188e+01,5.870000000000000000e+02
-7.935948181152343750e+01,-5.895267868041992188e+01,5.870000000000000000e+02
-7.872136688232421875e+01,-5.895267868041992188e+01,5.870000000000000000e+02
-7.821627044677734375e+01,-5.905310821533203125e+01,5.880000000000000000e+02
-7.757706451416015625e+01,-5.905310821533203125e+01,5.880000000000000000e+02
-7.693785858154296875e+01,-5.905310821533203125e+01,5.880000000000000000e+02
-7.629865264892578125e+01,-5.905310821533203125e+01,5.880000000000000000e+02
-7.565944671630859375e+01,-5.905310821533203125e+01,5.880000000000000000e+02
-7.514782714843750000e+01,-5.915354156494140625e+01,5.890000000000000000e+02
-7.450753021240234375e+01,-5.915354156494140625e+01,5.890000000000000000e+02
-7.386724090576171875e+01,-5.915354156494140625e+01,5.890000000000000000e+02
-7.322694396972656250e+01,-5.915354156494140625e+01,5.890000000000000000e+02
-7.258665466308593750e+01,-5.915354156494140625e+01,5.890000000000000000e+02
-7.194635772705078125e+01,-5.915354156494140625e+01,5.890000000000000000e+02
-7.130606842041015625e+01,-5.915354156494140625e+01,5.890000000000000000e+02
-7.066577911376953125e+01,-5.915354156494140625e+01,5.890000000000000000e+02
-7.002548217773437500e+01,-5.915354156494140625e+01,5.890000000000000000e+02
-0.000000000000000000e+00,-0.000000000000000000e+00,0.000000000000000000e+00
-0.000000000000000000e+00,-0.000000000000000000e+00,0.000000000000000000e+00
-0.000000000000000000e+00,-0.000000000000000000e+00,0.000000000000000000e+00
-0.000000000000000000e+00,-0.000000000000000000e+00,0.000000000000000000e+00
-0.000000000000000000e+00,-0.000000000000000000e+00,0.000000000000000000e+00
-0.000000000000000000e+00,-0.000000000000000000e+00,0.000000000000000000e+00
-0.000000000000000000e+00,-0.000000000000000000e+00,0.000000000000000000e+00
-0.000000000000000000e+00,-0.000000000000000000e+00,0.000000000000000000e+00
-0.000000000000000000e+00,-0.000000000000000000e+00,0.000000000000000000e+00
-0.000000000000000000e+00,-0.000000000000000000e+00,0.000000000000000000e+00
-0.000000000000000000e+00,-0.000000000000000000e+00,0.000000000000000000e+00
-0.000000000000000000e+00,-0.000000000000000000e+00,0.000000000000000000e+00
-0.000000000000000000e+00,-0.000000000000000000e+00,0.000000000000000000e+00
-0.000000000000000000e+00,-0.000000000000000000e+00,0.000000000000000000e+00
-0.000000000000000000e+00,-0.000000000000000000e+00,0.000000000000000000e+00
-0.000000000000000000e+00,-0.000000000000000000e+00,0.000000000000000000e+00
-1.337607574462890625e+02,-5.702283859252929688e+01,5.740000000000000000e+02
-1.331367645263671875e+02,-5.702283859252929688e+01,5.740000000000000000e+02
-1.325127868652343750e+02,-5.702283859252929688e+01,5.740000000000000000e+02
-1.321185607910156250e+02,-5.712218475341796875e+01,5.750000000000000000e+02
-1.314934997558593750e+02,-5.712218475341796875e+01,5.750000000000000000e+02
-1.308684234619140625e+02,-5.712218475341796875e+01,5.750000000000000000e+02
-1.302433471679687500e+02,-5.712218475341796875e+01,5.750000000000000000e+02
-1.296182708740234375e+02,-5.712218475341796875e+01,5.750000000000000000e+02
-1.289931945800781250e+02,-5.712218475341796875e+01,5.750000000000000000e+02
-1.283681182861328125e+02,-5.712218475341796875e+01,5.750000000000000000e+02
-1.277430496215820312e+02,-5.712218475341796875e+01,5.750000000000000000e+02
-1.271179809570312500e+02,-5.712218475341796875e+01,5.750000000000000000e+02
-1.264929046630859375e+02,-5.712218475341796875e+01,5.750000000000000000e+02
-1.258678283691406250e+02,-5.712218475341796875e+01,5.750000000000000000e+02
-1.252427597045898438e+02,-5.712218475341796875e+01,5.750000000000000000e+02
-1.246176834106445312e+02,-5.712218475341796875e+01,5.750000000000000000e+02
-1.239926071166992188e+02,-5.712218475341796875e+01,5.750000000000000000e+02
-1.233675384521484375e+02,-5.712218475341796875e+01,5.750000000000000000e+02
-1.227424621582031250e+02,-5.712218475341796875e+01,5.750000000000000000e+02
-1.221173934936523438e+02,-5.712218475341796875e+01,5.750000000000000000e+02
-1.214923171997070312e+02,-5.712218475341796875e+01,5.750000000000000000e+02
-1.208672409057617188e+02,-5.712218475341796875e+01,5.750000000000000000e+02
-1.202421722412109375e+02,-5.712218475341796875e+01,5.750000000000000000e+02
-1.196170959472656250e+02,-5.712218475341796875e+01,5.750000000000000000e+02
-1.189920120239257812e+02,-5.712218475341796875e+01,5.750000000000000000e+02
-1.183669433593750000e+02,-5.712218475341796875e+01,5.750000000000000000e+02
-1.177418670654296875e+02,-5.712218475341796875e+01,5.750000000000000000e+02
-1.171167907714843750e+02,-5.712218475341796875e+01,5.750000000000000000e+02
-1.164917221069335938e+02,-5.712218475341796875e+01,5.750000000000000000e+02
-1.158666458129882812e+02,-5.712218475341796875e+01,5.750000000000000000e+02
-1.154419937133789062e+02,-5.722152709960937500e+01,5.760000000000000000e+02
-1.148158340454101562e+02,-5.722152709960937500e+01,5.760000000000000000e+02
-1.141896743774414062e+02,-5.722152709960937500e+01,5.760000000000000000e+02
-1.135635070800781250e+02,-5.722152709960937500e+01,5.760000000000000000e+02
-1.129373474121093750e+02,-5.722152709960937500e+01,5.760000000000000000e+02
-1.123111877441406250e+02,-5.722152709960937500e+01,5.760000000000000000e+02
-1.118789291381835938e+02,-5.732086944580078125e+01,5.770000000000000000e+02
-1.112516784667968750e+02,-5.732086944580078125e+01,5.770000000000000000e+02
-1.106244277954101562e+02,-5.732086944580078125e+01,5.770000000000000000e+02
-1.099971847534179688e+02,-5.732086944580078125e+01,5.770000000000000000e+02
-1.093699340820312500e+02,-5.732086944580078125e+01,5.770000000000000000e+02
-1.089311523437500000e+02,-5.742021179199218750e+01,5.780000000000000000e+02
-1.083028182983398438e+02,-5.742021179199218750e+01,5.780000000000000000e+02
-1.076744842529296875e+02,-5.742021179199218750e+01,5.780000000000000000e+02
-1.070461425781250000e+02,-5.742021179199218750e+01,5.780000000000000000e+02
-1.066019287109375000e+02,-5.751955413818359375e+01,5.790000000000000000e+02
-1.059725036621093750e+02,-5.751955413818359375e+01,5.790000000000000000e+02
-1.053430786132812500e+02,-5.751955413818359375e+01,5.790000000000000000e+02
-1.047136611938476562e+02,-5.751955413818359375e+01,5.790000000000000000e+02
-1.042639999389648438e+02,-5.761889648437500000e+01,5.800000000000000000e+02
-1.036334915161132812e+02,-5.761889648437500000e+01,5.800000000000000000e+02
-1.030029830932617188e+02,-5.761889648437500000e+01,5.800000000000000000e+02
-1.023724746704101562e+02,-5.761889648437500000e+01,5.800000000000000000e+02
-1.019173812866210938e+02,-5.771824264526367188e+01,5.810000000000000000e+02
-1.012857894897460938e+02,-5.771824264526367188e+01,5.810000000000000000e+02
-1.006541824340820312e+02,-5.771824264526367188e+01,5.810000000000000000e+02
-1.000225906372070312e+02,-5.771824264526367188e+01,5.810000000000000000e+02
-9.939099121093750000e+01,-5.771824264526367188e+01,5.810000000000000000e+02
-9.875939178466796875e+01,-5.771824264526367188e+01,5.810000000000000000e+02
-9.812779998779296875e+01,-5.771824264526367188e+01,5.810000000000000000e+02
-9.749620056152343750e+01,-5.771824264526367188e+01,5.810000000000000000e+02
-9.703132629394531250e+01,-5.781758499145507812e+01,5.820000000000000000e+02
-9.639864349365234375e+01,-5.781758499145507812e+01,5.820000000000000000e+02
-9.576596069335937500e+01,-5.781758499145507812e+01,5.820000000000000000e+02
-9.513327789306640625e+01,-5.781758499145507812e+01,5.820000000000000000e+02
-9.450059509277343750e+01,-5.781758499145507812e+01,5.820000000000000000e+02
-9.402919769287109375e+01,-5.791692733764648438e+01,5.830000000000000000e+02
-9.339542388916015625e+01,-5.791692733764648438e+01,5.830000000000000000e+02
-9.276165771484375000e+01,-5.791692733764648438e+01,5.830000000000000000e+02
-9.212788391113281250e+01,-5.791692733764648438e+01,5.830000000000000000e+02
-9.149411773681640625e+01,-5.791692733764648438e+01,5.830000000000000000e+02
-9.086034393310546875e+01,-5.791692733764648438e+01,5.830000000000000000e+02
-9.022657775878906250e+01,-5.791692733764648438e+01,5.830000000000000000e+02
-8.959280395507812500e+01,-5.791692733764648438e+01,5.830000000000000000e+02
-8.895903778076171875e+01,-5.791692733764648438e+01,5.830000000000000000e+02
-8.832526397705078125e+01,-5.791692733764648438e+01,5.830000000000000000e+02
-8.784191131591796875e+01,-5.801626968383789062e+01,5.840000000000000000e+02
-8.705772399902343750e+01,-5.791692733764648438e+01,5.830000000000000000e+02
-8.642395782470703125e+01,-5.791692733764648438e+01,5.830000000000000000e+02
-8.593733978271484375e+01,-5.801626968383789062e+01,5.840000000000000000e+02
-8.530248260498046875e+01,-5.801626968383789062e+01,5.840000000000000000e+02
-8.466762542724609375e+01,-5.801626968383789062e+01,5.840000000000000000e+02
-8.403276824951171875e+01,-5.801626968383789062e+01,5.840000000000000000e+02
-8.339791107177734375e+01,-5.801626968383789062e+01,5.840000000000000000e+02
-8.290476989746093750e+01,-5.811561203002929688e+01,5.850000000000000000e+02
-8.226882171630859375e+01,-5.811561203002929688e+01,5.850000000000000000e+02
-8.163287353515625000e+01,-5.811561203002929688e+01,5.850000000000000000e+02
-8.113538360595703125e+01,-5.821495437622070312e+01,5.860000000000000000e+02
-8.049835205078125000e+01,-5.821495437622070312e+01,5.860000000000000000e+02
-7.999760437011718750e+01,-5.831429672241210938e+01,5.870000000000000000e+02
-7.935948181152343750e+01,-5.831429672241210938e+01,5.870000000000000000e+02
-7.872136688232421875e+01,-5.831429672241210938e+01,5.870000000000000000e+02
-7.808324432373046875e+01,-5.831429672241210938e+01,5.870000000000000000e+02
-7.757706451416015625e+01,-5.841364288330078125e+01,5.880000000000000000e+02
-7.693785858154296875e+01,-5.841364288330078125e+01,5.880000000000000000e+02
-7.629865264892578125e+01,-5.841364288330078125e+01,5.880000000000000000e+02
-7.565944671630859375e+01,-5.841364288330078125e+01,5.880000000000000000e+02
-7.502024078369140625e+01,-5.841364288330078125e+01,5.880000000000000000e+02
-7.438103485107421875e+01,-5.841364288330078125e+01,5.880000000000000000e+02
-7.386724090576171875e+01,-5.851298522949218750e+01,5.890000000000000000e+02
-7.310262298583984375e+01,-5.841364288330078125e+01,5.880000000000000000e+02
-7.246341705322265625e+01,-5.841364288330078125e+01,5.880000000000000000e+02
-7.194635772705078125e+01,-5.851298522949218750e+01,5.890000000000000000e+02
-7.130606842041015625e+01,-5.851298522949218750e+01,5.890000000000000000e+02
-7.066577911376953125e+01,-5.851298522949218750e+01,5.890000000000000000e+02
-0.000000000000000000e+00,-0.000000000000000000e+00,0.000000000000000000e+00
-0.000000000000000000e+00,-0.000000000000000000e+00,0.000000000000000000e+00
-0.000000000000000000e+00,-0.000000000000000000e+00,0.000000000000000000e+00
-0.000000000000000000e+00,-0.000000000000000000e+00,0.000000000000000000e+00
-1.555145568847656250e+02,-6.101660156250000000e+01,6.210000000000000000e+02
-0.000000000000000000e+00,-0.000000000000000000e+00,0.000000000000000000e+00
-0.000000000000000000e+00,-0.000000000000000000e+00,0.000000000000000000e+00
-0.000000000000000000e+00,-0.000000000000000000e+00,0.000000000000000000e+00
-0.000000000000000000e+00,-0.000000000000000000e+00,0.000000000000000000e+00
-0.000000000000000000e+00,-0.000000000000000000e+00,0.000000000000000000e+00
-0.000000000000000000e+00,-0.000000000000000000e+00,0.000000000000000000e+00
-0.000000000000000000e+00,-0.000000000000000000e+00,0.000000000000000000e+00
-0.000000000000000000e+00,-0.000000000000000000e+00,0.000000000000000000e+00
-0.000000000000000000e+00,-0.000000000000000000e+00,0.000000000000000000e+00
-0.000000000000000000e+00,-0.000000000000000000e+00,0.000000000000000000e+00
-0.000000000000000000e+00,-0.000000000000000000e+00,0.000000000000000000e+00
-0.000000000000000000e+00,-0.000000000000000000e+00,0.000000000000000000e+00
-0.000000000000000000e+00,-0.000000000000000000e+00,0.000000000000000000e+00
-1.347735137939453125e+02,-5.630034255981445312e+01,5.730000000000000000e+02
-1.341506195068359375e+02,-5.630034255981445312e+01,5.730000000000000000e+02
-1.335277252197265625e+02,-5.630034255981445312e+01,5.730000000000000000e+02
-1.331367645263671875e+02,-5.639859771728515625e+01,5.740000000000000000e+02
-1.325127868652343750e+02,-5.639859771728515625e+01,5.740000000000000000e+02
-1.318887939453125000e+02,-5.639859771728515625e+01,5.740000000000000000e+02
-1.312648162841796875e+02,-5.639859771728515625e+01,5.740000000000000000e+02
-1.306408233642578125e+02,-5.639859771728515625e+01,5.740000000000000000e+02
-1.300168304443359375e+02,-5.639859771728515625e+01,5.740000000000000000e+02
-1.293928527832031250e+02,-5.639859771728515625e+01,5.740000000000000000e+02
-1.287688598632812500e+02,-5.639859771728515625e+01,5.740000000000000000e+02
-1.281448822021484375e+02,-5.639859771728515625e+01,5.740000000000000000e+02
-1.277430496215820312e+02,-5.649685287475585938e+01,5.750000000000000000e+02
-1.268969039916992188e+02,-5.639859771728515625e+01,5.740000000000000000e+02
-1.262729187011718750e+02,-5.639859771728515625e+01,5.740000000000000000e+02
-1.256489334106445312e+02,-5.639859771728515625e+01,5.740000000000000000e+02
-1.250249481201171875e+02,-5.639859771728515625e+01,5.740000000000000000e+02
-1.244009552001953125e+02,-5.639859771728515625e+01,5.740000000000000000e+02
-1.239926071166992188e+02,-5.649685287475585938e+01,5.750000000000000000e+02
-1.233675384521484375e+02,-5.649685287475585938e+01,5.750000000000000000e+02
-1.227424621582031250e+02,-5.649685287475585938e+01,5.750000000000000000e+02
-1.221173934936523438e+02,-5.649685287475585938e+01,5.750000000000000000e+02
-1.214923171997070312e+02,-5.649685287475585938e+01,5.750000000000000000e+02
-1.208672409057617188e+02,-5.649685287475585938e+01,5.750000000000000000e+02
-1.202421722412109375e+02,-5.649685287475585938e+01,5.750000000000000000e+02
-1.196170959472656250e+02,-5.649685287475585938e+01,5.750000000000000000e+02
-1.189920120239257812e+02,-5.649685287475585938e+01,5.750000000000000000e+02
-1.183669433593750000e+02,-5.649685287475585938e+01,5.750000000000000000e+02
-1.177418670654296875e+02,-5.649685287475585938e+01,5.750000000000000000e+02
-1.171167907714843750e+02,-5.649685287475585938e+01,5.750000000000000000e+02
-1.164917221069335938e+02,-5.649685287475585938e+01,5.750000000000000000e+02
-1.158666458129882812e+02,-5.649685287475585938e+01,5.750000000000000000e+02
-1.152415695190429688e+02,-5.649685287475585938e+01,5.750000000000000000e+02
-1.146165008544921875e+02,-5.649685287475585938e+01,5.750000000000000000e+02
-1.141896743774414062e+02,-5.659510803222656250e+01,5.760000000000000000e+02
-1.135635070800781250e+02,-5.659510803222656250e+01,5.760000000000000000e+02
-1.129373474121093750e+02,-5.659510803222656250e+01,5.760000000000000000e+02
-1.123111877441406250e+02,-5.659510803222656250e+01,5.760000000000000000e+02
-1.118789291381835938e+02,-5.669336318969726562e+01,5.770000000000000000e+02
-1.112516784667968750e+02,-5.669336318969726562e+01,5.770000000000000000e+02
-1.106244277954101562e+02,-5.669336318969726562e+01,5.770000000000000000e+02
-1.099971847534179688e+02,-5.669336318969726562e+01,5.770000000000000000e+02
-1.093699340820312500e+02,-5.669336318969726562e+01,5.770000000000000000e+02
-1.089311523437500000e+02,-5.679161834716796875e+01,5.780000000000000000e+02
-1.083028182983398438e+02,-5.679161834716796875e+01,5.780000000000000000e+02
-1.076744842529296875e+02,-5.679161834716796875e+01,5.780000000000000000e+02
-1.070461425781250000e+02,-5.679161834716796875e+01,5.780000000000000000e+02
-1.066019287109375000e+02,-5.688987350463867188e+01,5.790000000000000000e+02
-1.059725036621093750e+02,-5.688987350463867188e+01,5.790000000000000000e+02
-1.053430786132812500e+02,-5.688987350463867188e+01,5.790000000000000000e+02
-1.047136611938476562e+02,-5.688987350463867188e+01,5.790000000000000000e+02
-1.042639999389648438e+02,-5.698812866210937500e+01,5.800000000000000000e+02
-1.036334915161132812e+02,-5.698812866210937500e+01,5.800000000000000000e+02
-1.030029830932617188e+02,-5.698812866210937500e+01,5.800000000000000000e+02
-1.023724746704101562e+02,-5.698812866210937500e+01,5.800000000000000000e+02
-1.017419662475585938e+02,-5.698812866210937500e+01,5.800000000000000000e+02
-1.012857894897460938e+02,-5.708638381958007812e+01,5.810000000000000000e+02
-1.006541824340820312e+02,-5.708638381958007812e+01,5.810000000000000000e+02
-1.000225906372070312e+02,-5.708638381958007812e+01,5.810000000000000000e+02
-9.939099121093750000e+01,-5.708638381958007812e+01,5.810000000000000000e+02
-9.875939178466796875e+01,-5.708638381958007812e+01,5.810000000000000000e+02
-9.812779998779296875e+01,-5.708638381958007812e+01,5.810000000000000000e+02
-9.749620056152343750e+01,-5.708638381958007812e+01,5.810000000000000000e+02
-9.686460876464843750e+01,-5.708638381958007812e+01,5.810000000000000000e+02
-9.639864349365234375e+01,-5.718463897705078125e+01,5.820000000000000000e+02
-9.576596069335937500e+01,-5.718463897705078125e+01,5.820000000000000000e+02
-9.513327789306640625e+01,-5.718463897705078125e+01,5.820000000000000000e+02
-9.450059509277343750e+01,-5.718463897705078125e+01,5.820000000000000000e+02
-9.386791229248046875e+01,-5.718463897705078125e+01,5.820000000000000000e+02
-9.339542388916015625e+01,-5.728289413452148438e+01,5.830000000000000000e+02
-9.276165771484375000e+01,-5.728289413452148438e+01,5.830000000000000000e+02
-9.212788391113281250e+01,-5.728289413452148438e+01,5.830000000000000000e+02
-9.149411773681640625e+01,-5.728289413452148438e+01,5.830000000000000000e+02
-9.086034393310546875e+01,-5.728289413452148438e+01,5.830000000000000000e+02
-9.022657775878906250e+01,-5.728289413452148438e+01,5.830000000000000000e+02
-8.959280395507812500e+01,-5.728289413452148438e+01,5.830000000000000000e+02
-8.895903778076171875e+01,-5.728289413452148438e+01,5.830000000000000000e+02
-8.847676849365234375e+01,-5.738114929199218750e+01,5.840000000000000000e+02
-8.784191131591796875e+01,-5.738114929199218750e+01,5.840000000000000000e+02
-8.720705413818359375e+01,-5.738114929199218750e+01,5.840000000000000000e+02
-8.657219696044921875e+01,-5.738114929199218750e+01,5.840000000000000000e+02
-8.593733978271484375e+01,-5.738114929199218750e+01,5.840000000000000000e+02
-8.530248260498046875e+01,-5.738114929199218750e+01,5.840000000000000000e+02
-8.466762542724609375e+01,-5.738114929199218750e+01,5.840000000000000000e+02
-8.403276824951171875e+01,-5.738114929199218750e+01,5.840000000000000000e+02
-8.339791107177734375e+01,-5.738114929199218750e+01,5.840000000000000000e+02
-8.276305389404296875e+01,-5.738114929199218750e+01,5.840000000000000000e+02
-8.226882171630859375e+01,-5.747940826416015625e+01,5.850000000000000000e+02
-8.163287353515625000e+01,-5.747940826416015625e+01,5.850000000000000000e+02
-8.113538360595703125e+01,-5.757766342163085938e+01,5.860000000000000000e+02
-8.049835205078125000e+01,-5.757766342163085938e+01,5.860000000000000000e+02
-7.986132049560546875e+01,-5.757766342163085938e+01,5.860000000000000000e+02
-7.935948181152343750e+01,-5.767591857910156250e+01,5.870000000000000000e+02
-7.872136688232421875e+01,-5.767591857910156250e+01,5.870000000000000000e+02
-7.808324432373046875e+01,-5.767591857910156250e+01,5.870000000000000000e+02
-7.744512939453125000e+01,-5.767591857910156250e+01,5.870000000000000000e+02
-7.693785858154296875e+01,-5.777417373657226562e+01,5.880000000000000000e+02
-7.629865264892578125e+01,-5.777417373657226562e+01,5.880000000000000000e+02
-7.565944671630859375e+01,-5.777417373657226562e+01,5.880000000000000000e+02
-7.502024078369140625e+01,-5.777417373657226562e+01,5.880000000000000000e+02
-7.438103485107421875e+01,-5.777417373657226562e+01,5.880000000000000000e+02
-7.386724090576171875e+01,-5.787242889404296875e+01,5.890000000000000000e+02
-7.322694396972656250e+01,-5.787242889404296875e+01,5.890000000000000000e+02
-7.246341705322265625e+01,-5.777417373657226562e+01,5.880000000000000000e+02
-7.194635772705078125e+01,-5.787242889404296875e+01,5.890000000000000000e+02
-7.130606842041015625e+01,-5.787242889404296875e+01,5.890000000000000000e+02
-7.066577911376953125e+01,-5.787242889404296875e+01,5.890000000000000000e+02
-0.000000000000000000e+00,-0.000000000000000000e+00,0.000000000000000000e+00
-0.000000000000000000e+00,-0.000000000000000000e+00,0.000000000000000000e+00
-0.000000000000000000e+00,-0.000000000000000000e+00,0.000000000000000000e+00
-0.000000000000000000e+00,-0.000000000000000000e+00,0.000000000000000000e+00
-1.572861175537109375e+02,-6.024407577514648438e+01,6.200000000000000000e+02
-1.566121215820312500e+02,-6.024407577514648438e+01,6.200000000000000000e+02
-1.561896514892578125e+02,-6.034124374389648438e+01,6.210000000000000000e+02
-0.000000000000000000e+00,-0.000000000000000000e+00,0.000000000000000000e+00
-0.000000000000000000e+00,-0.000000000000000000e+00,0.000000000000000000e+00
-0.000000000000000000e+00,-0.000000000000000000e+00,0.000000000000000000e+00
-0.000000000000000000e+00,-0.000000000000000000e+00,0.000000000000000000e+00
-0.000000000000000000e+00,-0.000000000000000000e+00,0.000000000000000000e+00
-0.000000000000000000e+00,-0.000000000000000000e+00,0.000000000000000000e+00
-0.000000000000000000e+00,-0.000000000000000000e+00,0.000000000000000000e+00
-0.000000000000000000e+00,-0.000000000000000000e+00,0.000000000000000000e+00
-0.000000000000000000e+00,-0.000000000000000000e+00,0.000000000000000000e+00
-0.000000000000000000e+00,-0.000000000000000000e+00,0.000000000000000000e+00
-0.000000000000000000e+00,-0.000000000000000000e+00,0.000000000000000000e+00
-0.000000000000000000e+00,-0.000000000000000000e+00,0.000000000000000000e+00
-1.357819366455078125e+02,-5.558001708984375000e+01,5.720000000000000000e+02
-1.353964233398437500e+02,-5.567718505859375000e+01,5.730000000000000000e+02
-1.347735137939453125e+02,-5.567718505859375000e+01,5.730000000000000000e+02
-1.341506195068359375e+02,-5.567718505859375000e+01,5.730000000000000000e+02
-1.335277252197265625e+02,-5.567718505859375000e+01,5.730000000000000000e+02
-1.329048156738281250e+02,-5.567718505859375000e+01,5.730000000000000000e+02
-1.325127868652343750e+02,-5.577435302734375000e+01,5.740000000000000000e+02
-1.318887939453125000e+02,-5.577435302734375000e+01,5.740000000000000000e+02
-1.312648162841796875e+02,-5.577435302734375000e+01,5.740000000000000000e+02
-1.306408233642578125e+02,-5.577435302734375000e+01,5.740000000000000000e+02
-1.300168304443359375e+02,-5.577435302734375000e+01,5.740000000000000000e+02
-1.293928527832031250e+02,-5.577435302734375000e+01,5.740000000000000000e+02
-1.287688598632812500e+02,-5.577435302734375000e+01,5.740000000000000000e+02
-1.281448822021484375e+02,-5.577435302734375000e+01,5.740000000000000000e+02
-1.275208892822265625e+02,-5.577435302734375000e+01,5.740000000000000000e+02
-1.268969039916992188e+02,-5.577435302734375000e+01,5.740000000000000000e+02
-1.262729187011718750e+02,-5.577435302734375000e+01,5.740000000000000000e+02
-1.256489334106445312e+02,-5.577435302734375000e+01,5.740000000000000000e+02
-1.250249481201171875e+02,-5.577435302734375000e+01,5.740000000000000000e+02
-1.244009552001953125e+02,-5.577435302734375000e+01,5.740000000000000000e+02
-1.237769699096679688e+02,-5.577435302734375000e+01,5.740000000000000000e+02
-1.231529846191406250e+02,-5.577435302734375000e+01,5.740000000000000000e+02
-1.227424621582031250e+02,-5.587152099609375000e+01,5.750000000000000000e+02
-1.221173934936523438e+02,-5.587152099609375000e+01,5.750000000000000000e+02
-1.214923171997070312e+02,-5.587152099609375000e+01,5.750000000000000000e+02
-1.208672409057617188e+02,-5.587152099609375000e+01,5.750000000000000000e+02
-1.202421722412109375e+02,-5.587152099609375000e+01,5.750000000000000000e+02
-1.196170959472656250e+02,-5.587152099609375000e+01,5.750000000000000000e+02
-1.189920120239257812e+02,-5.587152099609375000e+01,5.750000000000000000e+02
-1.183669433593750000e+02,-5.587152099609375000e+01,5.750000000000000000e+02
-1.177418670654296875e+02,-5.587152099609375000e+01,5.750000000000000000e+02
-1.171167907714843750e+02,-5.587152099609375000e+01,5.750000000000000000e+02
-1.164917221069335938e+02,-5.587152099609375000e+01,5.750000000000000000e+02
-1.158666458129882812e+02,-5.587152099609375000e+01,5.750000000000000000e+02
-1.152415695190429688e+02,-5.587152099609375000e+01,5.750000000000000000e+02
-1.146165008544921875e+02,-5.587152099609375000e+01,5.750000000000000000e+02
-1.139914245605468750e+02,-5.587152099609375000e+01,5.750000000000000000e+02
-1.135635070800781250e+02,-5.596868896484375000e+01,5.760000000000000000e+02
-1.129373474121093750e+02,-5.596868896484375000e+01,5.760000000000000000e+02
-1.123111877441406250e+02,-5.596868896484375000e+01,5.760000000000000000e+02
-1.116850280761718750e+02,-5.596868896484375000e+01,5.760000000000000000e+02
-1.112516784667968750e+02,-5.606585693359375000e+01,5.770000000000000000e+02
-1.106244277954101562e+02,-5.606585693359375000e+01,5.770000000000000000e+02
-1.099971847534179688e+02,-5.606585693359375000e+01,5.770000000000000000e+02
-1.093699340820312500e+02,-5.606585693359375000e+01,5.770000000000000000e+02
-1.089311523437500000e+02,-5.616302490234375000e+01,5.780000000000000000e+02
-1.083028182983398438e+02,-5.616302490234375000e+01,5.780000000000000000e+02
-1.076744842529296875e+02,-5.616302490234375000e+01,5.780000000000000000e+02
-1.070461425781250000e+02,-5.616302490234375000e+01,5.780000000000000000e+02
-1.066019287109375000e+02,-5.626019287109375000e+01,5.790000000000000000e+02
-1.059725036621093750e+02,-5.626019287109375000e+01,5.790000000000000000e+02
-1.053430786132812500e+02,-5.626019287109375000e+01,5.790000000000000000e+02
-1.047136611938476562e+02,-5.626019287109375000e+01,5.790000000000000000e+02
-1.042639999389648438e+02,-5.635736083984375000e+01,5.800000000000000000e+02
-1.036334915161132812e+02,-5.635736083984375000e+01,5.800000000000000000e+02
-1.030029830932617188e+02,-5.635736083984375000e+01,5.800000000000000000e+02
-1.023724746704101562e+02,-5.635736083984375000e+01,5.800000000000000000e+02
-1.017419662475585938e+02,-5.635736083984375000e+01,5.800000000000000000e+02
-1.011114578247070312e+02,-5.635736083984375000e+01,5.800000000000000000e+02
-1.004809417724609375e+02,-5.635736083984375000e+01,5.800000000000000000e+02
-1.000225906372070312e+02,-5.645452880859375000e+01,5.810000000000000000e+02
-9.939099121093750000e+01,-5.645452880859375000e+01,5.810000000000000000e+02
-9.875939178466796875e+01,-5.645452880859375000e+01,5.810000000000000000e+02
-9.812779998779296875e+01,-5.645452880859375000e+01,5.810000000000000000e+02
-9.749620056152343750e+01,-5.645452880859375000e+01,5.810000000000000000e+02
-9.686460876464843750e+01,-5.645452880859375000e+01,5.810000000000000000e+02
-9.639864349365234375e+01,-5.655169677734375000e+01,5.820000000000000000e+02
-9.576596069335937500e+01,-5.655169677734375000e+01,5.820000000000000000e+02
-9.513327789306640625e+01,-5.655169677734375000e+01,5.820000000000000000e+02
-9.450059509277343750e+01,-5.655169677734375000e+01,5.820000000000000000e+02
-9.386791229248046875e+01,-5.655169677734375000e+01,5.820000000000000000e+02
-9.339542388916015625e+01,-5.664886474609375000e+01,5.830000000000000000e+02
-9.276165771484375000e+01,-5.664886474609375000e+01,5.830000000000000000e+02
-9.212788391113281250e+01,-5.664886474609375000e+01,5.830000000000000000e+02
-9.149411773681640625e+01,-5.664886474609375000e+01,5.830000000000000000e+02
-9.086034393310546875e+01,-5.664886474609375000e+01,5.830000000000000000e+02
-9.022657775878906250e+01,-5.664886474609375000e+01,5.830000000000000000e+02
-8.974648284912109375e+01,-5.674603271484375000e+01,5.840000000000000000e+02
-8.911162567138671875e+01,-5.674603271484375000e+01,5.840000000000000000e+02
-8.847676849365234375e+01,-5.674603271484375000e+01,5.840000000000000000e+02
-8.784191131591796875e+01,-5.674603271484375000e+01,5.840000000000000000e+02
-8.720705413818359375e+01,-5.674603271484375000e+01,5.840000000000000000e+02
-8.657219696044921875e+01,-5.674603271484375000e+01,5.840000000000000000e+02
-8.593733978271484375e+01,-5.674603271484375000e+01,5.840000000000000000e+02
-8.530248260498046875e+01,-5.674603271484375000e+01,5.840000000000000000e+02
-8.466762542724609375e+01,-5.674603271484375000e+01,5.840000000000000000e+02
-8.403276824951171875e+01,-5.674603271484375000e+01,5.840000000000000000e+02
-8.339791107177734375e+01,-5.674603271484375000e+01,5.840000000000000000e+02
-8.276305389404296875e+01,-5.674603271484375000e+01,5.840000000000000000e+02
-8.226882171630859375e+01,-5.684320068359375000e+01,5.850000000000000000e+02
-8.163287353515625000e+01,-5.684320068359375000e+01,5.850000000000000000e+02
-8.099692535400390625e+01,-5.684320068359375000e+01,5.850000000000000000e+02
-8.049835205078125000e+01,-5.694036865234375000e+01,5.860000000000000000e+02
-7.986132049560546875e+01,-5.694036865234375000e+01,5.860000000000000000e+02
-7.935948181152343750e+01,-5.703753662109375000e+01,5.870000000000000000e+02
-7.872136688232421875e+01,-5.703753662109375000e+01,5.870000000000000000e+02
-7.808324432373046875e+01,-5.703753662109375000e+01,5.870000000000000000e+02
-7.744512939453125000e+01,-5.703753662109375000e+01,5.870000000000000000e+02
-7.693785858154296875e+01,-5.713470458984375000e+01,5.880000000000000000e+02
-7.629865264892578125e+01,-5.713470458984375000e+01,5.880000000000000000e+02
-7.565944671630859375e+01,-5.713470458984375000e+01,5.880000000000000000e+02
-7.502024078369140625e+01,-5.713470458984375000e+01,5.880000000000000000e+02
-7.438103485107421875e+01,-5.713470458984375000e+01,5.880000000000000000e+02
-7.374182891845703125e+01,-5.713470458984375000e+01,5.880000000000000000e+02
-7.310262298583984375e+01,-5.713470458984375000e+01,5.880000000000000000e+02
-7.246341705322265625e+01,-5.713470458984375000e+01,5.880000000000000000e+02
-7.182421112060546875e+01,-5.713470458984375000e+01,5.880000000000000000e+02
-7.130606842041015625e+01,-5.723187255859375000e+01,5.890000000000000000e+02
-7.054579925537109375e+01,-5.713470458984375000e+01,5.880000000000000000e+02
-0.000000000000000000e+00,-0.000000000000000000e+00,0.000000000000000000e+00
-0.000000000000000000e+00,-0.000000000000000000e+00,0.000000000000000000e+00
-0.000000000000000000e+00,-0.000000000000000000e+00,0.000000000000000000e+00
-0.000000000000000000e+00,-0.000000000000000000e+00,0.000000000000000000e+00
-1.590511474609375000e+02,-5.947372055053710938e+01,6.190000000000000000e+02
-1.583782501220703125e+02,-5.947372055053710938e+01,6.190000000000000000e+02
-1.577053375244140625e+02,-5.947372055053710938e+01,6.190000000000000000e+02
-1.572861175537109375e+02,-5.956980133056640625e+01,6.200000000000000000e+02
-1.566121215820312500e+02,-5.956980133056640625e+01,6.200000000000000000e+02
-0.000000000000000000e+00,-0.000000000000000000e+00,0.000000000000000000e+00
-0.000000000000000000e+00,-0.000000000000000000e+00,0.000000000000000000e+00
-0.000000000000000000e+00,-0.000000000000000000e+00,0.000000000000000000e+00
-0.000000000000000000e+00,-0.000000000000000000e+00,0.000000000000000000e+00
-0.000000000000000000e+00,-0.000000000000000000e+00,0.000000000000000000e+00
-0.000000000000000000e+00,-0.000000000000000000e+00,0.000000000000000000e+00
-0.000000000000000000e+00,-0.000000000000000000e+00,0.000000000000000000e+00
-0.000000000000000000e+00,-0.000000000000000000e+00,0.000000000000000000e+00
-0.000000000000000000e+00,-0.000000000000000000e+00,0.000000000000000000e+00
-0.000000000000000000e+00,-0.000000000000000000e+00,0.000000000000000000e+00
-0.000000000000000000e+00,-0.000000000000000000e+00,0.000000000000000000e+00
-1.370255584716796875e+02,-5.495794677734375000e+01,5.720000000000000000e+02
-1.364037475585937500e+02,-5.495794677734375000e+01,5.720000000000000000e+02
-1.357819366455078125e+02,-5.495794677734375000e+01,5.720000000000000000e+02
-1.351601257324218750e+02,-5.495794677734375000e+01,5.720000000000000000e+02
-1.347735137939453125e+02,-5.505402755737304688e+01,5.730000000000000000e+02
-1.341506195068359375e+02,-5.505402755737304688e+01,5.730000000000000000e+02
-1.335277252197265625e+02,-5.505402755737304688e+01,5.730000000000000000e+02
-1.329048156738281250e+02,-5.505402755737304688e+01,5.730000000000000000e+02
-1.322819213867187500e+02,-5.505402755737304688e+01,5.730000000000000000e+02
-1.316590270996093750e+02,-5.505402755737304688e+01,5.730000000000000000e+02
-1.312648162841796875e+02,-5.515010833740234375e+01,5.740000000000000000e+02
-1.304132232666015625e+02,-5.505402755737304688e+01,5.730000000000000000e+02
-1.297903289794921875e+02,-5.505402755737304688e+01,5.730000000000000000e+02
-1.291674194335937500e+02,-5.505402755737304688e+01,5.730000000000000000e+02
-1.285445251464843750e+02,-5.505402755737304688e+01,5.730000000000000000e+02
-1.279216308593750000e+02,-5.505402755737304688e+01,5.730000000000000000e+02
-1.272987289428710938e+02,-5.505402755737304688e+01,5.730000000000000000e+02
-1.266758270263671875e+02,-5.505402755737304688e+01,5.730000000000000000e+02
-1.260529327392578125e+02,-5.505402755737304688e+01,5.730000000000000000e+02
-1.254300308227539062e+02,-5.505402755737304688e+01,5.730000000000000000e+02
-1.250249481201171875e+02,-5.515010833740234375e+01,5.740000000000000000e+02
-1.244009552001953125e+02,-5.515010833740234375e+01,5.740000000000000000e+02
-1.237769699096679688e+02,-5.515010833740234375e+01,5.740000000000000000e+02
-1.231529846191406250e+02,-5.515010833740234375e+01,5.740000000000000000e+02
-1.225289993286132812e+02,-5.515010833740234375e+01,5.740000000000000000e+02
-1.219050140380859375e+02,-5.515010833740234375e+01,5.740000000000000000e+02
-1.212810287475585938e+02,-5.515010833740234375e+01,5.740000000000000000e+02
-1.206570358276367188e+02,-5.515010833740234375e+01,5.740000000000000000e+02
-1.202421722412109375e+02,-5.524618530273437500e+01,5.750000000000000000e+02
-1.194090652465820312e+02,-5.515010833740234375e+01,5.740000000000000000e+02
-1.187850723266601562e+02,-5.515010833740234375e+01,5.740000000000000000e+02
-1.181610870361328125e+02,-5.515010833740234375e+01,5.740000000000000000e+02
-1.175371017456054688e+02,-5.515010833740234375e+01,5.740000000000000000e+02
-1.169131088256835938e+02,-5.515010833740234375e+01,5.740000000000000000e+02
-1.162891235351562500e+02,-5.515010833740234375e+01,5.740000000000000000e+02
-1.156651382446289062e+02,-5.515010833740234375e+01,5.740000000000000000e+02
-1.150411529541015625e+02,-5.515010833740234375e+01,5.740000000000000000e+02
-1.146165008544921875e+02,-5.524618530273437500e+01,5.750000000000000000e+02
-1.139914245605468750e+02,-5.524618530273437500e+01,5.750000000000000000e+02
-1.133663482666015625e+02,-5.524618530273437500e+01,5.750000000000000000e+02
-1.129373474121093750e+02,-5.534226608276367188e+01,5.760000000000000000e+02
-1.123111877441406250e+02,-5.534226608276367188e+01,5.760000000000000000e+02
-1.116850280761718750e+02,-5.534226608276367188e+01,5.760000000000000000e+02
-1.112516784667968750e+02,-5.543834686279296875e+01,5.770000000000000000e+02
-1.106244277954101562e+02,-5.543834686279296875e+01,5.770000000000000000e+02
-1.099971847534179688e+02,-5.543834686279296875e+01,5.770000000000000000e+02
-1.093699340820312500e+02,-5.543834686279296875e+01,5.770000000000000000e+02
-1.089311523437500000e+02,-5.553442764282226562e+01,5.780000000000000000e+02
-1.083028182983398438e+02,-5.553442764282226562e+01,5.780000000000000000e+02
-1.076744842529296875e+02,-5.553442764282226562e+01,5.780000000000000000e+02
-1.070461425781250000e+02,-5.553442764282226562e+01,5.780000000000000000e+02
-1.066019287109375000e+02,-5.563050842285156250e+01,5.790000000000000000e+02
-1.059725036621093750e+02,-5.563050842285156250e+01,5.790000000000000000e+02
-1.053430786132812500e+02,-5.563050842285156250e+01,5.790000000000000000e+02
-1.048945083618164062e+02,-5.572658920288085938e+01,5.800000000000000000e+02
-1.042639999389648438e+02,-5.572658920288085938e+01,5.800000000000000000e+02
-1.036334915161132812e+02,-5.572658920288085938e+01,5.800000000000000000e+02
-1.030029830932617188e+02,-5.572658920288085938e+01,5.800000000000000000e+02
-1.023724746704101562e+02,-5.572658920288085938e+01,5.800000000000000000e+02
-1.017419662475585938e+02,-5.572658920288085938e+01,5.800000000000000000e+02
-1.011114578247070312e+02,-5.572658920288085938e+01,5.800000000000000000e+02
-1.004809417724609375e+02,-5.572658920288085938e+01,5.800000000000000000e+02
-1.000225906372070312e+02,-5.582266998291015625e+01,5.810000000000000000e+02
-9.939099121093750000e+01,-5.582266998291015625e+01,5.810000000000000000e+02
-9.875939178466796875e+01,-5.582266998291015625e+01,5.810000000000000000e+02
-9.812779998779296875e+01,-5.582266998291015625e+01,5.810000000000000000e+02
-9.749620056152343750e+01,-5.582266998291015625e+01,5.810000000000000000e+02
-9.686460876464843750e+01,-5.582266998291015625e+01,5.810000000000000000e+02
-9.623300933837890625e+01,-5.582266998291015625e+01,5.810000000000000000e+02
-9.576596069335937500e+01,-5.591875076293945312e+01,5.820000000000000000e+02
-9.513327789306640625e+01,-5.591875076293945312e+01,5.820000000000000000e+02
-9.450059509277343750e+01,-5.591875076293945312e+01,5.820000000000000000e+02
-9.386791229248046875e+01,-5.591875076293945312e+01,5.820000000000000000e+02
-9.339542388916015625e+01,-5.601483154296875000e+01,5.830000000000000000e+02
-9.276165771484375000e+01,-5.601483154296875000e+01,5.830000000000000000e+02
-9.212788391113281250e+01,-5.601483154296875000e+01,5.830000000000000000e+02
-9.149411773681640625e+01,-5.601483154296875000e+01,5.830000000000000000e+02
-9.086034393310546875e+01,-5.601483154296875000e+01,5.830000000000000000e+02
-9.022657775878906250e+01,-5.601483154296875000e+01,5.830000000000000000e+02
-8.974648284912109375e+01,-5.611090850830078125e+01,5.840000000000000000e+02
-8.911162567138671875e+01,-5.611090850830078125e+01,5.840000000000000000e+02
-8.847676849365234375e+01,-5.611090850830078125e+01,5.840000000000000000e+02
-8.784191131591796875e+01,-5.611090850830078125e+01,5.840000000000000000e+02
-8.720705413818359375e+01,-5.611090850830078125e+01,5.840000000000000000e+02
-8.657219696044921875e+01,-5.611090850830078125e+01,5.840000000000000000e+02
-8.593733978271484375e+01,-5.611090850830078125e+01,5.840000000000000000e+02
-8.530248260498046875e+01,-5.611090850830078125e+01,5.840000000000000000e+02
-8.466762542724609375e+01,-5.611090850830078125e+01,5.840000000000000000e+02
-8.403276824951171875e+01,-5.611090850830078125e+01,5.840000000000000000e+02
-8.339791107177734375e+01,-5.611090850830078125e+01,5.840000000000000000e+02
-8.276305389404296875e+01,-5.611090850830078125e+01,5.840000000000000000e+02
-8.212819671630859375e+01,-5.611090850830078125e+01,5.840000000000000000e+02
-8.163287353515625000e+01,-5.620698928833007812e+01,5.850000000000000000e+02
-8.099692535400390625e+01,-5.620698928833007812e+01,5.850000000000000000e+02
-8.049835205078125000e+01,-5.630307006835937500e+01,5.860000000000000000e+02
-7.986132049560546875e+01,-5.630307006835937500e+01,5.860000000000000000e+02
-7.935948181152343750e+01,-5.639915084838867188e+01,5.870000000000000000e+02
-7.872136688232421875e+01,-5.639915084838867188e+01,5.870000000000000000e+02
-7.808324432373046875e+01,-5.639915084838867188e+01,5.870000000000000000e+02
-7.744512939453125000e+01,-5.639915084838867188e+01,5.870000000000000000e+02
-7.693785858154296875e+01,-5.649523162841796875e+01,5.880000000000000000e+02
-7.629865264892578125e+01,-5.649523162841796875e+01,5.880000000000000000e+02
-7.565944671630859375e+01,-5.649523162841796875e+01,5.880000000000000000e+02
-7.502024078369140625e+01,-5.649523162841796875e+01,5.880000000000000000e+02
-7.438103485107421875e+01,-5.649523162841796875e+01,5.880000000000000000e+02
-7.374182891845703125e+01,-5.649523162841796875e+01,5.880000000000000000e+02
-7.310262298583984375e+01,-5.649523162841796875e+01,5.880000000000000000e+02
-7.246341705322265625e+01,-5.649523162841796875e+01,5.880000000000000000e+02
-7.182421112060546875e+01,-5.649523162841796875e+01,5.880000000000000000e+02
-7.118500518798828125e+01,-5.649523162841796875e+01,5.880000000000000000e+02
-7.054579925537109375e+01,-5.649523162841796875e+01,5.880000000000000000e+02
-0.000000000000000000e+00,-0.000000000000000000e+00,0.000000000000000000e+00
-0.000000000000000000e+00,-0.000000000000000000e+00,0.000000000000000000e+00
-0.000000000000000000e+00,-0.000000000000000000e+00,0.000000000000000000e+00
-1.621532897949218750e+02,-5.870554733276367188e+01,6.180000000000000000e+02
-1.614814758300781250e+02,-5.870554733276367188e+01,6.180000000000000000e+02
-1.608096618652343750e+02,-5.870554733276367188e+01,6.180000000000000000e+02
-1.601378479003906250e+02,-5.870554733276367188e+01,6.180000000000000000e+02
-1.594660186767578125e+02,-5.870554733276367188e+01,6.180000000000000000e+02
-1.590511474609375000e+02,-5.880054092407226562e+01,6.190000000000000000e+02
-1.583782501220703125e+02,-5.880054092407226562e+01,6.190000000000000000e+02
-0.000000000000000000e+00,-0.000000000000000000e+00,0.000000000000000000e+00
-0.000000000000000000e+00,-0.000000000000000000e+00,0.000000000000000000e+00
-0.000000000000000000e+00,-0.000000000000000000e+00,0.000000000000000000e+00
-0.000000000000000000e+00,-0.000000000000000000e+00,0.000000000000000000e+00
-0.000000000000000000e+00,-0.000000000000000000e+00,0.000000000000000000e+00
-0.000000000000000000e+00,-0.000000000000000000e+00,0.000000000000000000e+00
-0.000000000000000000e+00,-0.000000000000000000e+00,0.000000000000000000e+00
-0.000000000000000000e+00,-0.000000000000000000e+00,0.000000000000000000e+00
-0.000000000000000000e+00,-0.000000000000000000e+00,0.000000000000000000e+00
-0.000000000000000000e+00,-0.000000000000000000e+00,0.000000000000000000e+00
-0.000000000000000000e+00,-0.000000000000000000e+00,0.000000000000000000e+00
-1.388910064697265625e+02,-5.433587646484375000e+01,5.720000000000000000e+02
-1.382691955566406250e+02,-5.433587646484375000e+01,5.720000000000000000e+02
-1.376473693847656250e+02,-5.433587646484375000e+01,5.720000000000000000e+02
-1.370255584716796875e+02,-5.433587646484375000e+01,5.720000000000000000e+02
-1.364037475585937500e+02,-5.433587646484375000e+01,5.720000000000000000e+02
-1.357819366455078125e+02,-5.433587646484375000e+01,5.720000000000000000e+02
-1.351601257324218750e+02,-5.433587646484375000e+01,5.720000000000000000e+02
-1.347735137939453125e+02,-5.443087005615234375e+01,5.730000000000000000e+02
-1.339165039062500000e+02,-5.433587646484375000e+01,5.720000000000000000e+02
-1.335277252197265625e+02,-5.443087005615234375e+01,5.730000000000000000e+02
-1.329048156738281250e+02,-5.443087005615234375e+01,5.730000000000000000e+02
-1.322819213867187500e+02,-5.443087005615234375e+01,5.730000000000000000e+02
-1.316590270996093750e+02,-5.443087005615234375e+01,5.730000000000000000e+02
-1.310361175537109375e+02,-5.443087005615234375e+01,5.730000000000000000e+02
-1.304132232666015625e+02,-5.443087005615234375e+01,5.730000000000000000e+02
-1.295638122558593750e+02,-5.433587646484375000e+01,5.720000000000000000e+02
-1.291674194335937500e+02,-5.443087005615234375e+01,5.730000000000000000e+02
-1.283201904296875000e+02,-5.433587646484375000e+01,5.720000000000000000e+02
-1.276983795166015625e+02,-5.433587646484375000e+01,5.720000000000000000e+02
-1.272987289428710938e+02,-5.443087005615234375e+01,5.730000000000000000e+02
-1.266758270263671875e+02,-5.443087005615234375e+01,5.730000000000000000e+02
-1.260529327392578125e+02,-5.443087005615234375e+01,5.730000000000000000e+02
-1.254300308227539062e+02,-5.443087005615234375e+01,5.730000000000000000e+02
-1.248071289062500000e+02,-5.443087005615234375e+01,5.730000000000000000e+02
-1.244009552001953125e+02,-5.452586364746093750e+01,5.740000000000000000e+02
-1.237769699096679688e+02,-5.452586364746093750e+01,5.740000000000000000e+02
-1.231529846191406250e+02,-5.452586364746093750e+01,5.740000000000000000e+02
-1.225289993286132812e+02,-5.452586364746093750e+01,5.740000000000000000e+02
-1.219050140380859375e+02,-5.452586364746093750e+01,5.740000000000000000e+02
-1.212810287475585938e+02,-5.452586364746093750e+01,5.740000000000000000e+02
-1.206570358276367188e+02,-5.452586364746093750e+01,5.740000000000000000e+02
-1.200330505371093750e+02,-5.452586364746093750e+01,5.740000000000000000e+02
-1.194090652465820312e+02,-5.452586364746093750e+01,5.740000000000000000e+02
-1.187850723266601562e+02,-5.452586364746093750e+01,5.740000000000000000e+02
-1.181610870361328125e+02,-5.452586364746093750e+01,5.740000000000000000e+02
-1.175371017456054688e+02,-5.452586364746093750e+01,5.740000000000000000e+02
-1.169131088256835938e+02,-5.452586364746093750e+01,5.740000000000000000e+02
-1.162891235351562500e+02,-5.452586364746093750e+01,5.740000000000000000e+02
-1.156651382446289062e+02,-5.452586364746093750e+01,5.740000000000000000e+02
-1.150411529541015625e+02,-5.452586364746093750e+01,5.740000000000000000e+02
-1.144171676635742188e+02,-5.452586364746093750e+01,5.740000000000000000e+02
-1.139914245605468750e+02,-5.462085723876953125e+01,5.750000000000000000e+02
-1.133663482666015625e+02,-5.462085723876953125e+01,5.750000000000000000e+02
-1.127412796020507812e+02,-5.462085723876953125e+01,5.750000000000000000e+02
-1.123111877441406250e+02,-5.471585083007812500e+01,5.760000000000000000e+02
-1.116850280761718750e+02,-5.471585083007812500e+01,5.760000000000000000e+02
-1.110588684082031250e+02,-5.471585083007812500e+01,5.760000000000000000e+02
-1.106244277954101562e+02,-5.481084060668945312e+01,5.770000000000000000e+02
-1.099971847534179688e+02,-5.481084060668945312e+01,5.770000000000000000e+02
-1.093699340820312500e+02,-5.481084060668945312e+01,5.770000000000000000e+02
-1.089311523437500000e+02,-5.490583419799804688e+01,5.780000000000000000e+02
-1.083028182983398438e+02,-5.490583419799804688e+01,5.780000000000000000e+02
-1.076744842529296875e+02,-5.490583419799804688e+01,5.780000000000000000e+02
-1.070461425781250000e+02,-5.490583419799804688e+01,5.780000000000000000e+02
-1.066019287109375000e+02,-5.500082778930664062e+01,5.790000000000000000e+02
-1.059725036621093750e+02,-5.500082778930664062e+01,5.790000000000000000e+02
-1.053430786132812500e+02,-5.500082778930664062e+01,5.790000000000000000e+02
-1.047136611938476562e+02,-5.500082778930664062e+01,5.790000000000000000e+02
-1.042639999389648438e+02,-5.509582138061523438e+01,5.800000000000000000e+02
-1.036334915161132812e+02,-5.509582138061523438e+01,5.800000000000000000e+02
-1.030029830932617188e+02,-5.509582138061523438e+01,5.800000000000000000e+02
-1.023724746704101562e+02,-5.509582138061523438e+01,5.800000000000000000e+02
-1.017419662475585938e+02,-5.509582138061523438e+01,5.800000000000000000e+02
-1.011114578247070312e+02,-5.509582138061523438e+01,5.800000000000000000e+02
-1.004809417724609375e+02,-5.509582138061523438e+01,5.800000000000000000e+02
-9.985043334960937500e+01,-5.509582138061523438e+01,5.800000000000000000e+02
-9.921992492675781250e+01,-5.509582138061523438e+01,5.800000000000000000e+02
-9.875939178466796875e+01,-5.519081497192382812e+01,5.810000000000000000e+02
-9.812779998779296875e+01,-5.519081497192382812e+01,5.810000000000000000e+02
-9.749620056152343750e+01,-5.519081497192382812e+01,5.810000000000000000e+02
-9.686460876464843750e+01,-5.519081497192382812e+01,5.810000000000000000e+02
-9.623300933837890625e+01,-5.519081497192382812e+01,5.810000000000000000e+02
-9.576596069335937500e+01,-5.528580474853515625e+01,5.820000000000000000e+02
-9.513327789306640625e+01,-5.528580474853515625e+01,5.820000000000000000e+02
-9.450059509277343750e+01,-5.528580474853515625e+01,5.820000000000000000e+02
-9.386791229248046875e+01,-5.528580474853515625e+01,5.820000000000000000e+02
-9.339542388916015625e+01,-5.538079833984375000e+01,5.830000000000000000e+02
-9.276165771484375000e+01,-5.538079833984375000e+01,5.830000000000000000e+02
-9.212788391113281250e+01,-5.538079833984375000e+01,5.830000000000000000e+02
-9.149411773681640625e+01,-5.538079833984375000e+01,5.830000000000000000e+02
-9.086034393310546875e+01,-5.538079833984375000e+01,5.830000000000000000e+02
-9.022657775878906250e+01,-5.538079833984375000e+01,5.830000000000000000e+02
-8.974648284912109375e+01,-5.547579193115234375e+01,5.840000000000000000e+02
-8.911162567138671875e+01,-5.547579193115234375e+01,5.840000000000000000e+02
-8.847676849365234375e+01,-5.547579193115234375e+01,5.840000000000000000e+02
-8.784191131591796875e+01,-5.547579193115234375e+01,5.840000000000000000e+02
-8.720705413818359375e+01,-5.547579193115234375e+01,5.840000000000000000e+02
-8.657219696044921875e+01,-5.547579193115234375e+01,5.840000000000000000e+02
-8.593733978271484375e+01,-5.547579193115234375e+01,5.840000000000000000e+02
-8.530248260498046875e+01,-5.547579193115234375e+01,5.840000000000000000e+02
-8.466762542724609375e+01,-5.547579193115234375e+01,5.840000000000000000e+02
-8.403276824951171875e+01,-5.547579193115234375e+01,5.840000000000000000e+02
-8.339791107177734375e+01,-5.547579193115234375e+01,5.840000000000000000e+02
-8.276305389404296875e+01,-5.547579193115234375e+01,5.840000000000000000e+02
-8.226882171630859375e+01,-5.557078552246093750e+01,5.850000000000000000e+02
-8.163287353515625000e+01,-5.557078552246093750e+01,5.850000000000000000e+02
-8.099692535400390625e+01,-5.557078552246093750e+01,5.850000000000000000e+02
-8.049835205078125000e+01,-5.566577911376953125e+01,5.860000000000000000e+02
-7.986132049560546875e+01,-5.566577911376953125e+01,5.860000000000000000e+02
-7.935948181152343750e+01,-5.576076889038085938e+01,5.870000000000000000e+02
-7.872136688232421875e+01,-5.576076889038085938e+01,5.870000000000000000e+02
-7.808324432373046875e+01,-5.576076889038085938e+01,5.870000000000000000e+02
-7.744512939453125000e+01,-5.576076889038085938e+01,5.870000000000000000e+02
-7.680700683593750000e+01,-5.576076889038085938e+01,5.870000000000000000e+02
-7.629865264892578125e+01,-5.585576248168945312e+01,5.880000000000000000e+02
-7.565944671630859375e+01,-5.585576248168945312e+01,5.880000000000000000e+02
-7.502024078369140625e+01,-5.585576248168945312e+01,5.880000000000000000e+02
-7.438103485107421875e+01,-5.585576248168945312e+01,5.880000000000000000e+02
-7.374182891845703125e+01,-5.585576248168945312e+01,5.880000000000000000e+02
-7.310262298583984375e+01,-5.585576248168945312e+01,5.880000000000000000e+02
-7.246341705322265625e+01,-5.585576248168945312e+01,5.880000000000000000e+02
-7.182421112060546875e+01,-5.585576248168945312e+01,5.880000000000000000e+02
-7.118500518798828125e+01,-5.585576248168945312e+01,5.880000000000000000e+02
-7.054579925537109375e+01,-5.585576248168945312e+01,5.880000000000000000e+02
-6.990659332275390625e+01,-5.585576248168945312e+01,5.880000000000000000e+02
-0.000000000000000000e+00,-0.000000000000000000e+00,0.000000000000000000e+00
-0.000000000000000000e+00,-0.000000000000000000e+00,0.000000000000000000e+00
-1.652445678710937500e+02,-5.793954849243164062e+01,6.170000000000000000e+02
-1.645738372802734375e+02,-5.793954849243164062e+01,6.170000000000000000e+02
-1.641687622070312500e+02,-5.803345108032226562e+01,6.180000000000000000e+02
-1.632323760986328125e+02,-5.793954849243164062e+01,6.170000000000000000e+02
-1.628251190185546875e+02,-5.803345108032226562e+01,6.180000000000000000e+02
-1.621532897949218750e+02,-5.803345108032226562e+01,6.180000000000000000e+02
-1.614814758300781250e+02,-5.803345108032226562e+01,6.180000000000000000e+02
-1.608096618652343750e+02,-5.803345108032226562e+01,6.180000000000000000e+02
-1.601378479003906250e+02,-5.803345108032226562e+01,6.180000000000000000e+02
-1.597240600585937500e+02,-5.812735748291015625e+01,6.190000000000000000e+02
-0.000000000000000000e+00,-0.000000000000000000e+00,0.000000000000000000e+00
-0.000000000000000000e+00,-0.000000000000000000e+00,0.000000000000000000e+00
-0.000000000000000000e+00,-0.000000000000000000e+00,0.000000000000000000e+00
-0.000000000000000000e+00,-0.000000000000000000e+00,0.000000000000000000e+00
-0.000000000000000000e+00,-0.000000000000000000e+00,0.000000000000000000e+00
-0.000000000000000000e+00,-0.000000000000000000e+00,0.000000000000000000e+00
-0.000000000000000000e+00,-0.000000000000000000e+00,0.000000000000000000e+00
-0.000000000000000000e+00,-0.000000000000000000e+00,0.000000000000000000e+00
-0.000000000000000000e+00,-0.000000000000000000e+00,0.000000000000000000e+00
-0.000000000000000000e+00,-0.000000000000000000e+00,0.000000000000000000e+00
-1.407564392089843750e+02,-5.371380996704101562e+01,5.720000000000000000e+02
-1.401346282958984375e+02,-5.371380996704101562e+01,5.720000000000000000e+02
-1.395128173828125000e+02,-5.371380996704101562e+01,5.720000000000000000e+02
-1.388910064697265625e+02,-5.371380996704101562e+01,5.720000000000000000e+02
-1.382691955566406250e+02,-5.371380996704101562e+01,5.720000000000000000e+02
-1.376473693847656250e+02,-5.371380996704101562e+01,5.720000000000000000e+02
-1.370255584716796875e+02,-5.371380996704101562e+01,5.720000000000000000e+02
-1.364037475585937500e+02,-5.371380996704101562e+01,5.720000000000000000e+02
-1.357819366455078125e+02,-5.371380996704101562e+01,5.720000000000000000e+02
-1.351601257324218750e+02,-5.371380996704101562e+01,5.720000000000000000e+02
-1.345383148193359375e+02,-5.371380996704101562e+01,5.720000000000000000e+02
-1.341506195068359375e+02,-5.380771636962890625e+01,5.730000000000000000e+02
-1.332946929931640625e+02,-5.371380996704101562e+01,5.720000000000000000e+02
-1.329048156738281250e+02,-5.380771636962890625e+01,5.730000000000000000e+02
-1.322819213867187500e+02,-5.380771636962890625e+01,5.730000000000000000e+02
-1.314292449951171875e+02,-5.371380996704101562e+01,5.720000000000000000e+02
-1.310361175537109375e+02,-5.380771636962890625e+01,5.730000000000000000e+02
-1.301856231689453125e+02,-5.371380996704101562e+01,5.720000000000000000e+02
-1.295638122558593750e+02,-5.371380996704101562e+01,5.720000000000000000e+02
-1.289420013427734375e+02,-5.371380996704101562e+01,5.720000000000000000e+02
-1.283201904296875000e+02,-5.371380996704101562e+01,5.720000000000000000e+02
-1.276983795166015625e+02,-5.371380996704101562e+01,5.720000000000000000e+02
-1.270765686035156250e+02,-5.371380996704101562e+01,5.720000000000000000e+02
-1.264547576904296875e+02,-5.371380996704101562e+01,5.720000000000000000e+02
-1.260529327392578125e+02,-5.380771636962890625e+01,5.730000000000000000e+02
-1.254300308227539062e+02,-5.380771636962890625e+01,5.730000000000000000e+02
-1.248071289062500000e+02,-5.380771636962890625e+01,5.730000000000000000e+02
-1.241842346191406250e+02,-5.380771636962890625e+01,5.730000000000000000e+02
-1.237769699096679688e+02,-5.390161895751953125e+01,5.740000000000000000e+02
-1.231529846191406250e+02,-5.390161895751953125e+01,5.740000000000000000e+02
-1.225289993286132812e+02,-5.390161895751953125e+01,5.740000000000000000e+02
-1.219050140380859375e+02,-5.390161895751953125e+01,5.740000000000000000e+02
-1.212810287475585938e+02,-5.390161895751953125e+01,5.740000000000000000e+02
-1.206570358276367188e+02,-5.390161895751953125e+01,5.740000000000000000e+02
-1.200330505371093750e+02,-5.390161895751953125e+01,5.740000000000000000e+02
-1.194090652465820312e+02,-5.390161895751953125e+01,5.740000000000000000e+02
-1.187850723266601562e+02,-5.390161895751953125e+01,5.740000000000000000e+02
-1.181610870361328125e+02,-5.390161895751953125e+01,5.740000000000000000e+02
-1.175371017456054688e+02,-5.390161895751953125e+01,5.740000000000000000e+02
-1.169131088256835938e+02,-5.390161895751953125e+01,5.740000000000000000e+02
-1.162891235351562500e+02,-5.390161895751953125e+01,5.740000000000000000e+02
-1.156651382446289062e+02,-5.390161895751953125e+01,5.740000000000000000e+02
-1.150411529541015625e+02,-5.390161895751953125e+01,5.740000000000000000e+02
-1.144171676635742188e+02,-5.390161895751953125e+01,5.740000000000000000e+02
-1.137931823730468750e+02,-5.390161895751953125e+01,5.740000000000000000e+02
-1.133663482666015625e+02,-5.399552536010742188e+01,5.750000000000000000e+02
-1.127412796020507812e+02,-5.399552536010742188e+01,5.750000000000000000e+02
-1.123111877441406250e+02,-5.408943176269531250e+01,5.760000000000000000e+02
-1.116850280761718750e+02,-5.408943176269531250e+01,5.760000000000000000e+02
-1.110588684082031250e+02,-5.408943176269531250e+01,5.760000000000000000e+02
-1.106244277954101562e+02,-5.418333816528320312e+01,5.770000000000000000e+02
-1.099971847534179688e+02,-5.418333816528320312e+01,5.770000000000000000e+02
-1.093699340820312500e+02,-5.418333816528320312e+01,5.770000000000000000e+02
-1.087426910400390625e+02,-5.418333816528320312e+01,5.770000000000000000e+02
-1.083028182983398438e+02,-5.427724075317382812e+01,5.780000000000000000e+02
-1.076744842529296875e+02,-5.427724075317382812e+01,5.780000000000000000e+02
-1.070461425781250000e+02,-5.427724075317382812e+01,5.780000000000000000e+02
-1.066019287109375000e+02,-5.437114715576171875e+01,5.790000000000000000e+02
-1.059725036621093750e+02,-5.437114715576171875e+01,5.790000000000000000e+02
-1.053430786132812500e+02,-5.437114715576171875e+01,5.790000000000000000e+02
-1.047136611938476562e+02,-5.437114715576171875e+01,5.790000000000000000e+02
-1.042639999389648438e+02,-5.446505355834960938e+01,5.800000000000000000e+02
-1.036334915161132812e+02,-5.446505355834960938e+01,5.800000000000000000e+02
-1.030029830932617188e+02,-5.446505355834960938e+01,5.800000000000000000e+02
-1.023724746704101562e+02,-5.446505355834960938e+01,5.800000000000000000e+02
-1.017419662475585938e+02,-5.446505355834960938e+01,5.800000000000000000e+02
-1.011114578247070312e+02,-5.446505355834960938e+01,5.800000000000000000e+02
-1.004809417724609375e+02,-5.446505355834960938e+01,5.800000000000000000e+02
-9.985043334960937500e+01,-5.446505355834960938e+01,5.800000000000000000e+02
-9.921992492675781250e+01,-5.446505355834960938e+01,5.800000000000000000e+02
-9.875939178466796875e+01,-5.455895614624023438e+01,5.810000000000000000e+02
-9.812779998779296875e+01,-5.455895614624023438e+01,5.810000000000000000e+02
-9.749620056152343750e+01,-5.455895614624023438e+01,5.810000000000000000e+02
-9.686460876464843750e+01,-5.455895614624023438e+01,5.810000000000000000e+02
-9.623300933837890625e+01,-5.455895614624023438e+01,5.810000000000000000e+02
-9.576596069335937500e+01,-5.465286254882812500e+01,5.820000000000000000e+02
-9.513327789306640625e+01,-5.465286254882812500e+01,5.820000000000000000e+02
-9.450059509277343750e+01,-5.465286254882812500e+01,5.820000000000000000e+02
-9.386791229248046875e+01,-5.465286254882812500e+01,5.820000000000000000e+02
-9.339542388916015625e+01,-5.474676895141601562e+01,5.830000000000000000e+02
-9.276165771484375000e+01,-5.474676895141601562e+01,5.830000000000000000e+02
-9.212788391113281250e+01,-5.474676895141601562e+01,5.830000000000000000e+02
-9.149411773681640625e+01,-5.474676895141601562e+01,5.830000000000000000e+02
-9.086034393310546875e+01,-5.474676895141601562e+01,5.830000000000000000e+02
-9.022657775878906250e+01,-5.474676895141601562e+01,5.830000000000000000e+02
-8.974648284912109375e+01,-5.484067153930664062e+01,5.840000000000000000e+02
-8.911162567138671875e+01,-5.484067153930664062e+01,5.840000000000000000e+02
-8.847676849365234375e+01,-5.484067153930664062e+01,5.840000000000000000e+02
-8.784191131591796875e+01,-5.484067153930664062e+01,5.840000000000000000e+02
-8.720705413818359375e+01,-5.484067153930664062e+01,5.840000000000000000e+02
-8.657219696044921875e+01,-5.484067153930664062e+01,5.840000000000000000e+02
-8.593733978271484375e+01,-5.484067153930664062e+01,5.840000000000000000e+02
-8.530248260498046875e+01,-5.484067153930664062e+01,5.840000000000000000e+02
-8.466762542724609375e+01,-5.484067153930664062e+01,5.840000000000000000e+02
-8.403276824951171875e+01,-5.484067153930664062e+01,5.840000000000000000e+02
-8.339791107177734375e+01,-5.484067153930664062e+01,5.840000000000000000e+02
-8.276305389404296875e+01,-5.484067153930664062e+01,5.840000000000000000e+02
-8.226882171630859375e+01,-5.493457794189453125e+01,5.850000000000000000e+02
-8.163287353515625000e+01,-5.493457794189453125e+01,5.850000000000000000e+02
-8.113538360595703125e+01,-5.502848434448242188e+01,5.860000000000000000e+02
-8.049835205078125000e+01,-5.502848434448242188e+01,5.860000000000000000e+02
-7.986132049560546875e+01,-5.502848434448242188e+01,5.860000000000000000e+02
-7.935948181152343750e+01,-5.512239074707031250e+01,5.870000000000000000e+02
-7.872136688232421875e+01,-5.512239074707031250e+01,5.870000000000000000e+02
-7.808324432373046875e+01,-5.512239074707031250e+01,5.870000000000000000e+02
-7.757706451416015625e+01,-5.521629333496093750e+01,5.880000000000000000e+02
-7.693785858154296875e+01,-5.521629333496093750e+01,5.880000000000000000e+02
-7.629865264892578125e+01,-5.521629333496093750e+01,5.880000000000000000e+02
-7.565944671630859375e+01,-5.521629333496093750e+01,5.880000000000000000e+02
-7.502024078369140625e+01,-5.521629333496093750e+01,5.880000000000000000e+02
-7.438103485107421875e+01,-5.521629333496093750e+01,5.880000000000000000e+02
-7.374182891845703125e+01,-5.521629333496093750e+01,5.880000000000000000e+02
-7.310262298583984375e+01,-5.521629333496093750e+01,5.880000000000000000e+02
-7.246341705322265625e+01,-5.521629333496093750e+01,5.880000000000000000e+02
-7.182421112060546875e+01,-5.521629333496093750e+01,5.880000000000000000e+02
-7.118500518798828125e+01,-5.521629333496093750e+01,5.880000000000000000e+02
-7.054579925537109375e+01,-5.521629333496093750e+01,5.880000000000000000e+02
-6.990659332275390625e+01,-5.521629333496093750e+01,5.880000000000000000e+02
-0.000000000000000000e+00,-0.000000000000000000e+00,0.000000000000000000e+00
-0.000000000000000000e+00,-0.000000000000000000e+00,0.000000000000000000e+00
-1.685982208251953125e+02,-5.726853942871093750e+01,6.170000000000000000e+02
-1.679274902343750000e+02,-5.726853942871093750e+01,6.170000000000000000e+02
-1.672567596435546875e+02,-5.726853942871093750e+01,6.170000000000000000e+02
-1.665860290527343750e+02,-5.726853942871093750e+01,6.170000000000000000e+02
-1.659152984619140625e+02,-5.726853942871093750e+01,6.170000000000000000e+02
-1.655123901367187500e+02,-5.736135864257812500e+01,6.180000000000000000e+02
-1.648405609130859375e+02,-5.736135864257812500e+01,6.180000000000000000e+02
-1.641687622070312500e+02,-5.736135864257812500e+01,6.180000000000000000e+02
-1.632323760986328125e+02,-5.726853942871093750e+01,6.170000000000000000e+02
-1.628251190185546875e+02,-5.736135864257812500e+01,6.180000000000000000e+02
-1.621532897949218750e+02,-5.736135864257812500e+01,6.180000000000000000e+02
-1.614814758300781250e+02,-5.736135864257812500e+01,6.180000000000000000e+02
-1.608096618652343750e+02,-5.736135864257812500e+01,6.180000000000000000e+02
-0.000000000000000000e+00,-0.000000000000000000e+00,0.000000000000000000e+00
-0.000000000000000000e+00,-0.000000000000000000e+00,0.000000000000000000e+00
-0.000000000000000000e+00,-0.000000000000000000e+00,0.000000000000000000e+00
-0.000000000000000000e+00,-0.000000000000000000e+00,0.000000000000000000e+00
-0.000000000000000000e+00,-0.000000000000000000e+00,0.000000000000000000e+00
-0.000000000000000000e+00,-0.000000000000000000e+00,0.000000000000000000e+00
-0.000000000000000000e+00,-0.000000000000000000e+00,0.000000000000000000e+00
-0.000000000000000000e+00,-0.000000000000000000e+00,0.000000000000000000e+00
-0.000000000000000000e+00,-0.000000000000000000e+00,0.000000000000000000e+00
-0.000000000000000000e+00,-0.000000000000000000e+00,0.000000000000000000e+00
-1.422483215332031250e+02,-5.318455886840820312e+01,5.730000000000000000e+02
-1.413782501220703125e+02,-5.309174346923828125e+01,5.720000000000000000e+02
-1.407564392089843750e+02,-5.309174346923828125e+01,5.720000000000000000e+02
-1.401346282958984375e+02,-5.309174346923828125e+01,5.720000000000000000e+02
-1.395128173828125000e+02,-5.309174346923828125e+01,5.720000000000000000e+02
-1.388910064697265625e+02,-5.309174346923828125e+01,5.720000000000000000e+02
-1.382691955566406250e+02,-5.309174346923828125e+01,5.720000000000000000e+02
-1.376473693847656250e+02,-5.309174346923828125e+01,5.720000000000000000e+02
-1.370255584716796875e+02,-5.309174346923828125e+01,5.720000000000000000e+02
-1.364037475585937500e+02,-5.309174346923828125e+01,5.720000000000000000e+02
-1.357819366455078125e+02,-5.309174346923828125e+01,5.720000000000000000e+02
-1.351601257324218750e+02,-5.309174346923828125e+01,5.720000000000000000e+02
-1.345383148193359375e+02,-5.309174346923828125e+01,5.720000000000000000e+02
-1.339165039062500000e+02,-5.309174346923828125e+01,5.720000000000000000e+02
-1.332946929931640625e+02,-5.309174346923828125e+01,5.720000000000000000e+02
-1.326728820800781250e+02,-5.309174346923828125e+01,5.720000000000000000e+02
-1.320510711669921875e+02,-5.309174346923828125e+01,5.720000000000000000e+02
-1.314292449951171875e+02,-5.309174346923828125e+01,5.720000000000000000e+02
-1.308074340820312500e+02,-5.309174346923828125e+01,5.720000000000000000e+02
-1.301856231689453125e+02,-5.309174346923828125e+01,5.720000000000000000e+02
-1.295638122558593750e+02,-5.309174346923828125e+01,5.720000000000000000e+02
-1.289420013427734375e+02,-5.309174346923828125e+01,5.720000000000000000e+02
-1.283201904296875000e+02,-5.309174346923828125e+01,5.720000000000000000e+02
-1.276983795166015625e+02,-5.309174346923828125e+01,5.720000000000000000e+02
-1.270765686035156250e+02,-5.309174346923828125e+01,5.720000000000000000e+02
-1.264547576904296875e+02,-5.309174346923828125e+01,5.720000000000000000e+02
-1.258329391479492188e+02,-5.309174346923828125e+01,5.720000000000000000e+02
-1.254300308227539062e+02,-5.318455886840820312e+01,5.730000000000000000e+02
-1.248071289062500000e+02,-5.318455886840820312e+01,5.730000000000000000e+02
-1.241842346191406250e+02,-5.318455886840820312e+01,5.730000000000000000e+02
-1.237769699096679688e+02,-5.327737808227539062e+01,5.740000000000000000e+02
-1.231529846191406250e+02,-5.327737808227539062e+01,5.740000000000000000e+02
-1.225289993286132812e+02,-5.327737808227539062e+01,5.740000000000000000e+02
-1.219050140380859375e+02,-5.327737808227539062e+01,5.740000000000000000e+02
-1.212810287475585938e+02,-5.327737808227539062e+01,5.740000000000000000e+02
-1.206570358276367188e+02,-5.327737808227539062e+01,5.740000000000000000e+02
-1.200330505371093750e+02,-5.327737808227539062e+01,5.740000000000000000e+02
-1.194090652465820312e+02,-5.327737808227539062e+01,5.740000000000000000e+02
-1.187850723266601562e+02,-5.327737808227539062e+01,5.740000000000000000e+02
-1.181610870361328125e+02,-5.327737808227539062e+01,5.740000000000000000e+02
-1.175371017456054688e+02,-5.327737808227539062e+01,5.740000000000000000e+02
-1.169131088256835938e+02,-5.327737808227539062e+01,5.740000000000000000e+02
-1.162891235351562500e+02,-5.327737808227539062e+01,5.740000000000000000e+02
-1.156651382446289062e+02,-5.327737808227539062e+01,5.740000000000000000e+02
-1.150411529541015625e+02,-5.327737808227539062e+01,5.740000000000000000e+02
-1.144171676635742188e+02,-5.327737808227539062e+01,5.740000000000000000e+02
-1.137931823730468750e+02,-5.327737808227539062e+01,5.740000000000000000e+02
-1.133663482666015625e+02,-5.337019729614257812e+01,5.750000000000000000e+02
-1.127412796020507812e+02,-5.337019729614257812e+01,5.750000000000000000e+02
-1.121162033081054688e+02,-5.337019729614257812e+01,5.750000000000000000e+02
-1.116850280761718750e+02,-5.346301269531250000e+01,5.760000000000000000e+02
-1.110588684082031250e+02,-5.346301269531250000e+01,5.760000000000000000e+02
-1.104327087402343750e+02,-5.346301269531250000e+01,5.760000000000000000e+02
-1.099971847534179688e+02,-5.355583190917968750e+01,5.770000000000000000e+02
-1.093699340820312500e+02,-5.355583190917968750e+01,5.770000000000000000e+02
-1.087426910400390625e+02,-5.355583190917968750e+01,5.770000000000000000e+02
-1.083028182983398438e+02,-5.364864730834960938e+01,5.780000000000000000e+02
-1.076744842529296875e+02,-5.364864730834960938e+01,5.780000000000000000e+02
-1.070461425781250000e+02,-5.364864730834960938e+01,5.780000000000000000e+02
-1.064178085327148438e+02,-5.364864730834960938e+01,5.780000000000000000e+02
-1.059725036621093750e+02,-5.374146652221679688e+01,5.790000000000000000e+02
-1.053430786132812500e+02,-5.374146652221679688e+01,5.790000000000000000e+02
-1.047136611938476562e+02,-5.374146652221679688e+01,5.790000000000000000e+02
-1.040842361450195312e+02,-5.374146652221679688e+01,5.790000000000000000e+02
-1.036334915161132812e+02,-5.383428573608398438e+01,5.800000000000000000e+02
-1.030029830932617188e+02,-5.383428573608398438e+01,5.800000000000000000e+02
-1.023724746704101562e+02,-5.383428573608398438e+01,5.800000000000000000e+02
-1.017419662475585938e+02,-5.383428573608398438e+01,5.800000000000000000e+02
-1.011114578247070312e+02,-5.383428573608398438e+01,5.800000000000000000e+02
-1.004809417724609375e+02,-5.383428573608398438e+01,5.800000000000000000e+02
-9.985043334960937500e+01,-5.383428573608398438e+01,5.800000000000000000e+02
-9.921992492675781250e+01,-5.383428573608398438e+01,5.800000000000000000e+02
-9.875939178466796875e+01,-5.392710113525390625e+01,5.810000000000000000e+02
-9.812779998779296875e+01,-5.392710113525390625e+01,5.810000000000000000e+02
-9.749620056152343750e+01,-5.392710113525390625e+01,5.810000000000000000e+02
-9.686460876464843750e+01,-5.392710113525390625e+01,5.810000000000000000e+02
-9.623300933837890625e+01,-5.392710113525390625e+01,5.810000000000000000e+02
-9.576596069335937500e+01,-5.401992034912109375e+01,5.820000000000000000e+02
-9.513327789306640625e+01,-5.401992034912109375e+01,5.820000000000000000e+02
-9.450059509277343750e+01,-5.401992034912109375e+01,5.820000000000000000e+02
-9.386791229248046875e+01,-5.401992034912109375e+01,5.820000000000000000e+02
-9.323522949218750000e+01,-5.401992034912109375e+01,5.820000000000000000e+02
-9.276165771484375000e+01,-5.411273574829101562e+01,5.830000000000000000e+02
-9.212788391113281250e+01,-5.411273574829101562e+01,5.830000000000000000e+02
-9.149411773681640625e+01,-5.411273574829101562e+01,5.830000000000000000e+02
-9.086034393310546875e+01,-5.411273574829101562e+01,5.830000000000000000e+02
-9.022657775878906250e+01,-5.411273574829101562e+01,5.830000000000000000e+02
-8.959280395507812500e+01,-5.411273574829101562e+01,5.830000000000000000e+02
-8.911162567138671875e+01,-5.420555496215820312e+01,5.840000000000000000e+02
-8.847676849365234375e+01,-5.420555496215820312e+01,5.840000000000000000e+02
-8.784191131591796875e+01,-5.420555496215820312e+01,5.840000000000000000e+02
-8.720705413818359375e+01,-5.420555496215820312e+01,5.840000000000000000e+02
-8.657219696044921875e+01,-5.420555496215820312e+01,5.840000000000000000e+02
-8.593733978271484375e+01,-5.420555496215820312e+01,5.840000000000000000e+02
-8.530248260498046875e+01,-5.420555496215820312e+01,5.840000000000000000e+02
-8.466762542724609375e+01,-5.420555496215820312e+01,5.840000000000000000e+02
-8.403276824951171875e+01,-5.420555496215820312e+01,5.840000000000000000e+02
-8.339791107177734375e+01,-5.420555496215820312e+01,5.840000000000000000e+02
-8.290476989746093750e+01,-5.429837417602539062e+01,5.850000000000000000e+02
-8.226882171630859375e+01,-5.429837417602539062e+01,5.850000000000000000e+02
-8.177241516113281250e+01,-5.439118957519531250e+01,5.860000000000000000e+02
-8.113538360595703125e+01,-5.439118957519531250e+01,5.860000000000000000e+02
-8.049835205078125000e+01,-5.439118957519531250e+01,5.860000000000000000e+02
-7.999760437011718750e+01,-5.448400878906250000e+01,5.870000000000000000e+02
-7.935948181152343750e+01,-5.448400878906250000e+01,5.870000000000000000e+02
-7.872136688232421875e+01,-5.448400878906250000e+01,5.870000000000000000e+02
-7.821627044677734375e+01,-5.457682418823242188e+01,5.880000000000000000e+02
-7.757706451416015625e+01,-5.457682418823242188e+01,5.880000000000000000e+02
-7.693785858154296875e+01,-5.457682418823242188e+01,5.880000000000000000e+02
-7.629865264892578125e+01,-5.457682418823242188e+01,5.880000000000000000e+02
-7.565944671630859375e+01,-5.457682418823242188e+01,5.880000000000000000e+02
-7.502024078369140625e+01,-5.457682418823242188e+01,5.880000000000000000e+02
-7.438103485107421875e+01,-5.457682418823242188e+01,5.880000000000000000e+02
-7.374182891845703125e+01,-5.457682418823242188e+01,5.880000000000000000e+02
-7.310262298583984375e+01,-5.457682418823242188e+01,5.880000000000000000e+02
-7.246341705322265625e+01,-5.457682418823242188e+01,5.880000000000000000e+02
-7.182421112060546875e+01,-5.457682418823242188e+01,5.880000000000000000e+02
-7.118500518798828125e+01,-5.457682418823242188e+01,5.880000000000000000e+02
-7.054579925537109375e+01,-5.457682418823242188e+01,5.880000000000000000e+02
-6.990659332275390625e+01,-5.457682418823242188e+01,5.880000000000000000e+02
-0.000000000000000000e+00,-0.000000000000000000e+00,0.000000000000000000e+00
-1.712811431884765625e+02,-5.659753417968750000e+01,6.170000000000000000e+02
-1.706104278564453125e+02,-5.659753417968750000e+01,6.170000000000000000e+02
-1.699396820068359375e+02,-5.659753417968750000e+01,6.170000000000000000e+02
-1.692689666748046875e+02,-5.659753417968750000e+01,6.170000000000000000e+02
-1.685982208251953125e+02,-5.659753417968750000e+01,6.170000000000000000e+02
-1.679274902343750000e+02,-5.659753417968750000e+01,6.170000000000000000e+02
-1.672567596435546875e+02,-5.659753417968750000e+01,6.170000000000000000e+02
-1.665860290527343750e+02,-5.659753417968750000e+01,6.170000000000000000e+02
-1.659152984619140625e+02,-5.659753417968750000e+01,6.170000000000000000e+02
-0.000000000000000000e+00,-0.000000000000000000e+00,0.000000000000000000e+00
-0.000000000000000000e+00,-0.000000000000000000e+00,0.000000000000000000e+00
-0.000000000000000000e+00,-0.000000000000000000e+00,0.000000000000000000e+00
-0.000000000000000000e+00,-0.000000000000000000e+00,0.000000000000000000e+00
-0.000000000000000000e+00,-0.000000000000000000e+00,0.000000000000000000e+00
-0.000000000000000000e+00,-0.000000000000000000e+00,0.000000000000000000e+00
-0.000000000000000000e+00,-0.000000000000000000e+00,0.000000000000000000e+00
-0.000000000000000000e+00,-0.000000000000000000e+00,0.000000000000000000e+00
-0.000000000000000000e+00,-0.000000000000000000e+00,0.000000000000000000e+00
-0.000000000000000000e+00,-0.000000000000000000e+00,0.000000000000000000e+00
-0.000000000000000000e+00,-0.000000000000000000e+00,0.000000000000000000e+00
-0.000000000000000000e+00,-0.000000000000000000e+00,0.000000000000000000e+00
-0.000000000000000000e+00,-0.000000000000000000e+00,0.000000000000000000e+00
-0.000000000000000000e+00,-0.000000000000000000e+00,0.000000000000000000e+00
-0.000000000000000000e+00,-0.000000000000000000e+00,0.000000000000000000e+00
-0.000000000000000000e+00,-0.000000000000000000e+00,0.000000000000000000e+00
-1.434941101074218750e+02,-5.256140518188476562e+01,5.730000000000000000e+02
-1.426218872070312500e+02,-5.246967315673828125e+01,5.720000000000000000e+02
-1.420000762939453125e+02,-5.246967315673828125e+01,5.720000000000000000e+02
-1.413782501220703125e+02,-5.246967315673828125e+01,5.720000000000000000e+02
-1.407564392089843750e+02,-5.246967315673828125e+01,5.720000000000000000e+02
-1.401346282958984375e+02,-5.246967315673828125e+01,5.720000000000000000e+02
-1.395128173828125000e+02,-5.246967315673828125e+01,5.720000000000000000e+02
-1.388910064697265625e+02,-5.246967315673828125e+01,5.720000000000000000e+02
-1.382691955566406250e+02,-5.246967315673828125e+01,5.720000000000000000e+02
-1.376473693847656250e+02,-5.246967315673828125e+01,5.720000000000000000e+02
-1.370255584716796875e+02,-5.246967315673828125e+01,5.720000000000000000e+02
-1.364037475585937500e+02,-5.246967315673828125e+01,5.720000000000000000e+02
-1.357819366455078125e+02,-5.246967315673828125e+01,5.720000000000000000e+02
-1.351601257324218750e+02,-5.246967315673828125e+01,5.720000000000000000e+02
-1.345383148193359375e+02,-5.246967315673828125e+01,5.720000000000000000e+02
-1.339165039062500000e+02,-5.246967315673828125e+01,5.720000000000000000e+02
-1.332946929931640625e+02,-5.246967315673828125e+01,5.720000000000000000e+02
-1.326728820800781250e+02,-5.246967315673828125e+01,5.720000000000000000e+02
-1.320510711669921875e+02,-5.246967315673828125e+01,5.720000000000000000e+02
-1.314292449951171875e+02,-5.246967315673828125e+01,5.720000000000000000e+02
-1.308074340820312500e+02,-5.246967315673828125e+01,5.720000000000000000e+02
-1.301856231689453125e+02,-5.246967315673828125e+01,5.720000000000000000e+02
-1.295638122558593750e+02,-5.246967315673828125e+01,5.720000000000000000e+02
-1.287165832519531250e+02,-5.237794494628906250e+01,5.710000000000000000e+02
-1.280958557128906250e+02,-5.237794494628906250e+01,5.710000000000000000e+02
-1.276983795166015625e+02,-5.246967315673828125e+01,5.720000000000000000e+02
-1.270765686035156250e+02,-5.246967315673828125e+01,5.720000000000000000e+02
-1.264547576904296875e+02,-5.246967315673828125e+01,5.720000000000000000e+02
-1.258329391479492188e+02,-5.246967315673828125e+01,5.720000000000000000e+02
-1.254300308227539062e+02,-5.256140518188476562e+01,5.730000000000000000e+02
-1.248071289062500000e+02,-5.256140518188476562e+01,5.730000000000000000e+02
-1.241842346191406250e+02,-5.256140518188476562e+01,5.730000000000000000e+02
-1.237769699096679688e+02,-5.265313339233398438e+01,5.740000000000000000e+02
-1.231529846191406250e+02,-5.265313339233398438e+01,5.740000000000000000e+02
-1.225289993286132812e+02,-5.265313339233398438e+01,5.740000000000000000e+02
-1.219050140380859375e+02,-5.265313339233398438e+01,5.740000000000000000e+02
-1.212810287475585938e+02,-5.265313339233398438e+01,5.740000000000000000e+02
-1.206570358276367188e+02,-5.265313339233398438e+01,5.740000000000000000e+02
-1.200330505371093750e+02,-5.265313339233398438e+01,5.740000000000000000e+02
-1.194090652465820312e+02,-5.265313339233398438e+01,5.740000000000000000e+02
-1.187850723266601562e+02,-5.265313339233398438e+01,5.740000000000000000e+02
-1.181610870361328125e+02,-5.265313339233398438e+01,5.740000000000000000e+02
-1.175371017456054688e+02,-5.265313339233398438e+01,5.740000000000000000e+02
-1.169131088256835938e+02,-5.265313339233398438e+01,5.740000000000000000e+02
-1.162891235351562500e+02,-5.265313339233398438e+01,5.740000000000000000e+02
-1.156651382446289062e+02,-5.265313339233398438e+01,5.740000000000000000e+02
-1.150411529541015625e+02,-5.265313339233398438e+01,5.740000000000000000e+02
-1.144171676635742188e+02,-5.265313339233398438e+01,5.740000000000000000e+02
-1.137931823730468750e+02,-5.265313339233398438e+01,5.740000000000000000e+02
-1.131691894531250000e+02,-5.265313339233398438e+01,5.740000000000000000e+02
-1.127412796020507812e+02,-5.274486541748046875e+01,5.750000000000000000e+02
-1.121162033081054688e+02,-5.274486541748046875e+01,5.750000000000000000e+02
-1.116850280761718750e+02,-5.283659362792968750e+01,5.760000000000000000e+02
-1.110588684082031250e+02,-5.283659362792968750e+01,5.760000000000000000e+02
-1.104327087402343750e+02,-5.283659362792968750e+01,5.760000000000000000e+02
-1.099971847534179688e+02,-5.292832565307617188e+01,5.770000000000000000e+02
-1.093699340820312500e+02,-5.292832565307617188e+01,5.770000000000000000e+02
-1.087426910400390625e+02,-5.292832565307617188e+01,5.770000000000000000e+02
-1.081154403686523438e+02,-5.292832565307617188e+01,5.770000000000000000e+02
-1.076744842529296875e+02,-5.302005386352539062e+01,5.780000000000000000e+02
-1.070461425781250000e+02,-5.302005386352539062e+01,5.780000000000000000e+02
-1.064178085327148438e+02,-5.302005386352539062e+01,5.780000000000000000e+02
-1.059725036621093750e+02,-5.311178588867187500e+01,5.790000000000000000e+02
-1.053430786132812500e+02,-5.311178588867187500e+01,5.790000000000000000e+02
-1.047136611938476562e+02,-5.311178588867187500e+01,5.790000000000000000e+02
-1.040842361450195312e+02,-5.311178588867187500e+01,5.790000000000000000e+02
-1.034548187255859375e+02,-5.311178588867187500e+01,5.790000000000000000e+02
-1.028253936767578125e+02,-5.311178588867187500e+01,5.790000000000000000e+02
-1.021959686279296875e+02,-5.311178588867187500e+01,5.790000000000000000e+02
-1.017419662475585938e+02,-5.320351409912109375e+01,5.800000000000000000e+02
-1.011114578247070312e+02,-5.320351409912109375e+01,5.800000000000000000e+02
-1.004809417724609375e+02,-5.320351409912109375e+01,5.800000000000000000e+02
-9.985043334960937500e+01,-5.320351409912109375e+01,5.800000000000000000e+02
-9.921992492675781250e+01,-5.320351409912109375e+01,5.800000000000000000e+02
-9.858941650390625000e+01,-5.320351409912109375e+01,5.800000000000000000e+02
-9.812779998779296875e+01,-5.329524612426757812e+01,5.810000000000000000e+02
-9.749620056152343750e+01,-5.329524612426757812e+01,5.810000000000000000e+02
-9.686460876464843750e+01,-5.329524612426757812e+01,5.810000000000000000e+02
-9.623300933837890625e+01,-5.329524612426757812e+01,5.810000000000000000e+02
-9.560141754150390625e+01,-5.329524612426757812e+01,5.810000000000000000e+02
-9.513327789306640625e+01,-5.338697814941406250e+01,5.820000000000000000e+02
-9.450059509277343750e+01,-5.338697814941406250e+01,5.820000000000000000e+02
-9.386791229248046875e+01,-5.338697814941406250e+01,5.820000000000000000e+02
-9.323522949218750000e+01,-5.338697814941406250e+01,5.820000000000000000e+02
-9.276165771484375000e+01,-5.347870635986328125e+01,5.830000000000000000e+02
-9.212788391113281250e+01,-5.347870635986328125e+01,5.830000000000000000e+02
-9.149411773681640625e+01,-5.347870635986328125e+01,5.830000000000000000e+02
-9.086034393310546875e+01,-5.347870635986328125e+01,5.830000000000000000e+02
-9.022657775878906250e+01,-5.347870635986328125e+01,5.830000000000000000e+02
-8.959280395507812500e+01,-5.347870635986328125e+01,5.830000000000000000e+02
-8.895903778076171875e+01,-5.347870635986328125e+01,5.830000000000000000e+02
-8.832526397705078125e+01,-5.347870635986328125e+01,5.830000000000000000e+02
-8.784191131591796875e+01,-5.357043838500976562e+01,5.840000000000000000e+02
-8.720705413818359375e+01,-5.357043838500976562e+01,5.840000000000000000e+02
-8.657219696044921875e+01,-5.357043838500976562e+01,5.840000000000000000e+02
-8.593733978271484375e+01,-5.357043838500976562e+01,5.840000000000000000e+02
-8.530248260498046875e+01,-5.357043838500976562e+01,5.840000000000000000e+02
-8.466762542724609375e+01,-5.357043838500976562e+01,5.840000000000000000e+02
-8.403276824951171875e+01,-5.357043838500976562e+01,5.840000000000000000e+02
-8.339791107177734375e+01,-5.357043838500976562e+01,5.840000000000000000e+02
-8.290476989746093750e+01,-5.366216659545898438e+01,5.850000000000000000e+02
-8.240945434570312500e+01,-5.375389862060546875e+01,5.860000000000000000e+02
-8.177241516113281250e+01,-5.375389862060546875e+01,5.860000000000000000e+02
-8.127384185791015625e+01,-5.384562683105468750e+01,5.870000000000000000e+02
-8.063571929931640625e+01,-5.384562683105468750e+01,5.870000000000000000e+02
-8.013388061523437500e+01,-5.393735885620117188e+01,5.880000000000000000e+02
-7.949468231201171875e+01,-5.393735885620117188e+01,5.880000000000000000e+02
-7.885547637939453125e+01,-5.393735885620117188e+01,5.880000000000000000e+02
-7.821627044677734375e+01,-5.393735885620117188e+01,5.880000000000000000e+02
-7.757706451416015625e+01,-5.393735885620117188e+01,5.880000000000000000e+02
-7.706870269775390625e+01,-5.402908706665039062e+01,5.890000000000000000e+02
-7.642841339111328125e+01,-5.402908706665039062e+01,5.890000000000000000e+02
-7.578811645507812500e+01,-5.402908706665039062e+01,5.890000000000000000e+02
-7.514782714843750000e+01,-5.402908706665039062e+01,5.890000000000000000e+02
-7.450753021240234375e+01,-5.402908706665039062e+01,5.890000000000000000e+02
-7.386724090576171875e+01,-5.402908706665039062e+01,5.890000000000000000e+02
-7.322694396972656250e+01,-5.402908706665039062e+01,5.890000000000000000e+02
-7.246341705322265625e+01,-5.393735885620117188e+01,5.880000000000000000e+02
-7.182421112060546875e+01,-5.393735885620117188e+01,5.880000000000000000e+02
-7.118500518798828125e+01,-5.393735885620117188e+01,5.880000000000000000e+02
-7.054579925537109375e+01,-5.393735885620117188e+01,5.880000000000000000e+02
-0.000000000000000000e+00,-0.000000000000000000e+00,0.000000000000000000e+00
-0.000000000000000000e+00,-0.000000000000000000e+00,0.000000000000000000e+00
-1.748354187011718750e+02,-5.556395721435546875e+01,6.130000000000000000e+02
-1.741690216064453125e+02,-5.556395721435546875e+01,6.130000000000000000e+02
-1.737856903076171875e+02,-5.565459823608398438e+01,6.140000000000000000e+02
-1.731182098388671875e+02,-5.565459823608398438e+01,6.140000000000000000e+02
-1.727316131591796875e+02,-5.574523925781250000e+01,6.150000000000000000e+02
-1.720630493164062500e+02,-5.574523925781250000e+01,6.150000000000000000e+02
-1.716731872558593750e+02,-5.583588409423828125e+01,6.160000000000000000e+02
-1.710035400390625000e+02,-5.583588409423828125e+01,6.160000000000000000e+02
-1.706104278564453125e+02,-5.592652511596679688e+01,6.170000000000000000e+02
-0.000000000000000000e+00,-0.000000000000000000e+00,0.000000000000000000e+00
-0.000000000000000000e+00,-0.000000000000000000e+00,0.000000000000000000e+00
-0.000000000000000000e+00,-0.000000000000000000e+00,0.000000000000000000e+00
-0.000000000000000000e+00,-0.000000000000000000e+00,0.000000000000000000e+00
-0.000000000000000000e+00,-0.000000000000000000e+00,0.000000000000000000e+00
-0.000000000000000000e+00,-0.000000000000000000e+00,0.000000000000000000e+00
-0.000000000000000000e+00,-0.000000000000000000e+00,0.000000000000000000e+00
-0.000000000000000000e+00,-0.000000000000000000e+00,0.000000000000000000e+00
-0.000000000000000000e+00,-0.000000000000000000e+00,0.000000000000000000e+00
-0.000000000000000000e+00,-0.000000000000000000e+00,0.000000000000000000e+00
-0.000000000000000000e+00,-0.000000000000000000e+00,0.000000000000000000e+00
-0.000000000000000000e+00,-0.000000000000000000e+00,0.000000000000000000e+00
-0.000000000000000000e+00,-0.000000000000000000e+00,0.000000000000000000e+00
-0.000000000000000000e+00,-0.000000000000000000e+00,0.000000000000000000e+00
-0.000000000000000000e+00,-0.000000000000000000e+00,0.000000000000000000e+00
-0.000000000000000000e+00,-0.000000000000000000e+00,0.000000000000000000e+00
-0.000000000000000000e+00,-0.000000000000000000e+00,0.000000000000000000e+00
-0.000000000000000000e+00,-0.000000000000000000e+00,0.000000000000000000e+00
-0.000000000000000000e+00,-0.000000000000000000e+00,0.000000000000000000e+00
-0.000000000000000000e+00,-0.000000000000000000e+00,0.000000000000000000e+00
-0.000000000000000000e+00,-0.000000000000000000e+00,0.000000000000000000e+00
-0.000000000000000000e+00,-0.000000000000000000e+00,0.000000000000000000e+00
-1.441170196533203125e+02,-5.193824768066406250e+01,5.730000000000000000e+02
-1.434941101074218750e+02,-5.193824768066406250e+01,5.730000000000000000e+02
-1.426218872070312500e+02,-5.184760665893554688e+01,5.720000000000000000e+02
-1.420000762939453125e+02,-5.184760665893554688e+01,5.720000000000000000e+02
-1.413782501220703125e+02,-5.184760665893554688e+01,5.720000000000000000e+02
-1.407564392089843750e+02,-5.184760665893554688e+01,5.720000000000000000e+02
-1.401346282958984375e+02,-5.184760665893554688e+01,5.720000000000000000e+02
-1.395128173828125000e+02,-5.184760665893554688e+01,5.720000000000000000e+02
-1.388910064697265625e+02,-5.184760665893554688e+01,5.720000000000000000e+02
-1.382691955566406250e+02,-5.184760665893554688e+01,5.720000000000000000e+02
-1.376473693847656250e+02,-5.184760665893554688e+01,5.720000000000000000e+02
-1.370255584716796875e+02,-5.184760665893554688e+01,5.720000000000000000e+02
-1.364037475585937500e+02,-5.184760665893554688e+01,5.720000000000000000e+02
-1.357819366455078125e+02,-5.184760665893554688e+01,5.720000000000000000e+02
-1.351601257324218750e+02,-5.184760665893554688e+01,5.720000000000000000e+02
-1.345383148193359375e+02,-5.184760665893554688e+01,5.720000000000000000e+02
-1.341506195068359375e+02,-5.193824768066406250e+01,5.730000000000000000e+02
-1.332946929931640625e+02,-5.184760665893554688e+01,5.720000000000000000e+02
-1.326728820800781250e+02,-5.184760665893554688e+01,5.720000000000000000e+02
-1.320510711669921875e+02,-5.184760665893554688e+01,5.720000000000000000e+02
-1.314292449951171875e+02,-5.184760665893554688e+01,5.720000000000000000e+02
-1.308074340820312500e+02,-5.184760665893554688e+01,5.720000000000000000e+02
-1.301856231689453125e+02,-5.184760665893554688e+01,5.720000000000000000e+02
-1.293373107910156250e+02,-5.175696182250976562e+01,5.710000000000000000e+02
-1.287165832519531250e+02,-5.175696182250976562e+01,5.710000000000000000e+02
-1.280958557128906250e+02,-5.175696182250976562e+01,5.710000000000000000e+02
-1.276983795166015625e+02,-5.184760665893554688e+01,5.720000000000000000e+02
-1.270765686035156250e+02,-5.184760665893554688e+01,5.720000000000000000e+02
-1.264547576904296875e+02,-5.184760665893554688e+01,5.720000000000000000e+02
-1.258329391479492188e+02,-5.184760665893554688e+01,5.720000000000000000e+02
-1.254300308227539062e+02,-5.193824768066406250e+01,5.730000000000000000e+02
-1.248071289062500000e+02,-5.193824768066406250e+01,5.730000000000000000e+02
-1.244009552001953125e+02,-5.202889251708984375e+01,5.740000000000000000e+02
-1.237769699096679688e+02,-5.202889251708984375e+01,5.740000000000000000e+02
-1.231529846191406250e+02,-5.202889251708984375e+01,5.740000000000000000e+02
-1.227424621582031250e+02,-5.211953353881835938e+01,5.750000000000000000e+02
-1.219050140380859375e+02,-5.202889251708984375e+01,5.740000000000000000e+02
-1.214923171997070312e+02,-5.211953353881835938e+01,5.750000000000000000e+02
-1.208672409057617188e+02,-5.211953353881835938e+01,5.750000000000000000e+02
-1.202421722412109375e+02,-5.211953353881835938e+01,5.750000000000000000e+02
-1.194090652465820312e+02,-5.202889251708984375e+01,5.740000000000000000e+02
-1.187850723266601562e+02,-5.202889251708984375e+01,5.740000000000000000e+02
-1.181610870361328125e+02,-5.202889251708984375e+01,5.740000000000000000e+02
-1.175371017456054688e+02,-5.202889251708984375e+01,5.740000000000000000e+02
-1.169131088256835938e+02,-5.202889251708984375e+01,5.740000000000000000e+02
-1.162891235351562500e+02,-5.202889251708984375e+01,5.740000000000000000e+02
-1.156651382446289062e+02,-5.202889251708984375e+01,5.740000000000000000e+02
-1.150411529541015625e+02,-5.202889251708984375e+01,5.740000000000000000e+02
-1.144171676635742188e+02,-5.202889251708984375e+01,5.740000000000000000e+02
-1.137931823730468750e+02,-5.202889251708984375e+01,5.740000000000000000e+02
-1.131691894531250000e+02,-5.202889251708984375e+01,5.740000000000000000e+02
-1.127412796020507812e+02,-5.211953353881835938e+01,5.750000000000000000e+02
-1.121162033081054688e+02,-5.211953353881835938e+01,5.750000000000000000e+02
-1.116850280761718750e+02,-5.221017837524414062e+01,5.760000000000000000e+02
-1.110588684082031250e+02,-5.221017837524414062e+01,5.760000000000000000e+02
-1.104327087402343750e+02,-5.221017837524414062e+01,5.760000000000000000e+02
-1.098065490722656250e+02,-5.221017837524414062e+01,5.760000000000000000e+02
-1.093699340820312500e+02,-5.230081939697265625e+01,5.770000000000000000e+02
-1.087426910400390625e+02,-5.230081939697265625e+01,5.770000000000000000e+02
-1.081154403686523438e+02,-5.230081939697265625e+01,5.770000000000000000e+02
-1.076744842529296875e+02,-5.239146041870117188e+01,5.780000000000000000e+02
-1.070461425781250000e+02,-5.239146041870117188e+01,5.780000000000000000e+02
-1.064178085327148438e+02,-5.239146041870117188e+01,5.780000000000000000e+02
-1.057894744873046875e+02,-5.239146041870117188e+01,5.780000000000000000e+02
-1.051611404418945312e+02,-5.239146041870117188e+01,5.780000000000000000e+02
-1.047136611938476562e+02,-5.248210525512695312e+01,5.790000000000000000e+02
-1.040842361450195312e+02,-5.248210525512695312e+01,5.790000000000000000e+02
-1.034548187255859375e+02,-5.248210525512695312e+01,5.790000000000000000e+02
-1.028253936767578125e+02,-5.248210525512695312e+01,5.790000000000000000e+02
-1.021959686279296875e+02,-5.248210525512695312e+01,5.790000000000000000e+02
-1.015665512084960938e+02,-5.248210525512695312e+01,5.790000000000000000e+02
-1.009371261596679688e+02,-5.248210525512695312e+01,5.790000000000000000e+02
-1.004809417724609375e+02,-5.257274627685546875e+01,5.800000000000000000e+02
-9.985043334960937500e+01,-5.257274627685546875e+01,5.800000000000000000e+02
-9.921992492675781250e+01,-5.257274627685546875e+01,5.800000000000000000e+02
-9.858941650390625000e+01,-5.257274627685546875e+01,5.800000000000000000e+02
-9.812779998779296875e+01,-5.266339111328125000e+01,5.810000000000000000e+02
-9.749620056152343750e+01,-5.266339111328125000e+01,5.810000000000000000e+02
-9.686460876464843750e+01,-5.266339111328125000e+01,5.810000000000000000e+02
-9.623300933837890625e+01,-5.266339111328125000e+01,5.810000000000000000e+02
-9.560141754150390625e+01,-5.266339111328125000e+01,5.810000000000000000e+02
-9.496981811523437500e+01,-5.266339111328125000e+01,5.810000000000000000e+02
-9.450059509277343750e+01,-5.275403213500976562e+01,5.820000000000000000e+02
-9.386791229248046875e+01,-5.275403213500976562e+01,5.820000000000000000e+02
-9.323522949218750000e+01,-5.275403213500976562e+01,5.820000000000000000e+02
-9.260254669189453125e+01,-5.275403213500976562e+01,5.820000000000000000e+02
-9.212788391113281250e+01,-5.284467697143554688e+01,5.830000000000000000e+02
-9.149411773681640625e+01,-5.284467697143554688e+01,5.830000000000000000e+02
-9.086034393310546875e+01,-5.284467697143554688e+01,5.830000000000000000e+02
-9.022657775878906250e+01,-5.284467697143554688e+01,5.830000000000000000e+02
-8.959280395507812500e+01,-5.284467697143554688e+01,5.830000000000000000e+02
-8.895903778076171875e+01,-5.284467697143554688e+01,5.830000000000000000e+02
-8.832526397705078125e+01,-5.284467697143554688e+01,5.830000000000000000e+02
-8.784191131591796875e+01,-5.293531799316406250e+01,5.840000000000000000e+02
-8.720705413818359375e+01,-5.293531799316406250e+01,5.840000000000000000e+02
-8.657219696044921875e+01,-5.293531799316406250e+01,5.840000000000000000e+02
-8.593733978271484375e+01,-5.293531799316406250e+01,5.840000000000000000e+02
-8.530248260498046875e+01,-5.293531799316406250e+01,5.840000000000000000e+02
-8.481259918212890625e+01,-5.302596282958984375e+01,5.850000000000000000e+02
-8.417665863037109375e+01,-5.302596282958984375e+01,5.850000000000000000e+02
-8.368351745605468750e+01,-5.311660385131835938e+01,5.860000000000000000e+02
-8.304648590087890625e+01,-5.311660385131835938e+01,5.860000000000000000e+02
-8.255008697509765625e+01,-5.320724487304687500e+01,5.870000000000000000e+02
-8.191195678710937500e+01,-5.320724487304687500e+01,5.870000000000000000e+02
-8.127384185791015625e+01,-5.320724487304687500e+01,5.870000000000000000e+02
-8.077308654785156250e+01,-5.329788970947265625e+01,5.880000000000000000e+02
-8.013388061523437500e+01,-5.329788970947265625e+01,5.880000000000000000e+02
-7.949468231201171875e+01,-5.329788970947265625e+01,5.880000000000000000e+02
-7.898957824707031250e+01,-5.338853073120117188e+01,5.890000000000000000e+02
-7.834928894042968750e+01,-5.338853073120117188e+01,5.890000000000000000e+02
-7.770899200439453125e+01,-5.338853073120117188e+01,5.890000000000000000e+02
-7.706870269775390625e+01,-5.338853073120117188e+01,5.890000000000000000e+02
-7.642841339111328125e+01,-5.338853073120117188e+01,5.890000000000000000e+02
-7.578811645507812500e+01,-5.338853073120117188e+01,5.890000000000000000e+02
-7.514782714843750000e+01,-5.338853073120117188e+01,5.890000000000000000e+02
-7.450753021240234375e+01,-5.338853073120117188e+01,5.890000000000000000e+02
-7.386724090576171875e+01,-5.338853073120117188e+01,5.890000000000000000e+02
-7.322694396972656250e+01,-5.338853073120117188e+01,5.890000000000000000e+02
-7.258665466308593750e+01,-5.338853073120117188e+01,5.890000000000000000e+02
-7.194635772705078125e+01,-5.338853073120117188e+01,5.890000000000000000e+02
-7.130606842041015625e+01,-5.338853073120117188e+01,5.890000000000000000e+02
-0.000000000000000000e+00,-0.000000000000000000e+00,0.000000000000000000e+00
-0.000000000000000000e+00,-0.000000000000000000e+00,0.000000000000000000e+00
-1.848311767578125000e+02,-5.489730072021484375e+01,6.130000000000000000e+02
-1.841647796630859375e+02,-5.489730072021484375e+01,6.130000000000000000e+02
-1.834983978271484375e+02,-5.489730072021484375e+01,6.130000000000000000e+02
-1.825337524414062500e+02,-5.480774307250976562e+01,6.120000000000000000e+02
-1.818684692382812500e+02,-5.480774307250976562e+01,6.120000000000000000e+02
-1.812031555175781250e+02,-5.480774307250976562e+01,6.120000000000000000e+02
-1.805378723144531250e+02,-5.480774307250976562e+01,6.120000000000000000e+02
-1.798725738525390625e+02,-5.480774307250976562e+01,6.120000000000000000e+02
-1.792072906494140625e+02,-5.480774307250976562e+01,6.120000000000000000e+02
-1.785419769287109375e+02,-5.480774307250976562e+01,6.120000000000000000e+02
-1.778766784667968750e+02,-5.480774307250976562e+01,6.120000000000000000e+02
-1.772113952636718750e+02,-5.480774307250976562e+01,6.120000000000000000e+02
-1.765460815429687500e+02,-5.480774307250976562e+01,6.120000000000000000e+02
-1.758807983398437500e+02,-5.480774307250976562e+01,6.120000000000000000e+02
-1.752154998779296875e+02,-5.480774307250976562e+01,6.120000000000000000e+02
-1.745502014160156250e+02,-5.480774307250976562e+01,6.120000000000000000e+02
-0.000000000000000000e+00,-0.000000000000000000e+00,0.000000000000000000e+00
-0.000000000000000000e+00,-0.000000000000000000e+00,0.000000000000000000e+00
-0.000000000000000000e+00,-0.000000000000000000e+00,0.000000000000000000e+00
-0.000000000000000000e+00,-0.000000000000000000e+00,0.000000000000000000e+00
-0.000000000000000000e+00,-0.000000000000000000e+00,0.000000000000000000e+00
-0.000000000000000000e+00,-0.000000000000000000e+00,0.000000000000000000e+00
-0.000000000000000000e+00,-0.000000000000000000e+00,0.000000000000000000e+00
-0.000000000000000000e+00,-0.000000000000000000e+00,0.000000000000000000e+00
-0.000000000000000000e+00,-0.000000000000000000e+00,0.000000000000000000e+00
-0.000000000000000000e+00,-0.000000000000000000e+00,0.000000000000000000e+00
-0.000000000000000000e+00,-0.000000000000000000e+00,0.000000000000000000e+00
-0.000000000000000000e+00,-0.000000000000000000e+00,0.000000000000000000e+00
-0.000000000000000000e+00,-0.000000000000000000e+00,0.000000000000000000e+00
-0.000000000000000000e+00,-0.000000000000000000e+00,0.000000000000000000e+00
-0.000000000000000000e+00,-0.000000000000000000e+00,0.000000000000000000e+00
-0.000000000000000000e+00,-0.000000000000000000e+00,0.000000000000000000e+00
-0.000000000000000000e+00,-0.000000000000000000e+00,0.000000000000000000e+00
-0.000000000000000000e+00,-0.000000000000000000e+00,0.000000000000000000e+00
-0.000000000000000000e+00,-0.000000000000000000e+00,0.000000000000000000e+00
-0.000000000000000000e+00,-0.000000000000000000e+00,0.000000000000000000e+00
-0.000000000000000000e+00,-0.000000000000000000e+00,0.000000000000000000e+00
-0.000000000000000000e+00,-0.000000000000000000e+00,0.000000000000000000e+00
-0.000000000000000000e+00,-0.000000000000000000e+00,0.000000000000000000e+00
-0.000000000000000000e+00,-0.000000000000000000e+00,0.000000000000000000e+00
-0.000000000000000000e+00,-0.000000000000000000e+00,0.000000000000000000e+00
-0.000000000000000000e+00,-0.000000000000000000e+00,0.000000000000000000e+00
-0.000000000000000000e+00,-0.000000000000000000e+00,0.000000000000000000e+00
-0.000000000000000000e+00,-0.000000000000000000e+00,0.000000000000000000e+00
-1.456165008544921875e+02,-5.140464782714843750e+01,5.740000000000000000e+02
-1.449925079345703125e+02,-5.140464782714843750e+01,5.740000000000000000e+02
-1.441170196533203125e+02,-5.131509399414062500e+01,5.730000000000000000e+02
-1.434941101074218750e+02,-5.131509399414062500e+01,5.730000000000000000e+02
-1.426218872070312500e+02,-5.122554016113281250e+01,5.720000000000000000e+02
-1.420000762939453125e+02,-5.122554016113281250e+01,5.720000000000000000e+02
-1.413782501220703125e+02,-5.122554016113281250e+01,5.720000000000000000e+02
-1.407564392089843750e+02,-5.122554016113281250e+01,5.720000000000000000e+02
-1.401346282958984375e+02,-5.122554016113281250e+01,5.720000000000000000e+02
-1.395128173828125000e+02,-5.122554016113281250e+01,5.720000000000000000e+02
-1.388910064697265625e+02,-5.122554016113281250e+01,5.720000000000000000e+02
-1.382691955566406250e+02,-5.122554016113281250e+01,5.720000000000000000e+02
-1.376473693847656250e+02,-5.122554016113281250e+01,5.720000000000000000e+02
-1.370255584716796875e+02,-5.122554016113281250e+01,5.720000000000000000e+02
-1.364037475585937500e+02,-5.122554016113281250e+01,5.720000000000000000e+02
-1.357819366455078125e+02,-5.122554016113281250e+01,5.720000000000000000e+02
-1.351601257324218750e+02,-5.122554016113281250e+01,5.720000000000000000e+02
-1.347735137939453125e+02,-5.131509399414062500e+01,5.730000000000000000e+02
-1.341506195068359375e+02,-5.131509399414062500e+01,5.730000000000000000e+02
-1.332946929931640625e+02,-5.122554016113281250e+01,5.720000000000000000e+02
-1.326728820800781250e+02,-5.122554016113281250e+01,5.720000000000000000e+02
-1.320510711669921875e+02,-5.122554016113281250e+01,5.720000000000000000e+02
-1.314292449951171875e+02,-5.122554016113281250e+01,5.720000000000000000e+02
-1.308074340820312500e+02,-5.122554016113281250e+01,5.720000000000000000e+02
-1.299580230712890625e+02,-5.113598251342773438e+01,5.710000000000000000e+02
-1.293373107910156250e+02,-5.113598251342773438e+01,5.710000000000000000e+02
-1.287165832519531250e+02,-5.113598251342773438e+01,5.710000000000000000e+02
-1.280958557128906250e+02,-5.113598251342773438e+01,5.710000000000000000e+02
-1.274751281738281250e+02,-5.113598251342773438e+01,5.710000000000000000e+02
-1.270765686035156250e+02,-5.122554016113281250e+01,5.720000000000000000e+02
-1.264547576904296875e+02,-5.122554016113281250e+01,5.720000000000000000e+02
-1.260529327392578125e+02,-5.131509399414062500e+01,5.730000000000000000e+02
-1.254300308227539062e+02,-5.131509399414062500e+01,5.730000000000000000e+02
-1.250249481201171875e+02,-5.140464782714843750e+01,5.740000000000000000e+02
-1.244009552001953125e+02,-5.140464782714843750e+01,5.740000000000000000e+02
-1.237769699096679688e+02,-5.140464782714843750e+01,5.740000000000000000e+02
-1.233675384521484375e+02,-5.149420547485351562e+01,5.750000000000000000e+02
-1.227424621582031250e+02,-5.149420547485351562e+01,5.750000000000000000e+02
-1.221173934936523438e+02,-5.149420547485351562e+01,5.750000000000000000e+02
-1.214923171997070312e+02,-5.149420547485351562e+01,5.750000000000000000e+02
-1.208672409057617188e+02,-5.149420547485351562e+01,5.750000000000000000e+02
-1.202421722412109375e+02,-5.149420547485351562e+01,5.750000000000000000e+02
-1.196170959472656250e+02,-5.149420547485351562e+01,5.750000000000000000e+02
-1.189920120239257812e+02,-5.149420547485351562e+01,5.750000000000000000e+02
-1.181610870361328125e+02,-5.140464782714843750e+01,5.740000000000000000e+02
-1.175371017456054688e+02,-5.140464782714843750e+01,5.740000000000000000e+02
-1.169131088256835938e+02,-5.140464782714843750e+01,5.740000000000000000e+02
-1.162891235351562500e+02,-5.140464782714843750e+01,5.740000000000000000e+02
-1.156651382446289062e+02,-5.140464782714843750e+01,5.740000000000000000e+02
-1.150411529541015625e+02,-5.140464782714843750e+01,5.740000000000000000e+02
-1.144171676635742188e+02,-5.140464782714843750e+01,5.740000000000000000e+02
-1.137931823730468750e+02,-5.140464782714843750e+01,5.740000000000000000e+02
-1.131691894531250000e+02,-5.140464782714843750e+01,5.740000000000000000e+02
-1.127412796020507812e+02,-5.149420547485351562e+01,5.750000000000000000e+02
-1.121162033081054688e+02,-5.149420547485351562e+01,5.750000000000000000e+02
-1.114911346435546875e+02,-5.149420547485351562e+01,5.750000000000000000e+02
-1.110588684082031250e+02,-5.158375930786132812e+01,5.760000000000000000e+02
-1.104327087402343750e+02,-5.158375930786132812e+01,5.760000000000000000e+02
-1.098065490722656250e+02,-5.158375930786132812e+01,5.760000000000000000e+02
-1.093699340820312500e+02,-5.167331314086914062e+01,5.770000000000000000e+02
-1.087426910400390625e+02,-5.167331314086914062e+01,5.770000000000000000e+02
-1.081154403686523438e+02,-5.167331314086914062e+01,5.770000000000000000e+02
-1.074881896972656250e+02,-5.167331314086914062e+01,5.770000000000000000e+02
-1.070461425781250000e+02,-5.176287078857421875e+01,5.780000000000000000e+02
-1.064178085327148438e+02,-5.176287078857421875e+01,5.780000000000000000e+02
-1.057894744873046875e+02,-5.176287078857421875e+01,5.780000000000000000e+02
-1.051611404418945312e+02,-5.176287078857421875e+01,5.780000000000000000e+02
-1.045328063964843750e+02,-5.176287078857421875e+01,5.780000000000000000e+02
-1.040842361450195312e+02,-5.185242462158203125e+01,5.790000000000000000e+02
-1.034548187255859375e+02,-5.185242462158203125e+01,5.790000000000000000e+02
-1.028253936767578125e+02,-5.185242462158203125e+01,5.790000000000000000e+02
-1.021959686279296875e+02,-5.185242462158203125e+01,5.790000000000000000e+02
-1.015665512084960938e+02,-5.185242462158203125e+01,5.790000000000000000e+02
-1.009371261596679688e+02,-5.185242462158203125e+01,5.790000000000000000e+02
-1.003077011108398438e+02,-5.185242462158203125e+01,5.790000000000000000e+02
-9.985043334960937500e+01,-5.194197845458984375e+01,5.800000000000000000e+02
-9.921992492675781250e+01,-5.194197845458984375e+01,5.800000000000000000e+02
-9.858941650390625000e+01,-5.194197845458984375e+01,5.800000000000000000e+02
-9.795890808105468750e+01,-5.194197845458984375e+01,5.800000000000000000e+02
-9.749620056152343750e+01,-5.203153610229492188e+01,5.810000000000000000e+02
-9.686460876464843750e+01,-5.203153610229492188e+01,5.810000000000000000e+02
-9.623300933837890625e+01,-5.203153610229492188e+01,5.810000000000000000e+02
-9.560141754150390625e+01,-5.203153610229492188e+01,5.810000000000000000e+02
-9.496981811523437500e+01,-5.203153610229492188e+01,5.810000000000000000e+02
-9.433822631835937500e+01,-5.203153610229492188e+01,5.810000000000000000e+02
-9.386791229248046875e+01,-5.212108993530273438e+01,5.820000000000000000e+02
-9.323522949218750000e+01,-5.212108993530273438e+01,5.820000000000000000e+02
-9.260254669189453125e+01,-5.212108993530273438e+01,5.820000000000000000e+02
-9.196986389160156250e+01,-5.212108993530273438e+01,5.820000000000000000e+02
-9.133718109130859375e+01,-5.212108993530273438e+01,5.820000000000000000e+02
-9.086034393310546875e+01,-5.221064376831054688e+01,5.830000000000000000e+02
-9.022657775878906250e+01,-5.221064376831054688e+01,5.830000000000000000e+02
-8.959280395507812500e+01,-5.221064376831054688e+01,5.830000000000000000e+02
-8.895903778076171875e+01,-5.221064376831054688e+01,5.830000000000000000e+02
-8.847676849365234375e+01,-5.230020141601562500e+01,5.840000000000000000e+02
-8.784191131591796875e+01,-5.230020141601562500e+01,5.840000000000000000e+02
-8.720705413818359375e+01,-5.230020141601562500e+01,5.840000000000000000e+02
-8.657219696044921875e+01,-5.230020141601562500e+01,5.840000000000000000e+02
-8.608448791503906250e+01,-5.238975524902343750e+01,5.850000000000000000e+02
-8.544854736328125000e+01,-5.238975524902343750e+01,5.850000000000000000e+02
-8.481259918212890625e+01,-5.238975524902343750e+01,5.850000000000000000e+02
-8.432054901123046875e+01,-5.247930908203125000e+01,5.860000000000000000e+02
-8.382632446289062500e+01,-5.256886672973632812e+01,5.870000000000000000e+02
-8.318820190429687500e+01,-5.256886672973632812e+01,5.870000000000000000e+02
-8.255008697509765625e+01,-5.256886672973632812e+01,5.870000000000000000e+02
-8.205149841308593750e+01,-5.265842056274414062e+01,5.880000000000000000e+02
-8.141229248046875000e+01,-5.265842056274414062e+01,5.880000000000000000e+02
-8.077308654785156250e+01,-5.265842056274414062e+01,5.880000000000000000e+02
-8.027016448974609375e+01,-5.274797439575195312e+01,5.890000000000000000e+02
-7.962987518310546875e+01,-5.274797439575195312e+01,5.890000000000000000e+02
-7.898957824707031250e+01,-5.274797439575195312e+01,5.890000000000000000e+02
-7.834928894042968750e+01,-5.274797439575195312e+01,5.890000000000000000e+02
-7.770899200439453125e+01,-5.274797439575195312e+01,5.890000000000000000e+02
-7.706870269775390625e+01,-5.274797439575195312e+01,5.890000000000000000e+02
-7.642841339111328125e+01,-5.274797439575195312e+01,5.890000000000000000e+02
-7.591678619384765625e+01,-5.283753204345703125e+01,5.900000000000000000e+02
-7.527541351318359375e+01,-5.283753204345703125e+01,5.900000000000000000e+02
-7.463403320312500000e+01,-5.283753204345703125e+01,5.900000000000000000e+02
-7.386724090576171875e+01,-5.274797439575195312e+01,5.890000000000000000e+02
-7.322694396972656250e+01,-5.274797439575195312e+01,5.890000000000000000e+02
-7.258665466308593750e+01,-5.274797439575195312e+01,5.890000000000000000e+02
-7.194635772705078125e+01,-5.274797439575195312e+01,5.890000000000000000e+02
-7.130606842041015625e+01,-5.274797439575195312e+01,5.890000000000000000e+02
-0.000000000000000000e+00,-0.000000000000000000e+00,0.000000000000000000e+00
-0.000000000000000000e+00,-0.000000000000000000e+00,0.000000000000000000e+00
-1.854975433349609375e+02,-5.423063659667968750e+01,6.130000000000000000e+02
-1.848311767578125000e+02,-5.423063659667968750e+01,6.130000000000000000e+02
-1.841647796630859375e+02,-5.423063659667968750e+01,6.130000000000000000e+02
-1.831990661621093750e+02,-5.414216995239257812e+01,6.120000000000000000e+02
-1.825337524414062500e+02,-5.414216995239257812e+01,6.120000000000000000e+02
-1.818684692382812500e+02,-5.414216995239257812e+01,6.120000000000000000e+02
-1.812031555175781250e+02,-5.414216995239257812e+01,6.120000000000000000e+02
-1.805378723144531250e+02,-5.414216995239257812e+01,6.120000000000000000e+02
-1.798725738525390625e+02,-5.414216995239257812e+01,6.120000000000000000e+02
-1.792072906494140625e+02,-5.414216995239257812e+01,6.120000000000000000e+02
-1.785419769287109375e+02,-5.414216995239257812e+01,6.120000000000000000e+02
-1.778766784667968750e+02,-5.414216995239257812e+01,6.120000000000000000e+02
-1.772113952636718750e+02,-5.414216995239257812e+01,6.120000000000000000e+02
-1.765460815429687500e+02,-5.414216995239257812e+01,6.120000000000000000e+02
-1.758807983398437500e+02,-5.414216995239257812e+01,6.120000000000000000e+02
-1.752154998779296875e+02,-5.414216995239257812e+01,6.120000000000000000e+02
-1.745502014160156250e+02,-5.414216995239257812e+01,6.120000000000000000e+02
-1.738849029541015625e+02,-5.414216995239257812e+01,6.120000000000000000e+02
-1.735026550292968750e+02,-5.423063659667968750e+01,6.130000000000000000e+02
-0.000000000000000000e+00,-0.000000000000000000e+00,0.000000000000000000e+00
-0.000000000000000000e+00,-0.000000000000000000e+00,0.000000000000000000e+00
-0.000000000000000000e+00,-0.000000000000000000e+00,0.000000000000000000e+00
-0.000000000000000000e+00,-0.000000000000000000e+00,0.000000000000000000e+00
-0.000000000000000000e+00,-0.000000000000000000e+00,0.000000000000000000e+00
-0.000000000000000000e+00,-0.000000000000000000e+00,0.000000000000000000e+00
-0.000000000000000000e+00,-0.000000000000000000e+00,0.000000000000000000e+00
-0.000000000000000000e+00,-0.000000000000000000e+00,0.000000000000000000e+00
-0.000000000000000000e+00,-0.000000000000000000e+00,0.000000000000000000e+00
-0.000000000000000000e+00,-0.000000000000000000e+00,0.000000000000000000e+00
-0.000000000000000000e+00,-0.000000000000000000e+00,0.000000000000000000e+00
-0.000000000000000000e+00,-0.000000000000000000e+00,0.000000000000000000e+00
-0.000000000000000000e+00,-0.000000000000000000e+00,0.000000000000000000e+00
-0.000000000000000000e+00,-0.000000000000000000e+00,0.000000000000000000e+00
-0.000000000000000000e+00,-0.000000000000000000e+00,0.000000000000000000e+00
-0.000000000000000000e+00,-0.000000000000000000e+00,0.000000000000000000e+00
-0.000000000000000000e+00,-0.000000000000000000e+00,0.000000000000000000e+00
-0.000000000000000000e+00,-0.000000000000000000e+00,0.000000000000000000e+00
-0.000000000000000000e+00,-0.000000000000000000e+00,0.000000000000000000e+00
-0.000000000000000000e+00,-0.000000000000000000e+00,0.000000000000000000e+00
-0.000000000000000000e+00,-0.000000000000000000e+00,0.000000000000000000e+00
-0.000000000000000000e+00,-0.000000000000000000e+00,0.000000000000000000e+00
-1.481124572753906250e+02,-5.078040313720703125e+01,5.740000000000000000e+02
-1.474884490966796875e+02,-5.078040313720703125e+01,5.740000000000000000e+02
-1.468644714355468750e+02,-5.078040313720703125e+01,5.740000000000000000e+02
-1.462404785156250000e+02,-5.078040313720703125e+01,5.740000000000000000e+02
-1.453628234863281250e+02,-5.069193267822265625e+01,5.730000000000000000e+02
-1.447399139404296875e+02,-5.069193267822265625e+01,5.730000000000000000e+02
-1.441170196533203125e+02,-5.069193267822265625e+01,5.730000000000000000e+02
-1.432436828613281250e+02,-5.060346603393554688e+01,5.720000000000000000e+02
-1.426218872070312500e+02,-5.060346603393554688e+01,5.720000000000000000e+02
-1.420000762939453125e+02,-5.060346603393554688e+01,5.720000000000000000e+02
-1.413782501220703125e+02,-5.060346603393554688e+01,5.720000000000000000e+02
-1.407564392089843750e+02,-5.060346603393554688e+01,5.720000000000000000e+02
-1.401346282958984375e+02,-5.060346603393554688e+01,5.720000000000000000e+02
-1.395128173828125000e+02,-5.060346603393554688e+01,5.720000000000000000e+02
-1.388910064697265625e+02,-5.060346603393554688e+01,5.720000000000000000e+02
-1.382691955566406250e+02,-5.060346603393554688e+01,5.720000000000000000e+02
-1.376473693847656250e+02,-5.060346603393554688e+01,5.720000000000000000e+02
-1.370255584716796875e+02,-5.060346603393554688e+01,5.720000000000000000e+02
-1.364037475585937500e+02,-5.060346603393554688e+01,5.720000000000000000e+02
-1.357819366455078125e+02,-5.060346603393554688e+01,5.720000000000000000e+02
-1.353964233398437500e+02,-5.069193267822265625e+01,5.730000000000000000e+02
-1.347735137939453125e+02,-5.069193267822265625e+01,5.730000000000000000e+02
-1.341506195068359375e+02,-5.069193267822265625e+01,5.730000000000000000e+02
-1.335277252197265625e+02,-5.069193267822265625e+01,5.730000000000000000e+02
-1.326728820800781250e+02,-5.060346603393554688e+01,5.720000000000000000e+02
-1.320510711669921875e+02,-5.060346603393554688e+01,5.720000000000000000e+02
-1.314292449951171875e+02,-5.060346603393554688e+01,5.720000000000000000e+02
-1.308074340820312500e+02,-5.060346603393554688e+01,5.720000000000000000e+02
-1.301856231689453125e+02,-5.060346603393554688e+01,5.720000000000000000e+02
-1.295638122558593750e+02,-5.060346603393554688e+01,5.720000000000000000e+02
-1.287165832519531250e+02,-5.051499938964843750e+01,5.710000000000000000e+02
-1.280958557128906250e+02,-5.051499938964843750e+01,5.710000000000000000e+02
-1.274751281738281250e+02,-5.051499938964843750e+01,5.710000000000000000e+02
-1.270765686035156250e+02,-5.060346603393554688e+01,5.720000000000000000e+02
-1.264547576904296875e+02,-5.060346603393554688e+01,5.720000000000000000e+02
-1.260529327392578125e+02,-5.069193267822265625e+01,5.730000000000000000e+02
-1.254300308227539062e+02,-5.069193267822265625e+01,5.730000000000000000e+02
-1.250249481201171875e+02,-5.078040313720703125e+01,5.740000000000000000e+02
-1.244009552001953125e+02,-5.078040313720703125e+01,5.740000000000000000e+02
-1.237769699096679688e+02,-5.078040313720703125e+01,5.740000000000000000e+02
-1.233675384521484375e+02,-5.086886978149414062e+01,5.750000000000000000e+02
-1.227424621582031250e+02,-5.086886978149414062e+01,5.750000000000000000e+02
-1.221173934936523438e+02,-5.086886978149414062e+01,5.750000000000000000e+02
-1.214923171997070312e+02,-5.086886978149414062e+01,5.750000000000000000e+02
-1.208672409057617188e+02,-5.086886978149414062e+01,5.750000000000000000e+02
-1.202421722412109375e+02,-5.086886978149414062e+01,5.750000000000000000e+02
-1.196170959472656250e+02,-5.086886978149414062e+01,5.750000000000000000e+02
-1.189920120239257812e+02,-5.086886978149414062e+01,5.750000000000000000e+02
-1.183669433593750000e+02,-5.086886978149414062e+01,5.750000000000000000e+02
-1.177418670654296875e+02,-5.086886978149414062e+01,5.750000000000000000e+02
-1.169131088256835938e+02,-5.078040313720703125e+01,5.740000000000000000e+02
-1.162891235351562500e+02,-5.078040313720703125e+01,5.740000000000000000e+02
-1.156651382446289062e+02,-5.078040313720703125e+01,5.740000000000000000e+02
-1.150411529541015625e+02,-5.078040313720703125e+01,5.740000000000000000e+02
-1.144171676635742188e+02,-5.078040313720703125e+01,5.740000000000000000e+02
-1.137931823730468750e+02,-5.078040313720703125e+01,5.740000000000000000e+02
-1.133663482666015625e+02,-5.086886978149414062e+01,5.750000000000000000e+02
-1.127412796020507812e+02,-5.086886978149414062e+01,5.750000000000000000e+02
-1.121162033081054688e+02,-5.086886978149414062e+01,5.750000000000000000e+02
-1.114911346435546875e+02,-5.086886978149414062e+01,5.750000000000000000e+02
-1.110588684082031250e+02,-5.095733642578125000e+01,5.760000000000000000e+02
-1.104327087402343750e+02,-5.095733642578125000e+01,5.760000000000000000e+02
-1.098065490722656250e+02,-5.095733642578125000e+01,5.760000000000000000e+02
-1.091803894042968750e+02,-5.095733642578125000e+01,5.760000000000000000e+02
-1.087426910400390625e+02,-5.104580307006835938e+01,5.770000000000000000e+02
-1.081154403686523438e+02,-5.104580307006835938e+01,5.770000000000000000e+02
-1.074881896972656250e+02,-5.104580307006835938e+01,5.770000000000000000e+02
-1.068609466552734375e+02,-5.104580307006835938e+01,5.770000000000000000e+02
-1.064178085327148438e+02,-5.113426971435546875e+01,5.780000000000000000e+02
-1.057894744873046875e+02,-5.113426971435546875e+01,5.780000000000000000e+02
-1.051611404418945312e+02,-5.113426971435546875e+01,5.780000000000000000e+02
-1.045328063964843750e+02,-5.113426971435546875e+01,5.780000000000000000e+02
-1.039044723510742188e+02,-5.113426971435546875e+01,5.780000000000000000e+02
-1.032761383056640625e+02,-5.113426971435546875e+01,5.780000000000000000e+02
-1.028253936767578125e+02,-5.122274017333984375e+01,5.790000000000000000e+02
-1.021959686279296875e+02,-5.122274017333984375e+01,5.790000000000000000e+02
-1.015665512084960938e+02,-5.122274017333984375e+01,5.790000000000000000e+02
-1.009371261596679688e+02,-5.122274017333984375e+01,5.790000000000000000e+02
-1.003077011108398438e+02,-5.122274017333984375e+01,5.790000000000000000e+02
-9.967827606201171875e+01,-5.122274017333984375e+01,5.790000000000000000e+02
-9.904885101318359375e+01,-5.122274017333984375e+01,5.790000000000000000e+02
-9.858941650390625000e+01,-5.131120681762695312e+01,5.800000000000000000e+02
-9.795890808105468750e+01,-5.131120681762695312e+01,5.800000000000000000e+02
-9.732839965820312500e+01,-5.131120681762695312e+01,5.800000000000000000e+02
-9.669788360595703125e+01,-5.131120681762695312e+01,5.800000000000000000e+02
-9.606737518310546875e+01,-5.131120681762695312e+01,5.800000000000000000e+02
-9.560141754150390625e+01,-5.139967346191406250e+01,5.810000000000000000e+02
-9.496981811523437500e+01,-5.139967346191406250e+01,5.810000000000000000e+02
-9.433822631835937500e+01,-5.139967346191406250e+01,5.810000000000000000e+02
-9.370662689208984375e+01,-5.139967346191406250e+01,5.810000000000000000e+02
-9.323522949218750000e+01,-5.148814392089843750e+01,5.820000000000000000e+02
-9.260254669189453125e+01,-5.148814392089843750e+01,5.820000000000000000e+02
-9.196986389160156250e+01,-5.148814392089843750e+01,5.820000000000000000e+02
-9.133718109130859375e+01,-5.148814392089843750e+01,5.820000000000000000e+02
-9.086034393310546875e+01,-5.157661056518554688e+01,5.830000000000000000e+02
-9.022657775878906250e+01,-5.157661056518554688e+01,5.830000000000000000e+02
-8.959280395507812500e+01,-5.157661056518554688e+01,5.830000000000000000e+02
-8.911162567138671875e+01,-5.166507720947265625e+01,5.840000000000000000e+02
-8.847676849365234375e+01,-5.166507720947265625e+01,5.840000000000000000e+02
-8.784191131591796875e+01,-5.166507720947265625e+01,5.840000000000000000e+02
-8.720705413818359375e+01,-5.166507720947265625e+01,5.840000000000000000e+02
-8.672043609619140625e+01,-5.175354385375976562e+01,5.850000000000000000e+02
-8.608448791503906250e+01,-5.175354385375976562e+01,5.850000000000000000e+02
-8.559461212158203125e+01,-5.184201049804687500e+01,5.860000000000000000e+02
-8.495758056640625000e+01,-5.184201049804687500e+01,5.860000000000000000e+02
-8.446443939208984375e+01,-5.193048095703125000e+01,5.870000000000000000e+02
-8.382632446289062500e+01,-5.193048095703125000e+01,5.870000000000000000e+02
-8.318820190429687500e+01,-5.193048095703125000e+01,5.870000000000000000e+02
-8.269071197509765625e+01,-5.201894760131835938e+01,5.880000000000000000e+02
-8.205149841308593750e+01,-5.201894760131835938e+01,5.880000000000000000e+02
-8.155075073242187500e+01,-5.210741424560546875e+01,5.890000000000000000e+02
-8.091046142578125000e+01,-5.210741424560546875e+01,5.890000000000000000e+02
-8.027016448974609375e+01,-5.210741424560546875e+01,5.890000000000000000e+02
-7.976506805419921875e+01,-5.219588470458984375e+01,5.900000000000000000e+02
-7.912368774414062500e+01,-5.219588470458984375e+01,5.900000000000000000e+02
-7.848230743408203125e+01,-5.219588470458984375e+01,5.900000000000000000e+02
-7.784092712402343750e+01,-5.219588470458984375e+01,5.900000000000000000e+02
-7.719954681396484375e+01,-5.219588470458984375e+01,5.900000000000000000e+02
-7.655816650390625000e+01,-5.219588470458984375e+01,5.900000000000000000e+02
-7.591678619384765625e+01,-5.219588470458984375e+01,5.900000000000000000e+02
-7.527541351318359375e+01,-5.219588470458984375e+01,5.900000000000000000e+02
-7.463403320312500000e+01,-5.219588470458984375e+01,5.900000000000000000e+02
-7.399265289306640625e+01,-5.219588470458984375e+01,5.900000000000000000e+02
-7.335127258300781250e+01,-5.219588470458984375e+01,5.900000000000000000e+02
-7.270989227294921875e+01,-5.219588470458984375e+01,5.900000000000000000e+02
-7.206851196289062500e+01,-5.219588470458984375e+01,5.900000000000000000e+02
-7.142713165283203125e+01,-5.219588470458984375e+01,5.900000000000000000e+02
-0.000000000000000000e+00,-0.000000000000000000e+00,0.000000000000000000e+00
-0.000000000000000000e+00,-0.000000000000000000e+00,0.000000000000000000e+00
-1.858602447509765625e+02,-5.347660064697265625e+01,6.120000000000000000e+02
-1.851949310302734375e+02,-5.347660064697265625e+01,6.120000000000000000e+02
-1.845296478271484375e+02,-5.347660064697265625e+01,6.120000000000000000e+02
-1.838643493652343750e+02,-5.347660064697265625e+01,6.120000000000000000e+02
-1.831990661621093750e+02,-5.347660064697265625e+01,6.120000000000000000e+02
-1.825337524414062500e+02,-5.347660064697265625e+01,6.120000000000000000e+02
-1.818684692382812500e+02,-5.347660064697265625e+01,6.120000000000000000e+02
-1.812031555175781250e+02,-5.347660064697265625e+01,6.120000000000000000e+02
-1.802428741455078125e+02,-5.338922119140625000e+01,6.110000000000000000e+02
-1.798725738525390625e+02,-5.347660064697265625e+01,6.120000000000000000e+02
-1.789144592285156250e+02,-5.338922119140625000e+01,6.110000000000000000e+02
-1.785419769287109375e+02,-5.347660064697265625e+01,6.120000000000000000e+02
-1.775860290527343750e+02,-5.338922119140625000e+01,6.110000000000000000e+02
-1.772113952636718750e+02,-5.347660064697265625e+01,6.120000000000000000e+02
-0.000000000000000000e+00,-0.000000000000000000e+00,0.000000000000000000e+00
-0.000000000000000000e+00,-0.000000000000000000e+00,0.000000000000000000e+00
-1.749291992187500000e+02,-5.338922119140625000e+01,6.110000000000000000e+02
-1.745502014160156250e+02,-5.347660064697265625e+01,6.120000000000000000e+02
-1.738849029541015625e+02,-5.347660064697265625e+01,6.120000000000000000e+02
-1.732196197509765625e+02,-5.347660064697265625e+01,6.120000000000000000e+02
-1.725543060302734375e+02,-5.347660064697265625e+01,6.120000000000000000e+02
-0.000000000000000000e+00,-0.000000000000000000e+00,0.000000000000000000e+00
-0.000000000000000000e+00,-0.000000000000000000e+00,0.000000000000000000e+00
-0.000000000000000000e+00,-0.000000000000000000e+00,0.000000000000000000e+00
-0.000000000000000000e+00,-0.000000000000000000e+00,0.000000000000000000e+00
-0.000000000000000000e+00,-0.000000000000000000e+00,0.000000000000000000e+00
-0.000000000000000000e+00,-0.000000000000000000e+00,0.000000000000000000e+00
-0.000000000000000000e+00,-0.000000000000000000e+00,0.000000000000000000e+00
-0.000000000000000000e+00,-0.000000000000000000e+00,0.000000000000000000e+00
-0.000000000000000000e+00,-0.000000000000000000e+00,0.000000000000000000e+00
-0.000000000000000000e+00,-0.000000000000000000e+00,0.000000000000000000e+00
-0.000000000000000000e+00,-0.000000000000000000e+00,0.000000000000000000e+00
-0.000000000000000000e+00,-0.000000000000000000e+00,0.000000000000000000e+00
-0.000000000000000000e+00,-0.000000000000000000e+00,0.000000000000000000e+00
-0.000000000000000000e+00,-0.000000000000000000e+00,0.000000000000000000e+00
-0.000000000000000000e+00,-0.000000000000000000e+00,0.000000000000000000e+00
-0.000000000000000000e+00,-0.000000000000000000e+00,0.000000000000000000e+00
-0.000000000000000000e+00,-0.000000000000000000e+00,0.000000000000000000e+00
-0.000000000000000000e+00,-0.000000000000000000e+00,0.000000000000000000e+00
-0.000000000000000000e+00,-0.000000000000000000e+00,0.000000000000000000e+00
-0.000000000000000000e+00,-0.000000000000000000e+00,0.000000000000000000e+00
-0.000000000000000000e+00,-0.000000000000000000e+00,0.000000000000000000e+00
-0.000000000000000000e+00,-0.000000000000000000e+00,0.000000000000000000e+00
-1.472315063476562500e+02,-5.006877899169921875e+01,5.730000000000000000e+02
-1.466086120605468750e+02,-5.006877899169921875e+01,5.730000000000000000e+02
-1.459857025146484375e+02,-5.006877899169921875e+01,5.730000000000000000e+02
-1.453628234863281250e+02,-5.006877899169921875e+01,5.730000000000000000e+02
-1.447399139404296875e+02,-5.006877899169921875e+01,5.730000000000000000e+02
-1.438655090332031250e+02,-4.998139953613281250e+01,5.720000000000000000e+02
-1.432436828613281250e+02,-4.998139953613281250e+01,5.720000000000000000e+02
-1.426218872070312500e+02,-4.998139953613281250e+01,5.720000000000000000e+02
-1.420000762939453125e+02,-4.998139953613281250e+01,5.720000000000000000e+02
-1.413782501220703125e+02,-4.998139953613281250e+01,5.720000000000000000e+02
-1.407564392089843750e+02,-4.998139953613281250e+01,5.720000000000000000e+02
-1.401346282958984375e+02,-4.998139953613281250e+01,5.720000000000000000e+02
-1.395128173828125000e+02,-4.998139953613281250e+01,5.720000000000000000e+02
-1.388910064697265625e+02,-4.998139953613281250e+01,5.720000000000000000e+02
-1.382691955566406250e+02,-4.998139953613281250e+01,5.720000000000000000e+02
-1.376473693847656250e+02,-4.998139953613281250e+01,5.720000000000000000e+02
-1.372651214599609375e+02,-5.006877899169921875e+01,5.730000000000000000e+02
-1.366422119140625000e+02,-5.006877899169921875e+01,5.730000000000000000e+02
-1.360193176269531250e+02,-5.006877899169921875e+01,5.730000000000000000e+02
-1.353964233398437500e+02,-5.006877899169921875e+01,5.730000000000000000e+02
-1.347735137939453125e+02,-5.006877899169921875e+01,5.730000000000000000e+02
-1.341506195068359375e+02,-5.006877899169921875e+01,5.730000000000000000e+02
-1.335277252197265625e+02,-5.006877899169921875e+01,5.730000000000000000e+02
-1.329048156738281250e+02,-5.006877899169921875e+01,5.730000000000000000e+02
-1.320510711669921875e+02,-4.998139953613281250e+01,5.720000000000000000e+02
-1.314292449951171875e+02,-4.998139953613281250e+01,5.720000000000000000e+02
-1.308074340820312500e+02,-4.998139953613281250e+01,5.720000000000000000e+02
-1.301856231689453125e+02,-4.998139953613281250e+01,5.720000000000000000e+02
-1.295638122558593750e+02,-4.998139953613281250e+01,5.720000000000000000e+02
-1.287165832519531250e+02,-4.989401626586914062e+01,5.710000000000000000e+02
-1.280958557128906250e+02,-4.989401626586914062e+01,5.710000000000000000e+02
-1.276983795166015625e+02,-4.998139953613281250e+01,5.720000000000000000e+02
-1.270765686035156250e+02,-4.998139953613281250e+01,5.720000000000000000e+02
-1.264547576904296875e+02,-4.998139953613281250e+01,5.720000000000000000e+02
-1.260529327392578125e+02,-5.006877899169921875e+01,5.730000000000000000e+02
-1.254300308227539062e+02,-5.006877899169921875e+01,5.730000000000000000e+02
-1.250249481201171875e+02,-5.015615844726562500e+01,5.740000000000000000e+02
-1.244009552001953125e+02,-5.015615844726562500e+01,5.740000000000000000e+02
-1.239926071166992188e+02,-5.024353790283203125e+01,5.750000000000000000e+02
-1.233675384521484375e+02,-5.024353790283203125e+01,5.750000000000000000e+02
-1.227424621582031250e+02,-5.024353790283203125e+01,5.750000000000000000e+02
-1.223297653198242188e+02,-5.033091735839843750e+01,5.760000000000000000e+02
-1.214923171997070312e+02,-5.024353790283203125e+01,5.750000000000000000e+02
-1.208672409057617188e+02,-5.024353790283203125e+01,5.750000000000000000e+02
-1.202421722412109375e+02,-5.024353790283203125e+01,5.750000000000000000e+02
-1.196170959472656250e+02,-5.024353790283203125e+01,5.750000000000000000e+02
-1.189920120239257812e+02,-5.024353790283203125e+01,5.750000000000000000e+02
-1.183669433593750000e+02,-5.024353790283203125e+01,5.750000000000000000e+02
-1.177418670654296875e+02,-5.024353790283203125e+01,5.750000000000000000e+02
-1.171167907714843750e+02,-5.024353790283203125e+01,5.750000000000000000e+02
-1.164917221069335938e+02,-5.024353790283203125e+01,5.750000000000000000e+02
-1.158666458129882812e+02,-5.024353790283203125e+01,5.750000000000000000e+02
-1.150411529541015625e+02,-5.015615844726562500e+01,5.740000000000000000e+02
-1.146165008544921875e+02,-5.024353790283203125e+01,5.750000000000000000e+02
-1.139914245605468750e+02,-5.024353790283203125e+01,5.750000000000000000e+02
-1.133663482666015625e+02,-5.024353790283203125e+01,5.750000000000000000e+02
-1.127412796020507812e+02,-5.024353790283203125e+01,5.750000000000000000e+02
-1.121162033081054688e+02,-5.024353790283203125e+01,5.750000000000000000e+02
-1.114911346435546875e+02,-5.024353790283203125e+01,5.750000000000000000e+02
-1.110588684082031250e+02,-5.033091735839843750e+01,5.760000000000000000e+02
-1.104327087402343750e+02,-5.033091735839843750e+01,5.760000000000000000e+02
-1.098065490722656250e+02,-5.033091735839843750e+01,5.760000000000000000e+02
-1.091803894042968750e+02,-5.033091735839843750e+01,5.760000000000000000e+02
-1.087426910400390625e+02,-5.041829681396484375e+01,5.770000000000000000e+02
-1.081154403686523438e+02,-5.041829681396484375e+01,5.770000000000000000e+02
-1.074881896972656250e+02,-5.041829681396484375e+01,5.770000000000000000e+02
-1.068609466552734375e+02,-5.041829681396484375e+01,5.770000000000000000e+02
-1.062336959838867188e+02,-5.041829681396484375e+01,5.770000000000000000e+02
-1.057894744873046875e+02,-5.050568008422851562e+01,5.780000000000000000e+02
-1.051611404418945312e+02,-5.050568008422851562e+01,5.780000000000000000e+02
-1.045328063964843750e+02,-5.050568008422851562e+01,5.780000000000000000e+02
-1.039044723510742188e+02,-5.050568008422851562e+01,5.780000000000000000e+02
-1.032761383056640625e+02,-5.050568008422851562e+01,5.780000000000000000e+02
-1.026478042602539062e+02,-5.050568008422851562e+01,5.780000000000000000e+02
-1.020194702148437500e+02,-5.050568008422851562e+01,5.780000000000000000e+02
-1.015665512084960938e+02,-5.059305953979492188e+01,5.790000000000000000e+02
-1.009371261596679688e+02,-5.059305953979492188e+01,5.790000000000000000e+02
-1.003077011108398438e+02,-5.059305953979492188e+01,5.790000000000000000e+02
-9.967827606201171875e+01,-5.059305953979492188e+01,5.790000000000000000e+02
-9.904885101318359375e+01,-5.059305953979492188e+01,5.790000000000000000e+02
-9.841943359375000000e+01,-5.059305953979492188e+01,5.790000000000000000e+02
-9.795890808105468750e+01,-5.068043899536132812e+01,5.800000000000000000e+02
-9.732839965820312500e+01,-5.068043899536132812e+01,5.800000000000000000e+02
-9.669788360595703125e+01,-5.068043899536132812e+01,5.800000000000000000e+02
-9.606737518310546875e+01,-5.068043899536132812e+01,5.800000000000000000e+02
-9.543686676025390625e+01,-5.068043899536132812e+01,5.800000000000000000e+02
-9.496981811523437500e+01,-5.076781845092773438e+01,5.810000000000000000e+02
-9.433822631835937500e+01,-5.076781845092773438e+01,5.810000000000000000e+02
-9.370662689208984375e+01,-5.076781845092773438e+01,5.810000000000000000e+02
-9.323522949218750000e+01,-5.085519790649414062e+01,5.820000000000000000e+02
-9.260254669189453125e+01,-5.085519790649414062e+01,5.820000000000000000e+02
-9.196986389160156250e+01,-5.085519790649414062e+01,5.820000000000000000e+02
-9.149411773681640625e+01,-5.094257736206054688e+01,5.830000000000000000e+02
-9.086034393310546875e+01,-5.094257736206054688e+01,5.830000000000000000e+02
-9.022657775878906250e+01,-5.094257736206054688e+01,5.830000000000000000e+02
-8.974648284912109375e+01,-5.102996063232421875e+01,5.840000000000000000e+02
-8.911162567138671875e+01,-5.102996063232421875e+01,5.840000000000000000e+02
-8.847676849365234375e+01,-5.102996063232421875e+01,5.840000000000000000e+02
-8.799232482910156250e+01,-5.111734008789062500e+01,5.850000000000000000e+02
-8.735637664794921875e+01,-5.111734008789062500e+01,5.850000000000000000e+02
-8.672043609619140625e+01,-5.111734008789062500e+01,5.850000000000000000e+02
-8.623164367675781250e+01,-5.120471954345703125e+01,5.860000000000000000e+02
-8.559461212158203125e+01,-5.120471954345703125e+01,5.860000000000000000e+02
-8.510256195068359375e+01,-5.129209899902343750e+01,5.870000000000000000e+02
-8.446443939208984375e+01,-5.129209899902343750e+01,5.870000000000000000e+02
-8.396912384033203125e+01,-5.137947845458984375e+01,5.880000000000000000e+02
-8.332991790771484375e+01,-5.137947845458984375e+01,5.880000000000000000e+02
-8.269071197509765625e+01,-5.137947845458984375e+01,5.880000000000000000e+02
-8.219104766845703125e+01,-5.146685791015625000e+01,5.890000000000000000e+02
-8.155075073242187500e+01,-5.146685791015625000e+01,5.890000000000000000e+02
-8.104782867431640625e+01,-5.155423736572265625e+01,5.900000000000000000e+02
-8.040644836425781250e+01,-5.155423736572265625e+01,5.900000000000000000e+02
-7.976506805419921875e+01,-5.155423736572265625e+01,5.900000000000000000e+02
-7.912368774414062500e+01,-5.155423736572265625e+01,5.900000000000000000e+02
-7.848230743408203125e+01,-5.155423736572265625e+01,5.900000000000000000e+02
-7.797286224365234375e+01,-5.164162063598632812e+01,5.910000000000000000e+02
-7.733039855957031250e+01,-5.164162063598632812e+01,5.910000000000000000e+02
-7.668792724609375000e+01,-5.164162063598632812e+01,5.910000000000000000e+02
-7.604546356201171875e+01,-5.164162063598632812e+01,5.910000000000000000e+02
-7.540299224853515625e+01,-5.164162063598632812e+01,5.910000000000000000e+02
-7.476052856445312500e+01,-5.164162063598632812e+01,5.910000000000000000e+02
-7.411806488037109375e+01,-5.164162063598632812e+01,5.910000000000000000e+02
-7.347559356689453125e+01,-5.164162063598632812e+01,5.910000000000000000e+02
-7.283312988281250000e+01,-5.164162063598632812e+01,5.910000000000000000e+02
-7.206851196289062500e+01,-5.155423736572265625e+01,5.900000000000000000e+02
-7.154819488525390625e+01,-5.164162063598632812e+01,5.910000000000000000e+02
-0.000000000000000000e+00,-0.000000000000000000e+00,0.000000000000000000e+00
-1.868303070068359375e+02,-5.289732360839843750e+01,6.130000000000000000e+02
-1.858602447509765625e+02,-5.281103134155273438e+01,6.120000000000000000e+02
-1.851949310302734375e+02,-5.281103134155273438e+01,6.120000000000000000e+02
-1.845296478271484375e+02,-5.281103134155273438e+01,6.120000000000000000e+02
-1.838643493652343750e+02,-5.281103134155273438e+01,6.120000000000000000e+02
-1.831990661621093750e+02,-5.281103134155273438e+01,6.120000000000000000e+02
-1.822354888916015625e+02,-5.272473907470703125e+01,6.110000000000000000e+02
-1.815713043212890625e+02,-5.272473907470703125e+01,6.110000000000000000e+02
-1.809070739746093750e+02,-5.272473907470703125e+01,6.110000000000000000e+02
-1.802428741455078125e+02,-5.272473907470703125e+01,6.110000000000000000e+02
-1.795786590576171875e+02,-5.272473907470703125e+01,6.110000000000000000e+02
-1.789144592285156250e+02,-5.272473907470703125e+01,6.110000000000000000e+02
-0.000000000000000000e+00,-0.000000000000000000e+00,0.000000000000000000e+00
-0.000000000000000000e+00,-0.000000000000000000e+00,0.000000000000000000e+00
-0.000000000000000000e+00,-0.000000000000000000e+00,0.000000000000000000e+00
-0.000000000000000000e+00,-0.000000000000000000e+00,0.000000000000000000e+00
-0.000000000000000000e+00,-0.000000000000000000e+00,0.000000000000000000e+00
-0.000000000000000000e+00,-0.000000000000000000e+00,0.000000000000000000e+00
-0.000000000000000000e+00,-0.000000000000000000e+00,0.000000000000000000e+00
-0.000000000000000000e+00,-0.000000000000000000e+00,0.000000000000000000e+00
-0.000000000000000000e+00,-0.000000000000000000e+00,0.000000000000000000e+00
-0.000000000000000000e+00,-0.000000000000000000e+00,0.000000000000000000e+00
-0.000000000000000000e+00,-0.000000000000000000e+00,0.000000000000000000e+00
-0.000000000000000000e+00,-0.000000000000000000e+00,0.000000000000000000e+00
-0.000000000000000000e+00,-0.000000000000000000e+00,0.000000000000000000e+00
-0.000000000000000000e+00,-0.000000000000000000e+00,0.000000000000000000e+00
-0.000000000000000000e+00,-0.000000000000000000e+00,0.000000000000000000e+00
-0.000000000000000000e+00,-0.000000000000000000e+00,0.000000000000000000e+00
-0.000000000000000000e+00,-0.000000000000000000e+00,0.000000000000000000e+00
-0.000000000000000000e+00,-0.000000000000000000e+00,0.000000000000000000e+00
-0.000000000000000000e+00,-0.000000000000000000e+00,0.000000000000000000e+00
-0.000000000000000000e+00,-0.000000000000000000e+00,0.000000000000000000e+00
-0.000000000000000000e+00,-0.000000000000000000e+00,0.000000000000000000e+00
-0.000000000000000000e+00,-0.000000000000000000e+00,0.000000000000000000e+00
-0.000000000000000000e+00,-0.000000000000000000e+00,0.000000000000000000e+00
-0.000000000000000000e+00,-0.000000000000000000e+00,0.000000000000000000e+00
-0.000000000000000000e+00,-0.000000000000000000e+00,0.000000000000000000e+00
-0.000000000000000000e+00,-0.000000000000000000e+00,0.000000000000000000e+00
-0.000000000000000000e+00,-0.000000000000000000e+00,0.000000000000000000e+00
-1.503460083007812500e+02,-4.944562149047851562e+01,5.730000000000000000e+02
-0.000000000000000000e+00,-0.000000000000000000e+00,0.000000000000000000e+00
-0.000000000000000000e+00,-0.000000000000000000e+00,0.000000000000000000e+00
-0.000000000000000000e+00,-0.000000000000000000e+00,0.000000000000000000e+00
-0.000000000000000000e+00,-0.000000000000000000e+00,0.000000000000000000e+00
-1.472315063476562500e+02,-4.944562149047851562e+01,5.730000000000000000e+02
-1.466086120605468750e+02,-4.944562149047851562e+01,5.730000000000000000e+02
-1.459857025146484375e+02,-4.944562149047851562e+01,5.730000000000000000e+02
-1.451091308593750000e+02,-4.935932922363281250e+01,5.720000000000000000e+02
-1.444873046875000000e+02,-4.935932922363281250e+01,5.720000000000000000e+02
-1.438655090332031250e+02,-4.935932922363281250e+01,5.720000000000000000e+02
-1.432436828613281250e+02,-4.935932922363281250e+01,5.720000000000000000e+02
-1.426218872070312500e+02,-4.935932922363281250e+01,5.720000000000000000e+02
-1.420000762939453125e+02,-4.935932922363281250e+01,5.720000000000000000e+02
-1.413782501220703125e+02,-4.935932922363281250e+01,5.720000000000000000e+02
-1.407564392089843750e+02,-4.935932922363281250e+01,5.720000000000000000e+02
-1.401346282958984375e+02,-4.935932922363281250e+01,5.720000000000000000e+02
-1.395128173828125000e+02,-4.935932922363281250e+01,5.720000000000000000e+02
-1.388910064697265625e+02,-4.935932922363281250e+01,5.720000000000000000e+02
-1.385109252929687500e+02,-4.944562149047851562e+01,5.730000000000000000e+02
-1.378880157470703125e+02,-4.944562149047851562e+01,5.730000000000000000e+02
-1.372651214599609375e+02,-4.944562149047851562e+01,5.730000000000000000e+02
-1.366422119140625000e+02,-4.944562149047851562e+01,5.730000000000000000e+02
-1.360193176269531250e+02,-4.944562149047851562e+01,5.730000000000000000e+02
-1.353964233398437500e+02,-4.944562149047851562e+01,5.730000000000000000e+02
-1.350087280273437500e+02,-4.953191375732421875e+01,5.740000000000000000e+02
-1.343847351074218750e+02,-4.953191375732421875e+01,5.740000000000000000e+02
-1.337607574462890625e+02,-4.953191375732421875e+01,5.740000000000000000e+02
-1.329048156738281250e+02,-4.944562149047851562e+01,5.730000000000000000e+02
-1.322819213867187500e+02,-4.944562149047851562e+01,5.730000000000000000e+02
-1.316590270996093750e+02,-4.944562149047851562e+01,5.730000000000000000e+02
-1.308074340820312500e+02,-4.935932922363281250e+01,5.720000000000000000e+02
-1.301856231689453125e+02,-4.935932922363281250e+01,5.720000000000000000e+02
-1.295638122558593750e+02,-4.935932922363281250e+01,5.720000000000000000e+02
-1.289420013427734375e+02,-4.935932922363281250e+01,5.720000000000000000e+02
-1.283201904296875000e+02,-4.935932922363281250e+01,5.720000000000000000e+02
-1.276983795166015625e+02,-4.935932922363281250e+01,5.720000000000000000e+02
-1.270765686035156250e+02,-4.935932922363281250e+01,5.720000000000000000e+02
-1.264547576904296875e+02,-4.935932922363281250e+01,5.720000000000000000e+02
-1.260529327392578125e+02,-4.944562149047851562e+01,5.730000000000000000e+02
-1.256489334106445312e+02,-4.953191375732421875e+01,5.740000000000000000e+02
-1.250249481201171875e+02,-4.953191375732421875e+01,5.740000000000000000e+02
-1.246176834106445312e+02,-4.961820602416992188e+01,5.750000000000000000e+02
-1.239926071166992188e+02,-4.961820602416992188e+01,5.750000000000000000e+02
-1.233675384521484375e+02,-4.961820602416992188e+01,5.750000000000000000e+02
-1.227424621582031250e+02,-4.961820602416992188e+01,5.750000000000000000e+02
-1.223297653198242188e+02,-4.970449829101562500e+01,5.760000000000000000e+02
-1.217036056518554688e+02,-4.970449829101562500e+01,5.760000000000000000e+02
-1.210774459838867188e+02,-4.970449829101562500e+01,5.760000000000000000e+02
-1.204512863159179688e+02,-4.970449829101562500e+01,5.760000000000000000e+02
-1.198251266479492188e+02,-4.970449829101562500e+01,5.760000000000000000e+02
-1.191989593505859375e+02,-4.970449829101562500e+01,5.760000000000000000e+02
-1.183669433593750000e+02,-4.961820602416992188e+01,5.750000000000000000e+02
-1.177418670654296875e+02,-4.961820602416992188e+01,5.750000000000000000e+02
-1.171167907714843750e+02,-4.961820602416992188e+01,5.750000000000000000e+02
-1.164917221069335938e+02,-4.961820602416992188e+01,5.750000000000000000e+02
-1.158666458129882812e+02,-4.961820602416992188e+01,5.750000000000000000e+02
-1.152415695190429688e+02,-4.961820602416992188e+01,5.750000000000000000e+02
-1.146165008544921875e+02,-4.961820602416992188e+01,5.750000000000000000e+02
-1.139914245605468750e+02,-4.961820602416992188e+01,5.750000000000000000e+02
-1.133663482666015625e+02,-4.961820602416992188e+01,5.750000000000000000e+02
-1.127412796020507812e+02,-4.961820602416992188e+01,5.750000000000000000e+02
-1.121162033081054688e+02,-4.961820602416992188e+01,5.750000000000000000e+02
-1.114911346435546875e+02,-4.961820602416992188e+01,5.750000000000000000e+02
-1.110588684082031250e+02,-4.970449829101562500e+01,5.760000000000000000e+02
-1.104327087402343750e+02,-4.970449829101562500e+01,5.760000000000000000e+02
-1.098065490722656250e+02,-4.970449829101562500e+01,5.760000000000000000e+02
-1.091803894042968750e+02,-4.970449829101562500e+01,5.760000000000000000e+02
-1.085542297363281250e+02,-4.970449829101562500e+01,5.760000000000000000e+02
-1.081154403686523438e+02,-4.979079437255859375e+01,5.770000000000000000e+02
-1.074881896972656250e+02,-4.979079437255859375e+01,5.770000000000000000e+02
-1.068609466552734375e+02,-4.979079437255859375e+01,5.770000000000000000e+02
-1.062336959838867188e+02,-4.979079437255859375e+01,5.770000000000000000e+02
-1.056064529418945312e+02,-4.979079437255859375e+01,5.770000000000000000e+02
-1.049792022705078125e+02,-4.979079437255859375e+01,5.770000000000000000e+02
-1.043519515991210938e+02,-4.979079437255859375e+01,5.770000000000000000e+02
-1.039044723510742188e+02,-4.987708663940429688e+01,5.780000000000000000e+02
-1.032761383056640625e+02,-4.987708663940429688e+01,5.780000000000000000e+02
-1.026478042602539062e+02,-4.987708663940429688e+01,5.780000000000000000e+02
-1.020194702148437500e+02,-4.987708663940429688e+01,5.780000000000000000e+02
-1.013911361694335938e+02,-4.987708663940429688e+01,5.780000000000000000e+02
-1.007627944946289062e+02,-4.987708663940429688e+01,5.780000000000000000e+02
-1.001344528198242188e+02,-4.987708663940429688e+01,5.780000000000000000e+02
-9.967827606201171875e+01,-4.996337890625000000e+01,5.790000000000000000e+02
-9.904885101318359375e+01,-4.996337890625000000e+01,5.790000000000000000e+02
-9.841943359375000000e+01,-4.996337890625000000e+01,5.790000000000000000e+02
-9.779000854492187500e+01,-4.996337890625000000e+01,5.790000000000000000e+02
-9.732839965820312500e+01,-5.004967117309570312e+01,5.800000000000000000e+02
-9.669788360595703125e+01,-5.004967117309570312e+01,5.800000000000000000e+02
-9.606737518310546875e+01,-5.004967117309570312e+01,5.800000000000000000e+02
-9.543686676025390625e+01,-5.004967117309570312e+01,5.800000000000000000e+02
-9.496981811523437500e+01,-5.013596343994140625e+01,5.810000000000000000e+02
-9.433822631835937500e+01,-5.013596343994140625e+01,5.810000000000000000e+02
-9.386791229248046875e+01,-5.022225570678710938e+01,5.820000000000000000e+02
-9.323522949218750000e+01,-5.022225570678710938e+01,5.820000000000000000e+02
-9.260254669189453125e+01,-5.022225570678710938e+01,5.820000000000000000e+02
-9.212788391113281250e+01,-5.030854797363281250e+01,5.830000000000000000e+02
-9.149411773681640625e+01,-5.030854797363281250e+01,5.830000000000000000e+02
-9.086034393310546875e+01,-5.030854797363281250e+01,5.830000000000000000e+02
-9.038134002685546875e+01,-5.039484024047851562e+01,5.840000000000000000e+02
-8.974648284912109375e+01,-5.039484024047851562e+01,5.840000000000000000e+02
-8.911162567138671875e+01,-5.039484024047851562e+01,5.840000000000000000e+02
-8.862826538085937500e+01,-5.048113250732421875e+01,5.850000000000000000e+02
-8.799232482910156250e+01,-5.048113250732421875e+01,5.850000000000000000e+02
-8.750570678710937500e+01,-5.056742477416992188e+01,5.860000000000000000e+02
-8.686867523193359375e+01,-5.056742477416992188e+01,5.860000000000000000e+02
-8.623164367675781250e+01,-5.056742477416992188e+01,5.860000000000000000e+02
-8.574067687988281250e+01,-5.065371704101562500e+01,5.870000000000000000e+02
-8.524753570556640625e+01,-5.074000930786132812e+01,5.880000000000000000e+02
-8.460832977294921875e+01,-5.074000930786132812e+01,5.880000000000000000e+02
-8.396912384033203125e+01,-5.074000930786132812e+01,5.880000000000000000e+02
-8.347164154052734375e+01,-5.082630157470703125e+01,5.890000000000000000e+02
-8.283134460449218750e+01,-5.082630157470703125e+01,5.890000000000000000e+02
-8.219104766845703125e+01,-5.082630157470703125e+01,5.890000000000000000e+02
-8.168920898437500000e+01,-5.091259384155273438e+01,5.900000000000000000e+02
-8.104782867431640625e+01,-5.091259384155273438e+01,5.900000000000000000e+02
-8.040644836425781250e+01,-5.091259384155273438e+01,5.900000000000000000e+02
-7.990026092529296875e+01,-5.099888992309570312e+01,5.910000000000000000e+02
-7.925779724121093750e+01,-5.099888992309570312e+01,5.910000000000000000e+02
-7.861533355712890625e+01,-5.099888992309570312e+01,5.910000000000000000e+02
-7.797286224365234375e+01,-5.099888992309570312e+01,5.910000000000000000e+02
-7.733039855957031250e+01,-5.099888992309570312e+01,5.910000000000000000e+02
-7.668792724609375000e+01,-5.099888992309570312e+01,5.910000000000000000e+02
-7.604546356201171875e+01,-5.099888992309570312e+01,5.910000000000000000e+02
-7.540299224853515625e+01,-5.099888992309570312e+01,5.910000000000000000e+02
-7.476052856445312500e+01,-5.099888992309570312e+01,5.910000000000000000e+02
-7.411806488037109375e+01,-5.099888992309570312e+01,5.910000000000000000e+02
-7.347559356689453125e+01,-5.099888992309570312e+01,5.910000000000000000e+02
-7.283312988281250000e+01,-5.099888992309570312e+01,5.910000000000000000e+02
-7.219065856933593750e+01,-5.099888992309570312e+01,5.910000000000000000e+02
-7.154819488525390625e+01,-5.099888992309570312e+01,5.910000000000000000e+02
-0.000000000000000000e+00,-0.000000000000000000e+00,0.000000000000000000e+00
-1.878561248779296875e+02,-5.214546203613281250e+01,6.120000000000000000e+02
-1.871908264160156250e+02,-5.214546203613281250e+01,6.120000000000000000e+02
-1.865255279541015625e+02,-5.214546203613281250e+01,6.120000000000000000e+02
-1.858602447509765625e+02,-5.214546203613281250e+01,6.120000000000000000e+02
-1.851949310302734375e+02,-5.214546203613281250e+01,6.120000000000000000e+02
-1.842281341552734375e+02,-5.206025695800781250e+01,6.110000000000000000e+02
-1.835639190673828125e+02,-5.206025695800781250e+01,6.110000000000000000e+02
-1.828997192382812500e+02,-5.206025695800781250e+01,6.110000000000000000e+02
-1.822354888916015625e+02,-5.206025695800781250e+01,6.110000000000000000e+02
-0.000000000000000000e+00,-0.000000000000000000e+00,0.000000000000000000e+00
-0.000000000000000000e+00,-0.000000000000000000e+00,0.000000000000000000e+00
-0.000000000000000000e+00,-0.000000000000000000e+00,0.000000000000000000e+00
-0.000000000000000000e+00,-0.000000000000000000e+00,0.000000000000000000e+00
-0.000000000000000000e+00,-0.000000000000000000e+00,0.000000000000000000e+00
-0.000000000000000000e+00,-0.000000000000000000e+00,0.000000000000000000e+00
-0.000000000000000000e+00,-0.000000000000000000e+00,0.000000000000000000e+00
-0.000000000000000000e+00,-0.000000000000000000e+00,0.000000000000000000e+00
-0.000000000000000000e+00,-0.000000000000000000e+00,0.000000000000000000e+00
-0.000000000000000000e+00,-0.000000000000000000e+00,0.000000000000000000e+00
-0.000000000000000000e+00,-0.000000000000000000e+00,0.000000000000000000e+00
-0.000000000000000000e+00,-0.000000000000000000e+00,0.000000000000000000e+00
-0.000000000000000000e+00,-0.000000000000000000e+00,0.000000000000000000e+00
-0.000000000000000000e+00,-0.000000000000000000e+00,0.000000000000000000e+00
-0.000000000000000000e+00,-0.000000000000000000e+00,0.000000000000000000e+00
-0.000000000000000000e+00,-0.000000000000000000e+00,0.000000000000000000e+00
-0.000000000000000000e+00,-0.000000000000000000e+00,0.000000000000000000e+00
-0.000000000000000000e+00,-0.000000000000000000e+00,0.000000000000000000e+00
-0.000000000000000000e+00,-0.000000000000000000e+00,0.000000000000000000e+00
-0.000000000000000000e+00,-0.000000000000000000e+00,0.000000000000000000e+00
-0.000000000000000000e+00,-0.000000000000000000e+00,0.000000000000000000e+00
-0.000000000000000000e+00,-0.000000000000000000e+00,0.000000000000000000e+00
-0.000000000000000000e+00,-0.000000000000000000e+00,0.000000000000000000e+00
-0.000000000000000000e+00,-0.000000000000000000e+00,0.000000000000000000e+00
-0.000000000000000000e+00,-0.000000000000000000e+00,0.000000000000000000e+00
-0.000000000000000000e+00,-0.000000000000000000e+00,0.000000000000000000e+00
-0.000000000000000000e+00,-0.000000000000000000e+00,0.000000000000000000e+00
-0.000000000000000000e+00,-0.000000000000000000e+00,0.000000000000000000e+00
-0.000000000000000000e+00,-0.000000000000000000e+00,0.000000000000000000e+00
-0.000000000000000000e+00,-0.000000000000000000e+00,0.000000000000000000e+00
-0.000000000000000000e+00,-0.000000000000000000e+00,0.000000000000000000e+00
-0.000000000000000000e+00,-0.000000000000000000e+00,0.000000000000000000e+00
-0.000000000000000000e+00,-0.000000000000000000e+00,0.000000000000000000e+00
-0.000000000000000000e+00,-0.000000000000000000e+00,0.000000000000000000e+00
-0.000000000000000000e+00,-0.000000000000000000e+00,0.000000000000000000e+00
-0.000000000000000000e+00,-0.000000000000000000e+00,0.000000000000000000e+00
-1.475963745117187500e+02,-4.873726272583007812e+01,5.720000000000000000e+02
-0.000000000000000000e+00,-0.000000000000000000e+00,0.000000000000000000e+00
-1.463527526855468750e+02,-4.873726272583007812e+01,5.720000000000000000e+02
-1.457309417724609375e+02,-4.873726272583007812e+01,5.720000000000000000e+02
-1.451091308593750000e+02,-4.873726272583007812e+01,5.720000000000000000e+02
-1.444873046875000000e+02,-4.873726272583007812e+01,5.720000000000000000e+02
-1.438655090332031250e+02,-4.873726272583007812e+01,5.720000000000000000e+02
-1.432436828613281250e+02,-4.873726272583007812e+01,5.720000000000000000e+02
-1.426218872070312500e+02,-4.873726272583007812e+01,5.720000000000000000e+02
-1.420000762939453125e+02,-4.873726272583007812e+01,5.720000000000000000e+02
-1.413782501220703125e+02,-4.873726272583007812e+01,5.720000000000000000e+02
-1.407564392089843750e+02,-4.873726272583007812e+01,5.720000000000000000e+02
-1.401346282958984375e+02,-4.873726272583007812e+01,5.720000000000000000e+02
-1.395128173828125000e+02,-4.873726272583007812e+01,5.720000000000000000e+02
-1.388910064697265625e+02,-4.873726272583007812e+01,5.720000000000000000e+02
-1.382691955566406250e+02,-4.873726272583007812e+01,5.720000000000000000e+02
-1.378880157470703125e+02,-4.882246780395507812e+01,5.730000000000000000e+02
-1.372651214599609375e+02,-4.882246780395507812e+01,5.730000000000000000e+02
-1.366422119140625000e+02,-4.882246780395507812e+01,5.730000000000000000e+02
-1.360193176269531250e+02,-4.882246780395507812e+01,5.730000000000000000e+02
-1.353964233398437500e+02,-4.882246780395507812e+01,5.730000000000000000e+02
-1.350087280273437500e+02,-4.890767288208007812e+01,5.740000000000000000e+02
-1.343847351074218750e+02,-4.890767288208007812e+01,5.740000000000000000e+02
-1.337607574462890625e+02,-4.890767288208007812e+01,5.740000000000000000e+02
-1.329048156738281250e+02,-4.882246780395507812e+01,5.730000000000000000e+02
-1.322819213867187500e+02,-4.882246780395507812e+01,5.730000000000000000e+02
-1.316590270996093750e+02,-4.882246780395507812e+01,5.730000000000000000e+02
-1.308074340820312500e+02,-4.873726272583007812e+01,5.720000000000000000e+02
-1.301856231689453125e+02,-4.873726272583007812e+01,5.720000000000000000e+02
-1.295638122558593750e+02,-4.873726272583007812e+01,5.720000000000000000e+02
-1.287165832519531250e+02,-4.865205764770507812e+01,5.710000000000000000e+02
-1.280958557128906250e+02,-4.865205764770507812e+01,5.710000000000000000e+02
-1.274751281738281250e+02,-4.865205764770507812e+01,5.710000000000000000e+02
-1.270765686035156250e+02,-4.873726272583007812e+01,5.720000000000000000e+02
-1.264547576904296875e+02,-4.873726272583007812e+01,5.720000000000000000e+02
-1.260529327392578125e+02,-4.882246780395507812e+01,5.730000000000000000e+02
-1.254300308227539062e+02,-4.882246780395507812e+01,5.730000000000000000e+02
-1.250249481201171875e+02,-4.890767288208007812e+01,5.740000000000000000e+02
-1.244009552001953125e+02,-4.890767288208007812e+01,5.740000000000000000e+02
-1.239926071166992188e+02,-4.899287796020507812e+01,5.750000000000000000e+02
-1.233675384521484375e+02,-4.899287796020507812e+01,5.750000000000000000e+02
-1.227424621582031250e+02,-4.899287796020507812e+01,5.750000000000000000e+02
-1.223297653198242188e+02,-4.907808303833007812e+01,5.760000000000000000e+02
-1.217036056518554688e+02,-4.907808303833007812e+01,5.760000000000000000e+02
-1.210774459838867188e+02,-4.907808303833007812e+01,5.760000000000000000e+02
-1.204512863159179688e+02,-4.907808303833007812e+01,5.760000000000000000e+02
-1.198251266479492188e+02,-4.907808303833007812e+01,5.760000000000000000e+02
-1.191989593505859375e+02,-4.907808303833007812e+01,5.760000000000000000e+02
-1.185727996826171875e+02,-4.907808303833007812e+01,5.760000000000000000e+02
-1.179466323852539062e+02,-4.907808303833007812e+01,5.760000000000000000e+02
-1.173204727172851562e+02,-4.907808303833007812e+01,5.760000000000000000e+02
-1.164917221069335938e+02,-4.899287796020507812e+01,5.750000000000000000e+02
-1.158666458129882812e+02,-4.899287796020507812e+01,5.750000000000000000e+02
-1.152415695190429688e+02,-4.899287796020507812e+01,5.750000000000000000e+02
-1.146165008544921875e+02,-4.899287796020507812e+01,5.750000000000000000e+02
-1.139914245605468750e+02,-4.899287796020507812e+01,5.750000000000000000e+02
-1.133663482666015625e+02,-4.899287796020507812e+01,5.750000000000000000e+02
-1.127412796020507812e+02,-4.899287796020507812e+01,5.750000000000000000e+02
-1.121162033081054688e+02,-4.899287796020507812e+01,5.750000000000000000e+02
-1.114911346435546875e+02,-4.899287796020507812e+01,5.750000000000000000e+02
-1.110588684082031250e+02,-4.907808303833007812e+01,5.760000000000000000e+02
-1.104327087402343750e+02,-4.907808303833007812e+01,5.760000000000000000e+02
-1.098065490722656250e+02,-4.907808303833007812e+01,5.760000000000000000e+02
-1.091803894042968750e+02,-4.907808303833007812e+01,5.760000000000000000e+02
-1.085542297363281250e+02,-4.907808303833007812e+01,5.760000000000000000e+02
-1.079280624389648438e+02,-4.907808303833007812e+01,5.760000000000000000e+02
-1.073019027709960938e+02,-4.907808303833007812e+01,5.760000000000000000e+02
-1.066757431030273438e+02,-4.907808303833007812e+01,5.760000000000000000e+02
-1.060495834350585938e+02,-4.907808303833007812e+01,5.760000000000000000e+02
-1.056064529418945312e+02,-4.916328811645507812e+01,5.770000000000000000e+02
-1.049792022705078125e+02,-4.916328811645507812e+01,5.770000000000000000e+02
-1.043519515991210938e+02,-4.916328811645507812e+01,5.770000000000000000e+02
-1.037247085571289062e+02,-4.916328811645507812e+01,5.770000000000000000e+02
-1.030974578857421875e+02,-4.916328811645507812e+01,5.770000000000000000e+02
-1.026478042602539062e+02,-4.924849319458007812e+01,5.780000000000000000e+02
-1.020194702148437500e+02,-4.924849319458007812e+01,5.780000000000000000e+02
-1.013911361694335938e+02,-4.924849319458007812e+01,5.780000000000000000e+02
-1.007627944946289062e+02,-4.924849319458007812e+01,5.780000000000000000e+02
-1.001344528198242188e+02,-4.924849319458007812e+01,5.780000000000000000e+02
-9.967827606201171875e+01,-4.933369827270507812e+01,5.790000000000000000e+02
-9.904885101318359375e+01,-4.933369827270507812e+01,5.790000000000000000e+02
-9.841943359375000000e+01,-4.933369827270507812e+01,5.790000000000000000e+02
-9.779000854492187500e+01,-4.933369827270507812e+01,5.790000000000000000e+02
-9.732839965820312500e+01,-4.941890335083007812e+01,5.800000000000000000e+02
-9.669788360595703125e+01,-4.941890335083007812e+01,5.800000000000000000e+02
-9.606737518310546875e+01,-4.941890335083007812e+01,5.800000000000000000e+02
-9.560141754150390625e+01,-4.950410842895507812e+01,5.810000000000000000e+02
-9.496981811523437500e+01,-4.950410842895507812e+01,5.810000000000000000e+02
-9.450059509277343750e+01,-4.958931350708007812e+01,5.820000000000000000e+02
-9.386791229248046875e+01,-4.958931350708007812e+01,5.820000000000000000e+02
-9.323522949218750000e+01,-4.958931350708007812e+01,5.820000000000000000e+02
-9.276165771484375000e+01,-4.967451858520507812e+01,5.830000000000000000e+02
-9.212788391113281250e+01,-4.967451858520507812e+01,5.830000000000000000e+02
-9.165105438232421875e+01,-4.975972366333007812e+01,5.840000000000000000e+02
-9.101619720458984375e+01,-4.975972366333007812e+01,5.840000000000000000e+02
-9.038134002685546875e+01,-4.975972366333007812e+01,5.840000000000000000e+02
-8.990015411376953125e+01,-4.984492874145507812e+01,5.850000000000000000e+02
-8.926421356201171875e+01,-4.984492874145507812e+01,5.850000000000000000e+02
-8.862826538085937500e+01,-4.984492874145507812e+01,5.850000000000000000e+02
-8.814273834228515625e+01,-4.993013381958007812e+01,5.860000000000000000e+02
-8.750570678710937500e+01,-4.993013381958007812e+01,5.860000000000000000e+02
-8.701691436767578125e+01,-5.001533889770507812e+01,5.870000000000000000e+02
-8.637879943847656250e+01,-5.001533889770507812e+01,5.870000000000000000e+02
-8.574067687988281250e+01,-5.001533889770507812e+01,5.870000000000000000e+02
-8.524753570556640625e+01,-5.010054397583007812e+01,5.880000000000000000e+02
-8.460832977294921875e+01,-5.010054397583007812e+01,5.880000000000000000e+02
-8.411193084716796875e+01,-5.018574523925781250e+01,5.890000000000000000e+02
-8.347164154052734375e+01,-5.018574523925781250e+01,5.890000000000000000e+02
-8.283134460449218750e+01,-5.018574523925781250e+01,5.890000000000000000e+02
-8.233058929443359375e+01,-5.027095031738281250e+01,5.900000000000000000e+02
-8.168920898437500000e+01,-5.027095031738281250e+01,5.900000000000000000e+02
-8.118519592285156250e+01,-5.035615539550781250e+01,5.910000000000000000e+02
-8.054273223876953125e+01,-5.035615539550781250e+01,5.910000000000000000e+02
-7.990026092529296875e+01,-5.035615539550781250e+01,5.910000000000000000e+02
-7.925779724121093750e+01,-5.035615539550781250e+01,5.910000000000000000e+02
-7.861533355712890625e+01,-5.035615539550781250e+01,5.910000000000000000e+02
-7.797286224365234375e+01,-5.035615539550781250e+01,5.910000000000000000e+02
-7.733039855957031250e+01,-5.035615539550781250e+01,5.910000000000000000e+02
-7.668792724609375000e+01,-5.035615539550781250e+01,5.910000000000000000e+02
-7.604546356201171875e+01,-5.035615539550781250e+01,5.910000000000000000e+02
-7.553057861328125000e+01,-5.044136047363281250e+01,5.920000000000000000e+02
-7.488702392578125000e+01,-5.044136047363281250e+01,5.920000000000000000e+02
-7.424346923828125000e+01,-5.044136047363281250e+01,5.920000000000000000e+02
-7.347559356689453125e+01,-5.035615539550781250e+01,5.910000000000000000e+02
-7.295636749267578125e+01,-5.044136047363281250e+01,5.920000000000000000e+02
-7.231281280517578125e+01,-5.044136047363281250e+01,5.920000000000000000e+02
-7.166925811767578125e+01,-5.044136047363281250e+01,5.920000000000000000e+02
-1.878561248779296875e+02,-5.147989273071289062e+01,6.120000000000000000e+02
-1.871908264160156250e+02,-5.147989273071289062e+01,6.120000000000000000e+02
-1.865255279541015625e+02,-5.147989273071289062e+01,6.120000000000000000e+02
-0.000000000000000000e+00,-0.000000000000000000e+00,0.000000000000000000e+00
-0.000000000000000000e+00,-0.000000000000000000e+00,0.000000000000000000e+00
-0.000000000000000000e+00,-0.000000000000000000e+00,0.000000000000000000e+00
-0.000000000000000000e+00,-0.000000000000000000e+00,0.000000000000000000e+00
-0.000000000000000000e+00,-0.000000000000000000e+00,0.000000000000000000e+00
-0.000000000000000000e+00,-0.000000000000000000e+00,0.000000000000000000e+00
-0.000000000000000000e+00,-0.000000000000000000e+00,0.000000000000000000e+00
-0.000000000000000000e+00,-0.000000000000000000e+00,0.000000000000000000e+00
-0.000000000000000000e+00,-0.000000000000000000e+00,0.000000000000000000e+00
-0.000000000000000000e+00,-0.000000000000000000e+00,0.000000000000000000e+00
-0.000000000000000000e+00,-0.000000000000000000e+00,0.000000000000000000e+00
-0.000000000000000000e+00,-0.000000000000000000e+00,0.000000000000000000e+00
-0.000000000000000000e+00,-0.000000000000000000e+00,0.000000000000000000e+00
-0.000000000000000000e+00,-0.000000000000000000e+00,0.000000000000000000e+00
-0.000000000000000000e+00,-0.000000000000000000e+00,0.000000000000000000e+00
-0.000000000000000000e+00,-0.000000000000000000e+00,0.000000000000000000e+00
-0.000000000000000000e+00,-0.000000000000000000e+00,0.000000000000000000e+00
-0.000000000000000000e+00,-0.000000000000000000e+00,0.000000000000000000e+00
-0.000000000000000000e+00,-0.000000000000000000e+00,0.000000000000000000e+00
-0.000000000000000000e+00,-0.000000000000000000e+00,0.000000000000000000e+00
-0.000000000000000000e+00,-0.000000000000000000e+00,0.000000000000000000e+00
-0.000000000000000000e+00,-0.000000000000000000e+00,0.000000000000000000e+00
-0.000000000000000000e+00,-0.000000000000000000e+00,0.000000000000000000e+00
-0.000000000000000000e+00,-0.000000000000000000e+00,0.000000000000000000e+00
-0.000000000000000000e+00,-0.000000000000000000e+00,0.000000000000000000e+00
-0.000000000000000000e+00,-0.000000000000000000e+00,0.000000000000000000e+00
-0.000000000000000000e+00,-0.000000000000000000e+00,0.000000000000000000e+00
-0.000000000000000000e+00,-0.000000000000000000e+00,0.000000000000000000e+00
-0.000000000000000000e+00,-0.000000000000000000e+00,0.000000000000000000e+00
-0.000000000000000000e+00,-0.000000000000000000e+00,0.000000000000000000e+00
-0.000000000000000000e+00,-0.000000000000000000e+00,0.000000000000000000e+00
-0.000000000000000000e+00,-0.000000000000000000e+00,0.000000000000000000e+00
-0.000000000000000000e+00,-0.000000000000000000e+00,0.000000000000000000e+00
-0.000000000000000000e+00,-0.000000000000000000e+00,0.000000000000000000e+00
-0.000000000000000000e+00,-0.000000000000000000e+00,0.000000000000000000e+00
-0.000000000000000000e+00,-0.000000000000000000e+00,0.000000000000000000e+00
-0.000000000000000000e+00,-0.000000000000000000e+00,0.000000000000000000e+00
-1.507054443359375000e+02,-4.811519241333007812e+01,5.720000000000000000e+02
-1.500836334228515625e+02,-4.811519241333007812e+01,5.720000000000000000e+02
-1.494618225097656250e+02,-4.811519241333007812e+01,5.720000000000000000e+02
-1.488400115966796875e+02,-4.811519241333007812e+01,5.720000000000000000e+02
-1.482182006835937500e+02,-4.811519241333007812e+01,5.720000000000000000e+02
-1.475963745117187500e+02,-4.811519241333007812e+01,5.720000000000000000e+02
-1.469745635986328125e+02,-4.811519241333007812e+01,5.720000000000000000e+02
-1.463527526855468750e+02,-4.811519241333007812e+01,5.720000000000000000e+02
-1.454761657714843750e+02,-4.803107833862304688e+01,5.710000000000000000e+02
-1.451091308593750000e+02,-4.811519241333007812e+01,5.720000000000000000e+02
-1.444873046875000000e+02,-4.811519241333007812e+01,5.720000000000000000e+02
-1.436139984130859375e+02,-4.803107833862304688e+01,5.710000000000000000e+02
-1.429932556152343750e+02,-4.803107833862304688e+01,5.710000000000000000e+02
-1.423725433349609375e+02,-4.803107833862304688e+01,5.710000000000000000e+02
-1.417518157958984375e+02,-4.803107833862304688e+01,5.710000000000000000e+02
-1.411310882568359375e+02,-4.803107833862304688e+01,5.710000000000000000e+02
-1.405103607177734375e+02,-4.803107833862304688e+01,5.710000000000000000e+02
-1.398896484375000000e+02,-4.803107833862304688e+01,5.710000000000000000e+02
-1.395128173828125000e+02,-4.811519241333007812e+01,5.720000000000000000e+02
-1.386481933593750000e+02,-4.803107833862304688e+01,5.710000000000000000e+02
-1.382691955566406250e+02,-4.811519241333007812e+01,5.720000000000000000e+02
-1.376473693847656250e+02,-4.811519241333007812e+01,5.720000000000000000e+02
-1.370255584716796875e+02,-4.811519241333007812e+01,5.720000000000000000e+02
-1.366422119140625000e+02,-4.819931030273437500e+01,5.730000000000000000e+02
-1.360193176269531250e+02,-4.819931030273437500e+01,5.730000000000000000e+02
-1.353964233398437500e+02,-4.819931030273437500e+01,5.730000000000000000e+02
-1.347735137939453125e+02,-4.819931030273437500e+01,5.730000000000000000e+02
-1.343847351074218750e+02,-4.828342819213867188e+01,5.740000000000000000e+02
-1.337607574462890625e+02,-4.828342819213867188e+01,5.740000000000000000e+02
-1.329048156738281250e+02,-4.819931030273437500e+01,5.730000000000000000e+02
-1.322819213867187500e+02,-4.819931030273437500e+01,5.730000000000000000e+02
-1.314292449951171875e+02,-4.811519241333007812e+01,5.720000000000000000e+02
-1.308074340820312500e+02,-4.811519241333007812e+01,5.720000000000000000e+02
-1.301856231689453125e+02,-4.811519241333007812e+01,5.720000000000000000e+02
-1.293373107910156250e+02,-4.803107833862304688e+01,5.710000000000000000e+02
-1.287165832519531250e+02,-4.803107833862304688e+01,5.710000000000000000e+02
-1.280958557128906250e+02,-4.803107833862304688e+01,5.710000000000000000e+02
-1.274751281738281250e+02,-4.803107833862304688e+01,5.710000000000000000e+02
-1.268544082641601562e+02,-4.803107833862304688e+01,5.710000000000000000e+02
-1.264547576904296875e+02,-4.811519241333007812e+01,5.720000000000000000e+02
-1.258329391479492188e+02,-4.811519241333007812e+01,5.720000000000000000e+02
-1.254300308227539062e+02,-4.819931030273437500e+01,5.730000000000000000e+02
-1.250249481201171875e+02,-4.828342819213867188e+01,5.740000000000000000e+02
-1.244009552001953125e+02,-4.828342819213867188e+01,5.740000000000000000e+02
-1.239926071166992188e+02,-4.836754608154296875e+01,5.750000000000000000e+02
-1.233675384521484375e+02,-4.836754608154296875e+01,5.750000000000000000e+02
-1.227424621582031250e+02,-4.836754608154296875e+01,5.750000000000000000e+02
-1.223297653198242188e+02,-4.845166397094726562e+01,5.760000000000000000e+02
-1.217036056518554688e+02,-4.845166397094726562e+01,5.760000000000000000e+02
-1.210774459838867188e+02,-4.845166397094726562e+01,5.760000000000000000e+02
-1.204512863159179688e+02,-4.845166397094726562e+01,5.760000000000000000e+02
-1.198251266479492188e+02,-4.845166397094726562e+01,5.760000000000000000e+02
-1.191989593505859375e+02,-4.845166397094726562e+01,5.760000000000000000e+02
-1.185727996826171875e+02,-4.845166397094726562e+01,5.760000000000000000e+02
-1.179466323852539062e+02,-4.845166397094726562e+01,5.760000000000000000e+02
-1.173204727172851562e+02,-4.845166397094726562e+01,5.760000000000000000e+02
-1.166943130493164062e+02,-4.845166397094726562e+01,5.760000000000000000e+02
-1.160681533813476562e+02,-4.845166397094726562e+01,5.760000000000000000e+02
-1.152415695190429688e+02,-4.836754608154296875e+01,5.750000000000000000e+02
-1.146165008544921875e+02,-4.836754608154296875e+01,5.750000000000000000e+02
-1.139914245605468750e+02,-4.836754608154296875e+01,5.750000000000000000e+02
-1.133663482666015625e+02,-4.836754608154296875e+01,5.750000000000000000e+02
-1.127412796020507812e+02,-4.836754608154296875e+01,5.750000000000000000e+02
-1.121162033081054688e+02,-4.836754608154296875e+01,5.750000000000000000e+02
-1.114911346435546875e+02,-4.836754608154296875e+01,5.750000000000000000e+02
-1.110588684082031250e+02,-4.845166397094726562e+01,5.760000000000000000e+02
-1.104327087402343750e+02,-4.845166397094726562e+01,5.760000000000000000e+02
-1.098065490722656250e+02,-4.845166397094726562e+01,5.760000000000000000e+02
-1.091803894042968750e+02,-4.845166397094726562e+01,5.760000000000000000e+02
-1.085542297363281250e+02,-4.845166397094726562e+01,5.760000000000000000e+02
-1.079280624389648438e+02,-4.845166397094726562e+01,5.760000000000000000e+02
-1.073019027709960938e+02,-4.845166397094726562e+01,5.760000000000000000e+02
-1.066757431030273438e+02,-4.845166397094726562e+01,5.760000000000000000e+02
-1.060495834350585938e+02,-4.845166397094726562e+01,5.760000000000000000e+02
-1.056064529418945312e+02,-4.853578186035156250e+01,5.770000000000000000e+02
-1.049792022705078125e+02,-4.853578186035156250e+01,5.770000000000000000e+02
-1.043519515991210938e+02,-4.853578186035156250e+01,5.770000000000000000e+02
-1.037247085571289062e+02,-4.853578186035156250e+01,5.770000000000000000e+02
-1.030974578857421875e+02,-4.853578186035156250e+01,5.770000000000000000e+02
-1.026478042602539062e+02,-4.861989974975585938e+01,5.780000000000000000e+02
-1.020194702148437500e+02,-4.861989974975585938e+01,5.780000000000000000e+02
-1.013911361694335938e+02,-4.861989974975585938e+01,5.780000000000000000e+02
-1.007627944946289062e+02,-4.861989974975585938e+01,5.780000000000000000e+02
-1.003077011108398438e+02,-4.870401763916015625e+01,5.790000000000000000e+02
-9.967827606201171875e+01,-4.870401763916015625e+01,5.790000000000000000e+02
-9.904885101318359375e+01,-4.870401763916015625e+01,5.790000000000000000e+02
-9.841943359375000000e+01,-4.870401763916015625e+01,5.790000000000000000e+02
-9.795890808105468750e+01,-4.878813552856445312e+01,5.800000000000000000e+02
-9.732839965820312500e+01,-4.878813552856445312e+01,5.800000000000000000e+02
-9.669788360595703125e+01,-4.878813552856445312e+01,5.800000000000000000e+02
-9.623300933837890625e+01,-4.887224960327148438e+01,5.810000000000000000e+02
-9.560141754150390625e+01,-4.887224960327148438e+01,5.810000000000000000e+02
-9.513327789306640625e+01,-4.895636749267578125e+01,5.820000000000000000e+02
-9.450059509277343750e+01,-4.895636749267578125e+01,5.820000000000000000e+02
-9.386791229248046875e+01,-4.895636749267578125e+01,5.820000000000000000e+02
-9.339542388916015625e+01,-4.904048538208007812e+01,5.830000000000000000e+02
-9.276165771484375000e+01,-4.904048538208007812e+01,5.830000000000000000e+02
-9.228591156005859375e+01,-4.912460327148437500e+01,5.840000000000000000e+02
-9.165105438232421875e+01,-4.912460327148437500e+01,5.840000000000000000e+02
-9.117204284667968750e+01,-4.920872116088867188e+01,5.850000000000000000e+02
-9.053610229492187500e+01,-4.920872116088867188e+01,5.850000000000000000e+02
-8.990015411376953125e+01,-4.920872116088867188e+01,5.850000000000000000e+02
-8.941680145263671875e+01,-4.929283905029296875e+01,5.860000000000000000e+02
-8.877976989746093750e+01,-4.929283905029296875e+01,5.860000000000000000e+02
-8.814273834228515625e+01,-4.929283905029296875e+01,5.860000000000000000e+02
-8.765503692626953125e+01,-4.937695693969726562e+01,5.870000000000000000e+02
-8.701691436767578125e+01,-4.937695693969726562e+01,5.870000000000000000e+02
-8.652594757080078125e+01,-4.946107482910156250e+01,5.880000000000000000e+02
-8.588674163818359375e+01,-4.946107482910156250e+01,5.880000000000000000e+02
-8.539251708984375000e+01,-4.954519271850585938e+01,5.890000000000000000e+02
-8.475222778320312500e+01,-4.954519271850585938e+01,5.890000000000000000e+02
-8.411193084716796875e+01,-4.954519271850585938e+01,5.890000000000000000e+02
-8.361335754394531250e+01,-4.962930679321289062e+01,5.900000000000000000e+02
-8.297197723388671875e+01,-4.962930679321289062e+01,5.900000000000000000e+02
-8.233058929443359375e+01,-4.962930679321289062e+01,5.900000000000000000e+02
-8.182766723632812500e+01,-4.971342468261718750e+01,5.910000000000000000e+02
-8.118519592285156250e+01,-4.971342468261718750e+01,5.910000000000000000e+02
-8.054273223876953125e+01,-4.971342468261718750e+01,5.910000000000000000e+02
-8.003546142578125000e+01,-4.979754257202148438e+01,5.920000000000000000e+02
-7.939190673828125000e+01,-4.979754257202148438e+01,5.920000000000000000e+02
-7.874835205078125000e+01,-4.979754257202148438e+01,5.920000000000000000e+02
-7.810479736328125000e+01,-4.979754257202148438e+01,5.920000000000000000e+02
-7.746124267578125000e+01,-4.979754257202148438e+01,5.920000000000000000e+02
-7.681768798828125000e+01,-4.979754257202148438e+01,5.920000000000000000e+02
-7.617413330078125000e+01,-4.979754257202148438e+01,5.920000000000000000e+02
-7.553057861328125000e+01,-4.979754257202148438e+01,5.920000000000000000e+02
-7.488702392578125000e+01,-4.979754257202148438e+01,5.920000000000000000e+02
-7.424346923828125000e+01,-4.979754257202148438e+01,5.920000000000000000e+02
-7.359992218017578125e+01,-4.979754257202148438e+01,5.920000000000000000e+02
-7.295636749267578125e+01,-4.979754257202148438e+01,5.920000000000000000e+02
-7.231281280517578125e+01,-4.979754257202148438e+01,5.920000000000000000e+02
-1.885214233398437500e+02,-5.081432342529296875e+01,6.120000000000000000e+02
-0.000000000000000000e+00,-0.000000000000000000e+00,0.000000000000000000e+00
-0.000000000000000000e+00,-0.000000000000000000e+00,0.000000000000000000e+00
-0.000000000000000000e+00,-0.000000000000000000e+00,0.000000000000000000e+00
-0.000000000000000000e+00,-0.000000000000000000e+00,0.000000000000000000e+00
-0.000000000000000000e+00,-0.000000000000000000e+00,0.000000000000000000e+00
-0.000000000000000000e+00,-0.000000000000000000e+00,0.000000000000000000e+00
-0.000000000000000000e+00,-0.000000000000000000e+00,0.000000000000000000e+00
-0.000000000000000000e+00,-0.000000000000000000e+00,0.000000000000000000e+00
-0.000000000000000000e+00,-0.000000000000000000e+00,0.000000000000000000e+00
-0.000000000000000000e+00,-0.000000000000000000e+00,0.000000000000000000e+00
-0.000000000000000000e+00,-0.000000000000000000e+00,0.000000000000000000e+00
-0.000000000000000000e+00,-0.000000000000000000e+00,0.000000000000000000e+00
-0.000000000000000000e+00,-0.000000000000000000e+00,0.000000000000000000e+00
-0.000000000000000000e+00,-0.000000000000000000e+00,0.000000000000000000e+00
-0.000000000000000000e+00,-0.000000000000000000e+00,0.000000000000000000e+00
-0.000000000000000000e+00,-0.000000000000000000e+00,0.000000000000000000e+00
-0.000000000000000000e+00,-0.000000000000000000e+00,0.000000000000000000e+00
-0.000000000000000000e+00,-0.000000000000000000e+00,0.000000000000000000e+00
-1.620862274169921875e+02,-4.682888793945312500e+01,5.640000000000000000e+02
-1.611867980957031250e+02,-4.674585723876953125e+01,5.630000000000000000e+02
-1.605747833251953125e+02,-4.674585723876953125e+01,5.630000000000000000e+02
-1.599627380371093750e+02,-4.674585723876953125e+01,5.630000000000000000e+02
-0.000000000000000000e+00,-0.000000000000000000e+00,0.000000000000000000e+00
-0.000000000000000000e+00,-0.000000000000000000e+00,0.000000000000000000e+00
-0.000000000000000000e+00,-0.000000000000000000e+00,0.000000000000000000e+00
-0.000000000000000000e+00,-0.000000000000000000e+00,0.000000000000000000e+00
-0.000000000000000000e+00,-0.000000000000000000e+00,0.000000000000000000e+00
-0.000000000000000000e+00,-0.000000000000000000e+00,0.000000000000000000e+00
-0.000000000000000000e+00,-0.000000000000000000e+00,0.000000000000000000e+00
-0.000000000000000000e+00,-0.000000000000000000e+00,0.000000000000000000e+00
-0.000000000000000000e+00,-0.000000000000000000e+00,0.000000000000000000e+00
-0.000000000000000000e+00,-0.000000000000000000e+00,0.000000000000000000e+00
-0.000000000000000000e+00,-0.000000000000000000e+00,0.000000000000000000e+00
-0.000000000000000000e+00,-0.000000000000000000e+00,0.000000000000000000e+00
-0.000000000000000000e+00,-0.000000000000000000e+00,0.000000000000000000e+00
-0.000000000000000000e+00,-0.000000000000000000e+00,0.000000000000000000e+00
-0.000000000000000000e+00,-0.000000000000000000e+00,0.000000000000000000e+00
-1.525708770751953125e+02,-4.749312591552734375e+01,5.720000000000000000e+02
-0.000000000000000000e+00,-0.000000000000000000e+00,0.000000000000000000e+00
-0.000000000000000000e+00,-0.000000000000000000e+00,0.000000000000000000e+00
-1.504419860839843750e+02,-4.741009521484375000e+01,5.710000000000000000e+02
-1.495588684082031250e+02,-4.732706451416015625e+01,5.700000000000000000e+02
-1.489392395019531250e+02,-4.732706451416015625e+01,5.700000000000000000e+02
-1.485797882080078125e+02,-4.741009521484375000e+01,5.710000000000000000e+02
-1.476999511718750000e+02,-4.732706451416015625e+01,5.700000000000000000e+02
-1.473383483886718750e+02,-4.741009521484375000e+01,5.710000000000000000e+02
-1.464606628417968750e+02,-4.732706451416015625e+01,5.700000000000000000e+02
-1.460968933105468750e+02,-4.741009521484375000e+01,5.710000000000000000e+02
-1.454761657714843750e+02,-4.741009521484375000e+01,5.710000000000000000e+02
-1.448554382324218750e+02,-4.741009521484375000e+01,5.710000000000000000e+02
-1.442347106933593750e+02,-4.741009521484375000e+01,5.710000000000000000e+02
-1.436139984130859375e+02,-4.741009521484375000e+01,5.710000000000000000e+02
-1.429932556152343750e+02,-4.741009521484375000e+01,5.710000000000000000e+02
-1.423725433349609375e+02,-4.741009521484375000e+01,5.710000000000000000e+02
-1.417518157958984375e+02,-4.741009521484375000e+01,5.710000000000000000e+02
-1.411310882568359375e+02,-4.741009521484375000e+01,5.710000000000000000e+02
-1.405103607177734375e+02,-4.741009521484375000e+01,5.710000000000000000e+02
-1.398896484375000000e+02,-4.741009521484375000e+01,5.710000000000000000e+02
-1.392689208984375000e+02,-4.741009521484375000e+01,5.710000000000000000e+02
-1.386481933593750000e+02,-4.741009521484375000e+01,5.710000000000000000e+02
-1.380274658203125000e+02,-4.741009521484375000e+01,5.710000000000000000e+02
-1.376473693847656250e+02,-4.749312591552734375e+01,5.720000000000000000e+02
-1.370255584716796875e+02,-4.749312591552734375e+01,5.720000000000000000e+02
-1.364037475585937500e+02,-4.749312591552734375e+01,5.720000000000000000e+02
-1.360193176269531250e+02,-4.757615661621093750e+01,5.730000000000000000e+02
-1.353964233398437500e+02,-4.757615661621093750e+01,5.730000000000000000e+02
-1.347735137939453125e+02,-4.757615661621093750e+01,5.730000000000000000e+02
-1.343847351074218750e+02,-4.765918731689453125e+01,5.740000000000000000e+02
-1.337607574462890625e+02,-4.765918731689453125e+01,5.740000000000000000e+02
-1.329048156738281250e+02,-4.757615661621093750e+01,5.730000000000000000e+02
-1.322819213867187500e+02,-4.757615661621093750e+01,5.730000000000000000e+02
-1.314292449951171875e+02,-4.749312591552734375e+01,5.720000000000000000e+02
-1.308074340820312500e+02,-4.749312591552734375e+01,5.720000000000000000e+02
-1.299580230712890625e+02,-4.741009521484375000e+01,5.710000000000000000e+02
-1.293373107910156250e+02,-4.741009521484375000e+01,5.710000000000000000e+02
-1.287165832519531250e+02,-4.741009521484375000e+01,5.710000000000000000e+02
-1.280958557128906250e+02,-4.741009521484375000e+01,5.710000000000000000e+02
-1.274751281738281250e+02,-4.741009521484375000e+01,5.710000000000000000e+02
-1.268544082641601562e+02,-4.741009521484375000e+01,5.710000000000000000e+02
-1.262336807250976562e+02,-4.741009521484375000e+01,5.710000000000000000e+02
-1.258329391479492188e+02,-4.749312591552734375e+01,5.720000000000000000e+02
-1.252111282348632812e+02,-4.749312591552734375e+01,5.720000000000000000e+02
-1.248071289062500000e+02,-4.757615661621093750e+01,5.730000000000000000e+02
-1.244009552001953125e+02,-4.765918731689453125e+01,5.740000000000000000e+02
-1.237769699096679688e+02,-4.765918731689453125e+01,5.740000000000000000e+02
-1.233675384521484375e+02,-4.774221420288085938e+01,5.750000000000000000e+02
-1.227424621582031250e+02,-4.774221420288085938e+01,5.750000000000000000e+02
-1.221173934936523438e+02,-4.774221420288085938e+01,5.750000000000000000e+02
-1.217036056518554688e+02,-4.782524490356445312e+01,5.760000000000000000e+02
-1.210774459838867188e+02,-4.782524490356445312e+01,5.760000000000000000e+02
-1.204512863159179688e+02,-4.782524490356445312e+01,5.760000000000000000e+02
-1.198251266479492188e+02,-4.782524490356445312e+01,5.760000000000000000e+02
-1.191989593505859375e+02,-4.782524490356445312e+01,5.760000000000000000e+02
-1.185727996826171875e+02,-4.782524490356445312e+01,5.760000000000000000e+02
-1.179466323852539062e+02,-4.782524490356445312e+01,5.760000000000000000e+02
-1.173204727172851562e+02,-4.782524490356445312e+01,5.760000000000000000e+02
-1.166943130493164062e+02,-4.782524490356445312e+01,5.760000000000000000e+02
-1.160681533813476562e+02,-4.782524490356445312e+01,5.760000000000000000e+02
-1.154419937133789062e+02,-4.782524490356445312e+01,5.760000000000000000e+02
-1.148158340454101562e+02,-4.782524490356445312e+01,5.760000000000000000e+02
-1.141896743774414062e+02,-4.782524490356445312e+01,5.760000000000000000e+02
-1.135635070800781250e+02,-4.782524490356445312e+01,5.760000000000000000e+02
-1.129373474121093750e+02,-4.782524490356445312e+01,5.760000000000000000e+02
-1.123111877441406250e+02,-4.782524490356445312e+01,5.760000000000000000e+02
-1.114911346435546875e+02,-4.774221420288085938e+01,5.750000000000000000e+02
-1.108660583496093750e+02,-4.774221420288085938e+01,5.750000000000000000e+02
-1.102409820556640625e+02,-4.774221420288085938e+01,5.750000000000000000e+02
-1.096159133911132812e+02,-4.774221420288085938e+01,5.750000000000000000e+02
-1.089908370971679688e+02,-4.774221420288085938e+01,5.750000000000000000e+02
-1.083657608032226562e+02,-4.774221420288085938e+01,5.750000000000000000e+02
-1.077406921386718750e+02,-4.774221420288085938e+01,5.750000000000000000e+02
-1.073019027709960938e+02,-4.782524490356445312e+01,5.760000000000000000e+02
-1.066757431030273438e+02,-4.782524490356445312e+01,5.760000000000000000e+02
-1.060495834350585938e+02,-4.782524490356445312e+01,5.760000000000000000e+02
-1.054234237670898438e+02,-4.782524490356445312e+01,5.760000000000000000e+02
-1.049792022705078125e+02,-4.790827560424804688e+01,5.770000000000000000e+02
-1.043519515991210938e+02,-4.790827560424804688e+01,5.770000000000000000e+02
-1.037247085571289062e+02,-4.790827560424804688e+01,5.770000000000000000e+02
-1.032761383056640625e+02,-4.799130630493164062e+01,5.780000000000000000e+02
-1.026478042602539062e+02,-4.799130630493164062e+01,5.780000000000000000e+02
-1.020194702148437500e+02,-4.799130630493164062e+01,5.780000000000000000e+02
-1.015665512084960938e+02,-4.807433700561523438e+01,5.790000000000000000e+02
-1.009371261596679688e+02,-4.807433700561523438e+01,5.790000000000000000e+02
-1.003077011108398438e+02,-4.807433700561523438e+01,5.790000000000000000e+02
-9.967827606201171875e+01,-4.807433700561523438e+01,5.790000000000000000e+02
-9.921992492675781250e+01,-4.815736389160156250e+01,5.800000000000000000e+02
-9.858941650390625000e+01,-4.815736389160156250e+01,5.800000000000000000e+02
-9.795890808105468750e+01,-4.815736389160156250e+01,5.800000000000000000e+02
-9.749620056152343750e+01,-4.824039459228515625e+01,5.810000000000000000e+02
-9.686460876464843750e+01,-4.824039459228515625e+01,5.810000000000000000e+02
-9.623300933837890625e+01,-4.824039459228515625e+01,5.810000000000000000e+02
-9.576596069335937500e+01,-4.832342529296875000e+01,5.820000000000000000e+02
-9.513327789306640625e+01,-4.832342529296875000e+01,5.820000000000000000e+02
-9.466296386718750000e+01,-4.840645599365234375e+01,5.830000000000000000e+02
-9.402919769287109375e+01,-4.840645599365234375e+01,5.830000000000000000e+02
-9.355562591552734375e+01,-4.848948669433593750e+01,5.840000000000000000e+02
-9.292076873779296875e+01,-4.848948669433593750e+01,5.840000000000000000e+02
-9.228591156005859375e+01,-4.848948669433593750e+01,5.840000000000000000e+02
-9.180799102783203125e+01,-4.857251358032226562e+01,5.850000000000000000e+02
-9.117204284667968750e+01,-4.857251358032226562e+01,5.850000000000000000e+02
-9.069086456298828125e+01,-4.865554428100585938e+01,5.860000000000000000e+02
-9.005383300781250000e+01,-4.865554428100585938e+01,5.860000000000000000e+02
-8.941680145263671875e+01,-4.865554428100585938e+01,5.860000000000000000e+02
-8.893127441406250000e+01,-4.873857498168945312e+01,5.870000000000000000e+02
-8.829315185546875000e+01,-4.873857498168945312e+01,5.870000000000000000e+02
-8.765503692626953125e+01,-4.873857498168945312e+01,5.870000000000000000e+02
-8.716515350341796875e+01,-4.882160568237304688e+01,5.880000000000000000e+02
-8.652594757080078125e+01,-4.882160568237304688e+01,5.880000000000000000e+02
-8.603280639648437500e+01,-4.890463638305664062e+01,5.890000000000000000e+02
-8.539251708984375000e+01,-4.890463638305664062e+01,5.890000000000000000e+02
-8.475222778320312500e+01,-4.890463638305664062e+01,5.890000000000000000e+02
-8.425473785400390625e+01,-4.898766326904296875e+01,5.900000000000000000e+02
-8.361335754394531250e+01,-4.898766326904296875e+01,5.900000000000000000e+02
-8.311260986328125000e+01,-4.907069396972656250e+01,5.910000000000000000e+02
-8.247013092041015625e+01,-4.907069396972656250e+01,5.910000000000000000e+02
-8.182766723632812500e+01,-4.907069396972656250e+01,5.910000000000000000e+02
-8.132256317138671875e+01,-4.915372467041015625e+01,5.920000000000000000e+02
-8.067901611328125000e+01,-4.915372467041015625e+01,5.920000000000000000e+02
-8.003546142578125000e+01,-4.915372467041015625e+01,5.920000000000000000e+02
-7.939190673828125000e+01,-4.915372467041015625e+01,5.920000000000000000e+02
-7.874835205078125000e+01,-4.915372467041015625e+01,5.920000000000000000e+02
-7.810479736328125000e+01,-4.915372467041015625e+01,5.920000000000000000e+02
-7.746124267578125000e+01,-4.915372467041015625e+01,5.920000000000000000e+02
-7.681768798828125000e+01,-4.915372467041015625e+01,5.920000000000000000e+02
-7.617413330078125000e+01,-4.915372467041015625e+01,5.920000000000000000e+02
-7.553057861328125000e+01,-4.915372467041015625e+01,5.920000000000000000e+02
-7.488702392578125000e+01,-4.915372467041015625e+01,5.920000000000000000e+02
-7.436888122558593750e+01,-4.923675537109375000e+01,5.930000000000000000e+02
-7.359992218017578125e+01,-4.915372467041015625e+01,5.920000000000000000e+02
-7.295636749267578125e+01,-4.915372467041015625e+01,5.920000000000000000e+02
-7.243495941162109375e+01,-4.923675537109375000e+01,5.930000000000000000e+02
-0.000000000000000000e+00,-0.000000000000000000e+00,0.000000000000000000e+00
-0.000000000000000000e+00,-0.000000000000000000e+00,0.000000000000000000e+00
-0.000000000000000000e+00,-0.000000000000000000e+00,0.000000000000000000e+00
-0.000000000000000000e+00,-0.000000000000000000e+00,0.000000000000000000e+00
-0.000000000000000000e+00,-0.000000000000000000e+00,0.000000000000000000e+00
-0.000000000000000000e+00,-0.000000000000000000e+00,0.000000000000000000e+00
-0.000000000000000000e+00,-0.000000000000000000e+00,0.000000000000000000e+00
-0.000000000000000000e+00,-0.000000000000000000e+00,0.000000000000000000e+00
-1.706453399658203125e+02,-4.654328536987304688e+01,5.680000000000000000e+02
-1.697285461425781250e+02,-4.646134185791015625e+01,5.670000000000000000e+02
-1.691121520996093750e+02,-4.646134185791015625e+01,5.670000000000000000e+02
-1.684957885742187500e+02,-4.646134185791015625e+01,5.670000000000000000e+02
-1.675833129882812500e+02,-4.637939834594726562e+01,5.660000000000000000e+02
-1.669680328369140625e+02,-4.637939834594726562e+01,5.660000000000000000e+02
-1.660588226318359375e+02,-4.629745864868164062e+01,5.650000000000000000e+02
-1.654446411132812500e+02,-4.629745864868164062e+01,5.650000000000000000e+02
-1.648304290771484375e+02,-4.629745864868164062e+01,5.650000000000000000e+02
-1.642162170410156250e+02,-4.629745864868164062e+01,5.650000000000000000e+02
-1.633124542236328125e+02,-4.621551513671875000e+01,5.640000000000000000e+02
-1.626993255615234375e+02,-4.621551513671875000e+01,5.640000000000000000e+02
-1.620862274169921875e+02,-4.621551513671875000e+01,5.640000000000000000e+02
-1.611867980957031250e+02,-4.613357162475585938e+01,5.630000000000000000e+02
-1.605747833251953125e+02,-4.613357162475585938e+01,5.630000000000000000e+02
-1.599627380371093750e+02,-4.613357162475585938e+01,5.630000000000000000e+02
-1.593507232666015625e+02,-4.613357162475585938e+01,5.630000000000000000e+02
-1.584567413330078125e+02,-4.605162811279296875e+01,5.620000000000000000e+02
-0.000000000000000000e+00,-0.000000000000000000e+00,0.000000000000000000e+00
-0.000000000000000000e+00,-0.000000000000000000e+00,0.000000000000000000e+00
-0.000000000000000000e+00,-0.000000000000000000e+00,0.000000000000000000e+00
-0.000000000000000000e+00,-0.000000000000000000e+00,0.000000000000000000e+00
-0.000000000000000000e+00,-0.000000000000000000e+00,0.000000000000000000e+00
-0.000000000000000000e+00,-0.000000000000000000e+00,0.000000000000000000e+00
-0.000000000000000000e+00,-0.000000000000000000e+00,0.000000000000000000e+00
-0.000000000000000000e+00,-0.000000000000000000e+00,0.000000000000000000e+00
-0.000000000000000000e+00,-0.000000000000000000e+00,0.000000000000000000e+00
-0.000000000000000000e+00,-0.000000000000000000e+00,0.000000000000000000e+00
-0.000000000000000000e+00,-0.000000000000000000e+00,0.000000000000000000e+00
-0.000000000000000000e+00,-0.000000000000000000e+00,0.000000000000000000e+00
-0.000000000000000000e+00,-0.000000000000000000e+00,0.000000000000000000e+00
-0.000000000000000000e+00,-0.000000000000000000e+00,0.000000000000000000e+00
-0.000000000000000000e+00,-0.000000000000000000e+00,0.000000000000000000e+00
-0.000000000000000000e+00,-0.000000000000000000e+00,0.000000000000000000e+00
-1.501785125732421875e+02,-4.670716857910156250e+01,5.700000000000000000e+02
-1.495588684082031250e+02,-4.670716857910156250e+01,5.700000000000000000e+02
-1.489392395019531250e+02,-4.670716857910156250e+01,5.700000000000000000e+02
-1.483195800781250000e+02,-4.670716857910156250e+01,5.700000000000000000e+02
-1.476999511718750000e+02,-4.670716857910156250e+01,5.700000000000000000e+02
-1.470803070068359375e+02,-4.670716857910156250e+01,5.700000000000000000e+02
-1.464606628417968750e+02,-4.670716857910156250e+01,5.700000000000000000e+02
-1.458410339355468750e+02,-4.670716857910156250e+01,5.700000000000000000e+02
-1.452213897705078125e+02,-4.670716857910156250e+01,5.700000000000000000e+02
-1.446017608642578125e+02,-4.670716857910156250e+01,5.700000000000000000e+02
-1.442347106933593750e+02,-4.678911209106445312e+01,5.710000000000000000e+02
-1.436139984130859375e+02,-4.678911209106445312e+01,5.710000000000000000e+02
-1.429932556152343750e+02,-4.678911209106445312e+01,5.710000000000000000e+02
-1.423725433349609375e+02,-4.678911209106445312e+01,5.710000000000000000e+02
-1.417518157958984375e+02,-4.678911209106445312e+01,5.710000000000000000e+02
-1.411310882568359375e+02,-4.678911209106445312e+01,5.710000000000000000e+02
-1.405103607177734375e+02,-4.678911209106445312e+01,5.710000000000000000e+02
-1.398896484375000000e+02,-4.678911209106445312e+01,5.710000000000000000e+02
-1.392689208984375000e+02,-4.678911209106445312e+01,5.710000000000000000e+02
-1.386481933593750000e+02,-4.678911209106445312e+01,5.710000000000000000e+02
-1.380274658203125000e+02,-4.678911209106445312e+01,5.710000000000000000e+02
-1.374067382812500000e+02,-4.678911209106445312e+01,5.710000000000000000e+02
-1.370255584716796875e+02,-4.687105560302734375e+01,5.720000000000000000e+02
-1.364037475585937500e+02,-4.687105560302734375e+01,5.720000000000000000e+02
-1.360193176269531250e+02,-4.695299530029296875e+01,5.730000000000000000e+02
-1.353964233398437500e+02,-4.695299530029296875e+01,5.730000000000000000e+02
-1.347735137939453125e+02,-4.695299530029296875e+01,5.730000000000000000e+02
-1.341506195068359375e+02,-4.695299530029296875e+01,5.730000000000000000e+02
-1.335277252197265625e+02,-4.695299530029296875e+01,5.730000000000000000e+02
-1.329048156738281250e+02,-4.695299530029296875e+01,5.730000000000000000e+02
-1.322819213867187500e+02,-4.695299530029296875e+01,5.730000000000000000e+02
-1.314292449951171875e+02,-4.687105560302734375e+01,5.720000000000000000e+02
-1.308074340820312500e+02,-4.687105560302734375e+01,5.720000000000000000e+02
-1.299580230712890625e+02,-4.678911209106445312e+01,5.710000000000000000e+02
-1.293373107910156250e+02,-4.678911209106445312e+01,5.710000000000000000e+02
-1.284911499023437500e+02,-4.670716857910156250e+01,5.700000000000000000e+02
-1.278715209960937500e+02,-4.670716857910156250e+01,5.700000000000000000e+02
-1.272518844604492188e+02,-4.670716857910156250e+01,5.700000000000000000e+02
-1.266322402954101562e+02,-4.670716857910156250e+01,5.700000000000000000e+02
-1.262336807250976562e+02,-4.678911209106445312e+01,5.710000000000000000e+02
-1.256129531860351562e+02,-4.678911209106445312e+01,5.710000000000000000e+02
-1.252111282348632812e+02,-4.687105560302734375e+01,5.720000000000000000e+02
-1.245893173217773438e+02,-4.687105560302734375e+01,5.720000000000000000e+02
-1.241842346191406250e+02,-4.695299530029296875e+01,5.730000000000000000e+02
-1.237769699096679688e+02,-4.703493881225585938e+01,5.740000000000000000e+02
-1.231529846191406250e+02,-4.703493881225585938e+01,5.740000000000000000e+02
-1.227424621582031250e+02,-4.711688232421875000e+01,5.750000000000000000e+02
-1.221173934936523438e+02,-4.711688232421875000e+01,5.750000000000000000e+02
-1.217036056518554688e+02,-4.719882202148437500e+01,5.760000000000000000e+02
-1.210774459838867188e+02,-4.719882202148437500e+01,5.760000000000000000e+02
-1.204512863159179688e+02,-4.719882202148437500e+01,5.760000000000000000e+02
-1.198251266479492188e+02,-4.719882202148437500e+01,5.760000000000000000e+02
-1.191989593505859375e+02,-4.719882202148437500e+01,5.760000000000000000e+02
-1.185727996826171875e+02,-4.719882202148437500e+01,5.760000000000000000e+02
-1.179466323852539062e+02,-4.719882202148437500e+01,5.760000000000000000e+02
-1.173204727172851562e+02,-4.719882202148437500e+01,5.760000000000000000e+02
-1.166943130493164062e+02,-4.719882202148437500e+01,5.760000000000000000e+02
-1.160681533813476562e+02,-4.719882202148437500e+01,5.760000000000000000e+02
-1.154419937133789062e+02,-4.719882202148437500e+01,5.760000000000000000e+02
-1.148158340454101562e+02,-4.719882202148437500e+01,5.760000000000000000e+02
-1.141896743774414062e+02,-4.719882202148437500e+01,5.760000000000000000e+02
-1.135635070800781250e+02,-4.719882202148437500e+01,5.760000000000000000e+02
-1.129373474121093750e+02,-4.719882202148437500e+01,5.760000000000000000e+02
-1.123111877441406250e+02,-4.719882202148437500e+01,5.760000000000000000e+02
-1.114911346435546875e+02,-4.711688232421875000e+01,5.750000000000000000e+02
-1.108660583496093750e+02,-4.711688232421875000e+01,5.750000000000000000e+02
-1.102409820556640625e+02,-4.711688232421875000e+01,5.750000000000000000e+02
-1.098065490722656250e+02,-4.719882202148437500e+01,5.760000000000000000e+02
-1.089908370971679688e+02,-4.711688232421875000e+01,5.750000000000000000e+02
-1.083657608032226562e+02,-4.711688232421875000e+01,5.750000000000000000e+02
-1.079280624389648438e+02,-4.719882202148437500e+01,5.760000000000000000e+02
-1.073019027709960938e+02,-4.719882202148437500e+01,5.760000000000000000e+02
-1.066757431030273438e+02,-4.719882202148437500e+01,5.760000000000000000e+02
-1.060495834350585938e+02,-4.719882202148437500e+01,5.760000000000000000e+02
-1.056064529418945312e+02,-4.728076553344726562e+01,5.770000000000000000e+02
-1.049792022705078125e+02,-4.728076553344726562e+01,5.770000000000000000e+02
-1.045328063964843750e+02,-4.736270904541015625e+01,5.780000000000000000e+02
-1.039044723510742188e+02,-4.736270904541015625e+01,5.780000000000000000e+02
-1.032761383056640625e+02,-4.736270904541015625e+01,5.780000000000000000e+02
-1.026478042602539062e+02,-4.736270904541015625e+01,5.780000000000000000e+02
-1.021959686279296875e+02,-4.744465255737304688e+01,5.790000000000000000e+02
-1.015665512084960938e+02,-4.744465255737304688e+01,5.790000000000000000e+02
-1.009371261596679688e+02,-4.744465255737304688e+01,5.790000000000000000e+02
-1.004809417724609375e+02,-4.752659225463867188e+01,5.800000000000000000e+02
-9.985043334960937500e+01,-4.752659225463867188e+01,5.800000000000000000e+02
-9.921992492675781250e+01,-4.752659225463867188e+01,5.800000000000000000e+02
-9.858941650390625000e+01,-4.752659225463867188e+01,5.800000000000000000e+02
-9.812779998779296875e+01,-4.760853576660156250e+01,5.810000000000000000e+02
-9.749620056152343750e+01,-4.760853576660156250e+01,5.810000000000000000e+02
-9.686460876464843750e+01,-4.760853576660156250e+01,5.810000000000000000e+02
-9.639864349365234375e+01,-4.769047927856445312e+01,5.820000000000000000e+02
-9.576596069335937500e+01,-4.769047927856445312e+01,5.820000000000000000e+02
-9.529673767089843750e+01,-4.777241897583007812e+01,5.830000000000000000e+02
-9.466296386718750000e+01,-4.777241897583007812e+01,5.830000000000000000e+02
-9.419048309326171875e+01,-4.785436248779296875e+01,5.840000000000000000e+02
-9.355562591552734375e+01,-4.785436248779296875e+01,5.840000000000000000e+02
-9.307987976074218750e+01,-4.793630599975585938e+01,5.850000000000000000e+02
-9.244393157958984375e+01,-4.793630599975585938e+01,5.850000000000000000e+02
-9.196492767333984375e+01,-4.801824569702148438e+01,5.860000000000000000e+02
-9.132789611816406250e+01,-4.801824569702148438e+01,5.860000000000000000e+02
-9.069086456298828125e+01,-4.801824569702148438e+01,5.860000000000000000e+02
-9.020750427246093750e+01,-4.810018920898437500e+01,5.870000000000000000e+02
-8.956938934326171875e+01,-4.810018920898437500e+01,5.870000000000000000e+02
-8.893127441406250000e+01,-4.810018920898437500e+01,5.870000000000000000e+02
-8.844356536865234375e+01,-4.818213272094726562e+01,5.880000000000000000e+02
-8.780435943603515625e+01,-4.818213272094726562e+01,5.880000000000000000e+02
-8.716515350341796875e+01,-4.818213272094726562e+01,5.880000000000000000e+02
-8.667310333251953125e+01,-4.826407623291015625e+01,5.890000000000000000e+02
-8.603280639648437500e+01,-4.826407623291015625e+01,5.890000000000000000e+02
-8.539251708984375000e+01,-4.826407623291015625e+01,5.890000000000000000e+02
-8.489611816406250000e+01,-4.834601593017578125e+01,5.900000000000000000e+02
-8.425473785400390625e+01,-4.834601593017578125e+01,5.900000000000000000e+02
-8.375507354736328125e+01,-4.842795944213867188e+01,5.910000000000000000e+02
-8.311260986328125000e+01,-4.842795944213867188e+01,5.910000000000000000e+02
-8.247013092041015625e+01,-4.842795944213867188e+01,5.910000000000000000e+02
-8.196611785888671875e+01,-4.850990295410156250e+01,5.920000000000000000e+02
-8.132256317138671875e+01,-4.850990295410156250e+01,5.920000000000000000e+02
-8.067901611328125000e+01,-4.850990295410156250e+01,5.920000000000000000e+02
-8.003546142578125000e+01,-4.850990295410156250e+01,5.920000000000000000e+02
-7.952601623535156250e+01,-4.859184265136718750e+01,5.930000000000000000e+02
-7.888137054443359375e+01,-4.859184265136718750e+01,5.930000000000000000e+02
-7.823673248291015625e+01,-4.859184265136718750e+01,5.930000000000000000e+02
-7.746124267578125000e+01,-4.850990295410156250e+01,5.920000000000000000e+02
-7.694744873046875000e+01,-4.859184265136718750e+01,5.930000000000000000e+02
-7.630281066894531250e+01,-4.859184265136718750e+01,5.930000000000000000e+02
-7.565816497802734375e+01,-4.859184265136718750e+01,5.930000000000000000e+02
-7.501352691650390625e+01,-4.859184265136718750e+01,5.930000000000000000e+02
-7.436888122558593750e+01,-4.859184265136718750e+01,5.930000000000000000e+02
-7.372424316406250000e+01,-4.859184265136718750e+01,5.930000000000000000e+02
-7.307960510253906250e+01,-4.859184265136718750e+01,5.930000000000000000e+02
-0.000000000000000000e+00,-0.000000000000000000e+00,0.000000000000000000e+00
-0.000000000000000000e+00,-0.000000000000000000e+00,0.000000000000000000e+00
-0.000000000000000000e+00,-0.000000000000000000e+00,0.000000000000000000e+00
-0.000000000000000000e+00,-0.000000000000000000e+00,0.000000000000000000e+00
-0.000000000000000000e+00,-0.000000000000000000e+00,0.000000000000000000e+00
-0.000000000000000000e+00,-0.000000000000000000e+00,0.000000000000000000e+00
-1.718802642822265625e+02,-4.592556762695312500e+01,5.680000000000000000e+02
-1.712628173828125000e+02,-4.592556762695312500e+01,5.680000000000000000e+02
-1.706453399658203125e+02,-4.592556762695312500e+01,5.680000000000000000e+02
-1.697285461425781250e+02,-4.584471130371093750e+01,5.670000000000000000e+02
-1.691121520996093750e+02,-4.584471130371093750e+01,5.670000000000000000e+02
-1.684957885742187500e+02,-4.584471130371093750e+01,5.670000000000000000e+02
-1.675833129882812500e+02,-4.576385498046875000e+01,5.660000000000000000e+02
-1.669680328369140625e+02,-4.576385498046875000e+01,5.660000000000000000e+02
-1.660588226318359375e+02,-4.568300247192382812e+01,5.650000000000000000e+02
-1.654446411132812500e+02,-4.568300247192382812e+01,5.650000000000000000e+02
-1.648304290771484375e+02,-4.568300247192382812e+01,5.650000000000000000e+02
-1.642162170410156250e+02,-4.568300247192382812e+01,5.650000000000000000e+02
-1.633124542236328125e+02,-4.560214614868164062e+01,5.640000000000000000e+02
-1.626993255615234375e+02,-4.560214614868164062e+01,5.640000000000000000e+02
-1.620862274169921875e+02,-4.560214614868164062e+01,5.640000000000000000e+02
-1.614730987548828125e+02,-4.560214614868164062e+01,5.640000000000000000e+02
-1.605747833251953125e+02,-4.552129364013671875e+01,5.630000000000000000e+02
-1.599627380371093750e+02,-4.552129364013671875e+01,5.630000000000000000e+02
-1.593507232666015625e+02,-4.552129364013671875e+01,5.630000000000000000e+02
-1.587386932373046875e+02,-4.552129364013671875e+01,5.630000000000000000e+02
-1.578458099365234375e+02,-4.544043731689453125e+01,5.620000000000000000e+02
-0.000000000000000000e+00,-0.000000000000000000e+00,0.000000000000000000e+00
-0.000000000000000000e+00,-0.000000000000000000e+00,0.000000000000000000e+00
-0.000000000000000000e+00,-0.000000000000000000e+00,0.000000000000000000e+00
-0.000000000000000000e+00,-0.000000000000000000e+00,0.000000000000000000e+00
-0.000000000000000000e+00,-0.000000000000000000e+00,0.000000000000000000e+00
-0.000000000000000000e+00,-0.000000000000000000e+00,0.000000000000000000e+00
-0.000000000000000000e+00,-0.000000000000000000e+00,0.000000000000000000e+00
-0.000000000000000000e+00,-0.000000000000000000e+00,0.000000000000000000e+00
-0.000000000000000000e+00,-0.000000000000000000e+00,0.000000000000000000e+00
-0.000000000000000000e+00,-0.000000000000000000e+00,0.000000000000000000e+00
-0.000000000000000000e+00,-0.000000000000000000e+00,0.000000000000000000e+00
-0.000000000000000000e+00,-0.000000000000000000e+00,0.000000000000000000e+00
-1.523041534423828125e+02,-4.616813278198242188e+01,5.710000000000000000e+02
-1.516834259033203125e+02,-4.616813278198242188e+01,5.710000000000000000e+02
-1.510626983642578125e+02,-4.616813278198242188e+01,5.710000000000000000e+02
-1.501785125732421875e+02,-4.608727645874023438e+01,5.700000000000000000e+02
-1.495588684082031250e+02,-4.608727645874023438e+01,5.700000000000000000e+02
-1.489392395019531250e+02,-4.608727645874023438e+01,5.700000000000000000e+02
-1.483195800781250000e+02,-4.608727645874023438e+01,5.700000000000000000e+02
-1.476999511718750000e+02,-4.608727645874023438e+01,5.700000000000000000e+02
-1.470803070068359375e+02,-4.608727645874023438e+01,5.700000000000000000e+02
-1.464606628417968750e+02,-4.608727645874023438e+01,5.700000000000000000e+02
-1.458410339355468750e+02,-4.608727645874023438e+01,5.700000000000000000e+02
-1.452213897705078125e+02,-4.608727645874023438e+01,5.700000000000000000e+02
-1.446017608642578125e+02,-4.608727645874023438e+01,5.700000000000000000e+02
-1.439821166992187500e+02,-4.608727645874023438e+01,5.700000000000000000e+02
-1.433624877929687500e+02,-4.608727645874023438e+01,5.700000000000000000e+02
-1.427428283691406250e+02,-4.608727645874023438e+01,5.700000000000000000e+02
-1.421231994628906250e+02,-4.608727645874023438e+01,5.700000000000000000e+02
-1.415035705566406250e+02,-4.608727645874023438e+01,5.700000000000000000e+02
-1.408839263916015625e+02,-4.608727645874023438e+01,5.700000000000000000e+02
-1.402642822265625000e+02,-4.608727645874023438e+01,5.700000000000000000e+02
-1.396446533203125000e+02,-4.608727645874023438e+01,5.700000000000000000e+02
-1.390250091552734375e+02,-4.608727645874023438e+01,5.700000000000000000e+02
-1.384053802490234375e+02,-4.608727645874023438e+01,5.700000000000000000e+02
-1.380274658203125000e+02,-4.616813278198242188e+01,5.710000000000000000e+02
-1.374067382812500000e+02,-4.616813278198242188e+01,5.710000000000000000e+02
-1.370255584716796875e+02,-4.624898529052734375e+01,5.720000000000000000e+02
-1.364037475585937500e+02,-4.624898529052734375e+01,5.720000000000000000e+02
-1.360193176269531250e+02,-4.632984161376953125e+01,5.730000000000000000e+02
-1.353964233398437500e+02,-4.632984161376953125e+01,5.730000000000000000e+02
-1.347735137939453125e+02,-4.632984161376953125e+01,5.730000000000000000e+02
-1.341506195068359375e+02,-4.632984161376953125e+01,5.730000000000000000e+02
-1.335277252197265625e+02,-4.632984161376953125e+01,5.730000000000000000e+02
-1.329048156738281250e+02,-4.632984161376953125e+01,5.730000000000000000e+02
-1.322819213867187500e+02,-4.632984161376953125e+01,5.730000000000000000e+02
-1.314292449951171875e+02,-4.624898529052734375e+01,5.720000000000000000e+02
-1.305787506103515625e+02,-4.616813278198242188e+01,5.710000000000000000e+02
-1.299580230712890625e+02,-4.616813278198242188e+01,5.710000000000000000e+02
-1.293373107910156250e+02,-4.616813278198242188e+01,5.710000000000000000e+02
-1.284911499023437500e+02,-4.608727645874023438e+01,5.700000000000000000e+02
-1.278715209960937500e+02,-4.608727645874023438e+01,5.700000000000000000e+02
-1.272518844604492188e+02,-4.608727645874023438e+01,5.700000000000000000e+02
-1.266322402954101562e+02,-4.608727645874023438e+01,5.700000000000000000e+02
-1.260126037597656250e+02,-4.608727645874023438e+01,5.700000000000000000e+02
-1.256129531860351562e+02,-4.616813278198242188e+01,5.710000000000000000e+02
-1.249922256469726562e+02,-4.616813278198242188e+01,5.710000000000000000e+02
-1.245893173217773438e+02,-4.624898529052734375e+01,5.720000000000000000e+02
-1.241842346191406250e+02,-4.632984161376953125e+01,5.730000000000000000e+02
-1.235613327026367188e+02,-4.632984161376953125e+01,5.730000000000000000e+02
-1.229384307861328125e+02,-4.632984161376953125e+01,5.730000000000000000e+02
-1.225289993286132812e+02,-4.641069412231445312e+01,5.740000000000000000e+02
-1.219050140380859375e+02,-4.641069412231445312e+01,5.740000000000000000e+02
-1.214923171997070312e+02,-4.649155044555664062e+01,5.750000000000000000e+02
-1.208672409057617188e+02,-4.649155044555664062e+01,5.750000000000000000e+02
-1.204512863159179688e+02,-4.657240676879882812e+01,5.760000000000000000e+02
-1.198251266479492188e+02,-4.657240676879882812e+01,5.760000000000000000e+02
-1.191989593505859375e+02,-4.657240676879882812e+01,5.760000000000000000e+02
-1.185727996826171875e+02,-4.657240676879882812e+01,5.760000000000000000e+02
-1.179466323852539062e+02,-4.657240676879882812e+01,5.760000000000000000e+02
-1.173204727172851562e+02,-4.657240676879882812e+01,5.760000000000000000e+02
-1.166943130493164062e+02,-4.657240676879882812e+01,5.760000000000000000e+02
-1.160681533813476562e+02,-4.657240676879882812e+01,5.760000000000000000e+02
-1.154419937133789062e+02,-4.657240676879882812e+01,5.760000000000000000e+02
-1.148158340454101562e+02,-4.657240676879882812e+01,5.760000000000000000e+02
-1.141896743774414062e+02,-4.657240676879882812e+01,5.760000000000000000e+02
-1.135635070800781250e+02,-4.657240676879882812e+01,5.760000000000000000e+02
-1.129373474121093750e+02,-4.657240676879882812e+01,5.760000000000000000e+02
-1.123111877441406250e+02,-4.657240676879882812e+01,5.760000000000000000e+02
-1.116850280761718750e+02,-4.657240676879882812e+01,5.760000000000000000e+02
-1.110588684082031250e+02,-4.657240676879882812e+01,5.760000000000000000e+02
-1.104327087402343750e+02,-4.657240676879882812e+01,5.760000000000000000e+02
-1.098065490722656250e+02,-4.657240676879882812e+01,5.760000000000000000e+02
-1.091803894042968750e+02,-4.657240676879882812e+01,5.760000000000000000e+02
-1.085542297363281250e+02,-4.657240676879882812e+01,5.760000000000000000e+02
-1.079280624389648438e+02,-4.657240676879882812e+01,5.760000000000000000e+02
-1.073019027709960938e+02,-4.657240676879882812e+01,5.760000000000000000e+02
-1.066757431030273438e+02,-4.657240676879882812e+01,5.760000000000000000e+02
-1.062336959838867188e+02,-4.665325927734375000e+01,5.770000000000000000e+02
-1.056064529418945312e+02,-4.665325927734375000e+01,5.770000000000000000e+02
-1.049792022705078125e+02,-4.665325927734375000e+01,5.770000000000000000e+02
-1.045328063964843750e+02,-4.673411560058593750e+01,5.780000000000000000e+02
-1.039044723510742188e+02,-4.673411560058593750e+01,5.780000000000000000e+02
-1.034548187255859375e+02,-4.681496810913085938e+01,5.790000000000000000e+02
-1.028253936767578125e+02,-4.681496810913085938e+01,5.790000000000000000e+02
-1.021959686279296875e+02,-4.681496810913085938e+01,5.790000000000000000e+02
-1.017419662475585938e+02,-4.689582443237304688e+01,5.800000000000000000e+02
-1.011114578247070312e+02,-4.689582443237304688e+01,5.800000000000000000e+02
-1.004809417724609375e+02,-4.689582443237304688e+01,5.800000000000000000e+02
-9.985043334960937500e+01,-4.689582443237304688e+01,5.800000000000000000e+02
-9.939099121093750000e+01,-4.697668075561523438e+01,5.810000000000000000e+02
-9.875939178466796875e+01,-4.697668075561523438e+01,5.810000000000000000e+02
-9.812779998779296875e+01,-4.697668075561523438e+01,5.810000000000000000e+02
-9.766400909423828125e+01,-4.705753326416015625e+01,5.820000000000000000e+02
-9.703132629394531250e+01,-4.705753326416015625e+01,5.820000000000000000e+02
-9.639864349365234375e+01,-4.705753326416015625e+01,5.820000000000000000e+02
-9.593051147460937500e+01,-4.713838958740234375e+01,5.830000000000000000e+02
-9.529673767089843750e+01,-4.713838958740234375e+01,5.830000000000000000e+02
-9.482534027099609375e+01,-4.721924591064453125e+01,5.840000000000000000e+02
-9.419048309326171875e+01,-4.721924591064453125e+01,5.840000000000000000e+02
-9.371582031250000000e+01,-4.730009841918945312e+01,5.850000000000000000e+02
-9.323899078369140625e+01,-4.738095474243164062e+01,5.860000000000000000e+02
-9.260195922851562500e+01,-4.738095474243164062e+01,5.860000000000000000e+02
-9.196492767333984375e+01,-4.738095474243164062e+01,5.860000000000000000e+02
-9.148374176025390625e+01,-4.746180725097656250e+01,5.870000000000000000e+02
-9.084562683105468750e+01,-4.746180725097656250e+01,5.870000000000000000e+02
-9.020750427246093750e+01,-4.746180725097656250e+01,5.870000000000000000e+02
-8.972197723388671875e+01,-4.754266357421875000e+01,5.880000000000000000e+02
-8.908277130126953125e+01,-4.754266357421875000e+01,5.880000000000000000e+02
-8.844356536865234375e+01,-4.754266357421875000e+01,5.880000000000000000e+02
-8.795368957519531250e+01,-4.762351989746093750e+01,5.890000000000000000e+02
-8.731339263916015625e+01,-4.762351989746093750e+01,5.890000000000000000e+02
-8.667310333251953125e+01,-4.762351989746093750e+01,5.890000000000000000e+02
-8.617887878417968750e+01,-4.770437240600585938e+01,5.900000000000000000e+02
-8.553749847412109375e+01,-4.770437240600585938e+01,5.900000000000000000e+02
-8.504000854492187500e+01,-4.778522872924804688e+01,5.910000000000000000e+02
-8.439753723144531250e+01,-4.778522872924804688e+01,5.910000000000000000e+02
-8.375507354736328125e+01,-4.778522872924804688e+01,5.910000000000000000e+02
-8.311260986328125000e+01,-4.778522872924804688e+01,5.910000000000000000e+02
-8.260967254638671875e+01,-4.786608505249023438e+01,5.920000000000000000e+02
-8.196611785888671875e+01,-4.786608505249023438e+01,5.920000000000000000e+02
-8.132256317138671875e+01,-4.786608505249023438e+01,5.920000000000000000e+02
-8.081529235839843750e+01,-4.794693756103515625e+01,5.930000000000000000e+02
-8.017065429687500000e+01,-4.794693756103515625e+01,5.930000000000000000e+02
-7.952601623535156250e+01,-4.794693756103515625e+01,5.930000000000000000e+02
-7.888137054443359375e+01,-4.794693756103515625e+01,5.930000000000000000e+02
-7.823673248291015625e+01,-4.794693756103515625e+01,5.930000000000000000e+02
-7.759208679199218750e+01,-4.794693756103515625e+01,5.930000000000000000e+02
-7.694744873046875000e+01,-4.794693756103515625e+01,5.930000000000000000e+02
-7.630281066894531250e+01,-4.794693756103515625e+01,5.930000000000000000e+02
-7.565816497802734375e+01,-4.794693756103515625e+01,5.930000000000000000e+02
-7.501352691650390625e+01,-4.794693756103515625e+01,5.930000000000000000e+02
-7.436888122558593750e+01,-4.794693756103515625e+01,5.930000000000000000e+02
-7.372424316406250000e+01,-4.794693756103515625e+01,5.930000000000000000e+02
-0.000000000000000000e+00,-0.000000000000000000e+00,0.000000000000000000e+00
-0.000000000000000000e+00,-0.000000000000000000e+00,0.000000000000000000e+00
-0.000000000000000000e+00,-0.000000000000000000e+00,0.000000000000000000e+00
-0.000000000000000000e+00,-0.000000000000000000e+00,0.000000000000000000e+00
-0.000000000000000000e+00,-0.000000000000000000e+00,0.000000000000000000e+00
-1.731151885986328125e+02,-4.530784988403320312e+01,5.680000000000000000e+02
-1.724977416992187500e+02,-4.530784988403320312e+01,5.680000000000000000e+02
-1.718802642822265625e+02,-4.530784988403320312e+01,5.680000000000000000e+02
-1.712628173828125000e+02,-4.530784988403320312e+01,5.680000000000000000e+02
-1.706453399658203125e+02,-4.530784988403320312e+01,5.680000000000000000e+02
-1.697285461425781250e+02,-4.522808074951171875e+01,5.670000000000000000e+02
-1.691121520996093750e+02,-4.522808074951171875e+01,5.670000000000000000e+02
-1.684957885742187500e+02,-4.522808074951171875e+01,5.670000000000000000e+02
-1.678793945312500000e+02,-4.522808074951171875e+01,5.670000000000000000e+02
-1.669680328369140625e+02,-4.514831542968750000e+01,5.660000000000000000e+02
-1.663527374267578125e+02,-4.514831542968750000e+01,5.660000000000000000e+02
-1.657374572753906250e+02,-4.514831542968750000e+01,5.660000000000000000e+02
-1.648304290771484375e+02,-4.506854629516601562e+01,5.650000000000000000e+02
-1.642162170410156250e+02,-4.506854629516601562e+01,5.650000000000000000e+02
-1.636020202636718750e+02,-4.506854629516601562e+01,5.650000000000000000e+02
-1.629878082275390625e+02,-4.506854629516601562e+01,5.650000000000000000e+02
-1.620862274169921875e+02,-4.498878097534179688e+01,5.640000000000000000e+02
-1.614730987548828125e+02,-4.498878097534179688e+01,5.640000000000000000e+02
-1.608600006103515625e+02,-4.498878097534179688e+01,5.640000000000000000e+02
-1.602468719482421875e+02,-4.498878097534179688e+01,5.640000000000000000e+02
-1.593507232666015625e+02,-4.490901184082031250e+01,5.630000000000000000e+02
-0.000000000000000000e+00,-0.000000000000000000e+00,0.000000000000000000e+00
-0.000000000000000000e+00,-0.000000000000000000e+00,0.000000000000000000e+00
-0.000000000000000000e+00,-0.000000000000000000e+00,0.000000000000000000e+00
-0.000000000000000000e+00,-0.000000000000000000e+00,0.000000000000000000e+00
-0.000000000000000000e+00,-0.000000000000000000e+00,0.000000000000000000e+00
-0.000000000000000000e+00,-0.000000000000000000e+00,0.000000000000000000e+00
-0.000000000000000000e+00,-0.000000000000000000e+00,0.000000000000000000e+00
-0.000000000000000000e+00,-0.000000000000000000e+00,0.000000000000000000e+00
-0.000000000000000000e+00,-0.000000000000000000e+00,0.000000000000000000e+00
-0.000000000000000000e+00,-0.000000000000000000e+00,0.000000000000000000e+00
-0.000000000000000000e+00,-0.000000000000000000e+00,0.000000000000000000e+00
-0.000000000000000000e+00,-0.000000000000000000e+00,0.000000000000000000e+00
-0.000000000000000000e+00,-0.000000000000000000e+00,0.000000000000000000e+00
-0.000000000000000000e+00,-0.000000000000000000e+00,0.000000000000000000e+00
-1.523041534423828125e+02,-4.554714965820312500e+01,5.710000000000000000e+02
-1.516834259033203125e+02,-4.554714965820312500e+01,5.710000000000000000e+02
-1.510626983642578125e+02,-4.554714965820312500e+01,5.710000000000000000e+02
-1.501785125732421875e+02,-4.546738433837890625e+01,5.700000000000000000e+02
-1.495588684082031250e+02,-4.546738433837890625e+01,5.700000000000000000e+02
-1.489392395019531250e+02,-4.546738433837890625e+01,5.700000000000000000e+02
-1.483195800781250000e+02,-4.546738433837890625e+01,5.700000000000000000e+02
-1.476999511718750000e+02,-4.546738433837890625e+01,5.700000000000000000e+02
-1.470803070068359375e+02,-4.546738433837890625e+01,5.700000000000000000e+02
-1.464606628417968750e+02,-4.546738433837890625e+01,5.700000000000000000e+02
-1.458410339355468750e+02,-4.546738433837890625e+01,5.700000000000000000e+02
-1.452213897705078125e+02,-4.546738433837890625e+01,5.700000000000000000e+02
-1.446017608642578125e+02,-4.546738433837890625e+01,5.700000000000000000e+02
-1.439821166992187500e+02,-4.546738433837890625e+01,5.700000000000000000e+02
-1.433624877929687500e+02,-4.546738433837890625e+01,5.700000000000000000e+02
-1.427428283691406250e+02,-4.546738433837890625e+01,5.700000000000000000e+02
-1.421231994628906250e+02,-4.546738433837890625e+01,5.700000000000000000e+02
-1.415035705566406250e+02,-4.546738433837890625e+01,5.700000000000000000e+02
-1.408839263916015625e+02,-4.546738433837890625e+01,5.700000000000000000e+02
-1.402642822265625000e+02,-4.546738433837890625e+01,5.700000000000000000e+02
-1.396446533203125000e+02,-4.546738433837890625e+01,5.700000000000000000e+02
-1.390250091552734375e+02,-4.546738433837890625e+01,5.700000000000000000e+02
-1.384053802490234375e+02,-4.546738433837890625e+01,5.700000000000000000e+02
-1.377857360839843750e+02,-4.546738433837890625e+01,5.700000000000000000e+02
-1.374067382812500000e+02,-4.554714965820312500e+01,5.710000000000000000e+02
-1.367860107421875000e+02,-4.554714965820312500e+01,5.710000000000000000e+02
-1.364037475585937500e+02,-4.562691879272460938e+01,5.720000000000000000e+02
-1.360193176269531250e+02,-4.570668411254882812e+01,5.730000000000000000e+02
-1.353964233398437500e+02,-4.570668411254882812e+01,5.730000000000000000e+02
-1.347735137939453125e+02,-4.570668411254882812e+01,5.730000000000000000e+02
-1.341506195068359375e+02,-4.570668411254882812e+01,5.730000000000000000e+02
-1.335277252197265625e+02,-4.570668411254882812e+01,5.730000000000000000e+02
-1.329048156738281250e+02,-4.570668411254882812e+01,5.730000000000000000e+02
-1.322819213867187500e+02,-4.570668411254882812e+01,5.730000000000000000e+02
-1.314292449951171875e+02,-4.562691879272460938e+01,5.720000000000000000e+02
-1.305787506103515625e+02,-4.554714965820312500e+01,5.710000000000000000e+02
-1.299580230712890625e+02,-4.554714965820312500e+01,5.710000000000000000e+02
-1.291107940673828125e+02,-4.546738433837890625e+01,5.700000000000000000e+02
-1.284911499023437500e+02,-4.546738433837890625e+01,5.700000000000000000e+02
-1.278715209960937500e+02,-4.546738433837890625e+01,5.700000000000000000e+02
-1.272518844604492188e+02,-4.546738433837890625e+01,5.700000000000000000e+02
-1.266322402954101562e+02,-4.546738433837890625e+01,5.700000000000000000e+02
-1.260126037597656250e+02,-4.546738433837890625e+01,5.700000000000000000e+02
-1.253929672241210938e+02,-4.546738433837890625e+01,5.700000000000000000e+02
-1.249922256469726562e+02,-4.554714965820312500e+01,5.710000000000000000e+02
-1.243715057373046875e+02,-4.554714965820312500e+01,5.710000000000000000e+02
-1.239675064086914062e+02,-4.562691879272460938e+01,5.720000000000000000e+02
-1.233456954956054688e+02,-4.562691879272460938e+01,5.720000000000000000e+02
-1.229384307861328125e+02,-4.570668411254882812e+01,5.730000000000000000e+02
-1.223155364990234375e+02,-4.570668411254882812e+01,5.730000000000000000e+02
-1.219050140380859375e+02,-4.578645324707031250e+01,5.740000000000000000e+02
-1.214923171997070312e+02,-4.586621856689453125e+01,5.750000000000000000e+02
-1.208672409057617188e+02,-4.586621856689453125e+01,5.750000000000000000e+02
-1.202421722412109375e+02,-4.586621856689453125e+01,5.750000000000000000e+02
-1.198251266479492188e+02,-4.594598770141601562e+01,5.760000000000000000e+02
-1.191989593505859375e+02,-4.594598770141601562e+01,5.760000000000000000e+02
-1.185727996826171875e+02,-4.594598770141601562e+01,5.760000000000000000e+02
-1.179466323852539062e+02,-4.594598770141601562e+01,5.760000000000000000e+02
-1.173204727172851562e+02,-4.594598770141601562e+01,5.760000000000000000e+02
-1.166943130493164062e+02,-4.594598770141601562e+01,5.760000000000000000e+02
-1.160681533813476562e+02,-4.594598770141601562e+01,5.760000000000000000e+02
-1.154419937133789062e+02,-4.594598770141601562e+01,5.760000000000000000e+02
-1.148158340454101562e+02,-4.594598770141601562e+01,5.760000000000000000e+02
-1.141896743774414062e+02,-4.594598770141601562e+01,5.760000000000000000e+02
-1.135635070800781250e+02,-4.594598770141601562e+01,5.760000000000000000e+02
-1.129373474121093750e+02,-4.594598770141601562e+01,5.760000000000000000e+02
-1.123111877441406250e+02,-4.594598770141601562e+01,5.760000000000000000e+02
-1.116850280761718750e+02,-4.594598770141601562e+01,5.760000000000000000e+02
-1.110588684082031250e+02,-4.594598770141601562e+01,5.760000000000000000e+02
-1.104327087402343750e+02,-4.594598770141601562e+01,5.760000000000000000e+02
-1.098065490722656250e+02,-4.594598770141601562e+01,5.760000000000000000e+02
-1.091803894042968750e+02,-4.594598770141601562e+01,5.760000000000000000e+02
-1.085542297363281250e+02,-4.594598770141601562e+01,5.760000000000000000e+02
-1.079280624389648438e+02,-4.594598770141601562e+01,5.760000000000000000e+02
-1.074881896972656250e+02,-4.602575302124023438e+01,5.770000000000000000e+02
-1.068609466552734375e+02,-4.602575302124023438e+01,5.770000000000000000e+02
-1.062336959838867188e+02,-4.602575302124023438e+01,5.770000000000000000e+02
-1.057894744873046875e+02,-4.610552215576171875e+01,5.780000000000000000e+02
-1.051611404418945312e+02,-4.610552215576171875e+01,5.780000000000000000e+02
-1.045328063964843750e+02,-4.610552215576171875e+01,5.780000000000000000e+02
-1.040842361450195312e+02,-4.618528747558593750e+01,5.790000000000000000e+02
-1.034548187255859375e+02,-4.618528747558593750e+01,5.790000000000000000e+02
-1.028253936767578125e+02,-4.618528747558593750e+01,5.790000000000000000e+02
-1.023724746704101562e+02,-4.626505661010742188e+01,5.800000000000000000e+02
-1.017419662475585938e+02,-4.626505661010742188e+01,5.800000000000000000e+02
-1.011114578247070312e+02,-4.626505661010742188e+01,5.800000000000000000e+02
-1.004809417724609375e+02,-4.626505661010742188e+01,5.800000000000000000e+02
-1.000225906372070312e+02,-4.634482574462890625e+01,5.810000000000000000e+02
-9.939099121093750000e+01,-4.634482574462890625e+01,5.810000000000000000e+02
-9.875939178466796875e+01,-4.634482574462890625e+01,5.810000000000000000e+02
-9.829669189453125000e+01,-4.642459106445312500e+01,5.820000000000000000e+02
-9.766400909423828125e+01,-4.642459106445312500e+01,5.820000000000000000e+02
-9.719805145263671875e+01,-4.650436019897460938e+01,5.830000000000000000e+02
-9.656427764892578125e+01,-4.650436019897460938e+01,5.830000000000000000e+02
-9.609505462646484375e+01,-4.658412551879882812e+01,5.840000000000000000e+02
-9.546019744873046875e+01,-4.658412551879882812e+01,5.840000000000000000e+02
-9.498770904541015625e+01,-4.666389465332031250e+01,5.850000000000000000e+02
-9.435176849365234375e+01,-4.666389465332031250e+01,5.850000000000000000e+02
-9.387602233886718750e+01,-4.674365997314453125e+01,5.860000000000000000e+02
-9.323899078369140625e+01,-4.674365997314453125e+01,5.860000000000000000e+02
-9.275997924804687500e+01,-4.682342910766601562e+01,5.870000000000000000e+02
-9.212186431884765625e+01,-4.682342910766601562e+01,5.870000000000000000e+02
-9.148374176025390625e+01,-4.682342910766601562e+01,5.870000000000000000e+02
-9.100038909912109375e+01,-4.690319442749023438e+01,5.880000000000000000e+02
-9.036118316650390625e+01,-4.690319442749023438e+01,5.880000000000000000e+02
-8.972197723388671875e+01,-4.690319442749023438e+01,5.880000000000000000e+02
-8.923427581787109375e+01,-4.698296356201171875e+01,5.890000000000000000e+02
-8.859397888183593750e+01,-4.698296356201171875e+01,5.890000000000000000e+02
-8.795368957519531250e+01,-4.698296356201171875e+01,5.890000000000000000e+02
-8.746163177490234375e+01,-4.706272888183593750e+01,5.900000000000000000e+02
-8.682025909423828125e+01,-4.706272888183593750e+01,5.900000000000000000e+02
-8.632494354248046875e+01,-4.714249801635742188e+01,5.910000000000000000e+02
-8.568247222900390625e+01,-4.714249801635742188e+01,5.910000000000000000e+02
-8.504000854492187500e+01,-4.714249801635742188e+01,5.910000000000000000e+02
-8.439753723144531250e+01,-4.714249801635742188e+01,5.910000000000000000e+02
-8.375507354736328125e+01,-4.714249801635742188e+01,5.910000000000000000e+02
-8.325323486328125000e+01,-4.722226333618164062e+01,5.920000000000000000e+02
-8.260967254638671875e+01,-4.722226333618164062e+01,5.920000000000000000e+02
-8.196611785888671875e+01,-4.722226333618164062e+01,5.920000000000000000e+02
-8.145993804931640625e+01,-4.730203247070312500e+01,5.930000000000000000e+02
-8.081529235839843750e+01,-4.730203247070312500e+01,5.930000000000000000e+02
-8.017065429687500000e+01,-4.730203247070312500e+01,5.930000000000000000e+02
-7.966011810302734375e+01,-4.738179779052734375e+01,5.940000000000000000e+02
-7.901438903808593750e+01,-4.738179779052734375e+01,5.940000000000000000e+02
-7.836866760253906250e+01,-4.738179779052734375e+01,5.940000000000000000e+02
-7.785378265380859375e+01,-4.746156692504882812e+01,5.950000000000000000e+02
-7.720697021484375000e+01,-4.746156692504882812e+01,5.950000000000000000e+02
-7.656015014648437500e+01,-4.746156692504882812e+01,5.950000000000000000e+02
-7.578575134277343750e+01,-4.738179779052734375e+01,5.940000000000000000e+02
-7.514002227783203125e+01,-4.738179779052734375e+01,5.940000000000000000e+02
-7.449429321289062500e+01,-4.738179779052734375e+01,5.940000000000000000e+02
-0.000000000000000000e+00,-0.000000000000000000e+00,0.000000000000000000e+00
-0.000000000000000000e+00,-0.000000000000000000e+00,0.000000000000000000e+00
-0.000000000000000000e+00,-0.000000000000000000e+00,0.000000000000000000e+00
-0.000000000000000000e+00,-0.000000000000000000e+00,0.000000000000000000e+00
-1.740385284423828125e+02,-4.476881027221679688e+01,5.690000000000000000e+02
-1.734199829101562500e+02,-4.476881027221679688e+01,5.690000000000000000e+02
-1.724977416992187500e+02,-4.469013214111328125e+01,5.680000000000000000e+02
-1.718802642822265625e+02,-4.469013214111328125e+01,5.680000000000000000e+02
-1.712628173828125000e+02,-4.469013214111328125e+01,5.680000000000000000e+02
-1.706453399658203125e+02,-4.469013214111328125e+01,5.680000000000000000e+02
-1.697285461425781250e+02,-4.461145019531250000e+01,5.670000000000000000e+02
-1.691121520996093750e+02,-4.461145019531250000e+01,5.670000000000000000e+02
-1.684957885742187500e+02,-4.461145019531250000e+01,5.670000000000000000e+02
-1.678793945312500000e+02,-4.461145019531250000e+01,5.670000000000000000e+02
-1.669680328369140625e+02,-4.453277206420898438e+01,5.660000000000000000e+02
-1.663527374267578125e+02,-4.453277206420898438e+01,5.660000000000000000e+02
-1.657374572753906250e+02,-4.453277206420898438e+01,5.660000000000000000e+02
-1.648304290771484375e+02,-4.445409011840820312e+01,5.650000000000000000e+02
-1.642162170410156250e+02,-4.445409011840820312e+01,5.650000000000000000e+02
-1.636020202636718750e+02,-4.445409011840820312e+01,5.650000000000000000e+02
-1.629878082275390625e+02,-4.445409011840820312e+01,5.650000000000000000e+02
-1.623736114501953125e+02,-4.445409011840820312e+01,5.650000000000000000e+02
-1.614730987548828125e+02,-4.437541198730468750e+01,5.640000000000000000e+02
-1.608600006103515625e+02,-4.437541198730468750e+01,5.640000000000000000e+02
-1.602468719482421875e+02,-4.437541198730468750e+01,5.640000000000000000e+02
-0.000000000000000000e+00,-0.000000000000000000e+00,0.000000000000000000e+00
-0.000000000000000000e+00,-0.000000000000000000e+00,0.000000000000000000e+00
-0.000000000000000000e+00,-0.000000000000000000e+00,0.000000000000000000e+00
-0.000000000000000000e+00,-0.000000000000000000e+00,0.000000000000000000e+00
-0.000000000000000000e+00,-0.000000000000000000e+00,0.000000000000000000e+00
-0.000000000000000000e+00,-0.000000000000000000e+00,0.000000000000000000e+00
-0.000000000000000000e+00,-0.000000000000000000e+00,0.000000000000000000e+00
-0.000000000000000000e+00,-0.000000000000000000e+00,0.000000000000000000e+00
-0.000000000000000000e+00,-0.000000000000000000e+00,0.000000000000000000e+00
-0.000000000000000000e+00,-0.000000000000000000e+00,0.000000000000000000e+00
-0.000000000000000000e+00,-0.000000000000000000e+00,0.000000000000000000e+00
-0.000000000000000000e+00,-0.000000000000000000e+00,0.000000000000000000e+00
-0.000000000000000000e+00,-0.000000000000000000e+00,0.000000000000000000e+00
-0.000000000000000000e+00,-0.000000000000000000e+00,0.000000000000000000e+00
-0.000000000000000000e+00,-0.000000000000000000e+00,0.000000000000000000e+00
-1.525708770751953125e+02,-4.500484848022460938e+01,5.720000000000000000e+02
-1.519490814208984375e+02,-4.500484848022460938e+01,5.720000000000000000e+02
-1.510626983642578125e+02,-4.492617034912109375e+01,5.710000000000000000e+02
-1.504419860839843750e+02,-4.492617034912109375e+01,5.710000000000000000e+02
-1.498212432861328125e+02,-4.492617034912109375e+01,5.710000000000000000e+02
-1.492005310058593750e+02,-4.492617034912109375e+01,5.710000000000000000e+02
-1.483195800781250000e+02,-4.484748840332031250e+01,5.700000000000000000e+02
-1.476999511718750000e+02,-4.484748840332031250e+01,5.700000000000000000e+02
-1.470803070068359375e+02,-4.484748840332031250e+01,5.700000000000000000e+02
-1.464606628417968750e+02,-4.484748840332031250e+01,5.700000000000000000e+02
-1.458410339355468750e+02,-4.484748840332031250e+01,5.700000000000000000e+02
-1.452213897705078125e+02,-4.484748840332031250e+01,5.700000000000000000e+02
-1.446017608642578125e+02,-4.484748840332031250e+01,5.700000000000000000e+02
-1.439821166992187500e+02,-4.484748840332031250e+01,5.700000000000000000e+02
-1.433624877929687500e+02,-4.484748840332031250e+01,5.700000000000000000e+02
-1.427428283691406250e+02,-4.484748840332031250e+01,5.700000000000000000e+02
-1.421231994628906250e+02,-4.484748840332031250e+01,5.700000000000000000e+02
-1.415035705566406250e+02,-4.484748840332031250e+01,5.700000000000000000e+02
-1.408839263916015625e+02,-4.484748840332031250e+01,5.700000000000000000e+02
-1.402642822265625000e+02,-4.484748840332031250e+01,5.700000000000000000e+02
-1.396446533203125000e+02,-4.484748840332031250e+01,5.700000000000000000e+02
-1.390250091552734375e+02,-4.484748840332031250e+01,5.700000000000000000e+02
-1.384053802490234375e+02,-4.484748840332031250e+01,5.700000000000000000e+02
-1.377857360839843750e+02,-4.484748840332031250e+01,5.700000000000000000e+02
-1.374067382812500000e+02,-4.492617034912109375e+01,5.710000000000000000e+02
-1.370255584716796875e+02,-4.500484848022460938e+01,5.720000000000000000e+02
-1.364037475585937500e+02,-4.500484848022460938e+01,5.720000000000000000e+02
-1.360193176269531250e+02,-4.508353042602539062e+01,5.730000000000000000e+02
-1.353964233398437500e+02,-4.508353042602539062e+01,5.730000000000000000e+02
-1.347735137939453125e+02,-4.508353042602539062e+01,5.730000000000000000e+02
-1.343847351074218750e+02,-4.516220855712890625e+01,5.740000000000000000e+02
-1.337607574462890625e+02,-4.516220855712890625e+01,5.740000000000000000e+02
-1.329048156738281250e+02,-4.508353042602539062e+01,5.730000000000000000e+02
-1.322819213867187500e+02,-4.508353042602539062e+01,5.730000000000000000e+02
-1.314292449951171875e+02,-4.500484848022460938e+01,5.720000000000000000e+02
-1.308074340820312500e+02,-4.500484848022460938e+01,5.720000000000000000e+02
-1.299580230712890625e+02,-4.492617034912109375e+01,5.710000000000000000e+02
-1.293373107910156250e+02,-4.492617034912109375e+01,5.710000000000000000e+02
-1.284911499023437500e+02,-4.484748840332031250e+01,5.700000000000000000e+02
-1.278715209960937500e+02,-4.484748840332031250e+01,5.700000000000000000e+02
-1.272518844604492188e+02,-4.484748840332031250e+01,5.700000000000000000e+02
-1.266322402954101562e+02,-4.484748840332031250e+01,5.700000000000000000e+02
-1.260126037597656250e+02,-4.484748840332031250e+01,5.700000000000000000e+02
-1.253929672241210938e+02,-4.484748840332031250e+01,5.700000000000000000e+02
-1.249922256469726562e+02,-4.492617034912109375e+01,5.710000000000000000e+02
-1.243715057373046875e+02,-4.492617034912109375e+01,5.710000000000000000e+02
-1.239675064086914062e+02,-4.500484848022460938e+01,5.720000000000000000e+02
-1.233456954956054688e+02,-4.500484848022460938e+01,5.720000000000000000e+02
-1.229384307861328125e+02,-4.508353042602539062e+01,5.730000000000000000e+02
-1.225289993286132812e+02,-4.516220855712890625e+01,5.740000000000000000e+02
-1.219050140380859375e+02,-4.516220855712890625e+01,5.740000000000000000e+02
-1.214923171997070312e+02,-4.524089050292968750e+01,5.750000000000000000e+02
-1.208672409057617188e+02,-4.524089050292968750e+01,5.750000000000000000e+02
-1.202421722412109375e+02,-4.524089050292968750e+01,5.750000000000000000e+02
-1.198251266479492188e+02,-4.531956863403320312e+01,5.760000000000000000e+02
-1.191989593505859375e+02,-4.531956863403320312e+01,5.760000000000000000e+02
-1.185727996826171875e+02,-4.531956863403320312e+01,5.760000000000000000e+02
-1.179466323852539062e+02,-4.531956863403320312e+01,5.760000000000000000e+02
-1.173204727172851562e+02,-4.531956863403320312e+01,5.760000000000000000e+02
-1.166943130493164062e+02,-4.531956863403320312e+01,5.760000000000000000e+02
-1.160681533813476562e+02,-4.531956863403320312e+01,5.760000000000000000e+02
-1.154419937133789062e+02,-4.531956863403320312e+01,5.760000000000000000e+02
-1.150151672363281250e+02,-4.539825057983398438e+01,5.770000000000000000e+02
-1.143879165649414062e+02,-4.539825057983398438e+01,5.770000000000000000e+02
-1.137606735229492188e+02,-4.539825057983398438e+01,5.770000000000000000e+02
-1.131334228515625000e+02,-4.539825057983398438e+01,5.770000000000000000e+02
-1.125061721801757812e+02,-4.539825057983398438e+01,5.770000000000000000e+02
-1.118789291381835938e+02,-4.539825057983398438e+01,5.770000000000000000e+02
-1.112516784667968750e+02,-4.539825057983398438e+01,5.770000000000000000e+02
-1.106244277954101562e+02,-4.539825057983398438e+01,5.770000000000000000e+02
-1.099971847534179688e+02,-4.539825057983398438e+01,5.770000000000000000e+02
-1.093699340820312500e+02,-4.539825057983398438e+01,5.770000000000000000e+02
-1.087426910400390625e+02,-4.539825057983398438e+01,5.770000000000000000e+02
-1.081154403686523438e+02,-4.539825057983398438e+01,5.770000000000000000e+02
-1.074881896972656250e+02,-4.539825057983398438e+01,5.770000000000000000e+02
-1.068609466552734375e+02,-4.539825057983398438e+01,5.770000000000000000e+02
-1.064178085327148438e+02,-4.547692871093750000e+01,5.780000000000000000e+02
-1.057894744873046875e+02,-4.547692871093750000e+01,5.780000000000000000e+02
-1.051611404418945312e+02,-4.547692871093750000e+01,5.780000000000000000e+02
-1.047136611938476562e+02,-4.555560684204101562e+01,5.790000000000000000e+02
-1.040842361450195312e+02,-4.555560684204101562e+01,5.790000000000000000e+02
-1.036334915161132812e+02,-4.563428878784179688e+01,5.800000000000000000e+02
-1.030029830932617188e+02,-4.563428878784179688e+01,5.800000000000000000e+02
-1.023724746704101562e+02,-4.563428878784179688e+01,5.800000000000000000e+02
-1.019173812866210938e+02,-4.571296691894531250e+01,5.810000000000000000e+02
-1.012857894897460938e+02,-4.571296691894531250e+01,5.810000000000000000e+02
-1.006541824340820312e+02,-4.571296691894531250e+01,5.810000000000000000e+02
-1.000225906372070312e+02,-4.571296691894531250e+01,5.810000000000000000e+02
-9.956205749511718750e+01,-4.579164886474609375e+01,5.820000000000000000e+02
-9.892937469482421875e+01,-4.579164886474609375e+01,5.820000000000000000e+02
-9.829669189453125000e+01,-4.579164886474609375e+01,5.820000000000000000e+02
-9.783181762695312500e+01,-4.587032699584960938e+01,5.830000000000000000e+02
-9.719805145263671875e+01,-4.587032699584960938e+01,5.830000000000000000e+02
-9.672991180419921875e+01,-4.594900894165039062e+01,5.840000000000000000e+02
-9.609505462646484375e+01,-4.594900894165039062e+01,5.840000000000000000e+02
-9.562365722656250000e+01,-4.602768707275390625e+01,5.850000000000000000e+02
-9.515008544921875000e+01,-4.610636901855468750e+01,5.860000000000000000e+02
-9.451305389404296875e+01,-4.610636901855468750e+01,5.860000000000000000e+02
-9.403621673583984375e+01,-4.618504714965820312e+01,5.870000000000000000e+02
-9.339810180664062500e+01,-4.618504714965820312e+01,5.870000000000000000e+02
-9.291800689697265625e+01,-4.626372528076171875e+01,5.880000000000000000e+02
-9.227880096435546875e+01,-4.626372528076171875e+01,5.880000000000000000e+02
-9.163959503173828125e+01,-4.626372528076171875e+01,5.880000000000000000e+02
-9.100038909912109375e+01,-4.626372528076171875e+01,5.880000000000000000e+02
-9.051486206054687500e+01,-4.634240722656250000e+01,5.890000000000000000e+02
-8.987456512451171875e+01,-4.634240722656250000e+01,5.890000000000000000e+02
-8.923427581787109375e+01,-4.634240722656250000e+01,5.890000000000000000e+02
-8.859397888183593750e+01,-4.634240722656250000e+01,5.890000000000000000e+02
-8.810301208496093750e+01,-4.642108535766601562e+01,5.900000000000000000e+02
-8.760987854003906250e+01,-4.649976730346679688e+01,5.910000000000000000e+02
-8.696740722656250000e+01,-4.649976730346679688e+01,5.910000000000000000e+02
-8.632494354248046875e+01,-4.649976730346679688e+01,5.910000000000000000e+02
-8.568247222900390625e+01,-4.649976730346679688e+01,5.910000000000000000e+02
-8.504000854492187500e+01,-4.649976730346679688e+01,5.910000000000000000e+02
-8.454034423828125000e+01,-4.657844543457031250e+01,5.920000000000000000e+02
-8.389678955078125000e+01,-4.657844543457031250e+01,5.920000000000000000e+02
-8.339386749267578125e+01,-4.665712738037109375e+01,5.930000000000000000e+02
-8.274922180175781250e+01,-4.665712738037109375e+01,5.930000000000000000e+02
-8.224303436279296875e+01,-4.673580551147460938e+01,5.940000000000000000e+02
-8.159730529785156250e+01,-4.673580551147460938e+01,5.940000000000000000e+02
-8.108786010742187500e+01,-4.681448364257812500e+01,5.950000000000000000e+02
-8.044104766845703125e+01,-4.681448364257812500e+01,5.950000000000000000e+02
-7.992833709716796875e+01,-4.689316558837890625e+01,5.960000000000000000e+02
-7.928043365478515625e+01,-4.689316558837890625e+01,5.960000000000000000e+02
-7.863253021240234375e+01,-4.689316558837890625e+01,5.960000000000000000e+02
-7.811547851562500000e+01,-4.697184371948242188e+01,5.970000000000000000e+02
-7.746648406982421875e+01,-4.697184371948242188e+01,5.970000000000000000e+02
-7.668882751464843750e+01,-4.689316558837890625e+01,5.960000000000000000e+02
-7.604092407226562500e+01,-4.689316558837890625e+01,5.960000000000000000e+02
-7.539302062988281250e+01,-4.689316558837890625e+01,5.960000000000000000e+02
-0.000000000000000000e+00,-0.000000000000000000e+00,0.000000000000000000e+00
-0.000000000000000000e+00,-0.000000000000000000e+00,0.000000000000000000e+00
-0.000000000000000000e+00,-0.000000000000000000e+00,0.000000000000000000e+00
-1.746570739746093750e+02,-4.415000534057617188e+01,5.690000000000000000e+02
-1.740385284423828125e+02,-4.415000534057617188e+01,5.690000000000000000e+02
-1.734199829101562500e+02,-4.415000534057617188e+01,5.690000000000000000e+02
-1.724977416992187500e+02,-4.407241439819335938e+01,5.680000000000000000e+02
-1.718802642822265625e+02,-4.407241439819335938e+01,5.680000000000000000e+02
-1.712628173828125000e+02,-4.407241439819335938e+01,5.680000000000000000e+02
-1.703449096679687500e+02,-4.399481964111328125e+01,5.670000000000000000e+02
-1.697285461425781250e+02,-4.399481964111328125e+01,5.670000000000000000e+02
-1.691121520996093750e+02,-4.399481964111328125e+01,5.670000000000000000e+02
-1.684957885742187500e+02,-4.399481964111328125e+01,5.670000000000000000e+02
-1.678793945312500000e+02,-4.399481964111328125e+01,5.670000000000000000e+02
-1.669680328369140625e+02,-4.391722869873046875e+01,5.660000000000000000e+02
-1.663527374267578125e+02,-4.391722869873046875e+01,5.660000000000000000e+02
-1.657374572753906250e+02,-4.391722869873046875e+01,5.660000000000000000e+02
-1.651221618652343750e+02,-4.391722869873046875e+01,5.660000000000000000e+02
-1.645068664550781250e+02,-4.391722869873046875e+01,5.660000000000000000e+02
-1.638915710449218750e+02,-4.391722869873046875e+01,5.660000000000000000e+02
-1.629878082275390625e+02,-4.383963775634765625e+01,5.650000000000000000e+02
-1.623736114501953125e+02,-4.383963775634765625e+01,5.650000000000000000e+02
-1.617593994140625000e+02,-4.383963775634765625e+01,5.650000000000000000e+02
-1.611452026367187500e+02,-4.383963775634765625e+01,5.650000000000000000e+02
-1.605309906005859375e+02,-4.383963775634765625e+01,5.650000000000000000e+02
-1.599167938232421875e+02,-4.383963775634765625e+01,5.650000000000000000e+02
-1.590206451416015625e+02,-4.376204299926757812e+01,5.640000000000000000e+02
-0.000000000000000000e+00,-0.000000000000000000e+00,0.000000000000000000e+00
-0.000000000000000000e+00,-0.000000000000000000e+00,0.000000000000000000e+00
-0.000000000000000000e+00,-0.000000000000000000e+00,0.000000000000000000e+00
-0.000000000000000000e+00,-0.000000000000000000e+00,0.000000000000000000e+00
-0.000000000000000000e+00,-0.000000000000000000e+00,0.000000000000000000e+00
-0.000000000000000000e+00,-0.000000000000000000e+00,0.000000000000000000e+00
-0.000000000000000000e+00,-0.000000000000000000e+00,0.000000000000000000e+00
-0.000000000000000000e+00,-0.000000000000000000e+00,0.000000000000000000e+00
-0.000000000000000000e+00,-0.000000000000000000e+00,0.000000000000000000e+00
-0.000000000000000000e+00,-0.000000000000000000e+00,0.000000000000000000e+00
-0.000000000000000000e+00,-0.000000000000000000e+00,0.000000000000000000e+00
-0.000000000000000000e+00,-0.000000000000000000e+00,0.000000000000000000e+00
-0.000000000000000000e+00,-0.000000000000000000e+00,0.000000000000000000e+00
-1.528376159667968750e+02,-4.446037292480468750e+01,5.730000000000000000e+02
-1.519490814208984375e+02,-4.438278198242187500e+01,5.720000000000000000e+02
-1.513272552490234375e+02,-4.438278198242187500e+01,5.720000000000000000e+02
-1.504419860839843750e+02,-4.430519104003906250e+01,5.710000000000000000e+02
-1.498212432861328125e+02,-4.430519104003906250e+01,5.710000000000000000e+02
-1.492005310058593750e+02,-4.430519104003906250e+01,5.710000000000000000e+02
-1.485797882080078125e+02,-4.430519104003906250e+01,5.710000000000000000e+02
-1.479590759277343750e+02,-4.430519104003906250e+01,5.710000000000000000e+02
-1.473383483886718750e+02,-4.430519104003906250e+01,5.710000000000000000e+02
-1.464606628417968750e+02,-4.422759628295898438e+01,5.700000000000000000e+02
-1.458410339355468750e+02,-4.422759628295898438e+01,5.700000000000000000e+02
-1.452213897705078125e+02,-4.422759628295898438e+01,5.700000000000000000e+02
-1.446017608642578125e+02,-4.422759628295898438e+01,5.700000000000000000e+02
-1.439821166992187500e+02,-4.422759628295898438e+01,5.700000000000000000e+02
-1.433624877929687500e+02,-4.422759628295898438e+01,5.700000000000000000e+02
-1.427428283691406250e+02,-4.422759628295898438e+01,5.700000000000000000e+02
-1.421231994628906250e+02,-4.422759628295898438e+01,5.700000000000000000e+02
-1.415035705566406250e+02,-4.422759628295898438e+01,5.700000000000000000e+02
-1.408839263916015625e+02,-4.422759628295898438e+01,5.700000000000000000e+02
-1.402642822265625000e+02,-4.422759628295898438e+01,5.700000000000000000e+02
-1.396446533203125000e+02,-4.422759628295898438e+01,5.700000000000000000e+02
-1.390250091552734375e+02,-4.422759628295898438e+01,5.700000000000000000e+02
-1.384053802490234375e+02,-4.422759628295898438e+01,5.700000000000000000e+02
-1.380274658203125000e+02,-4.430519104003906250e+01,5.710000000000000000e+02
-1.374067382812500000e+02,-4.430519104003906250e+01,5.710000000000000000e+02
-1.370255584716796875e+02,-4.438278198242187500e+01,5.720000000000000000e+02
-1.364037475585937500e+02,-4.438278198242187500e+01,5.720000000000000000e+02
-1.360193176269531250e+02,-4.446037292480468750e+01,5.730000000000000000e+02
-1.356327209472656250e+02,-4.453796768188476562e+01,5.740000000000000000e+02
-1.350087280273437500e+02,-4.453796768188476562e+01,5.740000000000000000e+02
-1.343847351074218750e+02,-4.453796768188476562e+01,5.740000000000000000e+02
-1.337607574462890625e+02,-4.453796768188476562e+01,5.740000000000000000e+02
-1.331367645263671875e+02,-4.453796768188476562e+01,5.740000000000000000e+02
-1.322819213867187500e+02,-4.446037292480468750e+01,5.730000000000000000e+02
-1.316590270996093750e+02,-4.446037292480468750e+01,5.730000000000000000e+02
-1.308074340820312500e+02,-4.438278198242187500e+01,5.720000000000000000e+02
-1.301856231689453125e+02,-4.438278198242187500e+01,5.720000000000000000e+02
-1.293373107910156250e+02,-4.430519104003906250e+01,5.710000000000000000e+02
-1.287165832519531250e+02,-4.430519104003906250e+01,5.710000000000000000e+02
-1.280958557128906250e+02,-4.430519104003906250e+01,5.710000000000000000e+02
-1.272518844604492188e+02,-4.422759628295898438e+01,5.700000000000000000e+02
-1.266322402954101562e+02,-4.422759628295898438e+01,5.700000000000000000e+02
-1.260126037597656250e+02,-4.422759628295898438e+01,5.700000000000000000e+02
-1.253929672241210938e+02,-4.422759628295898438e+01,5.700000000000000000e+02
-1.249922256469726562e+02,-4.430519104003906250e+01,5.710000000000000000e+02
-1.243715057373046875e+02,-4.430519104003906250e+01,5.710000000000000000e+02
-1.239675064086914062e+02,-4.438278198242187500e+01,5.720000000000000000e+02
-1.233456954956054688e+02,-4.438278198242187500e+01,5.720000000000000000e+02
-1.229384307861328125e+02,-4.446037292480468750e+01,5.730000000000000000e+02
-1.225289993286132812e+02,-4.453796768188476562e+01,5.740000000000000000e+02
-1.219050140380859375e+02,-4.453796768188476562e+01,5.740000000000000000e+02
-1.214923171997070312e+02,-4.461555862426757812e+01,5.750000000000000000e+02
-1.208672409057617188e+02,-4.461555862426757812e+01,5.750000000000000000e+02
-1.202421722412109375e+02,-4.461555862426757812e+01,5.750000000000000000e+02
-1.198251266479492188e+02,-4.469314956665039062e+01,5.760000000000000000e+02
-1.191989593505859375e+02,-4.469314956665039062e+01,5.760000000000000000e+02
-1.185727996826171875e+02,-4.469314956665039062e+01,5.760000000000000000e+02
-1.179466323852539062e+02,-4.469314956665039062e+01,5.760000000000000000e+02
-1.173204727172851562e+02,-4.469314956665039062e+01,5.760000000000000000e+02
-1.166943130493164062e+02,-4.469314956665039062e+01,5.760000000000000000e+02
-1.162696609497070312e+02,-4.477074432373046875e+01,5.770000000000000000e+02
-1.156424102783203125e+02,-4.477074432373046875e+01,5.770000000000000000e+02
-1.150151672363281250e+02,-4.477074432373046875e+01,5.770000000000000000e+02
-1.143879165649414062e+02,-4.477074432373046875e+01,5.770000000000000000e+02
-1.137606735229492188e+02,-4.477074432373046875e+01,5.770000000000000000e+02
-1.131334228515625000e+02,-4.477074432373046875e+01,5.770000000000000000e+02
-1.125061721801757812e+02,-4.477074432373046875e+01,5.770000000000000000e+02
-1.118789291381835938e+02,-4.477074432373046875e+01,5.770000000000000000e+02
-1.112516784667968750e+02,-4.477074432373046875e+01,5.770000000000000000e+02
-1.106244277954101562e+02,-4.477074432373046875e+01,5.770000000000000000e+02
-1.099971847534179688e+02,-4.477074432373046875e+01,5.770000000000000000e+02
-1.093699340820312500e+02,-4.477074432373046875e+01,5.770000000000000000e+02
-1.089311523437500000e+02,-4.484833526611328125e+01,5.780000000000000000e+02
-1.083028182983398438e+02,-4.484833526611328125e+01,5.780000000000000000e+02
-1.076744842529296875e+02,-4.484833526611328125e+01,5.780000000000000000e+02
-1.070461425781250000e+02,-4.484833526611328125e+01,5.780000000000000000e+02
-1.064178085327148438e+02,-4.484833526611328125e+01,5.780000000000000000e+02
-1.059725036621093750e+02,-4.492592620849609375e+01,5.790000000000000000e+02
-1.053430786132812500e+02,-4.492592620849609375e+01,5.790000000000000000e+02
-1.048945083618164062e+02,-4.500352096557617188e+01,5.800000000000000000e+02
-1.042639999389648438e+02,-4.500352096557617188e+01,5.800000000000000000e+02
-1.036334915161132812e+02,-4.500352096557617188e+01,5.800000000000000000e+02
-1.031805801391601562e+02,-4.508111190795898438e+01,5.810000000000000000e+02
-1.025489807128906250e+02,-4.508111190795898438e+01,5.810000000000000000e+02
-1.019173812866210938e+02,-4.508111190795898438e+01,5.810000000000000000e+02
-1.012857894897460938e+02,-4.508111190795898438e+01,5.810000000000000000e+02
-1.008274230957031250e+02,-4.515870285034179688e+01,5.820000000000000000e+02
-1.001947402954101562e+02,-4.515870285034179688e+01,5.820000000000000000e+02
-9.956205749511718750e+01,-4.515870285034179688e+01,5.820000000000000000e+02
-9.909935760498046875e+01,-4.523629760742187500e+01,5.830000000000000000e+02
-9.846559143066406250e+01,-4.523629760742187500e+01,5.830000000000000000e+02
-9.799962615966796875e+01,-4.531388854980468750e+01,5.840000000000000000e+02
-9.736476898193359375e+01,-4.531388854980468750e+01,5.840000000000000000e+02
-9.689554595947265625e+01,-4.539148330688476562e+01,5.850000000000000000e+02
-9.625959777832031250e+01,-4.539148330688476562e+01,5.850000000000000000e+02
-9.578711700439453125e+01,-4.546907424926757812e+01,5.860000000000000000e+02
-9.515008544921875000e+01,-4.546907424926757812e+01,5.860000000000000000e+02
-9.467433929443359375e+01,-4.554666519165039062e+01,5.870000000000000000e+02
-9.403621673583984375e+01,-4.554666519165039062e+01,5.870000000000000000e+02
-9.355721282958984375e+01,-4.562425994873046875e+01,5.880000000000000000e+02
-9.291800689697265625e+01,-4.562425994873046875e+01,5.880000000000000000e+02
-9.227880096435546875e+01,-4.562425994873046875e+01,5.880000000000000000e+02
-9.163959503173828125e+01,-4.562425994873046875e+01,5.880000000000000000e+02
-9.115515136718750000e+01,-4.570185089111328125e+01,5.890000000000000000e+02
-9.051486206054687500e+01,-4.570185089111328125e+01,5.890000000000000000e+02
-9.002715301513671875e+01,-4.577944183349609375e+01,5.900000000000000000e+02
-8.938577270507812500e+01,-4.577944183349609375e+01,5.900000000000000000e+02
-8.874439239501953125e+01,-4.577944183349609375e+01,5.900000000000000000e+02
-8.825234222412109375e+01,-4.585703659057617188e+01,5.910000000000000000e+02
-8.760987854003906250e+01,-4.585703659057617188e+01,5.910000000000000000e+02
-8.696740722656250000e+01,-4.585703659057617188e+01,5.910000000000000000e+02
-8.647100830078125000e+01,-4.593462753295898438e+01,5.920000000000000000e+02
-8.582745361328125000e+01,-4.593462753295898438e+01,5.920000000000000000e+02
-8.518389892578125000e+01,-4.593462753295898438e+01,5.920000000000000000e+02
-8.468315124511718750e+01,-4.601221847534179688e+01,5.930000000000000000e+02
-8.403850555419921875e+01,-4.601221847534179688e+01,5.930000000000000000e+02
-8.353450012207031250e+01,-4.608981323242187500e+01,5.940000000000000000e+02
-8.302830505371093750e+01,-4.616740417480468750e+01,5.950000000000000000e+02
-8.251994323730468750e+01,-4.624499511718750000e+01,5.960000000000000000e+02
-8.187203979492187500e+01,-4.624499511718750000e+01,5.960000000000000000e+02
-8.136042022705078125e+01,-4.632258987426757812e+01,5.970000000000000000e+02
-8.071143341064453125e+01,-4.632258987426757812e+01,5.970000000000000000e+02
-8.019655609130859375e+01,-4.640018081665039062e+01,5.980000000000000000e+02
-7.954647827148437500e+01,-4.640018081665039062e+01,5.980000000000000000e+02
-7.902833557128906250e+01,-4.647777175903320312e+01,5.990000000000000000e+02
-7.837716674804687500e+01,-4.647777175903320312e+01,5.990000000000000000e+02
-7.772600555419921875e+01,-4.647777175903320312e+01,5.990000000000000000e+02
-7.707484436035156250e+01,-4.647777175903320312e+01,5.990000000000000000e+02
-7.629609680175781250e+01,-4.640018081665039062e+01,5.980000000000000000e+02
-0.000000000000000000e+00,-0.000000000000000000e+00,0.000000000000000000e+00
-0.000000000000000000e+00,-0.000000000000000000e+00,0.000000000000000000e+00
-1.752756347656250000e+02,-4.353120040893554688e+01,5.690000000000000000e+02
-1.746570739746093750e+02,-4.353120040893554688e+01,5.690000000000000000e+02
-1.737326660156250000e+02,-4.345469665527343750e+01,5.680000000000000000e+02
-1.731151885986328125e+02,-4.345469665527343750e+01,5.680000000000000000e+02
-1.724977416992187500e+02,-4.345469665527343750e+01,5.680000000000000000e+02
-1.718802642822265625e+02,-4.345469665527343750e+01,5.680000000000000000e+02
-1.712628173828125000e+02,-4.345469665527343750e+01,5.680000000000000000e+02
-1.703449096679687500e+02,-4.337818908691406250e+01,5.670000000000000000e+02
-1.697285461425781250e+02,-4.337818908691406250e+01,5.670000000000000000e+02
-1.691121520996093750e+02,-4.337818908691406250e+01,5.670000000000000000e+02
-1.684957885742187500e+02,-4.337818908691406250e+01,5.670000000000000000e+02
-1.678793945312500000e+02,-4.337818908691406250e+01,5.670000000000000000e+02
-1.669680328369140625e+02,-4.330168533325195312e+01,5.660000000000000000e+02
-1.663527374267578125e+02,-4.330168533325195312e+01,5.660000000000000000e+02
-1.657374572753906250e+02,-4.330168533325195312e+01,5.660000000000000000e+02
-1.651221618652343750e+02,-4.330168533325195312e+01,5.660000000000000000e+02
-1.645068664550781250e+02,-4.330168533325195312e+01,5.660000000000000000e+02
-1.638915710449218750e+02,-4.330168533325195312e+01,5.660000000000000000e+02
-1.632762756347656250e+02,-4.330168533325195312e+01,5.660000000000000000e+02
-1.626609954833984375e+02,-4.330168533325195312e+01,5.660000000000000000e+02
-1.620457000732421875e+02,-4.330168533325195312e+01,5.660000000000000000e+02
-1.611452026367187500e+02,-4.322518157958984375e+01,5.650000000000000000e+02
-1.605309906005859375e+02,-4.322518157958984375e+01,5.650000000000000000e+02
-1.601998443603515625e+02,-4.330168533325195312e+01,5.660000000000000000e+02
-1.593025970458984375e+02,-4.322518157958984375e+01,5.650000000000000000e+02
-0.000000000000000000e+00,-0.000000000000000000e+00,0.000000000000000000e+00
-0.000000000000000000e+00,-0.000000000000000000e+00,0.000000000000000000e+00
-0.000000000000000000e+00,-0.000000000000000000e+00,0.000000000000000000e+00
-0.000000000000000000e+00,-0.000000000000000000e+00,0.000000000000000000e+00
-0.000000000000000000e+00,-0.000000000000000000e+00,0.000000000000000000e+00
-0.000000000000000000e+00,-0.000000000000000000e+00,0.000000000000000000e+00
-0.000000000000000000e+00,-0.000000000000000000e+00,0.000000000000000000e+00
-0.000000000000000000e+00,-0.000000000000000000e+00,0.000000000000000000e+00
-0.000000000000000000e+00,-0.000000000000000000e+00,0.000000000000000000e+00
-0.000000000000000000e+00,-0.000000000000000000e+00,0.000000000000000000e+00
-1.549763183593750000e+02,-4.391372299194335938e+01,5.740000000000000000e+02
-1.543523101806640625e+02,-4.391372299194335938e+01,5.740000000000000000e+02
-1.534605255126953125e+02,-4.383721923828125000e+01,5.730000000000000000e+02
-1.528376159667968750e+02,-4.383721923828125000e+01,5.730000000000000000e+02
-1.522147216796875000e+02,-4.383721923828125000e+01,5.730000000000000000e+02
-1.513272552490234375e+02,-4.376071548461914062e+01,5.720000000000000000e+02
-1.507054443359375000e+02,-4.376071548461914062e+01,5.720000000000000000e+02
-1.500836334228515625e+02,-4.376071548461914062e+01,5.720000000000000000e+02
-1.494618225097656250e+02,-4.376071548461914062e+01,5.720000000000000000e+02
-1.485797882080078125e+02,-4.368420791625976562e+01,5.710000000000000000e+02
-1.479590759277343750e+02,-4.368420791625976562e+01,5.710000000000000000e+02
-1.473383483886718750e+02,-4.368420791625976562e+01,5.710000000000000000e+02
-1.467176055908203125e+02,-4.368420791625976562e+01,5.710000000000000000e+02
-1.460968933105468750e+02,-4.368420791625976562e+01,5.710000000000000000e+02
-1.452213897705078125e+02,-4.360770416259765625e+01,5.700000000000000000e+02
-1.446017608642578125e+02,-4.360770416259765625e+01,5.700000000000000000e+02
-1.439821166992187500e+02,-4.360770416259765625e+01,5.700000000000000000e+02
-1.433624877929687500e+02,-4.360770416259765625e+01,5.700000000000000000e+02
-1.427428283691406250e+02,-4.360770416259765625e+01,5.700000000000000000e+02
-1.421231994628906250e+02,-4.360770416259765625e+01,5.700000000000000000e+02
-1.415035705566406250e+02,-4.360770416259765625e+01,5.700000000000000000e+02
-1.408839263916015625e+02,-4.360770416259765625e+01,5.700000000000000000e+02
-1.402642822265625000e+02,-4.360770416259765625e+01,5.700000000000000000e+02
-1.396446533203125000e+02,-4.360770416259765625e+01,5.700000000000000000e+02
-1.392689208984375000e+02,-4.368420791625976562e+01,5.710000000000000000e+02
-1.386481933593750000e+02,-4.368420791625976562e+01,5.710000000000000000e+02
-1.380274658203125000e+02,-4.368420791625976562e+01,5.710000000000000000e+02
-1.374067382812500000e+02,-4.368420791625976562e+01,5.710000000000000000e+02
-1.370255584716796875e+02,-4.376071548461914062e+01,5.720000000000000000e+02
-1.366422119140625000e+02,-4.383721923828125000e+01,5.730000000000000000e+02
-1.362566986083984375e+02,-4.391372299194335938e+01,5.740000000000000000e+02
-1.356327209472656250e+02,-4.391372299194335938e+01,5.740000000000000000e+02
-1.352439270019531250e+02,-4.399022674560546875e+01,5.750000000000000000e+02
-1.346188659667968750e+02,-4.399022674560546875e+01,5.750000000000000000e+02
-1.339937896728515625e+02,-4.399022674560546875e+01,5.750000000000000000e+02
-1.331367645263671875e+02,-4.391372299194335938e+01,5.740000000000000000e+02
-1.325127868652343750e+02,-4.391372299194335938e+01,5.740000000000000000e+02
-1.318887939453125000e+02,-4.391372299194335938e+01,5.740000000000000000e+02
-1.310361175537109375e+02,-4.383721923828125000e+01,5.730000000000000000e+02
-1.304132232666015625e+02,-4.383721923828125000e+01,5.730000000000000000e+02
-1.295638122558593750e+02,-4.376071548461914062e+01,5.720000000000000000e+02
-1.289420013427734375e+02,-4.376071548461914062e+01,5.720000000000000000e+02
-1.283201904296875000e+02,-4.376071548461914062e+01,5.720000000000000000e+02
-1.274751281738281250e+02,-4.368420791625976562e+01,5.710000000000000000e+02
-1.268544082641601562e+02,-4.368420791625976562e+01,5.710000000000000000e+02
-1.262336807250976562e+02,-4.368420791625976562e+01,5.710000000000000000e+02
-1.256129531860351562e+02,-4.368420791625976562e+01,5.710000000000000000e+02
-1.252111282348632812e+02,-4.376071548461914062e+01,5.720000000000000000e+02
-1.245893173217773438e+02,-4.376071548461914062e+01,5.720000000000000000e+02
-1.239675064086914062e+02,-4.376071548461914062e+01,5.720000000000000000e+02
-1.235613327026367188e+02,-4.383721923828125000e+01,5.730000000000000000e+02
-1.229384307861328125e+02,-4.383721923828125000e+01,5.730000000000000000e+02
-1.225289993286132812e+02,-4.391372299194335938e+01,5.740000000000000000e+02
-1.219050140380859375e+02,-4.391372299194335938e+01,5.740000000000000000e+02
-1.214923171997070312e+02,-4.399022674560546875e+01,5.750000000000000000e+02
-1.208672409057617188e+02,-4.399022674560546875e+01,5.750000000000000000e+02
-1.202421722412109375e+02,-4.399022674560546875e+01,5.750000000000000000e+02
-1.198251266479492188e+02,-4.406673431396484375e+01,5.760000000000000000e+02
-1.191989593505859375e+02,-4.406673431396484375e+01,5.760000000000000000e+02
-1.185727996826171875e+02,-4.406673431396484375e+01,5.760000000000000000e+02
-1.179466323852539062e+02,-4.406673431396484375e+01,5.760000000000000000e+02
-1.173204727172851562e+02,-4.406673431396484375e+01,5.760000000000000000e+02
-1.168969116210937500e+02,-4.414323806762695312e+01,5.770000000000000000e+02
-1.162696609497070312e+02,-4.414323806762695312e+01,5.770000000000000000e+02
-1.156424102783203125e+02,-4.414323806762695312e+01,5.770000000000000000e+02
-1.150151672363281250e+02,-4.414323806762695312e+01,5.770000000000000000e+02
-1.143879165649414062e+02,-4.414323806762695312e+01,5.770000000000000000e+02
-1.137606735229492188e+02,-4.414323806762695312e+01,5.770000000000000000e+02
-1.131334228515625000e+02,-4.414323806762695312e+01,5.770000000000000000e+02
-1.127011566162109375e+02,-4.421974182128906250e+01,5.780000000000000000e+02
-1.120728225708007812e+02,-4.421974182128906250e+01,5.780000000000000000e+02
-1.114444885253906250e+02,-4.421974182128906250e+01,5.780000000000000000e+02
-1.108161544799804688e+02,-4.421974182128906250e+01,5.780000000000000000e+02
-1.101878204345703125e+02,-4.421974182128906250e+01,5.780000000000000000e+02
-1.095594863891601562e+02,-4.421974182128906250e+01,5.780000000000000000e+02
-1.089311523437500000e+02,-4.421974182128906250e+01,5.780000000000000000e+02
-1.083028182983398438e+02,-4.421974182128906250e+01,5.780000000000000000e+02
-1.078607711791992188e+02,-4.429624557495117188e+01,5.790000000000000000e+02
-1.072313461303710938e+02,-4.429624557495117188e+01,5.790000000000000000e+02
-1.066019287109375000e+02,-4.429624557495117188e+01,5.790000000000000000e+02
-1.061555328369140625e+02,-4.437275314331054688e+01,5.800000000000000000e+02
-1.055250244140625000e+02,-4.437275314331054688e+01,5.800000000000000000e+02
-1.048945083618164062e+02,-4.437275314331054688e+01,5.800000000000000000e+02
-1.044437713623046875e+02,-4.444925689697265625e+01,5.810000000000000000e+02
-1.038121719360351562e+02,-4.444925689697265625e+01,5.810000000000000000e+02
-1.031805801391601562e+02,-4.444925689697265625e+01,5.810000000000000000e+02
-1.027254867553710938e+02,-4.452576065063476562e+01,5.820000000000000000e+02
-1.020928039550781250e+02,-4.452576065063476562e+01,5.820000000000000000e+02
-1.014601211547851562e+02,-4.452576065063476562e+01,5.820000000000000000e+02
-1.010006713867187500e+02,-4.460226440429687500e+01,5.830000000000000000e+02
-1.003668975830078125e+02,-4.460226440429687500e+01,5.830000000000000000e+02
-9.973313140869140625e+01,-4.460226440429687500e+01,5.830000000000000000e+02
-9.909935760498046875e+01,-4.460226440429687500e+01,5.830000000000000000e+02
-9.863448333740234375e+01,-4.467877197265625000e+01,5.840000000000000000e+02
-9.799962615966796875e+01,-4.467877197265625000e+01,5.840000000000000000e+02
-9.753148651123046875e+01,-4.475527572631835938e+01,5.850000000000000000e+02
-9.689554595947265625e+01,-4.475527572631835938e+01,5.850000000000000000e+02
-9.642414855957031250e+01,-4.483177947998046875e+01,5.860000000000000000e+02
-9.578711700439453125e+01,-4.483177947998046875e+01,5.860000000000000000e+02
-9.531245422363281250e+01,-4.490828323364257812e+01,5.870000000000000000e+02
-9.467433929443359375e+01,-4.490828323364257812e+01,5.870000000000000000e+02
-9.419641876220703125e+01,-4.498479080200195312e+01,5.880000000000000000e+02
-9.355721282958984375e+01,-4.498479080200195312e+01,5.880000000000000000e+02
-9.291800689697265625e+01,-4.498479080200195312e+01,5.880000000000000000e+02
-9.243573760986328125e+01,-4.506129455566406250e+01,5.890000000000000000e+02
-9.179544067382812500e+01,-4.506129455566406250e+01,5.890000000000000000e+02
-9.115515136718750000e+01,-4.506129455566406250e+01,5.890000000000000000e+02
-9.066853332519531250e+01,-4.513779830932617188e+01,5.900000000000000000e+02
-9.017974090576171875e+01,-4.521430587768554688e+01,5.910000000000000000e+02
-8.953727722167968750e+01,-4.521430587768554688e+01,5.910000000000000000e+02
-8.904522705078125000e+01,-4.529080963134765625e+01,5.920000000000000000e+02
-8.840167236328125000e+01,-4.529080963134765625e+01,5.920000000000000000e+02
-8.790635681152343750e+01,-4.536731338500976562e+01,5.930000000000000000e+02
-8.726171112060546875e+01,-4.536731338500976562e+01,5.930000000000000000e+02
-8.676313781738281250e+01,-4.544381713867187500e+01,5.940000000000000000e+02
-8.611740875244140625e+01,-4.544381713867187500e+01,5.940000000000000000e+02
-8.561557769775390625e+01,-4.552032470703125000e+01,5.950000000000000000e+02
-8.496875762939453125e+01,-4.552032470703125000e+01,5.950000000000000000e+02
-8.446366119384765625e+01,-4.559682846069335938e+01,5.960000000000000000e+02
-8.381575775146484375e+01,-4.559682846069335938e+01,5.960000000000000000e+02
-8.330738830566406250e+01,-4.567333221435546875e+01,5.970000000000000000e+02
-8.279685974121093750e+01,-4.574983596801757812e+01,5.980000000000000000e+02
-8.228414916992187500e+01,-4.582634353637695312e+01,5.990000000000000000e+02
-8.163298797607421875e+01,-4.582634353637695312e+01,5.990000000000000000e+02
-8.111701965332031250e+01,-4.590284729003906250e+01,6.000000000000000000e+02
-8.046476745605468750e+01,-4.590284729003906250e+01,6.000000000000000000e+02
-7.994554138183593750e+01,-4.597935104370117188e+01,6.010000000000000000e+02
-7.929219818115234375e+01,-4.597935104370117188e+01,6.010000000000000000e+02
-7.863886260986328125e+01,-4.597935104370117188e+01,6.010000000000000000e+02
-7.798552703857421875e+01,-4.597935104370117188e+01,6.010000000000000000e+02
-7.733219146728515625e+01,-4.597935104370117188e+01,6.010000000000000000e+02
-0.000000000000000000e+00,-0.000000000000000000e+00,0.000000000000000000e+00
-0.000000000000000000e+00,-0.000000000000000000e+00,0.000000000000000000e+00
-1.752756347656250000e+02,-4.291239166259765625e+01,5.690000000000000000e+02
-1.746570739746093750e+02,-4.291239166259765625e+01,5.690000000000000000e+02
-1.740385284423828125e+02,-4.291239166259765625e+01,5.690000000000000000e+02
-1.734199829101562500e+02,-4.291239166259765625e+01,5.690000000000000000e+02
-1.724977416992187500e+02,-4.283697128295898438e+01,5.680000000000000000e+02
-1.718802642822265625e+02,-4.283697128295898438e+01,5.680000000000000000e+02
-1.712628173828125000e+02,-4.283697128295898438e+01,5.680000000000000000e+02
-1.703449096679687500e+02,-4.276155471801757812e+01,5.670000000000000000e+02
-1.697285461425781250e+02,-4.276155471801757812e+01,5.670000000000000000e+02
-1.691121520996093750e+02,-4.276155471801757812e+01,5.670000000000000000e+02
-1.684957885742187500e+02,-4.276155471801757812e+01,5.670000000000000000e+02
-1.678793945312500000e+02,-4.276155471801757812e+01,5.670000000000000000e+02
-1.672630310058593750e+02,-4.276155471801757812e+01,5.670000000000000000e+02
-1.666466522216796875e+02,-4.276155471801757812e+01,5.670000000000000000e+02
-1.660302734375000000e+02,-4.276155471801757812e+01,5.670000000000000000e+02
-1.654138946533203125e+02,-4.276155471801757812e+01,5.670000000000000000e+02
-1.647975006103515625e+02,-4.276155471801757812e+01,5.670000000000000000e+02
-1.641811370849609375e+02,-4.276155471801757812e+01,5.670000000000000000e+02
-1.635647583007812500e+02,-4.276155471801757812e+01,5.670000000000000000e+02
-1.629483795166015625e+02,-4.276155471801757812e+01,5.670000000000000000e+02
-1.623320007324218750e+02,-4.276155471801757812e+01,5.670000000000000000e+02
-1.614304199218750000e+02,-4.268613815307617188e+01,5.660000000000000000e+02
-1.610992431640625000e+02,-4.276155471801757812e+01,5.670000000000000000e+02
-1.604828796386718750e+02,-4.276155471801757812e+01,5.670000000000000000e+02
-1.598664855957031250e+02,-4.276155471801757812e+01,5.670000000000000000e+02
-1.592501220703125000e+02,-4.276155471801757812e+01,5.670000000000000000e+02
-0.000000000000000000e+00,-0.000000000000000000e+00,0.000000000000000000e+00
-0.000000000000000000e+00,-0.000000000000000000e+00,0.000000000000000000e+00
-0.000000000000000000e+00,-0.000000000000000000e+00,0.000000000000000000e+00
-0.000000000000000000e+00,-0.000000000000000000e+00,0.000000000000000000e+00
-0.000000000000000000e+00,-0.000000000000000000e+00,0.000000000000000000e+00
-0.000000000000000000e+00,-0.000000000000000000e+00,0.000000000000000000e+00
-0.000000000000000000e+00,-0.000000000000000000e+00,0.000000000000000000e+00
-0.000000000000000000e+00,-0.000000000000000000e+00,0.000000000000000000e+00
-1.558713684082031250e+02,-4.336489486694335938e+01,5.750000000000000000e+02
-1.549763183593750000e+02,-4.328947448730468750e+01,5.740000000000000000e+02
-1.543523101806640625e+02,-4.328947448730468750e+01,5.740000000000000000e+02
-1.537283325195312500e+02,-4.328947448730468750e+01,5.740000000000000000e+02
-1.531043395996093750e+02,-4.328947448730468750e+01,5.740000000000000000e+02
-1.522147216796875000e+02,-4.321405792236328125e+01,5.730000000000000000e+02
-1.515918121337890625e+02,-4.321405792236328125e+01,5.730000000000000000e+02
-1.509689178466796875e+02,-4.321405792236328125e+01,5.730000000000000000e+02
-1.500836334228515625e+02,-4.313864135742187500e+01,5.720000000000000000e+02
-1.494618225097656250e+02,-4.313864135742187500e+01,5.720000000000000000e+02
-1.488400115966796875e+02,-4.313864135742187500e+01,5.720000000000000000e+02
-1.482182006835937500e+02,-4.313864135742187500e+01,5.720000000000000000e+02
-1.475963745117187500e+02,-4.313864135742187500e+01,5.720000000000000000e+02
-1.469745635986328125e+02,-4.313864135742187500e+01,5.720000000000000000e+02
-1.460968933105468750e+02,-4.306322479248046875e+01,5.710000000000000000e+02
-1.454761657714843750e+02,-4.306322479248046875e+01,5.710000000000000000e+02
-1.448554382324218750e+02,-4.306322479248046875e+01,5.710000000000000000e+02
-1.442347106933593750e+02,-4.306322479248046875e+01,5.710000000000000000e+02
-1.436139984130859375e+02,-4.306322479248046875e+01,5.710000000000000000e+02
-1.429932556152343750e+02,-4.306322479248046875e+01,5.710000000000000000e+02
-1.423725433349609375e+02,-4.306322479248046875e+01,5.710000000000000000e+02
-1.415035705566406250e+02,-4.298780822753906250e+01,5.700000000000000000e+02
-1.411310882568359375e+02,-4.306322479248046875e+01,5.710000000000000000e+02
-1.405103607177734375e+02,-4.306322479248046875e+01,5.710000000000000000e+02
-1.398896484375000000e+02,-4.306322479248046875e+01,5.710000000000000000e+02
-1.395128173828125000e+02,-4.313864135742187500e+01,5.720000000000000000e+02
-1.388910064697265625e+02,-4.313864135742187500e+01,5.720000000000000000e+02
-1.382691955566406250e+02,-4.313864135742187500e+01,5.720000000000000000e+02
-1.378880157470703125e+02,-4.321405792236328125e+01,5.730000000000000000e+02
-1.372651214599609375e+02,-4.321405792236328125e+01,5.730000000000000000e+02
-1.368806915283203125e+02,-4.328947448730468750e+01,5.740000000000000000e+02
-1.362566986083984375e+02,-4.328947448730468750e+01,5.740000000000000000e+02
-1.358690032958984375e+02,-4.336489486694335938e+01,5.750000000000000000e+02
-1.352439270019531250e+02,-4.336489486694335938e+01,5.750000000000000000e+02
-1.346188659667968750e+02,-4.336489486694335938e+01,5.750000000000000000e+02
-1.339937896728515625e+02,-4.336489486694335938e+01,5.750000000000000000e+02
-1.333687133789062500e+02,-4.336489486694335938e+01,5.750000000000000000e+02
-1.327436370849609375e+02,-4.336489486694335938e+01,5.750000000000000000e+02
-1.318887939453125000e+02,-4.328947448730468750e+01,5.740000000000000000e+02
-1.312648162841796875e+02,-4.328947448730468750e+01,5.740000000000000000e+02
-1.306408233642578125e+02,-4.328947448730468750e+01,5.740000000000000000e+02
-1.297903289794921875e+02,-4.321405792236328125e+01,5.730000000000000000e+02
-1.291674194335937500e+02,-4.321405792236328125e+01,5.730000000000000000e+02
-1.285445251464843750e+02,-4.321405792236328125e+01,5.730000000000000000e+02
-1.276983795166015625e+02,-4.313864135742187500e+01,5.720000000000000000e+02
-1.270765686035156250e+02,-4.313864135742187500e+01,5.720000000000000000e+02
-1.264547576904296875e+02,-4.313864135742187500e+01,5.720000000000000000e+02
-1.258329391479492188e+02,-4.313864135742187500e+01,5.720000000000000000e+02
-1.254300308227539062e+02,-4.321405792236328125e+01,5.730000000000000000e+02
-1.248071289062500000e+02,-4.321405792236328125e+01,5.730000000000000000e+02
-1.241842346191406250e+02,-4.321405792236328125e+01,5.730000000000000000e+02
-1.235613327026367188e+02,-4.321405792236328125e+01,5.730000000000000000e+02
-1.231529846191406250e+02,-4.328947448730468750e+01,5.740000000000000000e+02
-1.225289993286132812e+02,-4.328947448730468750e+01,5.740000000000000000e+02
-1.221173934936523438e+02,-4.336489486694335938e+01,5.750000000000000000e+02
-1.214923171997070312e+02,-4.336489486694335938e+01,5.750000000000000000e+02
-1.208672409057617188e+02,-4.336489486694335938e+01,5.750000000000000000e+02
-1.204512863159179688e+02,-4.344031143188476562e+01,5.760000000000000000e+02
-1.198251266479492188e+02,-4.344031143188476562e+01,5.760000000000000000e+02
-1.191989593505859375e+02,-4.344031143188476562e+01,5.760000000000000000e+02
-1.185727996826171875e+02,-4.344031143188476562e+01,5.760000000000000000e+02
-1.179466323852539062e+02,-4.344031143188476562e+01,5.760000000000000000e+02
-1.173204727172851562e+02,-4.344031143188476562e+01,5.760000000000000000e+02
-1.168969116210937500e+02,-4.351572799682617188e+01,5.770000000000000000e+02
-1.162696609497070312e+02,-4.351572799682617188e+01,5.770000000000000000e+02
-1.156424102783203125e+02,-4.351572799682617188e+01,5.770000000000000000e+02
-1.150151672363281250e+02,-4.351572799682617188e+01,5.770000000000000000e+02
-1.143879165649414062e+02,-4.351572799682617188e+01,5.770000000000000000e+02
-1.139578323364257812e+02,-4.359114456176757812e+01,5.780000000000000000e+02
-1.133294906616210938e+02,-4.359114456176757812e+01,5.780000000000000000e+02
-1.127011566162109375e+02,-4.359114456176757812e+01,5.780000000000000000e+02
-1.120728225708007812e+02,-4.359114456176757812e+01,5.780000000000000000e+02
-1.114444885253906250e+02,-4.359114456176757812e+01,5.780000000000000000e+02
-1.110078811645507812e+02,-4.366656112670898438e+01,5.790000000000000000e+02
-1.103784561157226562e+02,-4.366656112670898438e+01,5.790000000000000000e+02
-1.097490310668945312e+02,-4.366656112670898438e+01,5.790000000000000000e+02
-1.091196136474609375e+02,-4.366656112670898438e+01,5.790000000000000000e+02
-1.084901885986328125e+02,-4.366656112670898438e+01,5.790000000000000000e+02
-1.080470581054687500e+02,-4.374197769165039062e+01,5.800000000000000000e+02
-1.074165496826171875e+02,-4.374197769165039062e+01,5.800000000000000000e+02
-1.067860412597656250e+02,-4.374197769165039062e+01,5.800000000000000000e+02
-1.061555328369140625e+02,-4.374197769165039062e+01,5.800000000000000000e+02
-1.057069625854492188e+02,-4.381739807128906250e+01,5.810000000000000000e+02
-1.050753631591796875e+02,-4.381739807128906250e+01,5.810000000000000000e+02
-1.044437713623046875e+02,-4.381739807128906250e+01,5.810000000000000000e+02
-1.039908523559570312e+02,-4.389281463623046875e+01,5.820000000000000000e+02
-1.033581695556640625e+02,-4.389281463623046875e+01,5.820000000000000000e+02
-1.027254867553710938e+02,-4.389281463623046875e+01,5.820000000000000000e+02
-1.020928039550781250e+02,-4.389281463623046875e+01,5.820000000000000000e+02
-1.016344451904296875e+02,-4.396823120117187500e+01,5.830000000000000000e+02
-1.010006713867187500e+02,-4.396823120117187500e+01,5.830000000000000000e+02
-1.003668975830078125e+02,-4.396823120117187500e+01,5.830000000000000000e+02
-9.990419769287109375e+01,-4.404364776611328125e+01,5.840000000000000000e+02
-9.926934051513671875e+01,-4.404364776611328125e+01,5.840000000000000000e+02
-9.863448333740234375e+01,-4.404364776611328125e+01,5.840000000000000000e+02
-9.799962615966796875e+01,-4.404364776611328125e+01,5.840000000000000000e+02
-9.753148651123046875e+01,-4.411906433105468750e+01,5.850000000000000000e+02
-9.706118011474609375e+01,-4.419448089599609375e+01,5.860000000000000000e+02
-9.642414855957031250e+01,-4.419448089599609375e+01,5.860000000000000000e+02
-9.595057678222656250e+01,-4.426990127563476562e+01,5.870000000000000000e+02
-9.531245422363281250e+01,-4.426990127563476562e+01,5.870000000000000000e+02
-9.483562469482421875e+01,-4.434531784057617188e+01,5.880000000000000000e+02
-9.419641876220703125e+01,-4.434531784057617188e+01,5.880000000000000000e+02
-9.371632385253906250e+01,-4.442073440551757812e+01,5.890000000000000000e+02
-9.323405456542968750e+01,-4.449615097045898438e+01,5.900000000000000000e+02
-9.259267425537109375e+01,-4.449615097045898438e+01,5.900000000000000000e+02
-9.210714721679687500e+01,-4.457156753540039062e+01,5.910000000000000000e+02
-9.146467590332031250e+01,-4.457156753540039062e+01,5.910000000000000000e+02
-9.097588348388671875e+01,-4.464698410034179688e+01,5.920000000000000000e+02
-9.048491668701171875e+01,-4.472240447998046875e+01,5.930000000000000000e+02
-8.999178314208984375e+01,-4.479782104492187500e+01,5.940000000000000000e+02
-8.934605407714843750e+01,-4.479782104492187500e+01,5.940000000000000000e+02
-8.884964752197265625e+01,-4.487323760986328125e+01,5.950000000000000000e+02
-8.820283508300781250e+01,-4.487323760986328125e+01,5.950000000000000000e+02
-8.755602264404296875e+01,-4.487323760986328125e+01,5.950000000000000000e+02
-8.705526733398437500e+01,-4.494865417480468750e+01,5.960000000000000000e+02
-8.640737152099609375e+01,-4.494865417480468750e+01,5.960000000000000000e+02
-8.590335845947265625e+01,-4.502407073974609375e+01,5.970000000000000000e+02
-8.525437164306640625e+01,-4.502407073974609375e+01,5.970000000000000000e+02
-8.474709320068359375e+01,-4.509948730468750000e+01,5.980000000000000000e+02
-8.423764801025390625e+01,-4.517490768432617188e+01,5.990000000000000000e+02
-8.358647918701171875e+01,-4.517490768432617188e+01,5.990000000000000000e+02
-8.307376861572265625e+01,-4.525032424926757812e+01,6.000000000000000000e+02
-8.255889129638671875e+01,-4.532574081420898438e+01,6.010000000000000000e+02
-8.190554809570312500e+01,-4.532574081420898438e+01,6.010000000000000000e+02
-8.138740539550781250e+01,-4.540115737915039062e+01,6.020000000000000000e+02
-8.073298645019531250e+01,-4.540115737915039062e+01,6.020000000000000000e+02
-8.021157836914062500e+01,-4.547657394409179688e+01,6.030000000000000000e+02
-7.955606842041015625e+01,-4.547657394409179688e+01,6.030000000000000000e+02
-7.890055847167968750e+01,-4.547657394409179688e+01,6.030000000000000000e+02
-7.824504089355468750e+01,-4.547657394409179688e+01,6.030000000000000000e+02
-0.000000000000000000e+00,-0.000000000000000000e+00,0.000000000000000000e+00
-1.762033081054687500e+02,-4.236791610717773438e+01,5.700000000000000000e+02
-1.752756347656250000e+02,-4.229358291625976562e+01,5.690000000000000000e+02
-1.746570739746093750e+02,-4.229358291625976562e+01,5.690000000000000000e+02
-1.740385284423828125e+02,-4.229358291625976562e+01,5.690000000000000000e+02
-1.731151885986328125e+02,-4.221925354003906250e+01,5.680000000000000000e+02
-1.724977416992187500e+02,-4.221925354003906250e+01,5.680000000000000000e+02
-1.718802642822265625e+02,-4.221925354003906250e+01,5.680000000000000000e+02
-1.712628173828125000e+02,-4.221925354003906250e+01,5.680000000000000000e+02
-1.703449096679687500e+02,-4.214492416381835938e+01,5.670000000000000000e+02
-1.697285461425781250e+02,-4.214492416381835938e+01,5.670000000000000000e+02
-1.691121520996093750e+02,-4.214492416381835938e+01,5.670000000000000000e+02
-1.684957885742187500e+02,-4.214492416381835938e+01,5.670000000000000000e+02
-1.678793945312500000e+02,-4.214492416381835938e+01,5.670000000000000000e+02
-1.672630310058593750e+02,-4.214492416381835938e+01,5.670000000000000000e+02
-1.666466522216796875e+02,-4.214492416381835938e+01,5.670000000000000000e+02
-1.660302734375000000e+02,-4.214492416381835938e+01,5.670000000000000000e+02
-1.654138946533203125e+02,-4.214492416381835938e+01,5.670000000000000000e+02
-1.647975006103515625e+02,-4.214492416381835938e+01,5.670000000000000000e+02
-1.641811370849609375e+02,-4.214492416381835938e+01,5.670000000000000000e+02
-1.635647583007812500e+02,-4.214492416381835938e+01,5.670000000000000000e+02
-1.629483795166015625e+02,-4.214492416381835938e+01,5.670000000000000000e+02
-1.623320007324218750e+02,-4.214492416381835938e+01,5.670000000000000000e+02
-1.620008392333984375e+02,-4.221925354003906250e+01,5.680000000000000000e+02
-1.613833770751953125e+02,-4.221925354003906250e+01,5.680000000000000000e+02
-1.607659149169921875e+02,-4.221925354003906250e+01,5.680000000000000000e+02
-1.601484375000000000e+02,-4.221925354003906250e+01,5.680000000000000000e+02
-1.595309906005859375e+02,-4.221925354003906250e+01,5.680000000000000000e+02
-1.591932983398437500e+02,-4.229358291625976562e+01,5.690000000000000000e+02
-1.588534393310546875e+02,-4.236791610717773438e+01,5.700000000000000000e+02
-0.000000000000000000e+00,-0.000000000000000000e+00,0.000000000000000000e+00
-1.578906860351562500e+02,-4.244224548339843750e+01,5.710000000000000000e+02
-0.000000000000000000e+00,-0.000000000000000000e+00,0.000000000000000000e+00
-0.000000000000000000e+00,-0.000000000000000000e+00,0.000000000000000000e+00
-0.000000000000000000e+00,-0.000000000000000000e+00,0.000000000000000000e+00
-0.000000000000000000e+00,-0.000000000000000000e+00,0.000000000000000000e+00
-1.558713684082031250e+02,-4.273956298828125000e+01,5.750000000000000000e+02
-1.552463073730468750e+02,-4.273956298828125000e+01,5.750000000000000000e+02
-1.543523101806640625e+02,-4.266523361206054688e+01,5.740000000000000000e+02
-1.537283325195312500e+02,-4.266523361206054688e+01,5.740000000000000000e+02
-1.531043395996093750e+02,-4.266523361206054688e+01,5.740000000000000000e+02
-1.524803619384765625e+02,-4.266523361206054688e+01,5.740000000000000000e+02
-1.518563690185546875e+02,-4.266523361206054688e+01,5.740000000000000000e+02
-1.509689178466796875e+02,-4.259090423583984375e+01,5.730000000000000000e+02
-1.503460083007812500e+02,-4.259090423583984375e+01,5.730000000000000000e+02
-1.497231292724609375e+02,-4.259090423583984375e+01,5.730000000000000000e+02
-1.491002197265625000e+02,-4.259090423583984375e+01,5.730000000000000000e+02
-1.484773254394531250e+02,-4.259090423583984375e+01,5.730000000000000000e+02
-1.475963745117187500e+02,-4.251657485961914062e+01,5.720000000000000000e+02
-1.469745635986328125e+02,-4.251657485961914062e+01,5.720000000000000000e+02
-1.463527526855468750e+02,-4.251657485961914062e+01,5.720000000000000000e+02
-1.457309417724609375e+02,-4.251657485961914062e+01,5.720000000000000000e+02
-1.451091308593750000e+02,-4.251657485961914062e+01,5.720000000000000000e+02
-1.442347106933593750e+02,-4.244224548339843750e+01,5.710000000000000000e+02
-1.438655090332031250e+02,-4.251657485961914062e+01,5.720000000000000000e+02
-1.432436828613281250e+02,-4.251657485961914062e+01,5.720000000000000000e+02
-1.426218872070312500e+02,-4.251657485961914062e+01,5.720000000000000000e+02
-1.420000762939453125e+02,-4.251657485961914062e+01,5.720000000000000000e+02
-1.413782501220703125e+02,-4.251657485961914062e+01,5.720000000000000000e+02
-1.407564392089843750e+02,-4.251657485961914062e+01,5.720000000000000000e+02
-1.401346282958984375e+02,-4.251657485961914062e+01,5.720000000000000000e+02
-1.395128173828125000e+02,-4.251657485961914062e+01,5.720000000000000000e+02
-1.391338195800781250e+02,-4.259090423583984375e+01,5.730000000000000000e+02
-1.385109252929687500e+02,-4.259090423583984375e+01,5.730000000000000000e+02
-1.381286621093750000e+02,-4.266523361206054688e+01,5.740000000000000000e+02
-1.375046691894531250e+02,-4.266523361206054688e+01,5.740000000000000000e+02
-1.368806915283203125e+02,-4.266523361206054688e+01,5.740000000000000000e+02
-1.364940795898437500e+02,-4.273956298828125000e+01,5.750000000000000000e+02
-1.358690032958984375e+02,-4.273956298828125000e+01,5.750000000000000000e+02
-1.354791412353515625e+02,-4.281389236450195312e+01,5.760000000000000000e+02
-1.348529815673828125e+02,-4.281389236450195312e+01,5.760000000000000000e+02
-1.342268218994140625e+02,-4.281389236450195312e+01,5.760000000000000000e+02
-1.336006622314453125e+02,-4.281389236450195312e+01,5.760000000000000000e+02
-1.327436370849609375e+02,-4.273956298828125000e+01,5.750000000000000000e+02
-1.321185607910156250e+02,-4.273956298828125000e+01,5.750000000000000000e+02
-1.314934997558593750e+02,-4.273956298828125000e+01,5.750000000000000000e+02
-1.308684234619140625e+02,-4.273956298828125000e+01,5.750000000000000000e+02
-1.300168304443359375e+02,-4.266523361206054688e+01,5.740000000000000000e+02
-1.293928527832031250e+02,-4.266523361206054688e+01,5.740000000000000000e+02
-1.287688598632812500e+02,-4.266523361206054688e+01,5.740000000000000000e+02
-1.279216308593750000e+02,-4.259090423583984375e+01,5.730000000000000000e+02
-1.272987289428710938e+02,-4.259090423583984375e+01,5.730000000000000000e+02
-1.266758270263671875e+02,-4.259090423583984375e+01,5.730000000000000000e+02
-1.260529327392578125e+02,-4.259090423583984375e+01,5.730000000000000000e+02
-1.254300308227539062e+02,-4.259090423583984375e+01,5.730000000000000000e+02
-1.248071289062500000e+02,-4.259090423583984375e+01,5.730000000000000000e+02
-1.244009552001953125e+02,-4.266523361206054688e+01,5.740000000000000000e+02
-1.237769699096679688e+02,-4.266523361206054688e+01,5.740000000000000000e+02
-1.231529846191406250e+02,-4.266523361206054688e+01,5.740000000000000000e+02
-1.227424621582031250e+02,-4.273956298828125000e+01,5.750000000000000000e+02
-1.221173934936523438e+02,-4.273956298828125000e+01,5.750000000000000000e+02
-1.214923171997070312e+02,-4.273956298828125000e+01,5.750000000000000000e+02
-1.210774459838867188e+02,-4.281389236450195312e+01,5.760000000000000000e+02
-1.204512863159179688e+02,-4.281389236450195312e+01,5.760000000000000000e+02
-1.198251266479492188e+02,-4.281389236450195312e+01,5.760000000000000000e+02
-1.191989593505859375e+02,-4.281389236450195312e+01,5.760000000000000000e+02
-1.185727996826171875e+02,-4.281389236450195312e+01,5.760000000000000000e+02
-1.179466323852539062e+02,-4.281389236450195312e+01,5.760000000000000000e+02
-1.175241546630859375e+02,-4.288822174072265625e+01,5.770000000000000000e+02
-1.168969116210937500e+02,-4.288822174072265625e+01,5.770000000000000000e+02
-1.162696609497070312e+02,-4.288822174072265625e+01,5.770000000000000000e+02
-1.156424102783203125e+02,-4.288822174072265625e+01,5.770000000000000000e+02
-1.150151672363281250e+02,-4.288822174072265625e+01,5.770000000000000000e+02
-1.145861663818359375e+02,-4.296255111694335938e+01,5.780000000000000000e+02
-1.139578323364257812e+02,-4.296255111694335938e+01,5.780000000000000000e+02
-1.133294906616210938e+02,-4.296255111694335938e+01,5.780000000000000000e+02
-1.128961410522460938e+02,-4.303688049316406250e+01,5.790000000000000000e+02
-1.122667236328125000e+02,-4.303688049316406250e+01,5.790000000000000000e+02
-1.116372985839843750e+02,-4.303688049316406250e+01,5.790000000000000000e+02
-1.110078811645507812e+02,-4.303688049316406250e+01,5.790000000000000000e+02
-1.103784561157226562e+02,-4.303688049316406250e+01,5.790000000000000000e+02
-1.099385833740234375e+02,-4.311120986938476562e+01,5.800000000000000000e+02
-1.093080749511718750e+02,-4.311120986938476562e+01,5.800000000000000000e+02
-1.086775665283203125e+02,-4.311120986938476562e+01,5.800000000000000000e+02
-1.080470581054687500e+02,-4.311120986938476562e+01,5.800000000000000000e+02
-1.076017456054687500e+02,-4.318553924560546875e+01,5.810000000000000000e+02
-1.069701538085937500e+02,-4.318553924560546875e+01,5.810000000000000000e+02
-1.063385543823242188e+02,-4.318553924560546875e+01,5.810000000000000000e+02
-1.057069625854492188e+02,-4.318553924560546875e+01,5.810000000000000000e+02
-1.052562179565429688e+02,-4.325986862182617188e+01,5.820000000000000000e+02
-1.046235351562500000e+02,-4.325986862182617188e+01,5.820000000000000000e+02
-1.039908523559570312e+02,-4.325986862182617188e+01,5.820000000000000000e+02
-1.033581695556640625e+02,-4.325986862182617188e+01,5.820000000000000000e+02
-1.029019851684570312e+02,-4.333420181274414062e+01,5.830000000000000000e+02
-1.022682189941406250e+02,-4.333420181274414062e+01,5.830000000000000000e+02
-1.016344451904296875e+02,-4.333420181274414062e+01,5.830000000000000000e+02
-1.010006713867187500e+02,-4.333420181274414062e+01,5.830000000000000000e+02
-1.005390548706054688e+02,-4.340853118896484375e+01,5.840000000000000000e+02
-9.990419769287109375e+01,-4.340853118896484375e+01,5.840000000000000000e+02
-9.926934051513671875e+01,-4.340853118896484375e+01,5.840000000000000000e+02
-9.863448333740234375e+01,-4.340853118896484375e+01,5.840000000000000000e+02
-9.816743469238281250e+01,-4.348286056518554688e+01,5.850000000000000000e+02
-9.769821166992187500e+01,-4.355718994140625000e+01,5.860000000000000000e+02
-9.706118011474609375e+01,-4.355718994140625000e+01,5.860000000000000000e+02
-9.658869171142578125e+01,-4.363151931762695312e+01,5.870000000000000000e+02
-9.595057678222656250e+01,-4.363151931762695312e+01,5.870000000000000000e+02
-9.547483062744140625e+01,-4.370584869384765625e+01,5.880000000000000000e+02
-9.499691009521484375e+01,-4.378017807006835938e+01,5.890000000000000000e+02
-9.451681518554687500e+01,-4.385450744628906250e+01,5.900000000000000000e+02
-9.403454589843750000e+01,-4.392883682250976562e+01,5.910000000000000000e+02
-9.355010223388671875e+01,-4.400316619873046875e+01,5.920000000000000000e+02
-9.290654754638671875e+01,-4.400316619873046875e+01,5.920000000000000000e+02
-9.241884613037109375e+01,-4.407749557495117188e+01,5.930000000000000000e+02
-9.177420043945312500e+01,-4.407749557495117188e+01,5.930000000000000000e+02
-9.143691253662109375e+01,-4.422615432739257812e+01,5.950000000000000000e+02
-9.079010009765625000e+01,-4.422615432739257812e+01,5.950000000000000000e+02
-9.029478454589843750e+01,-4.430048751831054688e+01,5.960000000000000000e+02
-8.964688110351562500e+01,-4.430048751831054688e+01,5.960000000000000000e+02
-8.914830780029296875e+01,-4.437481689453125000e+01,5.970000000000000000e+02
-8.849931335449218750e+01,-4.437481689453125000e+01,5.970000000000000000e+02
-8.785032653808593750e+01,-4.437481689453125000e+01,5.970000000000000000e+02
-8.734740447998046875e+01,-4.444914627075195312e+01,5.980000000000000000e+02
-8.684230804443359375e+01,-4.452347564697265625e+01,5.990000000000000000e+02
-8.619113922119140625e+01,-4.452347564697265625e+01,5.990000000000000000e+02
-8.568278503417968750e+01,-4.459780502319335938e+01,6.000000000000000000e+02
-8.503053283691406250e+01,-4.459780502319335938e+01,6.000000000000000000e+02
-8.451891326904296875e+01,-4.467213439941406250e+01,6.010000000000000000e+02
-8.400511169433593750e+01,-4.474646377563476562e+01,6.020000000000000000e+02
-8.335068511962890625e+01,-4.474646377563476562e+01,6.020000000000000000e+02
-8.283362579345703125e+01,-4.482079315185546875e+01,6.030000000000000000e+02
-8.231439971923828125e+01,-4.489512252807617188e+01,6.040000000000000000e+02
-8.165779876708984375e+01,-4.489512252807617188e+01,6.040000000000000000e+02
-8.113530731201171875e+01,-4.496945190429687500e+01,6.050000000000000000e+02
-8.047762298583984375e+01,-4.496945190429687500e+01,6.050000000000000000e+02
-7.995186614990234375e+01,-4.504378128051757812e+01,6.060000000000000000e+02
-1.768229522705078125e+02,-4.174802017211914062e+01,5.700000000000000000e+02
-1.762033081054687500e+02,-4.174802017211914062e+01,5.700000000000000000e+02
-1.755836791992187500e+02,-4.174802017211914062e+01,5.700000000000000000e+02
-1.746570739746093750e+02,-4.167477798461914062e+01,5.690000000000000000e+02
-1.740385284423828125e+02,-4.167477798461914062e+01,5.690000000000000000e+02
-1.734199829101562500e+02,-4.167477798461914062e+01,5.690000000000000000e+02
-1.724977416992187500e+02,-4.160153579711914062e+01,5.680000000000000000e+02
-1.718802642822265625e+02,-4.160153579711914062e+01,5.680000000000000000e+02
-1.712628173828125000e+02,-4.160153579711914062e+01,5.680000000000000000e+02
-1.703449096679687500e+02,-4.152829360961914062e+01,5.670000000000000000e+02
-1.697285461425781250e+02,-4.152829360961914062e+01,5.670000000000000000e+02
-1.691121520996093750e+02,-4.152829360961914062e+01,5.670000000000000000e+02
-1.684957885742187500e+02,-4.152829360961914062e+01,5.670000000000000000e+02
-1.678793945312500000e+02,-4.152829360961914062e+01,5.670000000000000000e+02
-1.672630310058593750e+02,-4.152829360961914062e+01,5.670000000000000000e+02
-1.666466522216796875e+02,-4.152829360961914062e+01,5.670000000000000000e+02
-1.663231048583984375e+02,-4.160153579711914062e+01,5.680000000000000000e+02
-1.657056274414062500e+02,-4.160153579711914062e+01,5.680000000000000000e+02
-1.650881500244140625e+02,-4.160153579711914062e+01,5.680000000000000000e+02
-1.644707031250000000e+02,-4.160153579711914062e+01,5.680000000000000000e+02
-1.638532257080078125e+02,-4.160153579711914062e+01,5.680000000000000000e+02
-1.632357788085937500e+02,-4.160153579711914062e+01,5.680000000000000000e+02
-1.626183013916015625e+02,-4.160153579711914062e+01,5.680000000000000000e+02
-1.620008392333984375e+02,-4.160153579711914062e+01,5.680000000000000000e+02
-1.616674957275390625e+02,-4.167477798461914062e+01,5.690000000000000000e+02
-1.607659149169921875e+02,-4.160153579711914062e+01,5.680000000000000000e+02
-1.604303894042968750e+02,-4.167477798461914062e+01,5.690000000000000000e+02
-1.598118591308593750e+02,-4.167477798461914062e+01,5.690000000000000000e+02
-1.594730682373046875e+02,-4.174802017211914062e+01,5.700000000000000000e+02
-1.588534393310546875e+02,-4.174802017211914062e+01,5.700000000000000000e+02
-1.585113983154296875e+02,-4.182126235961914062e+01,5.710000000000000000e+02
-1.581671905517578125e+02,-4.189450454711914062e+01,5.720000000000000000e+02
-0.000000000000000000e+00,-0.000000000000000000e+00,0.000000000000000000e+00
-0.000000000000000000e+00,-0.000000000000000000e+00,0.000000000000000000e+00
-0.000000000000000000e+00,-0.000000000000000000e+00,0.000000000000000000e+00
-1.562242889404296875e+02,-4.204098892211914062e+01,5.740000000000000000e+02
-1.558713684082031250e+02,-4.211423110961914062e+01,5.750000000000000000e+02
-1.552463073730468750e+02,-4.211423110961914062e+01,5.750000000000000000e+02
-1.546212158203125000e+02,-4.211423110961914062e+01,5.750000000000000000e+02
-1.539961547851562500e+02,-4.211423110961914062e+01,5.750000000000000000e+02
-1.533710784912109375e+02,-4.211423110961914062e+01,5.750000000000000000e+02
-1.527460174560546875e+02,-4.211423110961914062e+01,5.750000000000000000e+02
-1.518563690185546875e+02,-4.204098892211914062e+01,5.740000000000000000e+02
-1.512323913574218750e+02,-4.204098892211914062e+01,5.740000000000000000e+02
-1.506083984375000000e+02,-4.204098892211914062e+01,5.740000000000000000e+02
-1.499844207763671875e+02,-4.204098892211914062e+01,5.740000000000000000e+02
-1.493604278564453125e+02,-4.204098892211914062e+01,5.740000000000000000e+02
-1.487364501953125000e+02,-4.204098892211914062e+01,5.740000000000000000e+02
-1.481124572753906250e+02,-4.204098892211914062e+01,5.740000000000000000e+02
-1.474884490966796875e+02,-4.204098892211914062e+01,5.740000000000000000e+02
-1.468644714355468750e+02,-4.204098892211914062e+01,5.740000000000000000e+02
-1.459857025146484375e+02,-4.196774673461914062e+01,5.730000000000000000e+02
-1.453628234863281250e+02,-4.196774673461914062e+01,5.730000000000000000e+02
-1.447399139404296875e+02,-4.196774673461914062e+01,5.730000000000000000e+02
-1.441170196533203125e+02,-4.196774673461914062e+01,5.730000000000000000e+02
-1.434941101074218750e+02,-4.196774673461914062e+01,5.730000000000000000e+02
-1.428712158203125000e+02,-4.196774673461914062e+01,5.730000000000000000e+02
-1.422483215332031250e+02,-4.196774673461914062e+01,5.730000000000000000e+02
-1.416254272460937500e+02,-4.196774673461914062e+01,5.730000000000000000e+02
-1.410025177001953125e+02,-4.196774673461914062e+01,5.730000000000000000e+02
-1.403796234130859375e+02,-4.196774673461914062e+01,5.730000000000000000e+02
-1.397567291259765625e+02,-4.196774673461914062e+01,5.730000000000000000e+02
-1.391338195800781250e+02,-4.196774673461914062e+01,5.730000000000000000e+02
-1.387526550292968750e+02,-4.204098892211914062e+01,5.740000000000000000e+02
-1.381286621093750000e+02,-4.204098892211914062e+01,5.740000000000000000e+02
-1.377442321777343750e+02,-4.211423110961914062e+01,5.750000000000000000e+02
-1.371191558837890625e+02,-4.211423110961914062e+01,5.750000000000000000e+02
-1.367314605712890625e+02,-4.218747329711914062e+01,5.760000000000000000e+02
-1.361053009033203125e+02,-4.218747329711914062e+01,5.760000000000000000e+02
-1.354791412353515625e+02,-4.218747329711914062e+01,5.760000000000000000e+02
-1.350870971679687500e+02,-4.226071548461914062e+01,5.770000000000000000e+02
-1.344598541259765625e+02,-4.226071548461914062e+01,5.770000000000000000e+02
-1.338326110839843750e+02,-4.226071548461914062e+01,5.770000000000000000e+02
-1.329745025634765625e+02,-4.218747329711914062e+01,5.760000000000000000e+02
-1.323483428955078125e+02,-4.218747329711914062e+01,5.760000000000000000e+02
-1.317221832275390625e+02,-4.218747329711914062e+01,5.760000000000000000e+02
-1.310960235595703125e+02,-4.218747329711914062e+01,5.760000000000000000e+02
-1.302433471679687500e+02,-4.211423110961914062e+01,5.750000000000000000e+02
-1.296182708740234375e+02,-4.211423110961914062e+01,5.750000000000000000e+02
-1.289931945800781250e+02,-4.211423110961914062e+01,5.750000000000000000e+02
-1.281448822021484375e+02,-4.204098892211914062e+01,5.740000000000000000e+02
-1.275208892822265625e+02,-4.204098892211914062e+01,5.740000000000000000e+02
-1.268969039916992188e+02,-4.204098892211914062e+01,5.740000000000000000e+02
-1.262729187011718750e+02,-4.204098892211914062e+01,5.740000000000000000e+02
-1.256489334106445312e+02,-4.204098892211914062e+01,5.740000000000000000e+02
-1.250249481201171875e+02,-4.204098892211914062e+01,5.740000000000000000e+02
-1.244009552001953125e+02,-4.204098892211914062e+01,5.740000000000000000e+02
-1.239926071166992188e+02,-4.211423110961914062e+01,5.750000000000000000e+02
-1.233675384521484375e+02,-4.211423110961914062e+01,5.750000000000000000e+02
-1.227424621582031250e+02,-4.211423110961914062e+01,5.750000000000000000e+02
-1.221173934936523438e+02,-4.211423110961914062e+01,5.750000000000000000e+02
-1.217036056518554688e+02,-4.218747329711914062e+01,5.760000000000000000e+02
-1.210774459838867188e+02,-4.218747329711914062e+01,5.760000000000000000e+02
-1.204512863159179688e+02,-4.218747329711914062e+01,5.760000000000000000e+02
-1.198251266479492188e+02,-4.218747329711914062e+01,5.760000000000000000e+02
-1.191989593505859375e+02,-4.218747329711914062e+01,5.760000000000000000e+02
-1.185727996826171875e+02,-4.218747329711914062e+01,5.760000000000000000e+02
-1.181514053344726562e+02,-4.226071548461914062e+01,5.770000000000000000e+02
-1.175241546630859375e+02,-4.226071548461914062e+01,5.770000000000000000e+02
-1.168969116210937500e+02,-4.226071548461914062e+01,5.770000000000000000e+02
-1.162696609497070312e+02,-4.226071548461914062e+01,5.770000000000000000e+02
-1.156424102783203125e+02,-4.226071548461914062e+01,5.770000000000000000e+02
-1.152145004272460938e+02,-4.233395767211914062e+01,5.780000000000000000e+02
-1.145861663818359375e+02,-4.233395767211914062e+01,5.780000000000000000e+02
-1.139578323364257812e+02,-4.233395767211914062e+01,5.780000000000000000e+02
-1.135255661010742188e+02,-4.240719985961914062e+01,5.790000000000000000e+02
-1.128961410522460938e+02,-4.240719985961914062e+01,5.790000000000000000e+02
-1.122667236328125000e+02,-4.240719985961914062e+01,5.790000000000000000e+02
-1.118301086425781250e+02,-4.248044204711914062e+01,5.800000000000000000e+02
-1.111996002197265625e+02,-4.248044204711914062e+01,5.800000000000000000e+02
-1.105690917968750000e+02,-4.248044204711914062e+01,5.800000000000000000e+02
-1.099385833740234375e+02,-4.248044204711914062e+01,5.800000000000000000e+02
-1.094965362548828125e+02,-4.255368423461914062e+01,5.810000000000000000e+02
-1.088649444580078125e+02,-4.255368423461914062e+01,5.810000000000000000e+02
-1.082333450317382812e+02,-4.255368423461914062e+01,5.810000000000000000e+02
-1.076017456054687500e+02,-4.255368423461914062e+01,5.810000000000000000e+02
-1.071542663574218750e+02,-4.262692642211914062e+01,5.820000000000000000e+02
-1.065215835571289062e+02,-4.262692642211914062e+01,5.820000000000000000e+02
-1.058889007568359375e+02,-4.262692642211914062e+01,5.820000000000000000e+02
-1.052562179565429688e+02,-4.262692642211914062e+01,5.820000000000000000e+02
-1.048032989501953125e+02,-4.270016860961914062e+01,5.830000000000000000e+02
-1.041695327758789062e+02,-4.270016860961914062e+01,5.830000000000000000e+02
-1.035357589721679688e+02,-4.270016860961914062e+01,5.830000000000000000e+02
-1.029019851684570312e+02,-4.270016860961914062e+01,5.830000000000000000e+02
-1.022682189941406250e+02,-4.270016860961914062e+01,5.830000000000000000e+02
-1.018087768554687500e+02,-4.277341079711914062e+01,5.840000000000000000e+02
-1.011739120483398438e+02,-4.277341079711914062e+01,5.840000000000000000e+02
-1.005390548706054688e+02,-4.277341079711914062e+01,5.840000000000000000e+02
-9.990419769287109375e+01,-4.277341079711914062e+01,5.840000000000000000e+02
-9.943932342529296875e+01,-4.284665298461914062e+01,5.850000000000000000e+02
-9.880337524414062500e+01,-4.284665298461914062e+01,5.850000000000000000e+02
-9.833524322509765625e+01,-4.291989517211914062e+01,5.860000000000000000e+02
-9.769821166992187500e+01,-4.291989517211914062e+01,5.860000000000000000e+02
-9.722681427001953125e+01,-4.299313735961914062e+01,5.870000000000000000e+02
-9.675324249267578125e+01,-4.306637954711914062e+01,5.880000000000000000e+02
-9.627749633789062500e+01,-4.313962173461914062e+01,5.890000000000000000e+02
-9.579957580566406250e+01,-4.321286392211914062e+01,5.900000000000000000e+02
-9.531948089599609375e+01,-4.328610610961914062e+01,5.910000000000000000e+02
-9.483721160888671875e+01,-4.335934829711914062e+01,5.920000000000000000e+02
-9.435276794433593750e+01,-4.343259048461914062e+01,5.930000000000000000e+02
-9.370812225341796875e+01,-4.343259048461914062e+01,5.930000000000000000e+02
-9.322042083740234375e+01,-4.350583267211914062e+01,5.940000000000000000e+02
-9.273054504394531250e+01,-4.357907485961914062e+01,5.950000000000000000e+02
-9.223848724365234375e+01,-4.365231704711914062e+01,5.960000000000000000e+02
-9.174426269531250000e+01,-4.372555923461914062e+01,5.970000000000000000e+02
-9.109527587890625000e+01,-4.372555923461914062e+01,5.970000000000000000e+02
-9.059778594970703125e+01,-4.379880142211914062e+01,5.980000000000000000e+02
-9.009812164306640625e+01,-4.387204360961914062e+01,5.990000000000000000e+02
-8.944696044921875000e+01,-4.387204360961914062e+01,5.990000000000000000e+02
-8.894403839111328125e+01,-4.394528579711914062e+01,6.000000000000000000e+02
-8.829178619384765625e+01,-4.394528579711914062e+01,6.000000000000000000e+02
-8.763953399658203125e+01,-4.394528579711914062e+01,6.000000000000000000e+02
-8.713226318359375000e+01,-4.401852798461914062e+01,6.010000000000000000e+02
-8.647892761230468750e+01,-4.401852798461914062e+01,6.010000000000000000e+02
-8.596839141845703125e+01,-4.409177017211914062e+01,6.020000000000000000e+02
-8.545568084716796875e+01,-4.416501235961914062e+01,6.030000000000000000e+02
-8.480017089843750000e+01,-4.416501235961914062e+01,6.030000000000000000e+02
-8.428419494628906250e+01,-4.423825454711914062e+01,6.040000000000000000e+02
-8.376605224609375000e+01,-4.431149673461914062e+01,6.050000000000000000e+02
-8.310836791992187500e+01,-4.431149673461914062e+01,6.050000000000000000e+02
-8.258695983886718750e+01,-4.438473892211914062e+01,6.060000000000000000e+02
-8.192819213867187500e+01,-4.438473892211914062e+01,6.060000000000000000e+02
-8.140352630615234375e+01,-4.445798110961914062e+01,6.070000000000000000e+02
-0.000000000000000000e+00,-0.000000000000000000e+00,0.000000000000000000e+00
-1.771331787109375000e+02,-4.120028305053710938e+01,5.710000000000000000e+02
-1.762033081054687500e+02,-4.112812805175781250e+01,5.700000000000000000e+02
-1.755836791992187500e+02,-4.112812805175781250e+01,5.700000000000000000e+02
-1.749640350341796875e+02,-4.112812805175781250e+01,5.700000000000000000e+02
-1.740385284423828125e+02,-4.105597305297851562e+01,5.690000000000000000e+02
-1.731151885986328125e+02,-4.098381805419921875e+01,5.680000000000000000e+02
-1.724977416992187500e+02,-4.098381805419921875e+01,5.680000000000000000e+02
-1.718802642822265625e+02,-4.098381805419921875e+01,5.680000000000000000e+02
-1.712628173828125000e+02,-4.098381805419921875e+01,5.680000000000000000e+02
-1.703449096679687500e+02,-4.091166305541992188e+01,5.670000000000000000e+02
-1.697285461425781250e+02,-4.091166305541992188e+01,5.670000000000000000e+02
-1.691121520996093750e+02,-4.091166305541992188e+01,5.670000000000000000e+02
-1.684957885742187500e+02,-4.091166305541992188e+01,5.670000000000000000e+02
-1.678793945312500000e+02,-4.091166305541992188e+01,5.670000000000000000e+02
-1.672630310058593750e+02,-4.091166305541992188e+01,5.670000000000000000e+02
-1.669405517578125000e+02,-4.098381805419921875e+01,5.680000000000000000e+02
-1.663231048583984375e+02,-4.098381805419921875e+01,5.680000000000000000e+02
-1.657056274414062500e+02,-4.098381805419921875e+01,5.680000000000000000e+02
-1.650881500244140625e+02,-4.098381805419921875e+01,5.680000000000000000e+02
-1.644707031250000000e+02,-4.098381805419921875e+01,5.680000000000000000e+02
-1.641417083740234375e+02,-4.105597305297851562e+01,5.690000000000000000e+02
-1.635231628417968750e+02,-4.105597305297851562e+01,5.690000000000000000e+02
-1.629046020507812500e+02,-4.105597305297851562e+01,5.690000000000000000e+02
-1.622860565185546875e+02,-4.105597305297851562e+01,5.690000000000000000e+02
-1.616674957275390625e+02,-4.105597305297851562e+01,5.690000000000000000e+02
-1.613320007324218750e+02,-4.112812805175781250e+01,5.700000000000000000e+02
-1.604303894042968750e+02,-4.105597305297851562e+01,5.690000000000000000e+02
-1.600927124023437500e+02,-4.112812805175781250e+01,5.700000000000000000e+02
-1.594730682373046875e+02,-4.112812805175781250e+01,5.700000000000000000e+02
-1.591321258544921875e+02,-4.120028305053710938e+01,5.710000000000000000e+02
-1.585113983154296875e+02,-4.120028305053710938e+01,5.710000000000000000e+02
-1.581671905517578125e+02,-4.127243804931640625e+01,5.720000000000000000e+02
-1.575453796386718750e+02,-4.127243804931640625e+01,5.720000000000000000e+02
-1.571979217529296875e+02,-4.134459304809570312e+01,5.730000000000000000e+02
-1.568482666015625000e+02,-4.141674804687500000e+01,5.740000000000000000e+02
-1.562242889404296875e+02,-4.141674804687500000e+01,5.740000000000000000e+02
-1.556002960205078125e+02,-4.141674804687500000e+01,5.740000000000000000e+02
-1.552463073730468750e+02,-4.148890304565429688e+01,5.750000000000000000e+02
-1.546212158203125000e+02,-4.148890304565429688e+01,5.750000000000000000e+02
-1.539961547851562500e+02,-4.148890304565429688e+01,5.750000000000000000e+02
-1.533710784912109375e+02,-4.148890304565429688e+01,5.750000000000000000e+02
-1.527460174560546875e+02,-4.148890304565429688e+01,5.750000000000000000e+02
-1.521209259033203125e+02,-4.148890304565429688e+01,5.750000000000000000e+02
-1.514958648681640625e+02,-4.148890304565429688e+01,5.750000000000000000e+02
-1.508707885742187500e+02,-4.148890304565429688e+01,5.750000000000000000e+02
-1.502457122802734375e+02,-4.148890304565429688e+01,5.750000000000000000e+02
-1.496206359863281250e+02,-4.148890304565429688e+01,5.750000000000000000e+02
-1.489955749511718750e+02,-4.148890304565429688e+01,5.750000000000000000e+02
-1.483704833984375000e+02,-4.148890304565429688e+01,5.750000000000000000e+02
-1.477454071044921875e+02,-4.148890304565429688e+01,5.750000000000000000e+02
-1.468644714355468750e+02,-4.141674804687500000e+01,5.740000000000000000e+02
-1.462404785156250000e+02,-4.141674804687500000e+01,5.740000000000000000e+02
-1.456165008544921875e+02,-4.141674804687500000e+01,5.740000000000000000e+02
-1.449925079345703125e+02,-4.141674804687500000e+01,5.740000000000000000e+02
-1.441170196533203125e+02,-4.134459304809570312e+01,5.730000000000000000e+02
-1.434941101074218750e+02,-4.134459304809570312e+01,5.730000000000000000e+02
-1.428712158203125000e+02,-4.134459304809570312e+01,5.730000000000000000e+02
-1.422483215332031250e+02,-4.134459304809570312e+01,5.730000000000000000e+02
-1.416254272460937500e+02,-4.134459304809570312e+01,5.730000000000000000e+02
-1.412485961914062500e+02,-4.141674804687500000e+01,5.740000000000000000e+02
-1.406246185302734375e+02,-4.141674804687500000e+01,5.740000000000000000e+02
-1.400006256103515625e+02,-4.141674804687500000e+01,5.740000000000000000e+02
-1.393766479492187500e+02,-4.141674804687500000e+01,5.740000000000000000e+02
-1.387526550292968750e+02,-4.141674804687500000e+01,5.740000000000000000e+02
-1.383693084716796875e+02,-4.148890304565429688e+01,5.750000000000000000e+02
-1.377442321777343750e+02,-4.148890304565429688e+01,5.750000000000000000e+02
-1.371191558837890625e+02,-4.148890304565429688e+01,5.750000000000000000e+02
-1.367314605712890625e+02,-4.156105804443359375e+01,5.760000000000000000e+02
-1.361053009033203125e+02,-4.156105804443359375e+01,5.760000000000000000e+02
-1.357143554687500000e+02,-4.163320922851562500e+01,5.770000000000000000e+02
-1.350870971679687500e+02,-4.163320922851562500e+01,5.770000000000000000e+02
-1.344598541259765625e+02,-4.163320922851562500e+01,5.770000000000000000e+02
-1.338326110839843750e+02,-4.163320922851562500e+01,5.770000000000000000e+02
-1.332053527832031250e+02,-4.163320922851562500e+01,5.770000000000000000e+02
-1.325781097412109375e+02,-4.163320922851562500e+01,5.770000000000000000e+02
-1.319508666992187500e+02,-4.163320922851562500e+01,5.770000000000000000e+02
-1.310960235595703125e+02,-4.156105804443359375e+01,5.760000000000000000e+02
-1.304698486328125000e+02,-4.156105804443359375e+01,5.760000000000000000e+02
-1.298436889648437500e+02,-4.156105804443359375e+01,5.760000000000000000e+02
-1.292175292968750000e+02,-4.156105804443359375e+01,5.760000000000000000e+02
-1.283681182861328125e+02,-4.148890304565429688e+01,5.750000000000000000e+02
-1.277430496215820312e+02,-4.148890304565429688e+01,5.750000000000000000e+02
-1.271179809570312500e+02,-4.148890304565429688e+01,5.750000000000000000e+02
-1.264929046630859375e+02,-4.148890304565429688e+01,5.750000000000000000e+02
-1.258678283691406250e+02,-4.148890304565429688e+01,5.750000000000000000e+02
-1.252427597045898438e+02,-4.148890304565429688e+01,5.750000000000000000e+02
-1.246176834106445312e+02,-4.148890304565429688e+01,5.750000000000000000e+02
-1.239926071166992188e+02,-4.148890304565429688e+01,5.750000000000000000e+02
-1.233675384521484375e+02,-4.148890304565429688e+01,5.750000000000000000e+02
-1.229559326171875000e+02,-4.156105804443359375e+01,5.760000000000000000e+02
-1.223297653198242188e+02,-4.156105804443359375e+01,5.760000000000000000e+02
-1.217036056518554688e+02,-4.156105804443359375e+01,5.760000000000000000e+02
-1.210774459838867188e+02,-4.156105804443359375e+01,5.760000000000000000e+02
-1.206604003906250000e+02,-4.163320922851562500e+01,5.770000000000000000e+02
-1.200331573486328125e+02,-4.163320922851562500e+01,5.770000000000000000e+02
-1.194058990478515625e+02,-4.163320922851562500e+01,5.770000000000000000e+02
-1.187786483764648438e+02,-4.163320922851562500e+01,5.770000000000000000e+02
-1.181514053344726562e+02,-4.163320922851562500e+01,5.770000000000000000e+02
-1.175241546630859375e+02,-4.163320922851562500e+01,5.770000000000000000e+02
-1.168969116210937500e+02,-4.163320922851562500e+01,5.770000000000000000e+02
-1.162696609497070312e+02,-4.163320922851562500e+01,5.770000000000000000e+02
-1.158428344726562500e+02,-4.170536422729492188e+01,5.780000000000000000e+02
-1.152145004272460938e+02,-4.170536422729492188e+01,5.780000000000000000e+02
-1.145861663818359375e+02,-4.170536422729492188e+01,5.780000000000000000e+02
-1.141549911499023438e+02,-4.177751922607421875e+01,5.790000000000000000e+02
-1.135255661010742188e+02,-4.177751922607421875e+01,5.790000000000000000e+02
-1.128961410522460938e+02,-4.177751922607421875e+01,5.790000000000000000e+02
-1.124606170654296875e+02,-4.184967422485351562e+01,5.800000000000000000e+02
-1.118301086425781250e+02,-4.184967422485351562e+01,5.800000000000000000e+02
-1.111996002197265625e+02,-4.184967422485351562e+01,5.800000000000000000e+02
-1.107597274780273438e+02,-4.192182922363281250e+01,5.810000000000000000e+02
-1.101281356811523438e+02,-4.192182922363281250e+01,5.810000000000000000e+02
-1.094965362548828125e+02,-4.192182922363281250e+01,5.810000000000000000e+02
-1.090523147583007812e+02,-4.199398422241210938e+01,5.820000000000000000e+02
-1.084196319580078125e+02,-4.199398422241210938e+01,5.820000000000000000e+02
-1.077869491577148438e+02,-4.199398422241210938e+01,5.820000000000000000e+02
-1.071542663574218750e+02,-4.199398422241210938e+01,5.820000000000000000e+02
-1.067046127319335938e+02,-4.206613922119140625e+01,5.830000000000000000e+02
-1.060708389282226562e+02,-4.206613922119140625e+01,5.830000000000000000e+02
-1.054370727539062500e+02,-4.206613922119140625e+01,5.830000000000000000e+02
-1.048032989501953125e+02,-4.206613922119140625e+01,5.830000000000000000e+02
-1.041695327758789062e+02,-4.206613922119140625e+01,5.830000000000000000e+02
-1.037133483886718750e+02,-4.213829421997070312e+01,5.840000000000000000e+02
-1.030784912109375000e+02,-4.213829421997070312e+01,5.840000000000000000e+02
-1.024436340332031250e+02,-4.213829421997070312e+01,5.840000000000000000e+02
-1.018087768554687500e+02,-4.213829421997070312e+01,5.840000000000000000e+02
-1.011739120483398438e+02,-4.213829421997070312e+01,5.840000000000000000e+02
-1.007112121582031250e+02,-4.221044921875000000e+01,5.850000000000000000e+02
-1.000752639770507812e+02,-4.221044921875000000e+01,5.850000000000000000e+02
-9.960930633544921875e+01,-4.228260040283203125e+01,5.860000000000000000e+02
-9.897227478027343750e+01,-4.228260040283203125e+01,5.860000000000000000e+02
-9.850305175781250000e+01,-4.235475540161132812e+01,5.870000000000000000e+02
-9.803165435791015625e+01,-4.242691040039062500e+01,5.880000000000000000e+02
-9.755807495117187500e+01,-4.249906539916992188e+01,5.890000000000000000e+02
-9.708232879638671875e+01,-4.257122039794921875e+01,5.900000000000000000e+02
-9.660440826416015625e+01,-4.264337539672851562e+01,5.910000000000000000e+02
-9.612431335449218750e+01,-4.271553039550781250e+01,5.920000000000000000e+02
-9.564205169677734375e+01,-4.278768539428710938e+01,5.930000000000000000e+02
-9.515760803222656250e+01,-4.285984039306640625e+01,5.940000000000000000e+02
-9.467098999023437500e+01,-4.293199539184570312e+01,5.950000000000000000e+02
-9.418219757080078125e+01,-4.300414657592773438e+01,5.960000000000000000e+02
-9.369123077392578125e+01,-4.307630157470703125e+01,5.970000000000000000e+02
-9.319808959960937500e+01,-4.314845657348632812e+01,5.980000000000000000e+02
-9.270277404785156250e+01,-4.322061157226562500e+01,5.990000000000000000e+02
-9.205161285400390625e+01,-4.322061157226562500e+01,5.990000000000000000e+02
-9.155303955078125000e+01,-4.329276657104492188e+01,6.000000000000000000e+02
-9.105229187011718750e+01,-4.336492156982421875e+01,6.010000000000000000e+02
-9.039894866943359375e+01,-4.336492156982421875e+01,6.010000000000000000e+02
-8.974561309814453125e+01,-4.336492156982421875e+01,6.010000000000000000e+02
-8.924051666259765625e+01,-4.343707656860351562e+01,6.020000000000000000e+02
-8.858609008789062500e+01,-4.343707656860351562e+01,6.020000000000000000e+02
-8.793166351318359375e+01,-4.343707656860351562e+01,6.020000000000000000e+02
-8.742221832275390625e+01,-4.350923156738281250e+01,6.030000000000000000e+02
-8.691059875488281250e+01,-4.358138656616210938e+01,6.040000000000000000e+02
-8.625399780273437500e+01,-4.358138656616210938e+01,6.040000000000000000e+02
-8.573912048339843750e+01,-4.365354156494140625e+01,6.050000000000000000e+02
-8.508143615722656250e+01,-4.365354156494140625e+01,6.050000000000000000e+02
-8.456327819824218750e+01,-4.372569274902343750e+01,6.060000000000000000e+02
-1.780651855468750000e+02,-4.065037155151367188e+01,5.720000000000000000e+02
-1.771331787109375000e+02,-4.057930374145507812e+01,5.710000000000000000e+02
-1.765124359130859375e+02,-4.057930374145507812e+01,5.710000000000000000e+02
-1.755836791992187500e+02,-4.050823593139648438e+01,5.700000000000000000e+02
-1.749640350341796875e+02,-4.050823593139648438e+01,5.700000000000000000e+02
-1.740385284423828125e+02,-4.043716812133789062e+01,5.690000000000000000e+02
-1.734199829101562500e+02,-4.043716812133789062e+01,5.690000000000000000e+02
-1.724977416992187500e+02,-4.036610031127929688e+01,5.680000000000000000e+02
-1.718802642822265625e+02,-4.036610031127929688e+01,5.680000000000000000e+02
-1.712628173828125000e+02,-4.036610031127929688e+01,5.680000000000000000e+02
-1.706453399658203125e+02,-4.036610031127929688e+01,5.680000000000000000e+02
-1.697285461425781250e+02,-4.029503250122070312e+01,5.670000000000000000e+02
-1.691121520996093750e+02,-4.029503250122070312e+01,5.670000000000000000e+02
-1.684957885742187500e+02,-4.029503250122070312e+01,5.670000000000000000e+02
-1.678793945312500000e+02,-4.029503250122070312e+01,5.670000000000000000e+02
-1.675580291748046875e+02,-4.036610031127929688e+01,5.680000000000000000e+02
-1.669405517578125000e+02,-4.036610031127929688e+01,5.680000000000000000e+02
-1.663231048583984375e+02,-4.036610031127929688e+01,5.680000000000000000e+02
-1.657056274414062500e+02,-4.036610031127929688e+01,5.680000000000000000e+02
-1.650881500244140625e+02,-4.036610031127929688e+01,5.680000000000000000e+02
-1.647602691650390625e+02,-4.043716812133789062e+01,5.690000000000000000e+02
-1.641417083740234375e+02,-4.043716812133789062e+01,5.690000000000000000e+02
-1.635231628417968750e+02,-4.043716812133789062e+01,5.690000000000000000e+02
-1.629046020507812500e+02,-4.043716812133789062e+01,5.690000000000000000e+02
-1.625712738037109375e+02,-4.050823593139648438e+01,5.700000000000000000e+02
-1.619516296386718750e+02,-4.050823593139648438e+01,5.700000000000000000e+02
-1.613320007324218750e+02,-4.050823593139648438e+01,5.700000000000000000e+02
-1.607123413085937500e+02,-4.050823593139648438e+01,5.700000000000000000e+02
-1.600927124023437500e+02,-4.050823593139648438e+01,5.700000000000000000e+02
-1.594730682373046875e+02,-4.050823593139648438e+01,5.700000000000000000e+02
-1.591321258544921875e+02,-4.057930374145507812e+01,5.710000000000000000e+02
-1.585113983154296875e+02,-4.057930374145507812e+01,5.710000000000000000e+02
-1.581671905517578125e+02,-4.065037155151367188e+01,5.720000000000000000e+02
-1.578208007812500000e+02,-4.072143554687500000e+01,5.730000000000000000e+02
-1.571979217529296875e+02,-4.072143554687500000e+01,5.730000000000000000e+02
-1.568482666015625000e+02,-4.079250335693359375e+01,5.740000000000000000e+02
-1.562242889404296875e+02,-4.079250335693359375e+01,5.740000000000000000e+02
-1.556002960205078125e+02,-4.079250335693359375e+01,5.740000000000000000e+02
-1.549763183593750000e+02,-4.079250335693359375e+01,5.740000000000000000e+02
-1.546212158203125000e+02,-4.086357116699218750e+01,5.750000000000000000e+02
-1.539961547851562500e+02,-4.086357116699218750e+01,5.750000000000000000e+02
-1.533710784912109375e+02,-4.086357116699218750e+01,5.750000000000000000e+02
-1.527460174560546875e+02,-4.086357116699218750e+01,5.750000000000000000e+02
-1.521209259033203125e+02,-4.086357116699218750e+01,5.750000000000000000e+02
-1.517593383789062500e+02,-4.093463897705078125e+01,5.760000000000000000e+02
-1.511331634521484375e+02,-4.093463897705078125e+01,5.760000000000000000e+02
-1.505070190429687500e+02,-4.093463897705078125e+01,5.760000000000000000e+02
-1.498808441162109375e+02,-4.093463897705078125e+01,5.760000000000000000e+02
-1.492546997070312500e+02,-4.093463897705078125e+01,5.760000000000000000e+02
-1.483704833984375000e+02,-4.086357116699218750e+01,5.750000000000000000e+02
-1.477454071044921875e+02,-4.086357116699218750e+01,5.750000000000000000e+02
-1.471203460693359375e+02,-4.086357116699218750e+01,5.750000000000000000e+02
-1.464952545166015625e+02,-4.086357116699218750e+01,5.750000000000000000e+02
-1.456165008544921875e+02,-4.079250335693359375e+01,5.740000000000000000e+02
-1.449925079345703125e+02,-4.079250335693359375e+01,5.740000000000000000e+02
-1.443685302734375000e+02,-4.079250335693359375e+01,5.740000000000000000e+02
-1.437445373535156250e+02,-4.079250335693359375e+01,5.740000000000000000e+02
-1.431205596923828125e+02,-4.079250335693359375e+01,5.740000000000000000e+02
-1.424965667724609375e+02,-4.079250335693359375e+01,5.740000000000000000e+02
-1.418725891113281250e+02,-4.079250335693359375e+01,5.740000000000000000e+02
-1.412485961914062500e+02,-4.079250335693359375e+01,5.740000000000000000e+02
-1.406246185302734375e+02,-4.079250335693359375e+01,5.740000000000000000e+02
-1.400006256103515625e+02,-4.079250335693359375e+01,5.740000000000000000e+02
-1.396194610595703125e+02,-4.086357116699218750e+01,5.750000000000000000e+02
-1.389943847656250000e+02,-4.086357116699218750e+01,5.750000000000000000e+02
-1.383693084716796875e+02,-4.086357116699218750e+01,5.750000000000000000e+02
-1.379837799072265625e+02,-4.093463897705078125e+01,5.760000000000000000e+02
-1.373576202392578125e+02,-4.093463897705078125e+01,5.760000000000000000e+02
-1.369688415527343750e+02,-4.100570678710937500e+01,5.770000000000000000e+02
-1.363415985107421875e+02,-4.100570678710937500e+01,5.770000000000000000e+02
-1.357143554687500000e+02,-4.100570678710937500e+01,5.770000000000000000e+02
-1.353212127685546875e+02,-4.107677078247070312e+01,5.780000000000000000e+02
-1.346928863525390625e+02,-4.107677078247070312e+01,5.780000000000000000e+02
-1.340645446777343750e+02,-4.107677078247070312e+01,5.780000000000000000e+02
-1.332053527832031250e+02,-4.100570678710937500e+01,5.770000000000000000e+02
-1.325781097412109375e+02,-4.100570678710937500e+01,5.770000000000000000e+02
-1.319508666992187500e+02,-4.100570678710937500e+01,5.770000000000000000e+02
-1.313236083984375000e+02,-4.100570678710937500e+01,5.770000000000000000e+02
-1.306963653564453125e+02,-4.100570678710937500e+01,5.770000000000000000e+02
-1.300691223144531250e+02,-4.100570678710937500e+01,5.770000000000000000e+02
-1.292175292968750000e+02,-4.093463897705078125e+01,5.760000000000000000e+02
-1.285913696289062500e+02,-4.093463897705078125e+01,5.760000000000000000e+02
-1.279652099609375000e+02,-4.093463897705078125e+01,5.760000000000000000e+02
-1.273390502929687500e+02,-4.093463897705078125e+01,5.760000000000000000e+02
-1.267128906250000000e+02,-4.093463897705078125e+01,5.760000000000000000e+02
-1.260867309570312500e+02,-4.093463897705078125e+01,5.760000000000000000e+02
-1.252427597045898438e+02,-4.086357116699218750e+01,5.750000000000000000e+02
-1.248344116210937500e+02,-4.093463897705078125e+01,5.760000000000000000e+02
-1.242082519531250000e+02,-4.093463897705078125e+01,5.760000000000000000e+02
-1.235820922851562500e+02,-4.093463897705078125e+01,5.760000000000000000e+02
-1.229559326171875000e+02,-4.093463897705078125e+01,5.760000000000000000e+02
-1.225421447753906250e+02,-4.100570678710937500e+01,5.770000000000000000e+02
-1.219149017333984375e+02,-4.100570678710937500e+01,5.770000000000000000e+02
-1.212876510620117188e+02,-4.100570678710937500e+01,5.770000000000000000e+02
-1.206604003906250000e+02,-4.100570678710937500e+01,5.770000000000000000e+02
-1.200331573486328125e+02,-4.100570678710937500e+01,5.770000000000000000e+02
-1.194058990478515625e+02,-4.100570678710937500e+01,5.770000000000000000e+02
-1.187786483764648438e+02,-4.100570678710937500e+01,5.770000000000000000e+02
-1.181514053344726562e+02,-4.100570678710937500e+01,5.770000000000000000e+02
-1.175241546630859375e+02,-4.100570678710937500e+01,5.770000000000000000e+02
-1.168969116210937500e+02,-4.100570678710937500e+01,5.770000000000000000e+02
-1.164711685180664062e+02,-4.107677078247070312e+01,5.780000000000000000e+02
-1.158428344726562500e+02,-4.107677078247070312e+01,5.780000000000000000e+02
-1.152145004272460938e+02,-4.107677078247070312e+01,5.780000000000000000e+02
-1.147844085693359375e+02,-4.114783859252929688e+01,5.790000000000000000e+02
-1.141549911499023438e+02,-4.114783859252929688e+01,5.790000000000000000e+02
-1.135255661010742188e+02,-4.114783859252929688e+01,5.790000000000000000e+02
-1.130911254882812500e+02,-4.121890640258789062e+01,5.800000000000000000e+02
-1.124606170654296875e+02,-4.121890640258789062e+01,5.800000000000000000e+02
-1.120229187011718750e+02,-4.128997421264648438e+01,5.810000000000000000e+02
-1.113913269042968750e+02,-4.128997421264648438e+01,5.810000000000000000e+02
-1.107597274780273438e+02,-4.128997421264648438e+01,5.810000000000000000e+02
-1.101281356811523438e+02,-4.128997421264648438e+01,5.810000000000000000e+02
-1.096849975585937500e+02,-4.136104202270507812e+01,5.820000000000000000e+02
-1.090523147583007812e+02,-4.136104202270507812e+01,5.820000000000000000e+02
-1.084196319580078125e+02,-4.136104202270507812e+01,5.820000000000000000e+02
-1.077869491577148438e+02,-4.136104202270507812e+01,5.820000000000000000e+02
-1.073383789062500000e+02,-4.143210601806640625e+01,5.830000000000000000e+02
-1.067046127319335938e+02,-4.143210601806640625e+01,5.830000000000000000e+02
-1.060708389282226562e+02,-4.143210601806640625e+01,5.830000000000000000e+02
-1.054370727539062500e+02,-4.143210601806640625e+01,5.830000000000000000e+02
-1.049830627441406250e+02,-4.150317382812500000e+01,5.840000000000000000e+02
-1.043482055664062500e+02,-4.150317382812500000e+01,5.840000000000000000e+02
-1.037133483886718750e+02,-4.150317382812500000e+01,5.840000000000000000e+02
-1.030784912109375000e+02,-4.150317382812500000e+01,5.840000000000000000e+02
-1.026190567016601562e+02,-4.157424163818359375e+01,5.850000000000000000e+02
-1.019831085205078125e+02,-4.157424163818359375e+01,5.850000000000000000e+02
-1.013471527099609375e+02,-4.157424163818359375e+01,5.850000000000000000e+02
-1.008833694458007812e+02,-4.164530944824218750e+01,5.860000000000000000e+02
-1.002463378906250000e+02,-4.164530944824218750e+01,5.860000000000000000e+02
-9.977928924560546875e+01,-4.171637725830078125e+01,5.870000000000000000e+02
-9.931005859375000000e+01,-4.178744125366210938e+01,5.880000000000000000e+02
-9.883866119384765625e+01,-4.185850906372070312e+01,5.890000000000000000e+02
-9.836508941650390625e+01,-4.192957687377929688e+01,5.900000000000000000e+02
-9.788934326171875000e+01,-4.200064468383789062e+01,5.910000000000000000e+02
-9.741142272949218750e+01,-4.207171249389648438e+01,5.920000000000000000e+02
-9.693132781982421875e+01,-4.214277648925781250e+01,5.930000000000000000e+02
-9.644905853271484375e+01,-4.221384429931640625e+01,5.940000000000000000e+02
-9.596461486816406250e+01,-4.228491210937500000e+01,5.950000000000000000e+02
-9.547800445556640625e+01,-4.235597991943359375e+01,5.960000000000000000e+02
-9.498921203613281250e+01,-4.242704772949218750e+01,5.970000000000000000e+02
-9.465626525878906250e+01,-4.256917953491210938e+01,5.990000000000000000e+02
-9.416204071044921875e+01,-4.264024734497070312e+01,6.000000000000000000e+02
-9.350978851318359375e+01,-4.264024734497070312e+01,6.000000000000000000e+02
-9.301229858398437500e+01,-4.271131515502929688e+01,6.010000000000000000e+02
-9.251264190673828125e+01,-4.278238296508789062e+01,6.020000000000000000e+02
-9.185821533203125000e+01,-4.278238296508789062e+01,6.020000000000000000e+02
-9.135529327392578125e+01,-4.285345077514648438e+01,6.030000000000000000e+02
-9.069978332519531250e+01,-4.285345077514648438e+01,6.030000000000000000e+02
-9.004426574707031250e+01,-4.285345077514648438e+01,6.030000000000000000e+02
-8.953699493408203125e+01,-4.292451477050781250e+01,6.040000000000000000e+02
-8.888039398193359375e+01,-4.292451477050781250e+01,6.040000000000000000e+02
-8.822380065917968750e+01,-4.292451477050781250e+01,6.040000000000000000e+02
-8.771218109130859375e+01,-4.299558258056640625e+01,6.050000000000000000e+02
-1.780651855468750000e+02,-4.002830123901367188e+01,5.720000000000000000e+02
-1.771331787109375000e+02,-3.995832061767578125e+01,5.710000000000000000e+02
-1.765124359130859375e+02,-3.995832061767578125e+01,5.710000000000000000e+02
-1.755836791992187500e+02,-3.988834381103515625e+01,5.700000000000000000e+02
-1.749640350341796875e+02,-3.988834381103515625e+01,5.700000000000000000e+02
-1.743444061279296875e+02,-3.988834381103515625e+01,5.700000000000000000e+02
-1.734199829101562500e+02,-3.981836318969726562e+01,5.690000000000000000e+02
-1.728014373779296875e+02,-3.981836318969726562e+01,5.690000000000000000e+02
-1.718802642822265625e+02,-3.974838256835937500e+01,5.680000000000000000e+02
-1.712628173828125000e+02,-3.974838256835937500e+01,5.680000000000000000e+02
-1.706453399658203125e+02,-3.974838256835937500e+01,5.680000000000000000e+02
-1.700278778076171875e+02,-3.974838256835937500e+01,5.680000000000000000e+02
-1.691121520996093750e+02,-3.967840576171875000e+01,5.670000000000000000e+02
-1.684957885742187500e+02,-3.967840576171875000e+01,5.670000000000000000e+02
-1.678793945312500000e+02,-3.967840576171875000e+01,5.670000000000000000e+02
-1.672630310058593750e+02,-3.967840576171875000e+01,5.670000000000000000e+02
-1.669405517578125000e+02,-3.974838256835937500e+01,5.680000000000000000e+02
-1.663231048583984375e+02,-3.974838256835937500e+01,5.680000000000000000e+02
-1.657056274414062500e+02,-3.974838256835937500e+01,5.680000000000000000e+02
-1.653787994384765625e+02,-3.981836318969726562e+01,5.690000000000000000e+02
-1.647602691650390625e+02,-3.981836318969726562e+01,5.690000000000000000e+02
-1.641417083740234375e+02,-3.981836318969726562e+01,5.690000000000000000e+02
-1.638105468750000000e+02,-3.988834381103515625e+01,5.700000000000000000e+02
-1.631909027099609375e+02,-3.988834381103515625e+01,5.700000000000000000e+02
-1.625712738037109375e+02,-3.988834381103515625e+01,5.700000000000000000e+02
-1.619516296386718750e+02,-3.988834381103515625e+01,5.700000000000000000e+02
-1.613320007324218750e+02,-3.988834381103515625e+01,5.700000000000000000e+02
-1.609942932128906250e+02,-3.995832061767578125e+01,5.710000000000000000e+02
-1.603735809326171875e+02,-3.995832061767578125e+01,5.710000000000000000e+02
-1.600326232910156250e+02,-4.002830123901367188e+01,5.720000000000000000e+02
-1.594108276367187500e+02,-4.002830123901367188e+01,5.720000000000000000e+02
-1.587890014648437500e+02,-4.002830123901367188e+01,5.720000000000000000e+02
-1.584437103271484375e+02,-4.009828186035156250e+01,5.730000000000000000e+02
-1.578208007812500000e+02,-4.009828186035156250e+01,5.730000000000000000e+02
-1.574722595214843750e+02,-4.016826248168945312e+01,5.740000000000000000e+02
-1.568482666015625000e+02,-4.016826248168945312e+01,5.740000000000000000e+02
-1.562242889404296875e+02,-4.016826248168945312e+01,5.740000000000000000e+02
-0.000000000000000000e+00,-0.000000000000000000e+00,0.000000000000000000e+00
-1.549763183593750000e+02,-4.016826248168945312e+01,5.740000000000000000e+02
-1.546212158203125000e+02,-4.023823928833007812e+01,5.750000000000000000e+02
-1.539961547851562500e+02,-4.023823928833007812e+01,5.750000000000000000e+02
-1.533710784912109375e+02,-4.023823928833007812e+01,5.750000000000000000e+02
-1.530116577148437500e+02,-4.030821990966796875e+01,5.760000000000000000e+02
-1.523854827880859375e+02,-4.030821990966796875e+01,5.760000000000000000e+02
-1.517593383789062500e+02,-4.030821990966796875e+01,5.760000000000000000e+02
-1.511331634521484375e+02,-4.030821990966796875e+01,5.760000000000000000e+02
-1.505070190429687500e+02,-4.030821990966796875e+01,5.760000000000000000e+02
-1.498808441162109375e+02,-4.030821990966796875e+01,5.760000000000000000e+02
-1.492546997070312500e+02,-4.030821990966796875e+01,5.760000000000000000e+02
-1.486285247802734375e+02,-4.030821990966796875e+01,5.760000000000000000e+02
-1.480023498535156250e+02,-4.030821990966796875e+01,5.760000000000000000e+02
-1.471203460693359375e+02,-4.023823928833007812e+01,5.750000000000000000e+02
-1.464952545166015625e+02,-4.023823928833007812e+01,5.750000000000000000e+02
-1.458701934814453125e+02,-4.023823928833007812e+01,5.750000000000000000e+02
-1.452451171875000000e+02,-4.023823928833007812e+01,5.750000000000000000e+02
-1.443685302734375000e+02,-4.016826248168945312e+01,5.740000000000000000e+02
-1.437445373535156250e+02,-4.016826248168945312e+01,5.740000000000000000e+02
-1.431205596923828125e+02,-4.016826248168945312e+01,5.740000000000000000e+02
-1.424965667724609375e+02,-4.016826248168945312e+01,5.740000000000000000e+02
-1.421197509765625000e+02,-4.023823928833007812e+01,5.750000000000000000e+02
-1.414946746826171875e+02,-4.023823928833007812e+01,5.750000000000000000e+02
-1.408695983886718750e+02,-4.023823928833007812e+01,5.750000000000000000e+02
-1.402445373535156250e+02,-4.023823928833007812e+01,5.750000000000000000e+02
-1.396194610595703125e+02,-4.023823928833007812e+01,5.750000000000000000e+02
-1.389943847656250000e+02,-4.023823928833007812e+01,5.750000000000000000e+02
-1.386099395751953125e+02,-4.030821990966796875e+01,5.760000000000000000e+02
-1.379837799072265625e+02,-4.030821990966796875e+01,5.760000000000000000e+02
-1.373576202392578125e+02,-4.030821990966796875e+01,5.760000000000000000e+02
-1.369688415527343750e+02,-4.037820053100585938e+01,5.770000000000000000e+02
-1.363415985107421875e+02,-4.037820053100585938e+01,5.770000000000000000e+02
-1.359495544433593750e+02,-4.044817733764648438e+01,5.780000000000000000e+02
-1.353212127685546875e+02,-4.044817733764648438e+01,5.780000000000000000e+02
-1.346928863525390625e+02,-4.044817733764648438e+01,5.780000000000000000e+02
-1.340645446777343750e+02,-4.044817733764648438e+01,5.780000000000000000e+02
-1.334362182617187500e+02,-4.044817733764648438e+01,5.780000000000000000e+02
-1.328078765869140625e+02,-4.044817733764648438e+01,5.780000000000000000e+02
-1.321795501708984375e+02,-4.044817733764648438e+01,5.780000000000000000e+02
-1.315512084960937500e+02,-4.044817733764648438e+01,5.780000000000000000e+02
-1.309228820800781250e+02,-4.044817733764648438e+01,5.780000000000000000e+02
-1.300691223144531250e+02,-4.037820053100585938e+01,5.770000000000000000e+02
-1.294418640136718750e+02,-4.037820053100585938e+01,5.770000000000000000e+02
-1.288146209716796875e+02,-4.037820053100585938e+01,5.770000000000000000e+02
-1.281873779296875000e+02,-4.037820053100585938e+01,5.770000000000000000e+02
-1.275601272583007812e+02,-4.037820053100585938e+01,5.770000000000000000e+02
-1.269328765869140625e+02,-4.037820053100585938e+01,5.770000000000000000e+02
-1.263056335449218750e+02,-4.037820053100585938e+01,5.770000000000000000e+02
-1.254605712890625000e+02,-4.030821990966796875e+01,5.760000000000000000e+02
-1.250511398315429688e+02,-4.037820053100585938e+01,5.770000000000000000e+02
-1.244238891601562500e+02,-4.037820053100585938e+01,5.770000000000000000e+02
-1.237966384887695312e+02,-4.037820053100585938e+01,5.770000000000000000e+02
-1.231693954467773438e+02,-4.037820053100585938e+01,5.770000000000000000e+02
-1.225421447753906250e+02,-4.037820053100585938e+01,5.770000000000000000e+02
-1.219149017333984375e+02,-4.037820053100585938e+01,5.770000000000000000e+02
-1.212876510620117188e+02,-4.037820053100585938e+01,5.770000000000000000e+02
-1.206604003906250000e+02,-4.037820053100585938e+01,5.770000000000000000e+02
-1.202411880493164062e+02,-4.044817733764648438e+01,5.780000000000000000e+02
-1.194058990478515625e+02,-4.037820053100585938e+01,5.770000000000000000e+02
-1.187786483764648438e+02,-4.037820053100585938e+01,5.770000000000000000e+02
-1.181514053344726562e+02,-4.037820053100585938e+01,5.770000000000000000e+02
-1.177278366088867188e+02,-4.044817733764648438e+01,5.780000000000000000e+02
-1.170995025634765625e+02,-4.044817733764648438e+01,5.780000000000000000e+02
-1.164711685180664062e+02,-4.044817733764648438e+01,5.780000000000000000e+02
-1.158428344726562500e+02,-4.044817733764648438e+01,5.780000000000000000e+02
-1.154138336181640625e+02,-4.051815795898437500e+01,5.790000000000000000e+02
-1.147844085693359375e+02,-4.051815795898437500e+01,5.790000000000000000e+02
-1.141549911499023438e+02,-4.051815795898437500e+01,5.790000000000000000e+02
-1.135255661010742188e+02,-4.051815795898437500e+01,5.790000000000000000e+02
-1.130911254882812500e+02,-4.058813858032226562e+01,5.800000000000000000e+02
-1.124606170654296875e+02,-4.058813858032226562e+01,5.800000000000000000e+02
-1.120229187011718750e+02,-4.065811920166015625e+01,5.810000000000000000e+02
-1.113913269042968750e+02,-4.065811920166015625e+01,5.810000000000000000e+02
-1.107597274780273438e+02,-4.065811920166015625e+01,5.810000000000000000e+02
-1.103176803588867188e+02,-4.072809600830078125e+01,5.820000000000000000e+02
-1.096849975585937500e+02,-4.072809600830078125e+01,5.820000000000000000e+02
-1.090523147583007812e+02,-4.072809600830078125e+01,5.820000000000000000e+02
-1.084196319580078125e+02,-4.072809600830078125e+01,5.820000000000000000e+02
-1.079721527099609375e+02,-4.079807662963867188e+01,5.830000000000000000e+02
-1.073383789062500000e+02,-4.079807662963867188e+01,5.830000000000000000e+02
-1.067046127319335938e+02,-4.079807662963867188e+01,5.830000000000000000e+02
-1.062527770996093750e+02,-4.086805725097656250e+01,5.840000000000000000e+02
-1.056179199218750000e+02,-4.086805725097656250e+01,5.840000000000000000e+02
-1.049830627441406250e+02,-4.086805725097656250e+01,5.840000000000000000e+02
-1.043482055664062500e+02,-4.086805725097656250e+01,5.840000000000000000e+02
-1.037133483886718750e+02,-4.086805725097656250e+01,5.840000000000000000e+02
-1.032549972534179688e+02,-4.093803405761718750e+01,5.850000000000000000e+02
-1.027944717407226562e+02,-4.100801467895507812e+01,5.860000000000000000e+02
-1.021574401855468750e+02,-4.100801467895507812e+01,5.860000000000000000e+02
-1.016936416625976562e+02,-4.107799530029296875e+01,5.870000000000000000e+02
-1.012276763916015625e+02,-4.114797592163085938e+01,5.880000000000000000e+02
-1.005884704589843750e+02,-4.114797592163085938e+01,5.880000000000000000e+02
-1.001192474365234375e+02,-4.121795272827148438e+01,5.890000000000000000e+02
-9.964785003662109375e+01,-4.128793334960937500e+01,5.900000000000000000e+02
-9.917427825927734375e+01,-4.135791397094726562e+01,5.910000000000000000e+02
-9.869853210449218750e+01,-4.142789459228515625e+01,5.920000000000000000e+02
-9.822061157226562500e+01,-4.149787139892578125e+01,5.930000000000000000e+02
-9.774051666259765625e+01,-4.156785202026367188e+01,5.940000000000000000e+02
-9.725824737548828125e+01,-4.163783264160156250e+01,5.950000000000000000e+02
-9.677380371093750000e+01,-4.170780944824218750e+01,5.960000000000000000e+02
-9.628718566894531250e+01,-4.177779006958007812e+01,5.970000000000000000e+02
-9.579839324951171875e+01,-4.184777069091796875e+01,5.980000000000000000e+02
-9.546654510498046875e+01,-4.198772811889648438e+01,6.000000000000000000e+02
-9.497231292724609375e+01,-4.205770874023437500e+01,6.010000000000000000e+02
-9.447591400146484375e+01,-4.212768936157226562e+01,6.020000000000000000e+02
-9.382148742675781250e+01,-4.212768936157226562e+01,6.020000000000000000e+02
-9.332183074951171875e+01,-4.219766616821289062e+01,6.030000000000000000e+02
-9.281999206542968750e+01,-4.226764678955078125e+01,6.040000000000000000e+02
-9.216339111328125000e+01,-4.226764678955078125e+01,6.040000000000000000e+02
-9.150679016113281250e+01,-4.226764678955078125e+01,6.040000000000000000e+02
-1.780651855468750000e+02,-3.940623092651367188e+01,5.720000000000000000e+02
-1.774433898925781250e+02,-3.940623092651367188e+01,5.720000000000000000e+02
-1.765124359130859375e+02,-3.933733749389648438e+01,5.710000000000000000e+02
-1.755836791992187500e+02,-3.926844406127929688e+01,5.700000000000000000e+02
-1.749640350341796875e+02,-3.926844406127929688e+01,5.700000000000000000e+02
-1.743444061279296875e+02,-3.926844406127929688e+01,5.700000000000000000e+02
-1.734199829101562500e+02,-3.919955444335937500e+01,5.690000000000000000e+02
-1.728014373779296875e+02,-3.919955444335937500e+01,5.690000000000000000e+02
-1.718802642822265625e+02,-3.913066101074218750e+01,5.680000000000000000e+02
-1.712628173828125000e+02,-3.913066101074218750e+01,5.680000000000000000e+02
-1.706453399658203125e+02,-3.913066101074218750e+01,5.680000000000000000e+02
-1.700278778076171875e+02,-3.913066101074218750e+01,5.680000000000000000e+02
-1.694104156494140625e+02,-3.913066101074218750e+01,5.680000000000000000e+02
-1.684957885742187500e+02,-3.906176757812500000e+01,5.670000000000000000e+02
-1.681754913330078125e+02,-3.913066101074218750e+01,5.680000000000000000e+02
-1.675580291748046875e+02,-3.913066101074218750e+01,5.680000000000000000e+02
-1.669405517578125000e+02,-3.913066101074218750e+01,5.680000000000000000e+02
-1.663231048583984375e+02,-3.913066101074218750e+01,5.680000000000000000e+02
-1.657056274414062500e+02,-3.913066101074218750e+01,5.680000000000000000e+02
-1.653787994384765625e+02,-3.919955444335937500e+01,5.690000000000000000e+02
-1.647602691650390625e+02,-3.919955444335937500e+01,5.690000000000000000e+02
-1.641417083740234375e+02,-3.919955444335937500e+01,5.690000000000000000e+02
-1.638105468750000000e+02,-3.926844406127929688e+01,5.700000000000000000e+02
-1.631909027099609375e+02,-3.926844406127929688e+01,5.700000000000000000e+02
-1.625712738037109375e+02,-3.926844406127929688e+01,5.700000000000000000e+02
-1.622357482910156250e+02,-3.933733749389648438e+01,5.710000000000000000e+02
-1.616150360107421875e+02,-3.933733749389648438e+01,5.710000000000000000e+02
-1.612762451171875000e+02,-3.940623092651367188e+01,5.720000000000000000e+02
-1.606544494628906250e+02,-3.940623092651367188e+01,5.720000000000000000e+02
-1.600326232910156250e+02,-3.940623092651367188e+01,5.720000000000000000e+02
-1.596895141601562500e+02,-3.947512054443359375e+01,5.730000000000000000e+02
-1.590666046142578125e+02,-3.947512054443359375e+01,5.730000000000000000e+02
-1.584437103271484375e+02,-3.947512054443359375e+01,5.730000000000000000e+02
-1.578208007812500000e+02,-3.947512054443359375e+01,5.730000000000000000e+02
-1.574722595214843750e+02,-3.954401397705078125e+01,5.740000000000000000e+02
-1.568482666015625000e+02,-3.954401397705078125e+01,5.740000000000000000e+02
-1.562242889404296875e+02,-3.954401397705078125e+01,5.740000000000000000e+02
-1.558713684082031250e+02,-3.961290359497070312e+01,5.750000000000000000e+02
-1.552463073730468750e+02,-3.961290359497070312e+01,5.750000000000000000e+02
-1.546212158203125000e+02,-3.961290359497070312e+01,5.750000000000000000e+02
-1.539961547851562500e+02,-3.961290359497070312e+01,5.750000000000000000e+02
-1.533710784912109375e+02,-3.961290359497070312e+01,5.750000000000000000e+02
-1.530116577148437500e+02,-3.968179702758789062e+01,5.760000000000000000e+02
-1.523854827880859375e+02,-3.968179702758789062e+01,5.760000000000000000e+02
-1.517593383789062500e+02,-3.968179702758789062e+01,5.760000000000000000e+02
-1.511331634521484375e+02,-3.968179702758789062e+01,5.760000000000000000e+02
-1.505070190429687500e+02,-3.968179702758789062e+01,5.760000000000000000e+02
-1.498808441162109375e+02,-3.968179702758789062e+01,5.760000000000000000e+02
-1.492546997070312500e+02,-3.968179702758789062e+01,5.760000000000000000e+02
-1.486285247802734375e+02,-3.968179702758789062e+01,5.760000000000000000e+02
-1.480023498535156250e+02,-3.968179702758789062e+01,5.760000000000000000e+02
-1.473762054443359375e+02,-3.968179702758789062e+01,5.760000000000000000e+02
-1.464952545166015625e+02,-3.961290359497070312e+01,5.750000000000000000e+02
-1.458701934814453125e+02,-3.961290359497070312e+01,5.750000000000000000e+02
-1.452451171875000000e+02,-3.961290359497070312e+01,5.750000000000000000e+02
-1.446200408935546875e+02,-3.961290359497070312e+01,5.750000000000000000e+02
-1.439949645996093750e+02,-3.961290359497070312e+01,5.750000000000000000e+02
-1.433699035644531250e+02,-3.961290359497070312e+01,5.750000000000000000e+02
-1.427448272705078125e+02,-3.961290359497070312e+01,5.750000000000000000e+02
-1.421197509765625000e+02,-3.961290359497070312e+01,5.750000000000000000e+02
-1.414946746826171875e+02,-3.961290359497070312e+01,5.750000000000000000e+02
-1.408695983886718750e+02,-3.961290359497070312e+01,5.750000000000000000e+02
-1.402445373535156250e+02,-3.961290359497070312e+01,5.750000000000000000e+02
-1.396194610595703125e+02,-3.961290359497070312e+01,5.750000000000000000e+02
-1.389943847656250000e+02,-3.961290359497070312e+01,5.750000000000000000e+02
-1.386099395751953125e+02,-3.968179702758789062e+01,5.760000000000000000e+02
-1.379837799072265625e+02,-3.968179702758789062e+01,5.760000000000000000e+02
-1.373576202392578125e+02,-3.968179702758789062e+01,5.760000000000000000e+02
-1.369688415527343750e+02,-3.975069046020507812e+01,5.770000000000000000e+02
-1.365778961181640625e+02,-3.981958007812500000e+01,5.780000000000000000e+02
-1.359495544433593750e+02,-3.981958007812500000e+01,5.780000000000000000e+02
-1.353212127685546875e+02,-3.981958007812500000e+01,5.780000000000000000e+02
-1.346928863525390625e+02,-3.981958007812500000e+01,5.780000000000000000e+02
-1.340645446777343750e+02,-3.981958007812500000e+01,5.780000000000000000e+02
-1.334362182617187500e+02,-3.981958007812500000e+01,5.780000000000000000e+02
-1.328078765869140625e+02,-3.981958007812500000e+01,5.780000000000000000e+02
-1.321795501708984375e+02,-3.981958007812500000e+01,5.780000000000000000e+02
-1.315512084960937500e+02,-3.981958007812500000e+01,5.780000000000000000e+02
-1.309228820800781250e+02,-3.981958007812500000e+01,5.780000000000000000e+02
-1.302945404052734375e+02,-3.981958007812500000e+01,5.780000000000000000e+02
-1.296662139892578125e+02,-3.981958007812500000e+01,5.780000000000000000e+02
-1.288146209716796875e+02,-3.975069046020507812e+01,5.770000000000000000e+02
-1.281873779296875000e+02,-3.975069046020507812e+01,5.770000000000000000e+02
-1.275601272583007812e+02,-3.975069046020507812e+01,5.770000000000000000e+02
-1.269328765869140625e+02,-3.975069046020507812e+01,5.770000000000000000e+02
-1.263056335449218750e+02,-3.975069046020507812e+01,5.770000000000000000e+02
-1.256783828735351562e+02,-3.975069046020507812e+01,5.770000000000000000e+02
-1.250511398315429688e+02,-3.975069046020507812e+01,5.770000000000000000e+02
-1.244238891601562500e+02,-3.975069046020507812e+01,5.770000000000000000e+02
-1.237966384887695312e+02,-3.975069046020507812e+01,5.770000000000000000e+02
-1.233828582763671875e+02,-3.981958007812500000e+01,5.780000000000000000e+02
-1.227545242309570312e+02,-3.981958007812500000e+01,5.780000000000000000e+02
-1.221261901855468750e+02,-3.981958007812500000e+01,5.780000000000000000e+02
-1.214978561401367188e+02,-3.981958007812500000e+01,5.780000000000000000e+02
-1.208695220947265625e+02,-3.981958007812500000e+01,5.780000000000000000e+02
-1.202411880493164062e+02,-3.981958007812500000e+01,5.780000000000000000e+02
-1.196128387451171875e+02,-3.981958007812500000e+01,5.780000000000000000e+02
-1.189845046997070312e+02,-3.981958007812500000e+01,5.780000000000000000e+02
-1.183561706542968750e+02,-3.981958007812500000e+01,5.780000000000000000e+02
-1.177278366088867188e+02,-3.981958007812500000e+01,5.780000000000000000e+02
-1.170995025634765625e+02,-3.981958007812500000e+01,5.780000000000000000e+02
-1.164711685180664062e+02,-3.981958007812500000e+01,5.780000000000000000e+02
-1.160432510375976562e+02,-3.988847351074218750e+01,5.790000000000000000e+02
-1.154138336181640625e+02,-3.988847351074218750e+01,5.790000000000000000e+02
-1.147844085693359375e+02,-3.988847351074218750e+01,5.790000000000000000e+02
-1.141549911499023438e+02,-3.988847351074218750e+01,5.790000000000000000e+02
-1.137216339111328125e+02,-3.995736694335937500e+01,5.800000000000000000e+02
-1.130911254882812500e+02,-3.995736694335937500e+01,5.800000000000000000e+02
-1.126545181274414062e+02,-4.002625656127929688e+01,5.810000000000000000e+02
-1.120229187011718750e+02,-4.002625656127929688e+01,5.810000000000000000e+02
-1.113913269042968750e+02,-4.002625656127929688e+01,5.810000000000000000e+02
-1.109503631591796875e+02,-4.009514999389648438e+01,5.820000000000000000e+02
-1.103176803588867188e+02,-4.009514999389648438e+01,5.820000000000000000e+02
-1.096849975585937500e+02,-4.009514999389648438e+01,5.820000000000000000e+02
-1.092396926879882812e+02,-4.016404342651367188e+01,5.830000000000000000e+02
-1.086059188842773438e+02,-4.016404342651367188e+01,5.830000000000000000e+02
-1.079721527099609375e+02,-4.016404342651367188e+01,5.830000000000000000e+02
-1.075224914550781250e+02,-4.023293304443359375e+01,5.840000000000000000e+02
-1.068876342773437500e+02,-4.023293304443359375e+01,5.840000000000000000e+02
-1.064347229003906250e+02,-4.030182647705078125e+01,5.850000000000000000e+02
-1.057987747192382812e+02,-4.030182647705078125e+01,5.850000000000000000e+02
-1.053425979614257812e+02,-4.037071609497070312e+01,5.860000000000000000e+02
-1.047055664062500000e+02,-4.037071609497070312e+01,5.860000000000000000e+02
-1.042461242675781250e+02,-4.043960952758789062e+01,5.870000000000000000e+02
-1.036080093383789062e+02,-4.043960952758789062e+01,5.870000000000000000e+02
-1.031453018188476562e+02,-4.050850296020507812e+01,5.880000000000000000e+02
-1.025060958862304688e+02,-4.050850296020507812e+01,5.880000000000000000e+02
-1.020401306152343750e+02,-4.057739257812500000e+01,5.890000000000000000e+02
-1.015719909667968750e+02,-4.064628601074218750e+01,5.900000000000000000e+02
-1.011016769409179688e+02,-4.071517944335937500e+01,5.910000000000000000e+02
-1.004592132568359375e+02,-4.071517944335937500e+01,5.910000000000000000e+02
-9.998564147949218750e+01,-4.078406906127929688e+01,5.920000000000000000e+02
-9.950989532470703125e+01,-4.085296249389648438e+01,5.930000000000000000e+02
-9.919869232177734375e+01,-4.099074554443359375e+01,5.950000000000000000e+02
-9.855187988281250000e+01,-4.099074554443359375e+01,5.950000000000000000e+02
-9.806961059570312500e+01,-4.105963897705078125e+01,5.960000000000000000e+02
-9.758516693115234375e+01,-4.112852859497070312e+01,5.970000000000000000e+02
-9.709854888916015625e+01,-4.119742202758789062e+01,5.980000000000000000e+02
-9.660975646972656250e+01,-4.126631546020507812e+01,5.990000000000000000e+02
-9.627899169921875000e+01,-4.140409851074218750e+01,6.010000000000000000e+02
-9.578476715087890625e+01,-4.147298812866210938e+01,6.020000000000000000e+02
-9.528836059570312500e+01,-4.154188156127929688e+01,6.030000000000000000e+02
-9.478978729248046875e+01,-4.161077499389648438e+01,6.040000000000000000e+02
-9.413318634033203125e+01,-4.161077499389648438e+01,6.040000000000000000e+02
-9.363135528564453125e+01,-4.167966461181640625e+01,6.050000000000000000e+02
-1.783764953613281250e+02,-3.885196685791015625e+01,5.730000000000000000e+02
-1.774433898925781250e+02,-3.878416061401367188e+01,5.720000000000000000e+02
-1.765124359130859375e+02,-3.871635818481445312e+01,5.710000000000000000e+02
-1.758917236328125000e+02,-3.871635818481445312e+01,5.710000000000000000e+02
-1.749640350341796875e+02,-3.864855194091796875e+01,5.700000000000000000e+02
-1.743444061279296875e+02,-3.864855194091796875e+01,5.700000000000000000e+02
-1.734199829101562500e+02,-3.858074951171875000e+01,5.690000000000000000e+02
-1.728014373779296875e+02,-3.858074951171875000e+01,5.690000000000000000e+02
-1.721828765869140625e+02,-3.858074951171875000e+01,5.690000000000000000e+02
-1.712628173828125000e+02,-3.851294326782226562e+01,5.680000000000000000e+02
-1.706453399658203125e+02,-3.851294326782226562e+01,5.680000000000000000e+02
-1.700278778076171875e+02,-3.851294326782226562e+01,5.680000000000000000e+02
-1.694104156494140625e+02,-3.851294326782226562e+01,5.680000000000000000e+02
-1.687929534912109375e+02,-3.851294326782226562e+01,5.680000000000000000e+02
-1.681754913330078125e+02,-3.851294326782226562e+01,5.680000000000000000e+02
-1.675580291748046875e+02,-3.851294326782226562e+01,5.680000000000000000e+02
-1.669405517578125000e+02,-3.851294326782226562e+01,5.680000000000000000e+02
-1.663231048583984375e+02,-3.851294326782226562e+01,5.680000000000000000e+02
-1.657056274414062500e+02,-3.851294326782226562e+01,5.680000000000000000e+02
-1.650881500244140625e+02,-3.851294326782226562e+01,5.680000000000000000e+02
-1.647602691650390625e+02,-3.858074951171875000e+01,5.690000000000000000e+02
-1.641417083740234375e+02,-3.858074951171875000e+01,5.690000000000000000e+02
-1.638105468750000000e+02,-3.864855194091796875e+01,5.700000000000000000e+02
-1.631909027099609375e+02,-3.864855194091796875e+01,5.700000000000000000e+02
-1.625712738037109375e+02,-3.864855194091796875e+01,5.700000000000000000e+02
-1.622357482910156250e+02,-3.871635818481445312e+01,5.710000000000000000e+02
-1.616150360107421875e+02,-3.871635818481445312e+01,5.710000000000000000e+02
-1.612762451171875000e+02,-3.878416061401367188e+01,5.720000000000000000e+02
-1.606544494628906250e+02,-3.878416061401367188e+01,5.720000000000000000e+02
-1.603124084472656250e+02,-3.885196685791015625e+01,5.730000000000000000e+02
-1.596895141601562500e+02,-3.885196685791015625e+01,5.730000000000000000e+02
-1.590666046142578125e+02,-3.885196685791015625e+01,5.730000000000000000e+02
-1.584437103271484375e+02,-3.885196685791015625e+01,5.730000000000000000e+02
-1.580962371826171875e+02,-3.891976928710937500e+01,5.740000000000000000e+02
-1.574722595214843750e+02,-3.891976928710937500e+01,5.740000000000000000e+02
-1.568482666015625000e+02,-3.891976928710937500e+01,5.740000000000000000e+02
-1.562242889404296875e+02,-3.891976928710937500e+01,5.740000000000000000e+02
-1.556002960205078125e+02,-3.891976928710937500e+01,5.740000000000000000e+02
-1.552463073730468750e+02,-3.898757553100585938e+01,5.750000000000000000e+02
-1.546212158203125000e+02,-3.898757553100585938e+01,5.750000000000000000e+02
-1.539961547851562500e+02,-3.898757553100585938e+01,5.750000000000000000e+02
-1.536378021240234375e+02,-3.905537796020507812e+01,5.760000000000000000e+02
-1.530116577148437500e+02,-3.905537796020507812e+01,5.760000000000000000e+02
-1.523854827880859375e+02,-3.905537796020507812e+01,5.760000000000000000e+02
-1.517593383789062500e+02,-3.905537796020507812e+01,5.760000000000000000e+02
-1.511331634521484375e+02,-3.905537796020507812e+01,5.760000000000000000e+02
-1.507683105468750000e+02,-3.912318420410156250e+01,5.770000000000000000e+02
-1.498808441162109375e+02,-3.905537796020507812e+01,5.760000000000000000e+02
-1.492546997070312500e+02,-3.905537796020507812e+01,5.760000000000000000e+02
-1.486285247802734375e+02,-3.905537796020507812e+01,5.760000000000000000e+02
-1.480023498535156250e+02,-3.905537796020507812e+01,5.760000000000000000e+02
-1.473762054443359375e+02,-3.905537796020507812e+01,5.760000000000000000e+02
-1.467500305175781250e+02,-3.905537796020507812e+01,5.760000000000000000e+02
-1.461238861083984375e+02,-3.905537796020507812e+01,5.760000000000000000e+02
-1.452451171875000000e+02,-3.898757553100585938e+01,5.750000000000000000e+02
-1.446200408935546875e+02,-3.898757553100585938e+01,5.750000000000000000e+02
-1.439949645996093750e+02,-3.898757553100585938e+01,5.750000000000000000e+02
-1.433699035644531250e+02,-3.898757553100585938e+01,5.750000000000000000e+02
-1.427448272705078125e+02,-3.898757553100585938e+01,5.750000000000000000e+02
-1.421197509765625000e+02,-3.898757553100585938e+01,5.750000000000000000e+02
-1.414946746826171875e+02,-3.898757553100585938e+01,5.750000000000000000e+02
-1.408695983886718750e+02,-3.898757553100585938e+01,5.750000000000000000e+02
-1.402445373535156250e+02,-3.898757553100585938e+01,5.750000000000000000e+02
-1.396194610595703125e+02,-3.898757553100585938e+01,5.750000000000000000e+02
-1.392361145019531250e+02,-3.905537796020507812e+01,5.760000000000000000e+02
-1.386099395751953125e+02,-3.905537796020507812e+01,5.760000000000000000e+02
-1.379837799072265625e+02,-3.905537796020507812e+01,5.760000000000000000e+02
-1.373576202392578125e+02,-3.905537796020507812e+01,5.760000000000000000e+02
-1.369688415527343750e+02,-3.912318420410156250e+01,5.770000000000000000e+02
-1.365778961181640625e+02,-3.919098663330078125e+01,5.780000000000000000e+02
-1.359495544433593750e+02,-3.919098663330078125e+01,5.780000000000000000e+02
-1.353212127685546875e+02,-3.919098663330078125e+01,5.780000000000000000e+02
-1.346928863525390625e+02,-3.919098663330078125e+01,5.780000000000000000e+02
-1.342964935302734375e+02,-3.925879287719726562e+01,5.790000000000000000e+02
-1.336670684814453125e+02,-3.925879287719726562e+01,5.790000000000000000e+02
-1.330376586914062500e+02,-3.925879287719726562e+01,5.790000000000000000e+02
-1.321795501708984375e+02,-3.919098663330078125e+01,5.780000000000000000e+02
-1.315512084960937500e+02,-3.919098663330078125e+01,5.780000000000000000e+02
-1.311493835449218750e+02,-3.925879287719726562e+01,5.790000000000000000e+02
-1.302945404052734375e+02,-3.919098663330078125e+01,5.780000000000000000e+02
-1.296662139892578125e+02,-3.919098663330078125e+01,5.780000000000000000e+02
-1.290378723144531250e+02,-3.919098663330078125e+01,5.780000000000000000e+02
-1.284095306396484375e+02,-3.919098663330078125e+01,5.780000000000000000e+02
-1.277812042236328125e+02,-3.919098663330078125e+01,5.780000000000000000e+02
-1.271528701782226562e+02,-3.919098663330078125e+01,5.780000000000000000e+02
-1.263056335449218750e+02,-3.912318420410156250e+01,5.770000000000000000e+02
-1.256783828735351562e+02,-3.912318420410156250e+01,5.770000000000000000e+02
-1.250511398315429688e+02,-3.912318420410156250e+01,5.770000000000000000e+02
-1.246395263671875000e+02,-3.919098663330078125e+01,5.780000000000000000e+02
-1.240111923217773438e+02,-3.919098663330078125e+01,5.780000000000000000e+02
-1.233828582763671875e+02,-3.919098663330078125e+01,5.780000000000000000e+02
-1.227545242309570312e+02,-3.919098663330078125e+01,5.780000000000000000e+02
-1.221261901855468750e+02,-3.919098663330078125e+01,5.780000000000000000e+02
-1.214978561401367188e+02,-3.919098663330078125e+01,5.780000000000000000e+02
-1.208695220947265625e+02,-3.919098663330078125e+01,5.780000000000000000e+02
-1.204492111206054688e+02,-3.925879287719726562e+01,5.790000000000000000e+02
-1.198197860717773438e+02,-3.925879287719726562e+01,5.790000000000000000e+02
-1.191903610229492188e+02,-3.925879287719726562e+01,5.790000000000000000e+02
-1.185609436035156250e+02,-3.925879287719726562e+01,5.790000000000000000e+02
-1.177278366088867188e+02,-3.919098663330078125e+01,5.780000000000000000e+02
-1.173020935058593750e+02,-3.925879287719726562e+01,5.790000000000000000e+02
-1.166726760864257812e+02,-3.925879287719726562e+01,5.790000000000000000e+02
-1.160432510375976562e+02,-3.925879287719726562e+01,5.790000000000000000e+02
-1.154138336181640625e+02,-3.925879287719726562e+01,5.790000000000000000e+02
-1.149826583862304688e+02,-3.932659912109375000e+01,5.800000000000000000e+02
-1.143521499633789062e+02,-3.932659912109375000e+01,5.800000000000000000e+02
-1.137216339111328125e+02,-3.932659912109375000e+01,5.800000000000000000e+02
-1.132861099243164062e+02,-3.939440155029296875e+01,5.810000000000000000e+02
-1.126545181274414062e+02,-3.939440155029296875e+01,5.810000000000000000e+02
-1.122157287597656250e+02,-3.946220779418945312e+01,5.820000000000000000e+02
-1.115830459594726562e+02,-3.946220779418945312e+01,5.820000000000000000e+02
-1.111409988403320312e+02,-3.953001022338867188e+01,5.830000000000000000e+02
-1.105072326660156250e+02,-3.953001022338867188e+01,5.830000000000000000e+02
-1.100619201660156250e+02,-3.959781646728515625e+01,5.840000000000000000e+02
-1.094270629882812500e+02,-3.959781646728515625e+01,5.840000000000000000e+02
-1.087922058105468750e+02,-3.959781646728515625e+01,5.840000000000000000e+02
-1.083425521850585938e+02,-3.966561889648437500e+01,5.850000000000000000e+02
-1.078907241821289062e+02,-3.973342514038085938e+01,5.860000000000000000e+02
-1.072536926269531250e+02,-3.973342514038085938e+01,5.860000000000000000e+02
-1.066166610717773438e+02,-3.973342514038085938e+01,5.860000000000000000e+02
-1.061604766845703125e+02,-3.980122756958007812e+01,5.870000000000000000e+02
-1.057021255493164062e+02,-3.986903381347656250e+01,5.880000000000000000e+02
-1.050629196166992188e+02,-3.986903381347656250e+01,5.880000000000000000e+02
-1.044237136840820312e+02,-3.986903381347656250e+01,5.880000000000000000e+02
-1.039610137939453125e+02,-3.993683624267578125e+01,5.890000000000000000e+02
-1.034961395263671875e+02,-4.000464248657226562e+01,5.900000000000000000e+02
-1.028547592163085938e+02,-4.000464248657226562e+01,5.900000000000000000e+02
-1.023866119384765625e+02,-4.007244491577148438e+01,5.910000000000000000e+02
-1.019163055419921875e+02,-4.014025115966796875e+01,5.920000000000000000e+02
-1.014438171386718750e+02,-4.020805740356445312e+01,5.930000000000000000e+02
-1.009691619873046875e+02,-4.027585983276367188e+01,5.940000000000000000e+02
-1.004923248291015625e+02,-4.034366607666015625e+01,5.950000000000000000e+02
-1.000133209228515625e+02,-4.041146850585937500e+01,5.960000000000000000e+02
-9.953213500976562500e+01,-4.047927474975585938e+01,5.970000000000000000e+02
-9.888314819335937500e+01,-4.047927474975585938e+01,5.970000000000000000e+02
-9.839870452880859375e+01,-4.054707717895507812e+01,5.980000000000000000e+02
-9.791208648681640625e+01,-4.061488342285156250e+01,5.990000000000000000e+02
-9.758566284179687500e+01,-4.075049209594726562e+01,6.010000000000000000e+02
-9.709361267089843750e+01,-4.081829452514648438e+01,6.020000000000000000e+02
-9.659938812255859375e+01,-4.088610076904296875e+01,6.030000000000000000e+02
-0.000000000000000000e+00,-0.000000000000000000e+00,0.000000000000000000e+00
-0.000000000000000000e+00,-0.000000000000000000e+00,0.000000000000000000e+00
-1.796241760253906250e+02,-3.836224365234375000e+01,5.750000000000000000e+02
-1.783764953613281250e+02,-3.822880935668945312e+01,5.730000000000000000e+02
-1.774433898925781250e+02,-3.816209411621093750e+01,5.720000000000000000e+02
-1.768215637207031250e+02,-3.816209411621093750e+01,5.720000000000000000e+02
-1.758917236328125000e+02,-3.809537506103515625e+01,5.710000000000000000e+02
-1.749640350341796875e+02,-3.802865982055664062e+01,5.700000000000000000e+02
-1.743444061279296875e+02,-3.802865982055664062e+01,5.700000000000000000e+02
-1.737247619628906250e+02,-3.802865982055664062e+01,5.700000000000000000e+02
-1.728014373779296875e+02,-3.796194076538085938e+01,5.690000000000000000e+02
-1.721828765869140625e+02,-3.796194076538085938e+01,5.690000000000000000e+02
-1.715643310546875000e+02,-3.796194076538085938e+01,5.690000000000000000e+02
-1.709457702636718750e+02,-3.796194076538085938e+01,5.690000000000000000e+02
-1.700278778076171875e+02,-3.789522552490234375e+01,5.680000000000000000e+02
-1.694104156494140625e+02,-3.789522552490234375e+01,5.680000000000000000e+02
-1.687929534912109375e+02,-3.789522552490234375e+01,5.680000000000000000e+02
-1.681754913330078125e+02,-3.789522552490234375e+01,5.680000000000000000e+02
-1.675580291748046875e+02,-3.789522552490234375e+01,5.680000000000000000e+02
-1.669405517578125000e+02,-3.789522552490234375e+01,5.680000000000000000e+02
-1.663231048583984375e+02,-3.789522552490234375e+01,5.680000000000000000e+02
-1.657056274414062500e+02,-3.789522552490234375e+01,5.680000000000000000e+02
-1.650881500244140625e+02,-3.789522552490234375e+01,5.680000000000000000e+02
-1.647602691650390625e+02,-3.796194076538085938e+01,5.690000000000000000e+02
-1.641417083740234375e+02,-3.796194076538085938e+01,5.690000000000000000e+02
-1.635231628417968750e+02,-3.796194076538085938e+01,5.690000000000000000e+02
-1.631909027099609375e+02,-3.802865982055664062e+01,5.700000000000000000e+02
-1.625712738037109375e+02,-3.802865982055664062e+01,5.700000000000000000e+02
-1.622357482910156250e+02,-3.809537506103515625e+01,5.710000000000000000e+02
-1.616150360107421875e+02,-3.809537506103515625e+01,5.710000000000000000e+02
-1.612762451171875000e+02,-3.816209411621093750e+01,5.720000000000000000e+02
-1.606544494628906250e+02,-3.816209411621093750e+01,5.720000000000000000e+02
-1.603124084472656250e+02,-3.822880935668945312e+01,5.730000000000000000e+02
-1.596895141601562500e+02,-3.822880935668945312e+01,5.730000000000000000e+02
-1.590666046142578125e+02,-3.822880935668945312e+01,5.730000000000000000e+02
-1.587202301025390625e+02,-3.829552841186523438e+01,5.740000000000000000e+02
-1.580962371826171875e+02,-3.829552841186523438e+01,5.740000000000000000e+02
-1.574722595214843750e+02,-3.829552841186523438e+01,5.740000000000000000e+02
-1.568482666015625000e+02,-3.829552841186523438e+01,5.740000000000000000e+02
-1.564964447021484375e+02,-3.836224365234375000e+01,5.750000000000000000e+02
-1.558713684082031250e+02,-3.836224365234375000e+01,5.750000000000000000e+02
-1.552463073730468750e+02,-3.836224365234375000e+01,5.750000000000000000e+02
-1.546212158203125000e+02,-3.836224365234375000e+01,5.750000000000000000e+02
-1.539961547851562500e+02,-3.836224365234375000e+01,5.750000000000000000e+02
-1.536378021240234375e+02,-3.842896270751953125e+01,5.760000000000000000e+02
-1.530116577148437500e+02,-3.842896270751953125e+01,5.760000000000000000e+02
-1.523854827880859375e+02,-3.842896270751953125e+01,5.760000000000000000e+02
-1.517593383789062500e+02,-3.842896270751953125e+01,5.760000000000000000e+02
-1.513955535888671875e+02,-3.849567794799804688e+01,5.770000000000000000e+02
-1.505070190429687500e+02,-3.842896270751953125e+01,5.760000000000000000e+02
-1.498808441162109375e+02,-3.842896270751953125e+01,5.760000000000000000e+02
-1.492546997070312500e+02,-3.842896270751953125e+01,5.760000000000000000e+02
-1.486285247802734375e+02,-3.842896270751953125e+01,5.760000000000000000e+02
-1.480023498535156250e+02,-3.842896270751953125e+01,5.760000000000000000e+02
-1.473762054443359375e+02,-3.842896270751953125e+01,5.760000000000000000e+02
-1.467500305175781250e+02,-3.842896270751953125e+01,5.760000000000000000e+02
-1.458701934814453125e+02,-3.836224365234375000e+01,5.750000000000000000e+02
-1.452451171875000000e+02,-3.836224365234375000e+01,5.750000000000000000e+02
-1.446200408935546875e+02,-3.836224365234375000e+01,5.750000000000000000e+02
-1.439949645996093750e+02,-3.836224365234375000e+01,5.750000000000000000e+02
-1.433699035644531250e+02,-3.836224365234375000e+01,5.750000000000000000e+02
-1.427448272705078125e+02,-3.836224365234375000e+01,5.750000000000000000e+02
-1.421197509765625000e+02,-3.836224365234375000e+01,5.750000000000000000e+02
-1.414946746826171875e+02,-3.836224365234375000e+01,5.750000000000000000e+02
-1.408695983886718750e+02,-3.836224365234375000e+01,5.750000000000000000e+02
-1.402445373535156250e+02,-3.836224365234375000e+01,5.750000000000000000e+02
-1.396194610595703125e+02,-3.836224365234375000e+01,5.750000000000000000e+02
-1.392361145019531250e+02,-3.842896270751953125e+01,5.760000000000000000e+02
-1.386099395751953125e+02,-3.842896270751953125e+01,5.760000000000000000e+02
-1.379837799072265625e+02,-3.842896270751953125e+01,5.760000000000000000e+02
-1.375960845947265625e+02,-3.849567794799804688e+01,5.770000000000000000e+02
-1.369688415527343750e+02,-3.849567794799804688e+01,5.770000000000000000e+02
-1.365778961181640625e+02,-3.856239700317382812e+01,5.780000000000000000e+02
-1.359495544433593750e+02,-3.856239700317382812e+01,5.780000000000000000e+02
-1.355553436279296875e+02,-3.862911224365234375e+01,5.790000000000000000e+02
-1.349259185791015625e+02,-3.862911224365234375e+01,5.790000000000000000e+02
-1.342964935302734375e+02,-3.862911224365234375e+01,5.790000000000000000e+02
-1.336670684814453125e+02,-3.862911224365234375e+01,5.790000000000000000e+02
-1.330376586914062500e+02,-3.862911224365234375e+01,5.790000000000000000e+02
-1.324082336425781250e+02,-3.862911224365234375e+01,5.790000000000000000e+02
-1.317788085937500000e+02,-3.862911224365234375e+01,5.790000000000000000e+02
-1.311493835449218750e+02,-3.862911224365234375e+01,5.790000000000000000e+02
-1.305199584960937500e+02,-3.862911224365234375e+01,5.790000000000000000e+02
-1.296662139892578125e+02,-3.856239700317382812e+01,5.780000000000000000e+02
-1.290378723144531250e+02,-3.856239700317382812e+01,5.780000000000000000e+02
-1.284095306396484375e+02,-3.856239700317382812e+01,5.780000000000000000e+02
-1.277812042236328125e+02,-3.856239700317382812e+01,5.780000000000000000e+02
-1.271528701782226562e+02,-3.856239700317382812e+01,5.780000000000000000e+02
-1.265245361328125000e+02,-3.856239700317382812e+01,5.780000000000000000e+02
-1.258961944580078125e+02,-3.856239700317382812e+01,5.780000000000000000e+02
-1.252678604125976562e+02,-3.856239700317382812e+01,5.780000000000000000e+02
-1.246395263671875000e+02,-3.856239700317382812e+01,5.780000000000000000e+02
-1.242257461547851562e+02,-3.862911224365234375e+01,5.790000000000000000e+02
-1.235963211059570312e+02,-3.862911224365234375e+01,5.790000000000000000e+02
-1.229669036865234375e+02,-3.862911224365234375e+01,5.790000000000000000e+02
-1.223374786376953125e+02,-3.862911224365234375e+01,5.790000000000000000e+02
-1.217080612182617188e+02,-3.862911224365234375e+01,5.790000000000000000e+02
-1.210786361694335938e+02,-3.862911224365234375e+01,5.790000000000000000e+02
-1.204492111206054688e+02,-3.862911224365234375e+01,5.790000000000000000e+02
-1.198197860717773438e+02,-3.862911224365234375e+01,5.790000000000000000e+02
-1.191903610229492188e+02,-3.862911224365234375e+01,5.790000000000000000e+02
-1.185609436035156250e+02,-3.862911224365234375e+01,5.790000000000000000e+02
-1.181352005004882812e+02,-3.869582748413085938e+01,5.800000000000000000e+02
-1.175046920776367188e+02,-3.869582748413085938e+01,5.800000000000000000e+02
-1.168741836547851562e+02,-3.869582748413085938e+01,5.800000000000000000e+02
-1.162436752319335938e+02,-3.869582748413085938e+01,5.800000000000000000e+02
-1.158125000000000000e+02,-3.876254653930664062e+01,5.810000000000000000e+02
-1.151809005737304688e+02,-3.876254653930664062e+01,5.810000000000000000e+02
-1.147464675903320312e+02,-3.882926177978515625e+01,5.820000000000000000e+02
-1.141137847900390625e+02,-3.882926177978515625e+01,5.820000000000000000e+02
-1.136760787963867188e+02,-3.889598083496093750e+01,5.830000000000000000e+02
-1.130423126220703125e+02,-3.889598083496093750e+01,5.830000000000000000e+02
-1.126013488769531250e+02,-3.896269607543945312e+01,5.840000000000000000e+02
-1.119664916992187500e+02,-3.896269607543945312e+01,5.840000000000000000e+02
-1.115222778320312500e+02,-3.902941513061523438e+01,5.850000000000000000e+02
-1.108863296508789062e+02,-3.902941513061523438e+01,5.850000000000000000e+02
-1.104388504028320312e+02,-3.909613037109375000e+01,5.860000000000000000e+02
-1.098018188476562500e+02,-3.909613037109375000e+01,5.860000000000000000e+02
-1.093510742187500000e+02,-3.916284942626953125e+01,5.870000000000000000e+02
-1.087129516601562500e+02,-3.916284942626953125e+01,5.870000000000000000e+02
-1.080748367309570312e+02,-3.916284942626953125e+01,5.870000000000000000e+02
-1.076197433471679688e+02,-3.922956466674804688e+01,5.880000000000000000e+02
-1.069805374145507812e+02,-3.922956466674804688e+01,5.880000000000000000e+02
-1.065221862792968750e+02,-3.929627990722656250e+01,5.890000000000000000e+02
-1.060616607666015625e+02,-3.936299896240234375e+01,5.900000000000000000e+02
-1.054202804565429688e+02,-3.936299896240234375e+01,5.900000000000000000e+02
-1.049564895629882812e+02,-3.942971420288085938e+01,5.910000000000000000e+02
-1.043140258789062500e+02,-3.942971420288085938e+01,5.910000000000000000e+02
-1.038469696044921875e+02,-3.949643325805664062e+01,5.920000000000000000e+02
-1.032034225463867188e+02,-3.949643325805664062e+01,5.920000000000000000e+02
-1.027331008911132812e+02,-3.956314849853515625e+01,5.930000000000000000e+02
-1.022606124877929688e+02,-3.962986755371093750e+01,5.940000000000000000e+02
-1.017859573364257812e+02,-3.969658279418945312e+01,5.950000000000000000e+02
-1.013091201782226562e+02,-3.976330184936523438e+01,5.960000000000000000e+02
-1.008301162719726562e+02,-3.983001708984375000e+01,5.970000000000000000e+02
-1.003489303588867188e+02,-3.989673233032226562e+01,5.980000000000000000e+02
-9.986557769775390625e+01,-3.996345138549804688e+01,5.990000000000000000e+02
-9.921441650390625000e+01,-3.996345138549804688e+01,5.990000000000000000e+02
-9.872779846191406250e+01,-4.003016662597656250e+01,6.000000000000000000e+02
-9.840246582031250000e+01,-4.016360092163085938e+01,6.020000000000000000e+02
-1.913703460693359375e+02,-3.885261535644531250e+01,5.920000000000000000e+02
-1.904046173095703125e+02,-3.878698348999023438e+01,5.910000000000000000e+02
-1.891199798583984375e+02,-3.865572738647460938e+01,5.890000000000000000e+02
-0.000000000000000000e+00,-0.000000000000000000e+00,0.000000000000000000e+00
-1.865637512207031250e+02,-3.839320755004882812e+01,5.850000000000000000e+02
-1.852921447753906250e+02,-3.826194763183593750e+01,5.830000000000000000e+02
-0.000000000000000000e+00,-0.000000000000000000e+00,0.000000000000000000e+00
-1.827619934082031250e+02,-3.799943161010742188e+01,5.790000000000000000e+02
-1.818180236816406250e+02,-3.793380355834960938e+01,5.780000000000000000e+02
-1.805627288818359375e+02,-3.780254364013671875e+01,5.760000000000000000e+02
-1.793117980957031250e+02,-3.767128372192382812e+01,5.740000000000000000e+02
-1.783764953613281250e+02,-3.760565567016601562e+01,5.730000000000000000e+02
-1.774433898925781250e+02,-3.754002380371093750e+01,5.720000000000000000e+02
-1.768215637207031250e+02,-3.754002380371093750e+01,5.720000000000000000e+02
-1.758917236328125000e+02,-3.747439575195312500e+01,5.710000000000000000e+02
-1.749640350341796875e+02,-3.740876770019531250e+01,5.700000000000000000e+02
-1.743444061279296875e+02,-3.740876770019531250e+01,5.700000000000000000e+02
-1.737247619628906250e+02,-3.740876770019531250e+01,5.700000000000000000e+02
-1.728014373779296875e+02,-3.734313583374023438e+01,5.690000000000000000e+02
-1.721828765869140625e+02,-3.734313583374023438e+01,5.690000000000000000e+02
-1.715643310546875000e+02,-3.734313583374023438e+01,5.690000000000000000e+02
-1.709457702636718750e+02,-3.734313583374023438e+01,5.690000000000000000e+02
-1.703272247314453125e+02,-3.734313583374023438e+01,5.690000000000000000e+02
-1.694104156494140625e+02,-3.727750778198242188e+01,5.680000000000000000e+02
-1.687929534912109375e+02,-3.727750778198242188e+01,5.680000000000000000e+02
-1.681754913330078125e+02,-3.727750778198242188e+01,5.680000000000000000e+02
-1.675580291748046875e+02,-3.727750778198242188e+01,5.680000000000000000e+02
-1.669405517578125000e+02,-3.727750778198242188e+01,5.680000000000000000e+02
-1.663231048583984375e+02,-3.727750778198242188e+01,5.680000000000000000e+02
-1.657056274414062500e+02,-3.727750778198242188e+01,5.680000000000000000e+02
-1.650881500244140625e+02,-3.727750778198242188e+01,5.680000000000000000e+02
-1.644707031250000000e+02,-3.727750778198242188e+01,5.680000000000000000e+02
-1.638532257080078125e+02,-3.727750778198242188e+01,5.680000000000000000e+02
-1.635231628417968750e+02,-3.734313583374023438e+01,5.690000000000000000e+02
-1.629046020507812500e+02,-3.734313583374023438e+01,5.690000000000000000e+02
-1.625712738037109375e+02,-3.740876770019531250e+01,5.700000000000000000e+02
-1.619516296386718750e+02,-3.740876770019531250e+01,5.700000000000000000e+02
-1.616150360107421875e+02,-3.747439575195312500e+01,5.710000000000000000e+02
-1.612762451171875000e+02,-3.754002380371093750e+01,5.720000000000000000e+02
-1.606544494628906250e+02,-3.754002380371093750e+01,5.720000000000000000e+02
-1.603124084472656250e+02,-3.760565567016601562e+01,5.730000000000000000e+02
-1.596895141601562500e+02,-3.760565567016601562e+01,5.730000000000000000e+02
-1.593442077636718750e+02,-3.767128372192382812e+01,5.740000000000000000e+02
-1.587202301025390625e+02,-3.767128372192382812e+01,5.740000000000000000e+02
-1.580962371826171875e+02,-3.767128372192382812e+01,5.740000000000000000e+02
-1.574722595214843750e+02,-3.767128372192382812e+01,5.740000000000000000e+02
-1.571215209960937500e+02,-3.773691558837890625e+01,5.750000000000000000e+02
-1.564964447021484375e+02,-3.773691558837890625e+01,5.750000000000000000e+02
-1.558713684082031250e+02,-3.773691558837890625e+01,5.750000000000000000e+02
-1.552463073730468750e+02,-3.773691558837890625e+01,5.750000000000000000e+02
-1.546212158203125000e+02,-3.773691558837890625e+01,5.750000000000000000e+02
-1.539961547851562500e+02,-3.773691558837890625e+01,5.750000000000000000e+02
-1.536378021240234375e+02,-3.780254364013671875e+01,5.760000000000000000e+02
-1.530116577148437500e+02,-3.780254364013671875e+01,5.760000000000000000e+02
-1.523854827880859375e+02,-3.780254364013671875e+01,5.760000000000000000e+02
-1.517593383789062500e+02,-3.780254364013671875e+01,5.760000000000000000e+02
-1.513955535888671875e+02,-3.786817169189453125e+01,5.770000000000000000e+02
-1.507683105468750000e+02,-3.786817169189453125e+01,5.770000000000000000e+02
-1.498808441162109375e+02,-3.780254364013671875e+01,5.760000000000000000e+02
-1.492546997070312500e+02,-3.780254364013671875e+01,5.760000000000000000e+02
-1.486285247802734375e+02,-3.780254364013671875e+01,5.760000000000000000e+02
-1.480023498535156250e+02,-3.780254364013671875e+01,5.760000000000000000e+02
-1.473762054443359375e+02,-3.780254364013671875e+01,5.760000000000000000e+02
-1.467500305175781250e+02,-3.780254364013671875e+01,5.760000000000000000e+02
-1.458701934814453125e+02,-3.773691558837890625e+01,5.750000000000000000e+02
-1.452451171875000000e+02,-3.773691558837890625e+01,5.750000000000000000e+02
-1.446200408935546875e+02,-3.773691558837890625e+01,5.750000000000000000e+02
-1.439949645996093750e+02,-3.773691558837890625e+01,5.750000000000000000e+02
-1.433699035644531250e+02,-3.773691558837890625e+01,5.750000000000000000e+02
-1.427448272705078125e+02,-3.773691558837890625e+01,5.750000000000000000e+02
-1.421197509765625000e+02,-3.773691558837890625e+01,5.750000000000000000e+02
-1.414946746826171875e+02,-3.773691558837890625e+01,5.750000000000000000e+02
-1.408695983886718750e+02,-3.773691558837890625e+01,5.750000000000000000e+02
-1.402445373535156250e+02,-3.773691558837890625e+01,5.750000000000000000e+02
-1.396194610595703125e+02,-3.773691558837890625e+01,5.750000000000000000e+02
-1.392361145019531250e+02,-3.780254364013671875e+01,5.760000000000000000e+02
-1.386099395751953125e+02,-3.780254364013671875e+01,5.760000000000000000e+02
-1.379837799072265625e+02,-3.780254364013671875e+01,5.760000000000000000e+02
-1.375960845947265625e+02,-3.786817169189453125e+01,5.770000000000000000e+02
-1.372062225341796875e+02,-3.793380355834960938e+01,5.780000000000000000e+02
-1.365778961181640625e+02,-3.793380355834960938e+01,5.780000000000000000e+02
-1.361847686767578125e+02,-3.799943161010742188e+01,5.790000000000000000e+02
-1.355553436279296875e+02,-3.799943161010742188e+01,5.790000000000000000e+02
-1.349259185791015625e+02,-3.799943161010742188e+01,5.790000000000000000e+02
-1.342964935302734375e+02,-3.799943161010742188e+01,5.790000000000000000e+02
-1.336670684814453125e+02,-3.799943161010742188e+01,5.790000000000000000e+02
-1.330376586914062500e+02,-3.799943161010742188e+01,5.790000000000000000e+02
-1.324082336425781250e+02,-3.799943161010742188e+01,5.790000000000000000e+02
-1.317788085937500000e+02,-3.799943161010742188e+01,5.790000000000000000e+02
-1.311493835449218750e+02,-3.799943161010742188e+01,5.790000000000000000e+02
-1.305199584960937500e+02,-3.799943161010742188e+01,5.790000000000000000e+02
-1.298905487060546875e+02,-3.799943161010742188e+01,5.790000000000000000e+02
-1.292611236572265625e+02,-3.799943161010742188e+01,5.790000000000000000e+02
-1.286316986083984375e+02,-3.799943161010742188e+01,5.790000000000000000e+02
-1.280022735595703125e+02,-3.799943161010742188e+01,5.790000000000000000e+02
-1.275928421020507812e+02,-3.806505966186523438e+01,5.800000000000000000e+02
-1.269623336791992188e+02,-3.806505966186523438e+01,5.800000000000000000e+02
-1.263318252563476562e+02,-3.806505966186523438e+01,5.800000000000000000e+02
-1.257013168334960938e+02,-3.806505966186523438e+01,5.800000000000000000e+02
-1.250708084106445312e+02,-3.806505966186523438e+01,5.800000000000000000e+02
-1.246548538208007812e+02,-3.813069152832031250e+01,5.810000000000000000e+02
-1.240232543945312500e+02,-3.813069152832031250e+01,5.810000000000000000e+02
-1.233916549682617188e+02,-3.813069152832031250e+01,5.810000000000000000e+02
-1.227600631713867188e+02,-3.813069152832031250e+01,5.810000000000000000e+02
-1.221284637451171875e+02,-3.813069152832031250e+01,5.810000000000000000e+02
-1.214968719482421875e+02,-3.813069152832031250e+01,5.810000000000000000e+02
-1.208652725219726562e+02,-3.813069152832031250e+01,5.810000000000000000e+02
-1.200267257690429688e+02,-3.806505966186523438e+01,5.800000000000000000e+02
-1.196020736694335938e+02,-3.813069152832031250e+01,5.810000000000000000e+02
-1.189704742431640625e+02,-3.813069152832031250e+01,5.810000000000000000e+02
-1.183388824462890625e+02,-3.813069152832031250e+01,5.810000000000000000e+02
-1.179098815917968750e+02,-3.819631958007812500e+01,5.820000000000000000e+02
-1.172771987915039062e+02,-3.819631958007812500e+01,5.820000000000000000e+02
-1.166445159912109375e+02,-3.819631958007812500e+01,5.820000000000000000e+02
-1.162111663818359375e+02,-3.826194763183593750e+01,5.830000000000000000e+02
-1.155773925781250000e+02,-3.826194763183593750e+01,5.830000000000000000e+02
-1.151407852172851562e+02,-3.832757949829101562e+01,5.840000000000000000e+02
-1.145059280395507812e+02,-3.832757949829101562e+01,5.840000000000000000e+02
-1.140660552978515625e+02,-3.839320755004882812e+01,5.850000000000000000e+02
-1.134301071166992188e+02,-3.839320755004882812e+01,5.850000000000000000e+02
-1.129869766235351562e+02,-3.845883560180664062e+01,5.860000000000000000e+02
-1.123499450683593750e+02,-3.845883560180664062e+01,5.860000000000000000e+02
-1.119035491943359375e+02,-3.852446746826171875e+01,5.870000000000000000e+02
-1.112654266357421875e+02,-3.852446746826171875e+01,5.870000000000000000e+02
-1.106273117065429688e+02,-3.852446746826171875e+01,5.870000000000000000e+02
-1.101765670776367188e+02,-3.859009552001953125e+01,5.880000000000000000e+02
-1.095373611450195312e+02,-3.859009552001953125e+01,5.880000000000000000e+02
-1.090833587646484375e+02,-3.865572738647460938e+01,5.890000000000000000e+02
-1.084430618286132812e+02,-3.865572738647460938e+01,5.890000000000000000e+02
-1.079857940673828125e+02,-3.872135543823242188e+01,5.900000000000000000e+02
-1.075263595581054688e+02,-3.878698348999023438e+01,5.910000000000000000e+02
-1.068838882446289062e+02,-3.878698348999023438e+01,5.910000000000000000e+02
-1.064211883544921875e+02,-3.885261535644531250e+01,5.920000000000000000e+02
-1.057776336669921875e+02,-3.885261535644531250e+01,5.920000000000000000e+02
-1.053116760253906250e+02,-3.891824340820312500e+01,5.930000000000000000e+02
-1.046670303344726562e+02,-3.891824340820312500e+01,5.930000000000000000e+02
-1.041978073120117188e+02,-3.898387145996093750e+01,5.940000000000000000e+02
-1.035520782470703125e+02,-3.898387145996093750e+01,5.940000000000000000e+02
-1.030795822143554688e+02,-3.904950332641601562e+01,5.950000000000000000e+02
-1.026049270629882812e+02,-3.911513137817382812e+01,5.960000000000000000e+02
-1.021280899047851562e+02,-3.918075942993164062e+01,5.970000000000000000e+02
-1.016490859985351562e+02,-3.924639129638671875e+01,5.980000000000000000e+02
-1.926574554443359375e+02,-3.820879364013671875e+01,5.920000000000000000e+02
-1.916895446777343750e+02,-3.814425277709960938e+01,5.910000000000000000e+02
-1.894307861328125000e+02,-3.782154464721679688e+01,5.860000000000000000e+02
-0.000000000000000000e+00,-0.000000000000000000e+00,0.000000000000000000e+00
-1.881567230224609375e+02,-3.782154464721679688e+01,5.860000000000000000e+02
-1.868796844482421875e+02,-3.769245910644531250e+01,5.840000000000000000e+02
-1.856070098876953125e+02,-3.756337738037109375e+01,5.820000000000000000e+02
-1.846564941406250000e+02,-3.749883270263671875e+01,5.810000000000000000e+02
-1.833914337158203125e+02,-3.736975097656250000e+01,5.790000000000000000e+02
-1.824463500976562500e+02,-3.730521011352539062e+01,5.780000000000000000e+02
-1.815034637451171875e+02,-3.724066543579101562e+01,5.770000000000000000e+02
-1.802492523193359375e+02,-3.711158370971679688e+01,5.750000000000000000e+02
-1.793117980957031250e+02,-3.704704284667968750e+01,5.740000000000000000e+02
-1.783764953613281250e+02,-3.698249816894531250e+01,5.730000000000000000e+02
-1.774433898925781250e+02,-3.691795730590820312e+01,5.720000000000000000e+02
-1.768215637207031250e+02,-3.691795730590820312e+01,5.720000000000000000e+02
-1.758917236328125000e+02,-3.685341644287109375e+01,5.710000000000000000e+02
-1.752709808349609375e+02,-3.685341644287109375e+01,5.710000000000000000e+02
-1.743444061279296875e+02,-3.678887557983398438e+01,5.700000000000000000e+02
-1.737247619628906250e+02,-3.678887557983398438e+01,5.700000000000000000e+02
-1.728014373779296875e+02,-3.672433090209960938e+01,5.690000000000000000e+02
-1.721828765869140625e+02,-3.672433090209960938e+01,5.690000000000000000e+02
-1.715643310546875000e+02,-3.672433090209960938e+01,5.690000000000000000e+02
-1.709457702636718750e+02,-3.672433090209960938e+01,5.690000000000000000e+02
-1.703272247314453125e+02,-3.672433090209960938e+01,5.690000000000000000e+02
-1.694104156494140625e+02,-3.665979003906250000e+01,5.680000000000000000e+02
-1.687929534912109375e+02,-3.665979003906250000e+01,5.680000000000000000e+02
-1.681754913330078125e+02,-3.665979003906250000e+01,5.680000000000000000e+02
-1.675580291748046875e+02,-3.665979003906250000e+01,5.680000000000000000e+02
-1.669405517578125000e+02,-3.665979003906250000e+01,5.680000000000000000e+02
-1.660302734375000000e+02,-3.659524917602539062e+01,5.670000000000000000e+02
-1.657056274414062500e+02,-3.665979003906250000e+01,5.680000000000000000e+02
-1.650881500244140625e+02,-3.665979003906250000e+01,5.680000000000000000e+02
-1.644707031250000000e+02,-3.665979003906250000e+01,5.680000000000000000e+02
-1.638532257080078125e+02,-3.665979003906250000e+01,5.680000000000000000e+02
-1.632357788085937500e+02,-3.665979003906250000e+01,5.680000000000000000e+02
-1.629046020507812500e+02,-3.672433090209960938e+01,5.690000000000000000e+02
-1.622860565185546875e+02,-3.672433090209960938e+01,5.690000000000000000e+02
-1.619516296386718750e+02,-3.678887557983398438e+01,5.700000000000000000e+02
-1.616150360107421875e+02,-3.685341644287109375e+01,5.710000000000000000e+02
-1.609942932128906250e+02,-3.685341644287109375e+01,5.710000000000000000e+02
-1.606544494628906250e+02,-3.691795730590820312e+01,5.720000000000000000e+02
-1.603124084472656250e+02,-3.698249816894531250e+01,5.730000000000000000e+02
-1.596895141601562500e+02,-3.698249816894531250e+01,5.730000000000000000e+02
-1.593442077636718750e+02,-3.704704284667968750e+01,5.740000000000000000e+02
-1.587202301025390625e+02,-3.704704284667968750e+01,5.740000000000000000e+02
-1.580962371826171875e+02,-3.704704284667968750e+01,5.740000000000000000e+02
-1.577465972900390625e+02,-3.711158370971679688e+01,5.750000000000000000e+02
-1.571215209960937500e+02,-3.711158370971679688e+01,5.750000000000000000e+02
-1.564964447021484375e+02,-3.711158370971679688e+01,5.750000000000000000e+02
-1.558713684082031250e+02,-3.711158370971679688e+01,5.750000000000000000e+02
-1.552463073730468750e+02,-3.711158370971679688e+01,5.750000000000000000e+02
-1.548901367187500000e+02,-3.717612457275390625e+01,5.760000000000000000e+02
-1.542639770507812500e+02,-3.717612457275390625e+01,5.760000000000000000e+02
-1.536378021240234375e+02,-3.717612457275390625e+01,5.760000000000000000e+02
-1.530116577148437500e+02,-3.717612457275390625e+01,5.760000000000000000e+02
-1.523854827880859375e+02,-3.717612457275390625e+01,5.760000000000000000e+02
-1.517593383789062500e+02,-3.717612457275390625e+01,5.760000000000000000e+02
-1.513955535888671875e+02,-3.724066543579101562e+01,5.770000000000000000e+02
-1.507683105468750000e+02,-3.724066543579101562e+01,5.770000000000000000e+02
-1.501410522460937500e+02,-3.724066543579101562e+01,5.770000000000000000e+02
-1.495138092041015625e+02,-3.724066543579101562e+01,5.770000000000000000e+02
-1.486285247802734375e+02,-3.717612457275390625e+01,5.760000000000000000e+02
-1.480023498535156250e+02,-3.717612457275390625e+01,5.760000000000000000e+02
-1.473762054443359375e+02,-3.717612457275390625e+01,5.760000000000000000e+02
-1.467500305175781250e+02,-3.717612457275390625e+01,5.760000000000000000e+02
-1.461238861083984375e+02,-3.717612457275390625e+01,5.760000000000000000e+02
-1.452451171875000000e+02,-3.711158370971679688e+01,5.750000000000000000e+02
-1.446200408935546875e+02,-3.711158370971679688e+01,5.750000000000000000e+02
-1.439949645996093750e+02,-3.711158370971679688e+01,5.750000000000000000e+02
-1.433699035644531250e+02,-3.711158370971679688e+01,5.750000000000000000e+02
-1.429930725097656250e+02,-3.717612457275390625e+01,5.760000000000000000e+02
-1.421197509765625000e+02,-3.711158370971679688e+01,5.750000000000000000e+02
-1.414946746826171875e+02,-3.711158370971679688e+01,5.750000000000000000e+02
-1.408695983886718750e+02,-3.711158370971679688e+01,5.750000000000000000e+02
-1.402445373535156250e+02,-3.711158370971679688e+01,5.750000000000000000e+02
-1.398622741699218750e+02,-3.717612457275390625e+01,5.760000000000000000e+02
-1.392361145019531250e+02,-3.717612457275390625e+01,5.760000000000000000e+02
-1.386099395751953125e+02,-3.717612457275390625e+01,5.760000000000000000e+02
-1.382233428955078125e+02,-3.724066543579101562e+01,5.770000000000000000e+02
-1.375960845947265625e+02,-3.724066543579101562e+01,5.770000000000000000e+02
-1.372062225341796875e+02,-3.730521011352539062e+01,5.780000000000000000e+02
-1.365778961181640625e+02,-3.730521011352539062e+01,5.780000000000000000e+02
-1.361847686767578125e+02,-3.736975097656250000e+01,5.790000000000000000e+02
-1.355553436279296875e+02,-3.736975097656250000e+01,5.790000000000000000e+02
-1.351589508056640625e+02,-3.743429183959960938e+01,5.800000000000000000e+02
-1.345284423828125000e+02,-3.743429183959960938e+01,5.800000000000000000e+02
-1.338979339599609375e+02,-3.743429183959960938e+01,5.800000000000000000e+02
-1.332674255371093750e+02,-3.743429183959960938e+01,5.800000000000000000e+02
-1.328656005859375000e+02,-3.749883270263671875e+01,5.810000000000000000e+02
-1.322340087890625000e+02,-3.749883270263671875e+01,5.810000000000000000e+02
-1.316024017333984375e+02,-3.749883270263671875e+01,5.810000000000000000e+02
-1.309708099365234375e+02,-3.749883270263671875e+01,5.810000000000000000e+02
-1.303392181396484375e+02,-3.749883270263671875e+01,5.810000000000000000e+02
-1.297076263427734375e+02,-3.749883270263671875e+01,5.810000000000000000e+02
-1.290760192871093750e+02,-3.749883270263671875e+01,5.810000000000000000e+02
-1.286654968261718750e+02,-3.756337738037109375e+01,5.820000000000000000e+02
-1.280328216552734375e+02,-3.756337738037109375e+01,5.820000000000000000e+02
-1.274001388549804688e+02,-3.756337738037109375e+01,5.820000000000000000e+02
-1.267674560546875000e+02,-3.756337738037109375e+01,5.820000000000000000e+02
-1.261347656250000000e+02,-3.756337738037109375e+01,5.820000000000000000e+02
-1.255020828247070312e+02,-3.756337738037109375e+01,5.820000000000000000e+02
-1.248694000244140625e+02,-3.756337738037109375e+01,5.820000000000000000e+02
-1.244501876831054688e+02,-3.762791824340820312e+01,5.830000000000000000e+02
-1.236040344238281250e+02,-3.756337738037109375e+01,5.820000000000000000e+02
-1.231826477050781250e+02,-3.762791824340820312e+01,5.830000000000000000e+02
-1.223386688232421875e+02,-3.756337738037109375e+01,5.820000000000000000e+02
-1.217059860229492188e+02,-3.756337738037109375e+01,5.820000000000000000e+02
-1.210733032226562500e+02,-3.756337738037109375e+01,5.820000000000000000e+02
-1.204406127929687500e+02,-3.756337738037109375e+01,5.820000000000000000e+02
-1.198079299926757812e+02,-3.756337738037109375e+01,5.820000000000000000e+02
-1.193800125122070312e+02,-3.762791824340820312e+01,5.830000000000000000e+02
-1.187462463378906250e+02,-3.762791824340820312e+01,5.830000000000000000e+02
-1.181124725341796875e+02,-3.762791824340820312e+01,5.830000000000000000e+02
-1.176802139282226562e+02,-3.769245910644531250e+01,5.840000000000000000e+02
-1.170453567504882812e+02,-3.769245910644531250e+01,5.840000000000000000e+02
-1.166098327636718750e+02,-3.775700378417968750e+01,5.850000000000000000e+02
-1.161721343994140625e+02,-3.782154464721679688e+01,5.860000000000000000e+02
-1.155351028442382812e+02,-3.782154464721679688e+01,5.860000000000000000e+02
-1.150941390991210938e+02,-3.788608551025390625e+01,5.870000000000000000e+02
-1.144560241699218750e+02,-3.788608551025390625e+01,5.870000000000000000e+02
-1.138179016113281250e+02,-3.788608551025390625e+01,5.870000000000000000e+02
-1.133725967407226562e+02,-3.795062637329101562e+01,5.880000000000000000e+02
-1.127333908081054688e+02,-3.795062637329101562e+01,5.880000000000000000e+02
-1.122848205566406250e+02,-3.801517105102539062e+01,5.890000000000000000e+02
-1.116445236206054688e+02,-3.801517105102539062e+01,5.890000000000000000e+02
-1.111926956176757812e+02,-3.807971191406250000e+01,5.900000000000000000e+02
-1.105513153076171875e+02,-3.807971191406250000e+01,5.900000000000000000e+02
-1.100962219238281250e+02,-3.814425277709960938e+01,5.910000000000000000e+02
-1.094537582397460938e+02,-3.814425277709960938e+01,5.910000000000000000e+02
-1.089954071044921875e+02,-3.820879364013671875e+01,5.920000000000000000e+02
-1.083518524169921875e+02,-3.820879364013671875e+01,5.920000000000000000e+02
-1.078902359008789062e+02,-3.827333831787109375e+01,5.930000000000000000e+02
-1.072455978393554688e+02,-3.827333831787109375e+01,5.930000000000000000e+02
-1.066009521484375000e+02,-3.827333831787109375e+01,5.930000000000000000e+02
-1.061349945068359375e+02,-3.833787918090820312e+01,5.940000000000000000e+02
-1.056668548583984375e+02,-3.840242004394531250e+01,5.950000000000000000e+02
-1.050200424194335938e+02,-3.840242004394531250e+01,5.950000000000000000e+02
-1.045486450195312500e+02,-3.846696090698242188e+01,5.960000000000000000e+02
-1.955614624023437500e+02,-3.762842941284179688e+01,5.930000000000000000e+02
-1.945881347656250000e+02,-3.756497573852539062e+01,5.920000000000000000e+02
-1.936169586181640625e+02,-3.750152206420898438e+01,5.910000000000000000e+02
-1.926479797363281250e+02,-3.743806838989257812e+01,5.900000000000000000e+02
-1.916811523437500000e+02,-3.737461471557617188e+01,5.890000000000000000e+02
-1.903921508789062500e+02,-3.724770355224609375e+01,5.870000000000000000e+02
-1.891075286865234375e+02,-3.712079620361328125e+01,5.850000000000000000e+02
-1.881493988037109375e+02,-3.705734252929687500e+01,5.840000000000000000e+02
-1.871934661865234375e+02,-3.699388885498046875e+01,5.830000000000000000e+02
-1.862396850585937500e+02,-3.693043136596679688e+01,5.820000000000000000e+02
-1.852881011962890625e+02,-3.686697769165039062e+01,5.810000000000000000e+02
-1.840208435058593750e+02,-3.674007034301757812e+01,5.790000000000000000e+02
-1.830746917724609375e+02,-3.667661666870117188e+01,5.780000000000000000e+02
-1.821306915283203125e+02,-3.661316299438476562e+01,5.770000000000000000e+02
-1.811888885498046875e+02,-3.654970550537109375e+01,5.760000000000000000e+02
-1.802492523193359375e+02,-3.648625183105468750e+01,5.750000000000000000e+02
-1.793117980957031250e+02,-3.642279815673828125e+01,5.740000000000000000e+02
-1.783764953613281250e+02,-3.635934448242187500e+01,5.730000000000000000e+02
-1.774433898925781250e+02,-3.629589080810546875e+01,5.720000000000000000e+02
-1.768215637207031250e+02,-3.629589080810546875e+01,5.720000000000000000e+02
-1.758917236328125000e+02,-3.623243331909179688e+01,5.710000000000000000e+02
-1.749640350341796875e+02,-3.616897964477539062e+01,5.700000000000000000e+02
-1.743444061279296875e+02,-3.616897964477539062e+01,5.700000000000000000e+02
-1.737247619628906250e+02,-3.616897964477539062e+01,5.700000000000000000e+02
-1.731051330566406250e+02,-3.616897964477539062e+01,5.700000000000000000e+02
-1.721828765869140625e+02,-3.610552597045898438e+01,5.690000000000000000e+02
-1.715643310546875000e+02,-3.610552597045898438e+01,5.690000000000000000e+02
-1.709457702636718750e+02,-3.610552597045898438e+01,5.690000000000000000e+02
-1.703272247314453125e+02,-3.610552597045898438e+01,5.690000000000000000e+02
-1.694104156494140625e+02,-3.604207229614257812e+01,5.680000000000000000e+02
-1.687929534912109375e+02,-3.604207229614257812e+01,5.680000000000000000e+02
-1.681754913330078125e+02,-3.604207229614257812e+01,5.680000000000000000e+02
-1.675580291748046875e+02,-3.604207229614257812e+01,5.680000000000000000e+02
-1.666466522216796875e+02,-3.597861862182617188e+01,5.670000000000000000e+02
-1.660302734375000000e+02,-3.597861862182617188e+01,5.670000000000000000e+02
-1.654138946533203125e+02,-3.597861862182617188e+01,5.670000000000000000e+02
-1.647975006103515625e+02,-3.597861862182617188e+01,5.670000000000000000e+02
-1.641811370849609375e+02,-3.597861862182617188e+01,5.670000000000000000e+02
-1.638532257080078125e+02,-3.604207229614257812e+01,5.680000000000000000e+02
-1.632357788085937500e+02,-3.604207229614257812e+01,5.680000000000000000e+02
-1.629046020507812500e+02,-3.610552597045898438e+01,5.690000000000000000e+02
-1.622860565185546875e+02,-3.610552597045898438e+01,5.690000000000000000e+02
-1.619516296386718750e+02,-3.616897964477539062e+01,5.700000000000000000e+02
-1.613320007324218750e+02,-3.616897964477539062e+01,5.700000000000000000e+02
-1.609942932128906250e+02,-3.623243331909179688e+01,5.710000000000000000e+02
-1.606544494628906250e+02,-3.629589080810546875e+01,5.720000000000000000e+02
-1.603124084472656250e+02,-3.635934448242187500e+01,5.730000000000000000e+02
-1.599682006835937500e+02,-3.642279815673828125e+01,5.740000000000000000e+02
-1.593442077636718750e+02,-3.642279815673828125e+01,5.740000000000000000e+02
-1.587202301025390625e+02,-3.642279815673828125e+01,5.740000000000000000e+02
-1.583716583251953125e+02,-3.648625183105468750e+01,5.750000000000000000e+02
-1.577465972900390625e+02,-3.648625183105468750e+01,5.750000000000000000e+02
-1.571215209960937500e+02,-3.648625183105468750e+01,5.750000000000000000e+02
-1.564964447021484375e+02,-3.648625183105468750e+01,5.750000000000000000e+02
-1.561424560546875000e+02,-3.654970550537109375e+01,5.760000000000000000e+02
-1.555162963867187500e+02,-3.654970550537109375e+01,5.760000000000000000e+02
-1.548901367187500000e+02,-3.654970550537109375e+01,5.760000000000000000e+02
-1.542639770507812500e+02,-3.654970550537109375e+01,5.760000000000000000e+02
-1.536378021240234375e+02,-3.654970550537109375e+01,5.760000000000000000e+02
-1.530116577148437500e+02,-3.654970550537109375e+01,5.760000000000000000e+02
-1.526500396728515625e+02,-3.661316299438476562e+01,5.770000000000000000e+02
-1.520228118896484375e+02,-3.661316299438476562e+01,5.770000000000000000e+02
-1.513955535888671875e+02,-3.661316299438476562e+01,5.770000000000000000e+02
-1.507683105468750000e+02,-3.661316299438476562e+01,5.770000000000000000e+02
-1.501410522460937500e+02,-3.661316299438476562e+01,5.770000000000000000e+02
-1.495138092041015625e+02,-3.661316299438476562e+01,5.770000000000000000e+02
-1.488865509033203125e+02,-3.661316299438476562e+01,5.770000000000000000e+02
-1.480023498535156250e+02,-3.654970550537109375e+01,5.760000000000000000e+02
-1.473762054443359375e+02,-3.654970550537109375e+01,5.760000000000000000e+02
-1.467500305175781250e+02,-3.654970550537109375e+01,5.760000000000000000e+02
-1.461238861083984375e+02,-3.654970550537109375e+01,5.760000000000000000e+02
-1.454977111816406250e+02,-3.654970550537109375e+01,5.760000000000000000e+02
-1.446200408935546875e+02,-3.648625183105468750e+01,5.750000000000000000e+02
-1.439949645996093750e+02,-3.648625183105468750e+01,5.750000000000000000e+02
-1.436192321777343750e+02,-3.654970550537109375e+01,5.760000000000000000e+02
-1.429930725097656250e+02,-3.654970550537109375e+01,5.760000000000000000e+02
-1.423669128417968750e+02,-3.654970550537109375e+01,5.760000000000000000e+02
-1.417407531738281250e+02,-3.654970550537109375e+01,5.760000000000000000e+02
-1.411145935058593750e+02,-3.654970550537109375e+01,5.760000000000000000e+02
-1.404884338378906250e+02,-3.654970550537109375e+01,5.760000000000000000e+02
-1.398622741699218750e+02,-3.654970550537109375e+01,5.760000000000000000e+02
-1.394778442382812500e+02,-3.661316299438476562e+01,5.770000000000000000e+02
-1.388505859375000000e+02,-3.661316299438476562e+01,5.770000000000000000e+02
-1.384628906250000000e+02,-3.667661666870117188e+01,5.780000000000000000e+02
-1.380730285644531250e+02,-3.674007034301757812e+01,5.790000000000000000e+02
-1.374436035156250000e+02,-3.674007034301757812e+01,5.790000000000000000e+02
-1.370504760742187500e+02,-3.680352401733398438e+01,5.800000000000000000e+02
-1.366551818847656250e+02,-3.686697769165039062e+01,5.810000000000000000e+02
-1.360235748291015625e+02,-3.686697769165039062e+01,5.810000000000000000e+02
-1.353919830322265625e+02,-3.686697769165039062e+01,5.810000000000000000e+02
-1.349923400878906250e+02,-3.693043136596679688e+01,5.820000000000000000e+02
-1.343596496582031250e+02,-3.693043136596679688e+01,5.820000000000000000e+02
-1.337269592285156250e+02,-3.693043136596679688e+01,5.820000000000000000e+02
-1.330942840576171875e+02,-3.693043136596679688e+01,5.820000000000000000e+02
-1.326891937255859375e+02,-3.699388885498046875e+01,5.830000000000000000e+02
-1.320554199218750000e+02,-3.699388885498046875e+01,5.830000000000000000e+02
-1.314216613769531250e+02,-3.699388885498046875e+01,5.830000000000000000e+02
-1.307878875732421875e+02,-3.699388885498046875e+01,5.830000000000000000e+02
-1.301541137695312500e+02,-3.699388885498046875e+01,5.830000000000000000e+02
-1.297425079345703125e+02,-3.705734252929687500e+01,5.840000000000000000e+02
-1.291076507568359375e+02,-3.705734252929687500e+01,5.840000000000000000e+02
-1.284727935791015625e+02,-3.705734252929687500e+01,5.840000000000000000e+02
-1.278379364013671875e+02,-3.705734252929687500e+01,5.840000000000000000e+02
-1.272030792236328125e+02,-3.705734252929687500e+01,5.840000000000000000e+02
-1.265682220458984375e+02,-3.705734252929687500e+01,5.840000000000000000e+02
-1.259333648681640625e+02,-3.705734252929687500e+01,5.840000000000000000e+02
-1.255130615234375000e+02,-3.712079620361328125e+01,5.850000000000000000e+02
-1.246636505126953125e+02,-3.705734252929687500e+01,5.840000000000000000e+02
-1.240287933349609375e+02,-3.705734252929687500e+01,5.840000000000000000e+02
-1.233939361572265625e+02,-3.705734252929687500e+01,5.840000000000000000e+02
-1.227590789794921875e+02,-3.705734252929687500e+01,5.840000000000000000e+02
-1.221242218017578125e+02,-3.705734252929687500e+01,5.840000000000000000e+02
-1.214893646240234375e+02,-3.705734252929687500e+01,5.840000000000000000e+02
-1.208544998168945312e+02,-3.705734252929687500e+01,5.840000000000000000e+02
-1.204254989624023438e+02,-3.712079620361328125e+01,5.850000000000000000e+02
-1.197895507812500000e+02,-3.712079620361328125e+01,5.850000000000000000e+02
-1.191536102294921875e+02,-3.712079620361328125e+01,5.850000000000000000e+02
-1.187202606201171875e+02,-3.718424987792968750e+01,5.860000000000000000e+02
-1.180832290649414062e+02,-3.718424987792968750e+01,5.860000000000000000e+02
-1.176466140747070312e+02,-3.724770355224609375e+01,5.870000000000000000e+02
-1.170084991455078125e+02,-3.724770355224609375e+01,5.870000000000000000e+02
-1.165686264038085938e+02,-3.731116104125976562e+01,5.880000000000000000e+02
-1.159294204711914062e+02,-3.731116104125976562e+01,5.880000000000000000e+02
-1.154862823486328125e+02,-3.737461471557617188e+01,5.890000000000000000e+02
-1.148459930419921875e+02,-3.737461471557617188e+01,5.890000000000000000e+02
-1.143995971679687500e+02,-3.743806838989257812e+01,5.900000000000000000e+02
-1.137582168579101562e+02,-3.743806838989257812e+01,5.900000000000000000e+02
-1.133085632324218750e+02,-3.750152206420898438e+01,5.910000000000000000e+02
-1.126660919189453125e+02,-3.750152206420898438e+01,5.910000000000000000e+02
-1.120236282348632812e+02,-3.750152206420898438e+01,5.910000000000000000e+02
-1.115696182250976562e+02,-3.756497573852539062e+01,5.920000000000000000e+02
-1.109260635375976562e+02,-3.756497573852539062e+01,5.920000000000000000e+02
-1.104688034057617188e+02,-3.762842941284179688e+01,5.930000000000000000e+02
-1.098241577148437500e+02,-3.762842941284179688e+01,5.930000000000000000e+02
-1.093636322021484375e+02,-3.769188690185546875e+01,5.940000000000000000e+02
-1.087179031372070312e+02,-3.769188690185546875e+01,5.940000000000000000e+02
-1.082541198730468750e+02,-3.775534057617187500e+01,5.950000000000000000e+02
-1.076072998046875000e+02,-3.775534057617187500e+01,5.950000000000000000e+02
-1.071402511596679688e+02,-3.781879425048828125e+01,5.960000000000000000e+02
-1.968034973144531250e+02,-3.673405456542968750e+01,5.890000000000000000e+02
-1.961632080078125000e+02,-3.673405456542968750e+01,5.890000000000000000e+02
-1.955229034423828125e+02,-3.673405456542968750e+01,5.890000000000000000e+02
-1.945517578125000000e+02,-3.667168807983398438e+01,5.880000000000000000e+02
-1.935827636718750000e+02,-3.660932159423828125e+01,5.870000000000000000e+02
-1.929446411132812500e+02,-3.660932159423828125e+01,5.870000000000000000e+02
-1.919789123535156250e+02,-3.654695510864257812e+01,5.860000000000000000e+02
-1.910153656005859375e+02,-3.648458862304687500e+01,5.850000000000000000e+02
-1.900539703369140625e+02,-3.642222213745117188e+01,5.840000000000000000e+02
-1.890947570800781250e+02,-3.635985565185546875e+01,5.830000000000000000e+02
-1.884609985351562500e+02,-3.635985565185546875e+01,5.830000000000000000e+02
-1.875050506591796875e+02,-3.629748916625976562e+01,5.820000000000000000e+02
-1.865512847900390625e+02,-3.623511886596679688e+01,5.810000000000000000e+02
-1.855996856689453125e+02,-3.617275238037109375e+01,5.800000000000000000e+02
-1.849691772460937500e+02,-3.617275238037109375e+01,5.800000000000000000e+02
-1.840208435058593750e+02,-3.611038589477539062e+01,5.790000000000000000e+02
-1.830746917724609375e+02,-3.604801940917968750e+01,5.780000000000000000e+02
-1.824463500976562500e+02,-3.604801940917968750e+01,5.780000000000000000e+02
-1.815034637451171875e+02,-3.598565292358398438e+01,5.770000000000000000e+02
-1.805627288818359375e+02,-3.592328643798828125e+01,5.760000000000000000e+02
-1.796241760253906250e+02,-3.586091995239257812e+01,5.750000000000000000e+02
-1.786877899169921875e+02,-3.579855346679687500e+01,5.740000000000000000e+02
-1.777536010742187500e+02,-3.573618698120117188e+01,5.730000000000000000e+02
-1.768215637207031250e+02,-3.567382049560546875e+01,5.720000000000000000e+02
-1.758917236328125000e+02,-3.561145401000976562e+01,5.710000000000000000e+02
-1.752709808349609375e+02,-3.561145401000976562e+01,5.710000000000000000e+02
-1.743444061279296875e+02,-3.554908752441406250e+01,5.700000000000000000e+02
-1.737247619628906250e+02,-3.554908752441406250e+01,5.700000000000000000e+02
-1.731051330566406250e+02,-3.554908752441406250e+01,5.700000000000000000e+02
-1.721828765869140625e+02,-3.548671722412109375e+01,5.690000000000000000e+02
-1.715643310546875000e+02,-3.548671722412109375e+01,5.690000000000000000e+02
-1.709457702636718750e+02,-3.548671722412109375e+01,5.690000000000000000e+02
-1.703272247314453125e+02,-3.548671722412109375e+01,5.690000000000000000e+02
-1.694104156494140625e+02,-3.542435073852539062e+01,5.680000000000000000e+02
-1.687929534912109375e+02,-3.542435073852539062e+01,5.680000000000000000e+02
-1.681754913330078125e+02,-3.542435073852539062e+01,5.680000000000000000e+02
-1.672630310058593750e+02,-3.536198425292968750e+01,5.670000000000000000e+02
-1.666466522216796875e+02,-3.536198425292968750e+01,5.670000000000000000e+02
-1.660302734375000000e+02,-3.536198425292968750e+01,5.670000000000000000e+02
-1.654138946533203125e+02,-3.536198425292968750e+01,5.670000000000000000e+02
-1.647975006103515625e+02,-3.536198425292968750e+01,5.670000000000000000e+02
-1.641811370849609375e+02,-3.536198425292968750e+01,5.670000000000000000e+02
-1.635647583007812500e+02,-3.536198425292968750e+01,5.670000000000000000e+02
-1.632357788085937500e+02,-3.542435073852539062e+01,5.680000000000000000e+02
-1.626183013916015625e+02,-3.542435073852539062e+01,5.680000000000000000e+02
-1.622860565185546875e+02,-3.548671722412109375e+01,5.690000000000000000e+02
-1.619516296386718750e+02,-3.554908752441406250e+01,5.700000000000000000e+02
-1.613320007324218750e+02,-3.554908752441406250e+01,5.700000000000000000e+02
-1.609942932128906250e+02,-3.561145401000976562e+01,5.710000000000000000e+02
-1.606544494628906250e+02,-3.567382049560546875e+01,5.720000000000000000e+02
-1.603124084472656250e+02,-3.573618698120117188e+01,5.730000000000000000e+02
-1.599682006835937500e+02,-3.579855346679687500e+01,5.740000000000000000e+02
-1.593442077636718750e+02,-3.579855346679687500e+01,5.740000000000000000e+02
-1.589967498779296875e+02,-3.586091995239257812e+01,5.750000000000000000e+02
-1.583716583251953125e+02,-3.586091995239257812e+01,5.750000000000000000e+02
-1.580209350585937500e+02,-3.592328643798828125e+01,5.760000000000000000e+02
-1.573947753906250000e+02,-3.592328643798828125e+01,5.760000000000000000e+02
-1.567686157226562500e+02,-3.592328643798828125e+01,5.760000000000000000e+02
-1.561424560546875000e+02,-3.592328643798828125e+01,5.760000000000000000e+02
-1.555162963867187500e+02,-3.592328643798828125e+01,5.760000000000000000e+02
-1.551590423583984375e+02,-3.598565292358398438e+01,5.770000000000000000e+02
-1.545317993164062500e+02,-3.598565292358398438e+01,5.770000000000000000e+02
-1.539045410156250000e+02,-3.598565292358398438e+01,5.770000000000000000e+02
-1.532772979736328125e+02,-3.598565292358398438e+01,5.770000000000000000e+02
-1.526500396728515625e+02,-3.598565292358398438e+01,5.770000000000000000e+02
-1.520228118896484375e+02,-3.598565292358398438e+01,5.770000000000000000e+02
-1.513955535888671875e+02,-3.598565292358398438e+01,5.770000000000000000e+02
-1.507683105468750000e+02,-3.598565292358398438e+01,5.770000000000000000e+02
-1.501410522460937500e+02,-3.598565292358398438e+01,5.770000000000000000e+02
-1.495138092041015625e+02,-3.598565292358398438e+01,5.770000000000000000e+02
-1.488865509033203125e+02,-3.598565292358398438e+01,5.770000000000000000e+02
-1.482593078613281250e+02,-3.598565292358398438e+01,5.770000000000000000e+02
-1.473762054443359375e+02,-3.592328643798828125e+01,5.760000000000000000e+02
-1.467500305175781250e+02,-3.592328643798828125e+01,5.760000000000000000e+02
-1.461238861083984375e+02,-3.592328643798828125e+01,5.760000000000000000e+02
-1.454977111816406250e+02,-3.592328643798828125e+01,5.760000000000000000e+02
-1.448715515136718750e+02,-3.592328643798828125e+01,5.760000000000000000e+02
-1.442453918457031250e+02,-3.592328643798828125e+01,5.760000000000000000e+02
-1.436192321777343750e+02,-3.592328643798828125e+01,5.760000000000000000e+02
-1.429930725097656250e+02,-3.592328643798828125e+01,5.760000000000000000e+02
-1.423669128417968750e+02,-3.592328643798828125e+01,5.760000000000000000e+02
-1.417407531738281250e+02,-3.592328643798828125e+01,5.760000000000000000e+02
-1.413595886230468750e+02,-3.598565292358398438e+01,5.770000000000000000e+02
-1.407323455810546875e+02,-3.598565292358398438e+01,5.770000000000000000e+02
-1.401050872802734375e+02,-3.598565292358398438e+01,5.770000000000000000e+02
-1.397195739746093750e+02,-3.604801940917968750e+01,5.780000000000000000e+02
-1.393318786621093750e+02,-3.611038589477539062e+01,5.790000000000000000e+02
-1.389420013427734375e+02,-3.617275238037109375e+01,5.800000000000000000e+02
-1.385499572753906250e+02,-3.623511886596679688e+01,5.810000000000000000e+02
-1.379183654785156250e+02,-3.623511886596679688e+01,5.810000000000000000e+02
-1.375230712890625000e+02,-3.629748916625976562e+01,5.820000000000000000e+02
-1.368903808593750000e+02,-3.629748916625976562e+01,5.820000000000000000e+02
-1.364918212890625000e+02,-3.635985565185546875e+01,5.830000000000000000e+02
-1.358580474853515625e+02,-3.635985565185546875e+01,5.830000000000000000e+02
-1.352242736816406250e+02,-3.635985565185546875e+01,5.830000000000000000e+02
-1.348213653564453125e+02,-3.642222213745117188e+01,5.840000000000000000e+02
-1.341865081787109375e+02,-3.642222213745117188e+01,5.840000000000000000e+02
-1.335516510009765625e+02,-3.642222213745117188e+01,5.840000000000000000e+02
-1.331443939208984375e+02,-3.648458862304687500e+01,5.850000000000000000e+02
-1.325084533691406250e+02,-3.648458862304687500e+01,5.850000000000000000e+02
-1.318724975585937500e+02,-3.648458862304687500e+01,5.850000000000000000e+02
-1.314608917236328125e+02,-3.654695510864257812e+01,5.860000000000000000e+02
-1.308238677978515625e+02,-3.654695510864257812e+01,5.860000000000000000e+02
-1.301868286132812500e+02,-3.654695510864257812e+01,5.860000000000000000e+02
-1.295498046875000000e+02,-3.654695510864257812e+01,5.860000000000000000e+02
-1.291327514648437500e+02,-3.660932159423828125e+01,5.870000000000000000e+02
-1.284946441650390625e+02,-3.660932159423828125e+01,5.870000000000000000e+02
-1.278565216064453125e+02,-3.660932159423828125e+01,5.870000000000000000e+02
-1.272183990478515625e+02,-3.660932159423828125e+01,5.870000000000000000e+02
-1.265802841186523438e+02,-3.660932159423828125e+01,5.870000000000000000e+02
-1.259421615600585938e+02,-3.660932159423828125e+01,5.870000000000000000e+02
-1.253040466308593750e+02,-3.660932159423828125e+01,5.870000000000000000e+02
-1.246659240722656250e+02,-3.660932159423828125e+01,5.870000000000000000e+02
-1.240278091430664062e+02,-3.660932159423828125e+01,5.870000000000000000e+02
-1.231794891357421875e+02,-3.654695510864257812e+01,5.860000000000000000e+02
-1.227515716552734375e+02,-3.660932159423828125e+01,5.870000000000000000e+02
-1.219054260253906250e+02,-3.654695510864257812e+01,5.860000000000000000e+02
-1.214753265380859375e+02,-3.660932159423828125e+01,5.870000000000000000e+02
-1.208372039794921875e+02,-3.660932159423828125e+01,5.870000000000000000e+02
-1.201990890502929688e+02,-3.660932159423828125e+01,5.870000000000000000e+02
-1.197646484375000000e+02,-3.667168807983398438e+01,5.880000000000000000e+02
-1.191254425048828125e+02,-3.667168807983398438e+01,5.880000000000000000e+02
-1.186877441406250000e+02,-3.673405456542968750e+01,5.890000000000000000e+02
-1.180474548339843750e+02,-3.673405456542968750e+01,5.890000000000000000e+02
-1.176064910888671875e+02,-3.679642105102539062e+01,5.900000000000000000e+02
-1.169651184082031250e+02,-3.679642105102539062e+01,5.900000000000000000e+02
-1.165208969116210938e+02,-3.685878753662109375e+01,5.910000000000000000e+02
-1.158784255981445312e+02,-3.685878753662109375e+01,5.910000000000000000e+02
-1.154309463500976562e+02,-3.692115402221679688e+01,5.920000000000000000e+02
-1.147873916625976562e+02,-3.692115402221679688e+01,5.920000000000000000e+02
-1.143366470336914062e+02,-3.698352432250976562e+01,5.930000000000000000e+02
-1.136920089721679688e+02,-3.698352432250976562e+01,5.930000000000000000e+02
-1.130473632812500000e+02,-3.698352432250976562e+01,5.930000000000000000e+02
-1.125922698974609375e+02,-3.704589080810546875e+01,5.940000000000000000e+02
-1.119465484619140625e+02,-3.704589080810546875e+01,5.940000000000000000e+02
-1.114881896972656250e+02,-3.710825729370117188e+01,5.950000000000000000e+02
-1.108413772583007812e+02,-3.710825729370117188e+01,5.950000000000000000e+02
-1.101945648193359375e+02,-3.710825729370117188e+01,5.950000000000000000e+02
-1.097318572998046875e+02,-3.717062377929687500e+01,5.960000000000000000e+02
-2.000049591064453125e+02,-3.609349822998046875e+01,5.890000000000000000e+02
-1.990261840820312500e+02,-3.603221893310546875e+01,5.880000000000000000e+02
-1.983869934082031250e+02,-3.603221893310546875e+01,5.880000000000000000e+02
-1.974114685058593750e+02,-3.597093963623046875e+01,5.870000000000000000e+02
-1.967733612060546875e+02,-3.597093963623046875e+01,5.870000000000000000e+02
-0.000000000000000000e+00,-0.000000000000000000e+00,0.000000000000000000e+00
-1.951640777587890625e+02,-3.590966033935546875e+01,5.860000000000000000e+02
-1.928672485351562500e+02,-3.560326385498046875e+01,5.810000000000000000e+02
-1.919047851562500000e+02,-3.554198455810546875e+01,5.800000000000000000e+02
-1.929231872558593750e+02,-3.584838104248046875e+01,5.850000000000000000e+02
-1.916298675537109375e+02,-3.572582244873046875e+01,5.830000000000000000e+02
-1.909960784912109375e+02,-3.572582244873046875e+01,5.830000000000000000e+02
-1.903623199462890625e+02,-3.572582244873046875e+01,5.830000000000000000e+02
-1.894031066894531250e+02,-3.566454315185546875e+01,5.820000000000000000e+02
-1.887704162597656250e+02,-3.566454315185546875e+01,5.820000000000000000e+02
-1.881377410888671875e+02,-3.566454315185546875e+01,5.820000000000000000e+02
-1.871828765869140625e+02,-3.560326385498046875e+01,5.810000000000000000e+02
-1.862302093505859375e+02,-3.554198455810546875e+01,5.800000000000000000e+02
-1.855996856689453125e+02,-3.554198455810546875e+01,5.800000000000000000e+02
-1.849691772460937500e+02,-3.554198455810546875e+01,5.800000000000000000e+02
-1.840208435058593750e+02,-3.548070526123046875e+01,5.790000000000000000e+02
-1.833914337158203125e+02,-3.548070526123046875e+01,5.790000000000000000e+02
-1.827619934082031250e+02,-3.548070526123046875e+01,5.790000000000000000e+02
-1.818180236816406250e+02,-3.541942596435546875e+01,5.780000000000000000e+02
-1.808762054443359375e+02,-3.535814666748046875e+01,5.770000000000000000e+02
-1.780638122558593750e+02,-3.517430877685546875e+01,5.740000000000000000e+02
-1.771306915283203125e+02,-3.511302947998046875e+01,5.730000000000000000e+02
-1.761997680664062500e+02,-3.505175018310546875e+01,5.720000000000000000e+02
-1.752709808349609375e+02,-3.499047088623046875e+01,5.710000000000000000e+02
-1.746502685546875000e+02,-3.499047088623046875e+01,5.710000000000000000e+02
-1.737247619628906250e+02,-3.492919158935546875e+01,5.700000000000000000e+02
-1.731051330566406250e+02,-3.492919158935546875e+01,5.700000000000000000e+02
-1.724854736328125000e+02,-3.492919158935546875e+01,5.700000000000000000e+02
-1.715643310546875000e+02,-3.486791229248046875e+01,5.690000000000000000e+02
-1.709457702636718750e+02,-3.486791229248046875e+01,5.690000000000000000e+02
-1.703272247314453125e+02,-3.486791229248046875e+01,5.690000000000000000e+02
-1.697086639404296875e+02,-3.486791229248046875e+01,5.690000000000000000e+02
-1.687929534912109375e+02,-3.480663299560546875e+01,5.680000000000000000e+02
-1.681754913330078125e+02,-3.480663299560546875e+01,5.680000000000000000e+02
-1.672630310058593750e+02,-3.474535369873046875e+01,5.670000000000000000e+02
-1.666466522216796875e+02,-3.474535369873046875e+01,5.670000000000000000e+02
-1.660302734375000000e+02,-3.474535369873046875e+01,5.670000000000000000e+02
-1.654138946533203125e+02,-3.474535369873046875e+01,5.670000000000000000e+02
-1.647975006103515625e+02,-3.474535369873046875e+01,5.670000000000000000e+02
-1.641811370849609375e+02,-3.474535369873046875e+01,5.670000000000000000e+02
-1.635647583007812500e+02,-3.474535369873046875e+01,5.670000000000000000e+02
-1.629483795166015625e+02,-3.474535369873046875e+01,5.670000000000000000e+02
-1.626183013916015625e+02,-3.480663299560546875e+01,5.680000000000000000e+02
-1.622860565185546875e+02,-3.486791229248046875e+01,5.690000000000000000e+02
-1.619516296386718750e+02,-3.492919158935546875e+01,5.700000000000000000e+02
-1.613320007324218750e+02,-3.492919158935546875e+01,5.700000000000000000e+02
-1.609942932128906250e+02,-3.499047088623046875e+01,5.710000000000000000e+02
-1.606544494628906250e+02,-3.505175018310546875e+01,5.720000000000000000e+02
-1.603124084472656250e+02,-3.511302947998046875e+01,5.730000000000000000e+02
-1.599682006835937500e+02,-3.517430877685546875e+01,5.740000000000000000e+02
-1.596218109130859375e+02,-3.523558807373046875e+01,5.750000000000000000e+02
-1.589967498779296875e+02,-3.523558807373046875e+01,5.750000000000000000e+02
-1.583716583251953125e+02,-3.523558807373046875e+01,5.750000000000000000e+02
-1.580209350585937500e+02,-3.529686737060546875e+01,5.760000000000000000e+02
-1.573947753906250000e+02,-3.529686737060546875e+01,5.760000000000000000e+02
-1.567686157226562500e+02,-3.529686737060546875e+01,5.760000000000000000e+02
-1.561424560546875000e+02,-3.529686737060546875e+01,5.760000000000000000e+02
-1.557862854003906250e+02,-3.535814666748046875e+01,5.770000000000000000e+02
-1.551590423583984375e+02,-3.535814666748046875e+01,5.770000000000000000e+02
-1.545317993164062500e+02,-3.535814666748046875e+01,5.770000000000000000e+02
-1.539045410156250000e+02,-3.535814666748046875e+01,5.770000000000000000e+02
-1.532772979736328125e+02,-3.535814666748046875e+01,5.770000000000000000e+02
-1.526500396728515625e+02,-3.535814666748046875e+01,5.770000000000000000e+02
-1.522862701416015625e+02,-3.541942596435546875e+01,5.780000000000000000e+02
-1.516579284667968750e+02,-3.541942596435546875e+01,5.780000000000000000e+02
-1.510296020507812500e+02,-3.541942596435546875e+01,5.780000000000000000e+02
-1.504012603759765625e+02,-3.541942596435546875e+01,5.780000000000000000e+02
-1.497729339599609375e+02,-3.541942596435546875e+01,5.780000000000000000e+02
-1.491445922851562500e+02,-3.541942596435546875e+01,5.780000000000000000e+02
-1.482593078613281250e+02,-3.535814666748046875e+01,5.770000000000000000e+02
-1.476320648193359375e+02,-3.535814666748046875e+01,5.770000000000000000e+02
-1.470048065185546875e+02,-3.535814666748046875e+01,5.770000000000000000e+02
-1.463775634765625000e+02,-3.535814666748046875e+01,5.770000000000000000e+02
-1.457503051757812500e+02,-3.535814666748046875e+01,5.770000000000000000e+02
-1.451230773925781250e+02,-3.535814666748046875e+01,5.770000000000000000e+02
-1.444958190917968750e+02,-3.535814666748046875e+01,5.770000000000000000e+02
-1.438685760498046875e+02,-3.535814666748046875e+01,5.770000000000000000e+02
-1.432413330078125000e+02,-3.535814666748046875e+01,5.770000000000000000e+02
-1.426140747070312500e+02,-3.535814666748046875e+01,5.770000000000000000e+02
-1.419868316650390625e+02,-3.535814666748046875e+01,5.770000000000000000e+02
-1.416045837402343750e+02,-3.541942596435546875e+01,5.780000000000000000e+02
-1.409762420654296875e+02,-3.541942596435546875e+01,5.780000000000000000e+02
-1.405907287597656250e+02,-3.548070526123046875e+01,5.790000000000000000e+02
-1.404447631835937500e+02,-3.560326385498046875e+01,5.810000000000000000e+02
-1.398131561279296875e+02,-3.560326385498046875e+01,5.810000000000000000e+02
-1.394211120605468750e+02,-3.566454315185546875e+01,5.820000000000000000e+02
-1.390269012451171875e+02,-3.572582244873046875e+01,5.830000000000000000e+02
-1.383931274414062500e+02,-3.572582244873046875e+01,5.830000000000000000e+02
-1.379956512451171875e+02,-3.578710174560546875e+01,5.840000000000000000e+02
-1.373607940673828125e+02,-3.578710174560546875e+01,5.840000000000000000e+02
-1.369600524902343750e+02,-3.584838104248046875e+01,5.850000000000000000e+02
-1.363241119384765625e+02,-3.584838104248046875e+01,5.850000000000000000e+02
-1.359201202392578125e+02,-3.590966033935546875e+01,5.860000000000000000e+02
-1.352830810546875000e+02,-3.590966033935546875e+01,5.860000000000000000e+02
-1.346460571289062500e+02,-3.590966033935546875e+01,5.860000000000000000e+02
-1.340090179443359375e+02,-3.590966033935546875e+01,5.860000000000000000e+02
-1.335995941162109375e+02,-3.597093963623046875e+01,5.870000000000000000e+02
-1.329614715576171875e+02,-3.597093963623046875e+01,5.870000000000000000e+02
-1.325487670898437500e+02,-3.603221893310546875e+01,5.880000000000000000e+02
-1.319095611572265625e+02,-3.603221893310546875e+01,5.880000000000000000e+02
-1.312703552246093750e+02,-3.603221893310546875e+01,5.880000000000000000e+02
-1.308533172607421875e+02,-3.609349822998046875e+01,5.890000000000000000e+02
-1.302130279541015625e+02,-3.609349822998046875e+01,5.890000000000000000e+02
-1.295727386474609375e+02,-3.609349822998046875e+01,5.890000000000000000e+02
-1.289324340820312500e+02,-3.609349822998046875e+01,5.890000000000000000e+02
-1.282921447753906250e+02,-3.609349822998046875e+01,5.890000000000000000e+02
-1.276518554687500000e+02,-3.609349822998046875e+01,5.890000000000000000e+02
-1.270115585327148438e+02,-3.609349822998046875e+01,5.890000000000000000e+02
-1.263712692260742188e+02,-3.609349822998046875e+01,5.890000000000000000e+02
-1.257309722900390625e+02,-3.609349822998046875e+01,5.890000000000000000e+02
-1.250906829833984375e+02,-3.609349822998046875e+01,5.890000000000000000e+02
-1.242390975952148438e+02,-3.603221893310546875e+01,5.880000000000000000e+02
-1.238100967407226562e+02,-3.609349822998046875e+01,5.890000000000000000e+02
-1.231698074340820312e+02,-3.609349822998046875e+01,5.890000000000000000e+02
-1.225295104980468750e+02,-3.609349822998046875e+01,5.890000000000000000e+02
-1.218892135620117188e+02,-3.609349822998046875e+01,5.890000000000000000e+02
-1.212489166259765625e+02,-3.609349822998046875e+01,5.890000000000000000e+02
-1.206086273193359375e+02,-3.609349822998046875e+01,5.890000000000000000e+02
-1.201720123291015625e+02,-3.615477752685546875e+01,5.900000000000000000e+02
-1.197332305908203125e+02,-3.621605682373046875e+01,5.910000000000000000e+02
-1.190907592773437500e+02,-3.621605682373046875e+01,5.910000000000000000e+02
-1.184482955932617188e+02,-3.621605682373046875e+01,5.910000000000000000e+02
-1.180051574707031250e+02,-3.627733612060546875e+01,5.920000000000000000e+02
-1.175598526000976562e+02,-3.633861541748046875e+01,5.930000000000000000e+02
-1.169152145385742188e+02,-3.633861541748046875e+01,5.930000000000000000e+02
-1.164666442871093750e+02,-3.639989471435546875e+01,5.940000000000000000e+02
-1.158209152221679688e+02,-3.639989471435546875e+01,5.940000000000000000e+02
-1.153690872192382812e+02,-3.646117401123046875e+01,5.950000000000000000e+02
-1.147222671508789062e+02,-3.646117401123046875e+01,5.950000000000000000e+02
-1.140754547119140625e+02,-3.646117401123046875e+01,5.950000000000000000e+02
-1.136192779541015625e+02,-3.652245330810546875e+01,5.960000000000000000e+02
-1.129713745117187500e+02,-3.652245330810546875e+01,5.960000000000000000e+02
-1.123234710693359375e+02,-3.652245330810546875e+01,5.960000000000000000e+02
-2.038964233398437500e+02,-3.557332611083984375e+01,5.910000000000000000e+02
-0.000000000000000000e+00,-0.000000000000000000e+00,0.000000000000000000e+00
-0.000000000000000000e+00,-0.000000000000000000e+00,0.000000000000000000e+00
-0.000000000000000000e+00,-0.000000000000000000e+00,0.000000000000000000e+00
-0.000000000000000000e+00,-0.000000000000000000e+00,0.000000000000000000e+00
-1.959301605224609375e+02,-3.473064041137695312e+01,5.770000000000000000e+02
-1.956413879394531250e+02,-3.479083251953125000e+01,5.780000000000000000e+02
-1.950130615234375000e+02,-3.479083251953125000e+01,5.780000000000000000e+02
-1.947210235595703125e+02,-3.485102462768554688e+01,5.790000000000000000e+02
-1.947620391845703125e+02,-3.497140884399414062e+01,5.810000000000000000e+02
-1.951328430175781250e+02,-3.515198135375976562e+01,5.840000000000000000e+02
-1.938318939208984375e+02,-3.503159713745117188e+01,5.820000000000000000e+02
-1.925352935791015625e+02,-3.491121673583984375e+01,5.800000000000000000e+02
-1.922356567382812500e+02,-3.497140884399414062e+01,5.810000000000000000e+02
-1.919338378906250000e+02,-3.503159713745117188e+01,5.820000000000000000e+02
-1.916298675537109375e+02,-3.509178924560546875e+01,5.830000000000000000e+02
-1.906684722900390625e+02,-3.503159713745117188e+01,5.820000000000000000e+02
-1.900357971191406250e+02,-3.503159713745117188e+01,5.820000000000000000e+02
-1.890776672363281250e+02,-3.497140884399414062e+01,5.810000000000000000e+02
-1.884460754394531250e+02,-3.497140884399414062e+01,5.810000000000000000e+02
-1.878144836425781250e+02,-3.497140884399414062e+01,5.810000000000000000e+02
-1.871828765869140625e+02,-3.497140884399414062e+01,5.810000000000000000e+02
-1.865512847900390625e+02,-3.497140884399414062e+01,5.810000000000000000e+02
-1.855996856689453125e+02,-3.491121673583984375e+01,5.800000000000000000e+02
-1.849691772460937500e+02,-3.491121673583984375e+01,5.800000000000000000e+02
-1.843386688232421875e+02,-3.491121673583984375e+01,5.800000000000000000e+02
-1.837081604003906250e+02,-3.491121673583984375e+01,5.800000000000000000e+02
-1.830776519775390625e+02,-3.491121673583984375e+01,5.800000000000000000e+02
-1.821325836181640625e+02,-3.485102462768554688e+01,5.790000000000000000e+02
-1.811896820068359375e+02,-3.479083251953125000e+01,5.780000000000000000e+02
-1.783740386962890625e+02,-3.461025619506835938e+01,5.750000000000000000e+02
-1.774398193359375000e+02,-3.455006408691406250e+01,5.740000000000000000e+02
-1.765077972412109375e+02,-3.448987197875976562e+01,5.730000000000000000e+02
-1.755779418945312500e+02,-3.442967987060546875e+01,5.720000000000000000e+02
-1.746502685546875000e+02,-3.436948776245117188e+01,5.710000000000000000e+02
-1.737247619628906250e+02,-3.430929946899414062e+01,5.700000000000000000e+02
-1.731051330566406250e+02,-3.430929946899414062e+01,5.700000000000000000e+02
-1.724854736328125000e+02,-3.430929946899414062e+01,5.700000000000000000e+02
-1.718658447265625000e+02,-3.430929946899414062e+01,5.700000000000000000e+02
-1.709457702636718750e+02,-3.424910736083984375e+01,5.690000000000000000e+02
-1.703272247314453125e+02,-3.424910736083984375e+01,5.690000000000000000e+02
-1.697086639404296875e+02,-3.424910736083984375e+01,5.690000000000000000e+02
-1.687929534912109375e+02,-3.418891525268554688e+01,5.680000000000000000e+02
-1.681754913330078125e+02,-3.418891525268554688e+01,5.680000000000000000e+02
-1.675580291748046875e+02,-3.418891525268554688e+01,5.680000000000000000e+02
-1.666466522216796875e+02,-3.412872314453125000e+01,5.670000000000000000e+02
-1.660302734375000000e+02,-3.412872314453125000e+01,5.670000000000000000e+02
-1.654138946533203125e+02,-3.412872314453125000e+01,5.670000000000000000e+02
-1.647975006103515625e+02,-3.412872314453125000e+01,5.670000000000000000e+02
-1.641811370849609375e+02,-3.412872314453125000e+01,5.670000000000000000e+02
-1.635647583007812500e+02,-3.412872314453125000e+01,5.670000000000000000e+02
-1.629483795166015625e+02,-3.412872314453125000e+01,5.670000000000000000e+02
-1.626183013916015625e+02,-3.418891525268554688e+01,5.680000000000000000e+02
-1.622860565185546875e+02,-3.424910736083984375e+01,5.690000000000000000e+02
-1.619516296386718750e+02,-3.430929946899414062e+01,5.700000000000000000e+02
-1.613320007324218750e+02,-3.430929946899414062e+01,5.700000000000000000e+02
-1.609942932128906250e+02,-3.436948776245117188e+01,5.710000000000000000e+02
-1.606544494628906250e+02,-3.442967987060546875e+01,5.720000000000000000e+02
-1.603124084472656250e+02,-3.448987197875976562e+01,5.730000000000000000e+02
-1.599682006835937500e+02,-3.455006408691406250e+01,5.740000000000000000e+02
-1.596218109130859375e+02,-3.461025619506835938e+01,5.750000000000000000e+02
-1.589967498779296875e+02,-3.461025619506835938e+01,5.750000000000000000e+02
-1.586470947265625000e+02,-3.467044830322265625e+01,5.760000000000000000e+02
-1.580209350585937500e+02,-3.467044830322265625e+01,5.760000000000000000e+02
-1.576680297851562500e+02,-3.473064041137695312e+01,5.770000000000000000e+02
-1.570407867431640625e+02,-3.473064041137695312e+01,5.770000000000000000e+02
-1.564135284423828125e+02,-3.473064041137695312e+01,5.770000000000000000e+02
-1.557862854003906250e+02,-3.473064041137695312e+01,5.770000000000000000e+02
-1.551590423583984375e+02,-3.473064041137695312e+01,5.770000000000000000e+02
-1.547996215820312500e+02,-3.479083251953125000e+01,5.780000000000000000e+02
-1.541712799072265625e+02,-3.479083251953125000e+01,5.780000000000000000e+02
-1.535429534912109375e+02,-3.479083251953125000e+01,5.780000000000000000e+02
-1.529145965576171875e+02,-3.479083251953125000e+01,5.780000000000000000e+02
-1.522862701416015625e+02,-3.479083251953125000e+01,5.780000000000000000e+02
-1.516579284667968750e+02,-3.479083251953125000e+01,5.780000000000000000e+02
-1.510296020507812500e+02,-3.479083251953125000e+01,5.780000000000000000e+02
-1.504012603759765625e+02,-3.479083251953125000e+01,5.780000000000000000e+02
-1.497729339599609375e+02,-3.479083251953125000e+01,5.780000000000000000e+02
-1.491445922851562500e+02,-3.479083251953125000e+01,5.780000000000000000e+02
-1.485162506103515625e+02,-3.479083251953125000e+01,5.780000000000000000e+02
-1.478879241943359375e+02,-3.479083251953125000e+01,5.780000000000000000e+02
-1.470048065185546875e+02,-3.473064041137695312e+01,5.770000000000000000e+02
-1.463775634765625000e+02,-3.473064041137695312e+01,5.770000000000000000e+02
-1.457503051757812500e+02,-3.473064041137695312e+01,5.770000000000000000e+02
-1.451230773925781250e+02,-3.473064041137695312e+01,5.770000000000000000e+02
-1.447462463378906250e+02,-3.479083251953125000e+01,5.780000000000000000e+02
-1.441179199218750000e+02,-3.479083251953125000e+01,5.780000000000000000e+02
-1.434895782470703125e+02,-3.479083251953125000e+01,5.780000000000000000e+02
-1.431084136962890625e+02,-3.485102462768554688e+01,5.790000000000000000e+02
-1.424789886474609375e+02,-3.485102462768554688e+01,5.790000000000000000e+02
-1.420945587158203125e+02,-3.491121673583984375e+01,5.800000000000000000e+02
-1.417079467773437500e+02,-3.497140884399414062e+01,5.810000000000000000e+02
-1.413191680908203125e+02,-3.503159713745117188e+01,5.820000000000000000e+02
-1.409282226562500000e+02,-3.509178924560546875e+01,5.830000000000000000e+02
-1.405350799560546875e+02,-3.515198135375976562e+01,5.840000000000000000e+02
-1.401397857666015625e+02,-3.521217346191406250e+01,5.850000000000000000e+02
-1.395038299560546875e+02,-3.521217346191406250e+01,5.850000000000000000e+02
-1.388678894042968750e+02,-3.521217346191406250e+01,5.850000000000000000e+02
-1.384682464599609375e+02,-3.527236557006835938e+01,5.860000000000000000e+02
-1.378312072753906250e+02,-3.527236557006835938e+01,5.860000000000000000e+02
-1.374282989501953125e+02,-3.533255767822265625e+01,5.870000000000000000e+02
-1.367901763916015625e+02,-3.533255767822265625e+01,5.870000000000000000e+02
-1.361520538330078125e+02,-3.533255767822265625e+01,5.870000000000000000e+02
-1.357447967529296875e+02,-3.539274978637695312e+01,5.880000000000000000e+02
-1.351055908203125000e+02,-3.539274978637695312e+01,5.880000000000000000e+02
-1.344663848876953125e+02,-3.539274978637695312e+01,5.880000000000000000e+02
-1.340547790527343750e+02,-3.545294189453125000e+01,5.890000000000000000e+02
-1.334144897460937500e+02,-3.545294189453125000e+01,5.890000000000000000e+02
-1.329996185302734375e+02,-3.551313400268554688e+01,5.900000000000000000e+02
-1.323582458496093750e+02,-3.551313400268554688e+01,5.900000000000000000e+02
-1.317168579101562500e+02,-3.551313400268554688e+01,5.900000000000000000e+02
-1.312976379394531250e+02,-3.557332611083984375e+01,5.910000000000000000e+02
-1.306551818847656250e+02,-3.557332611083984375e+01,5.910000000000000000e+02
-1.300127105712890625e+02,-3.557332611083984375e+01,5.910000000000000000e+02
-1.293702392578125000e+02,-3.557332611083984375e+01,5.910000000000000000e+02
-1.287277679443359375e+02,-3.557332611083984375e+01,5.910000000000000000e+02
-1.280853118896484375e+02,-3.557332611083984375e+01,5.910000000000000000e+02
-1.274428405761718750e+02,-3.557332611083984375e+01,5.910000000000000000e+02
-1.268003692626953125e+02,-3.557332611083984375e+01,5.910000000000000000e+02
-1.261579055786132812e+02,-3.557332611083984375e+01,5.910000000000000000e+02
-1.255154418945312500e+02,-3.557332611083984375e+01,5.910000000000000000e+02
-1.248729705810546875e+02,-3.557332611083984375e+01,5.910000000000000000e+02
-1.242305068969726562e+02,-3.557332611083984375e+01,5.910000000000000000e+02
-1.235880355834960938e+02,-3.557332611083984375e+01,5.910000000000000000e+02
-1.229455718994140625e+02,-3.557332611083984375e+01,5.910000000000000000e+02
-1.223030929565429688e+02,-3.557332611083984375e+01,5.910000000000000000e+02
-1.216606292724609375e+02,-3.557332611083984375e+01,5.910000000000000000e+02
-1.212229309082031250e+02,-3.563351440429687500e+01,5.920000000000000000e+02
-1.205793762207031250e+02,-3.563351440429687500e+01,5.920000000000000000e+02
-1.201384201049804688e+02,-3.569370651245117188e+01,5.930000000000000000e+02
-1.194937744140625000e+02,-3.569370651245117188e+01,5.930000000000000000e+02
-1.190495529174804688e+02,-3.575389862060546875e+01,5.940000000000000000e+02
-1.184038238525390625e+02,-3.575389862060546875e+01,5.940000000000000000e+02
-1.179563446044921875e+02,-3.581409072875976562e+01,5.950000000000000000e+02
-1.173095321655273438e+02,-3.581409072875976562e+01,5.950000000000000000e+02
-1.166627120971679688e+02,-3.581409072875976562e+01,5.950000000000000000e+02
-1.162108840942382812e+02,-3.587428283691406250e+01,5.960000000000000000e+02
-1.155629806518554688e+02,-3.587428283691406250e+01,5.960000000000000000e+02
-1.149150772094726562e+02,-3.587428283691406250e+01,5.960000000000000000e+02
-2.068156433105468750e+02,-3.498969650268554688e+01,5.920000000000000000e+02
-2.058238372802734375e+02,-3.493059158325195312e+01,5.910000000000000000e+02
-2.048341827392578125e+02,-3.487149047851562500e+01,5.900000000000000000e+02
-0.000000000000000000e+00,-0.000000000000000000e+00,0.000000000000000000e+00
-0.000000000000000000e+00,-0.000000000000000000e+00,0.000000000000000000e+00
-0.000000000000000000e+00,-0.000000000000000000e+00,0.000000000000000000e+00
-1.984975585937500000e+02,-3.422134399414062500e+01,5.790000000000000000e+02
-1.975263977050781250e+02,-3.416223907470703125e+01,5.780000000000000000e+02
-1.968980560302734375e+02,-3.416223907470703125e+01,5.780000000000000000e+02
-1.962697296142578125e+02,-3.416223907470703125e+01,5.780000000000000000e+02
-1.959798583984375000e+02,-3.422134399414062500e+01,5.790000000000000000e+02
-1.953504486083984375e+02,-3.422134399414062500e+01,5.790000000000000000e+02
-1.950573272705078125e+02,-3.428044891357421875e+01,5.800000000000000000e+02
-1.944268341064453125e+02,-3.428044891357421875e+01,5.800000000000000000e+02
-1.941304473876953125e+02,-3.433955001831054688e+01,5.810000000000000000e+02
-1.934988555908203125e+02,-3.433955001831054688e+01,5.810000000000000000e+02
-1.928672485351562500e+02,-3.433955001831054688e+01,5.810000000000000000e+02
-1.925665283203125000e+02,-3.439865493774414062e+01,5.820000000000000000e+02
-1.919338378906250000e+02,-3.439865493774414062e+01,5.820000000000000000e+02
-1.909724731445312500e+02,-3.433955001831054688e+01,5.810000000000000000e+02
-1.903408660888671875e+02,-3.433955001831054688e+01,5.810000000000000000e+02
-1.897092742919921875e+02,-3.433955001831054688e+01,5.810000000000000000e+02
-1.890776672363281250e+02,-3.433955001831054688e+01,5.810000000000000000e+02
-1.884460754394531250e+02,-3.433955001831054688e+01,5.810000000000000000e+02
-1.878144836425781250e+02,-3.433955001831054688e+01,5.810000000000000000e+02
-1.871828765869140625e+02,-3.433955001831054688e+01,5.810000000000000000e+02
-1.868723754882812500e+02,-3.439865493774414062e+01,5.820000000000000000e+02
-1.862396850585937500e+02,-3.439865493774414062e+01,5.820000000000000000e+02
-1.856070098876953125e+02,-3.439865493774414062e+01,5.820000000000000000e+02
-1.849743194580078125e+02,-3.439865493774414062e+01,5.820000000000000000e+02
-1.843416442871093750e+02,-3.439865493774414062e+01,5.820000000000000000e+02
-1.833932952880859375e+02,-3.433955001831054688e+01,5.810000000000000000e+02
-0.000000000000000000e+00,-0.000000000000000000e+00,0.000000000000000000e+00
-1.777489471435546875e+02,-3.398492431640625000e+01,5.750000000000000000e+02
-1.765077972412109375e+02,-3.386671829223632812e+01,5.730000000000000000e+02
-1.755779418945312500e+02,-3.380761337280273438e+01,5.720000000000000000e+02
-1.746502685546875000e+02,-3.374850845336914062e+01,5.710000000000000000e+02
-1.740295410156250000e+02,-3.374850845336914062e+01,5.710000000000000000e+02
-1.731051330566406250e+02,-3.368940353393554688e+01,5.700000000000000000e+02
-1.724854736328125000e+02,-3.368940353393554688e+01,5.700000000000000000e+02
-1.718658447265625000e+02,-3.368940353393554688e+01,5.700000000000000000e+02
-1.709457702636718750e+02,-3.363030242919921875e+01,5.690000000000000000e+02
-1.703272247314453125e+02,-3.363030242919921875e+01,5.690000000000000000e+02
-1.697086639404296875e+02,-3.363030242919921875e+01,5.690000000000000000e+02
-1.690901336669921875e+02,-3.363030242919921875e+01,5.690000000000000000e+02
-1.681754913330078125e+02,-3.357119750976562500e+01,5.680000000000000000e+02
-1.675580291748046875e+02,-3.357119750976562500e+01,5.680000000000000000e+02
-1.669405517578125000e+02,-3.357119750976562500e+01,5.680000000000000000e+02
-1.660302734375000000e+02,-3.351209259033203125e+01,5.670000000000000000e+02
-1.654138946533203125e+02,-3.351209259033203125e+01,5.670000000000000000e+02
-1.647975006103515625e+02,-3.351209259033203125e+01,5.670000000000000000e+02
-1.641811370849609375e+02,-3.351209259033203125e+01,5.670000000000000000e+02
-1.635647583007812500e+02,-3.351209259033203125e+01,5.670000000000000000e+02
-1.632357788085937500e+02,-3.357119750976562500e+01,5.680000000000000000e+02
-1.626183013916015625e+02,-3.357119750976562500e+01,5.680000000000000000e+02
-1.622860565185546875e+02,-3.363030242919921875e+01,5.690000000000000000e+02
-1.619516296386718750e+02,-3.368940353393554688e+01,5.700000000000000000e+02
-1.613320007324218750e+02,-3.368940353393554688e+01,5.700000000000000000e+02
-1.609942932128906250e+02,-3.374850845336914062e+01,5.710000000000000000e+02
-1.606544494628906250e+02,-3.380761337280273438e+01,5.720000000000000000e+02
-1.603124084472656250e+02,-3.386671829223632812e+01,5.730000000000000000e+02
-1.599682006835937500e+02,-3.392582321166992188e+01,5.740000000000000000e+02
-1.596218109130859375e+02,-3.398492431640625000e+01,5.750000000000000000e+02
-1.589967498779296875e+02,-3.398492431640625000e+01,5.750000000000000000e+02
-1.586470947265625000e+02,-3.404402923583984375e+01,5.760000000000000000e+02
-1.582952880859375000e+02,-3.410313415527343750e+01,5.770000000000000000e+02
-1.576680297851562500e+02,-3.410313415527343750e+01,5.770000000000000000e+02
-1.570407867431640625e+02,-3.410313415527343750e+01,5.770000000000000000e+02
-1.564135284423828125e+02,-3.410313415527343750e+01,5.770000000000000000e+02
-1.560562896728515625e+02,-3.416223907470703125e+01,5.780000000000000000e+02
-1.554279479980468750e+02,-3.416223907470703125e+01,5.780000000000000000e+02
-1.547996215820312500e+02,-3.416223907470703125e+01,5.780000000000000000e+02
-1.541712799072265625e+02,-3.416223907470703125e+01,5.780000000000000000e+02
-1.535429534912109375e+02,-3.416223907470703125e+01,5.780000000000000000e+02
-1.529145965576171875e+02,-3.416223907470703125e+01,5.780000000000000000e+02
-1.522862701416015625e+02,-3.416223907470703125e+01,5.780000000000000000e+02
-1.519203186035156250e+02,-3.422134399414062500e+01,5.790000000000000000e+02
-1.512909088134765625e+02,-3.422134399414062500e+01,5.790000000000000000e+02
-1.504012603759765625e+02,-3.416223907470703125e+01,5.780000000000000000e+02
-1.497729339599609375e+02,-3.416223907470703125e+01,5.780000000000000000e+02
-1.491445922851562500e+02,-3.416223907470703125e+01,5.780000000000000000e+02
-1.485162506103515625e+02,-3.416223907470703125e+01,5.780000000000000000e+02
-1.478879241943359375e+02,-3.416223907470703125e+01,5.780000000000000000e+02
-1.472595825195312500e+02,-3.416223907470703125e+01,5.780000000000000000e+02
-1.466312561035156250e+02,-3.416223907470703125e+01,5.780000000000000000e+02
-1.460029144287109375e+02,-3.416223907470703125e+01,5.780000000000000000e+02
-1.453745880126953125e+02,-3.416223907470703125e+01,5.780000000000000000e+02
-1.449966735839843750e+02,-3.422134399414062500e+01,5.790000000000000000e+02
-1.443672485351562500e+02,-3.422134399414062500e+01,5.790000000000000000e+02
-1.439860839843750000e+02,-3.428044891357421875e+01,5.800000000000000000e+02
-1.436027374267578125e+02,-3.433955001831054688e+01,5.810000000000000000e+02
-1.432172241210937500e+02,-3.439865493774414062e+01,5.820000000000000000e+02
-1.430745239257812500e+02,-3.451686477661132812e+01,5.840000000000000000e+02
-1.424396667480468750e+02,-3.451686477661132812e+01,5.840000000000000000e+02
-1.420476226806640625e+02,-3.457596969604492188e+01,5.850000000000000000e+02
-1.416534118652343750e+02,-3.463507080078125000e+01,5.860000000000000000e+02
-1.410163726806640625e+02,-3.463507080078125000e+01,5.860000000000000000e+02
-1.406188964843750000e+02,-3.469417572021484375e+01,5.870000000000000000e+02
-1.399807739257812500e+02,-3.469417572021484375e+01,5.870000000000000000e+02
-1.393426513671875000e+02,-3.469417572021484375e+01,5.870000000000000000e+02
-1.389408264160156250e+02,-3.475328063964843750e+01,5.880000000000000000e+02
-1.383016204833984375e+02,-3.475328063964843750e+01,5.880000000000000000e+02
-1.378965301513671875e+02,-3.481238555908203125e+01,5.890000000000000000e+02
-1.372562408447265625e+02,-3.481238555908203125e+01,5.890000000000000000e+02
-1.366159515380859375e+02,-3.481238555908203125e+01,5.890000000000000000e+02
-1.362065124511718750e+02,-3.487149047851562500e+01,5.900000000000000000e+02
-1.355651397705078125e+02,-3.487149047851562500e+01,5.900000000000000000e+02
-1.349237518310546875e+02,-3.487149047851562500e+01,5.900000000000000000e+02
-1.345099792480468750e+02,-3.493059158325195312e+01,5.910000000000000000e+02
-1.298080444335937500e+02,-3.504880142211914062e+01,5.930000000000000000e+02
-1.291634063720703125e+02,-3.504880142211914062e+01,5.930000000000000000e+02
-1.285187530517578125e+02,-3.504880142211914062e+01,5.930000000000000000e+02
-1.278741149902343750e+02,-3.504880142211914062e+01,5.930000000000000000e+02
-1.272294769287109375e+02,-3.504880142211914062e+01,5.930000000000000000e+02
-1.265848388671875000e+02,-3.504880142211914062e+01,5.930000000000000000e+02
-1.259401931762695312e+02,-3.504880142211914062e+01,5.930000000000000000e+02
-1.252955551147460938e+02,-3.504880142211914062e+01,5.930000000000000000e+02
-1.246509170532226562e+02,-3.504880142211914062e+01,5.930000000000000000e+02
-1.240062713623046875e+02,-3.504880142211914062e+01,5.930000000000000000e+02
-1.233616333007812500e+02,-3.504880142211914062e+01,5.930000000000000000e+02
-1.227169799804687500e+02,-3.504880142211914062e+01,5.930000000000000000e+02
-1.220723419189453125e+02,-3.504880142211914062e+01,5.930000000000000000e+02
-1.214276962280273438e+02,-3.504880142211914062e+01,5.930000000000000000e+02
-1.209867401123046875e+02,-3.510790634155273438e+01,5.940000000000000000e+02
-2.100334167480468750e+02,-3.434587860107421875e+01,5.920000000000000000e+02
-2.090361633300781250e+02,-3.428786087036132812e+01,5.910000000000000000e+02
-2.080410919189453125e+02,-3.422984695434570312e+01,5.900000000000000000e+02
-2.073997039794921875e+02,-3.422984695434570312e+01,5.900000000000000000e+02
-2.067583312988281250e+02,-3.422984695434570312e+01,5.900000000000000000e+02
-2.057675933837890625e+02,-3.417182922363281250e+01,5.890000000000000000e+02
-2.047790374755859375e+02,-3.411381149291992188e+01,5.880000000000000000e+02
-0.000000000000000000e+00,-0.000000000000000000e+00,0.000000000000000000e+00
-0.000000000000000000e+00,-0.000000000000000000e+00,0.000000000000000000e+00
-0.000000000000000000e+00,-0.000000000000000000e+00,0.000000000000000000e+00
-2.011904754638671875e+02,-3.393976211547851562e+01,5.850000000000000000e+02
-1.988403778076171875e+02,-3.364967727661132812e+01,5.800000000000000000e+02
-1.982098846435546875e+02,-3.364967727661132812e+01,5.800000000000000000e+02
-1.975793609619140625e+02,-3.364967727661132812e+01,5.800000000000000000e+02
-1.969488677978515625e+02,-3.364967727661132812e+01,5.800000000000000000e+02
-1.966568298339843750e+02,-3.370769500732421875e+01,5.810000000000000000e+02
-1.960252380371093750e+02,-3.370769500732421875e+01,5.810000000000000000e+02
-1.957299346923828125e+02,-3.376571273803710938e+01,5.820000000000000000e+02
-0.000000000000000000e+00,-0.000000000000000000e+00,0.000000000000000000e+00
-1.944645690917968750e+02,-3.376571273803710938e+01,5.820000000000000000e+02
-1.938318939208984375e+02,-3.376571273803710938e+01,5.820000000000000000e+02
-1.931992034912109375e+02,-3.376571273803710938e+01,5.820000000000000000e+02
-1.925665283203125000e+02,-3.376571273803710938e+01,5.820000000000000000e+02
-1.919338378906250000e+02,-3.376571273803710938e+01,5.820000000000000000e+02
-1.913011627197265625e+02,-3.376571273803710938e+01,5.820000000000000000e+02
-1.906684722900390625e+02,-3.376571273803710938e+01,5.820000000000000000e+02
-1.903623199462890625e+02,-3.382373046875000000e+01,5.830000000000000000e+02
-1.897285461425781250e+02,-3.382373046875000000e+01,5.830000000000000000e+02
-1.890947570800781250e+02,-3.382373046875000000e+01,5.830000000000000000e+02
-1.884609985351562500e+02,-3.382373046875000000e+01,5.830000000000000000e+02
-1.878272247314453125e+02,-3.382373046875000000e+01,5.830000000000000000e+02
-1.871934661865234375e+02,-3.382373046875000000e+01,5.830000000000000000e+02
-1.865596771240234375e+02,-3.382373046875000000e+01,5.830000000000000000e+02
-0.000000000000000000e+00,-0.000000000000000000e+00,0.000000000000000000e+00
-1.852921447753906250e+02,-3.382373046875000000e+01,5.830000000000000000e+02
-1.846583862304687500e+02,-3.382373046875000000e+01,5.830000000000000000e+02
-1.768158416748046875e+02,-3.330157852172851562e+01,5.740000000000000000e+02
-1.758849029541015625e+02,-3.324356079101562500e+01,5.730000000000000000e+02
-1.749561309814453125e+02,-3.318554687500000000e+01,5.720000000000000000e+02
-1.740295410156250000e+02,-3.312752914428710938e+01,5.710000000000000000e+02
-1.731051330566406250e+02,-3.306951141357421875e+01,5.700000000000000000e+02
-1.724854736328125000e+02,-3.306951141357421875e+01,5.700000000000000000e+02
-1.718658447265625000e+02,-3.306951141357421875e+01,5.700000000000000000e+02
-1.712462005615234375e+02,-3.306951141357421875e+01,5.700000000000000000e+02
-1.703272247314453125e+02,-3.301149368286132812e+01,5.690000000000000000e+02
-1.697086639404296875e+02,-3.301149368286132812e+01,5.690000000000000000e+02
-1.690901336669921875e+02,-3.301149368286132812e+01,5.690000000000000000e+02
-1.681754913330078125e+02,-3.295347976684570312e+01,5.680000000000000000e+02
-1.675580291748046875e+02,-3.295347976684570312e+01,5.680000000000000000e+02
-1.669405517578125000e+02,-3.295347976684570312e+01,5.680000000000000000e+02
-1.663231048583984375e+02,-3.295347976684570312e+01,5.680000000000000000e+02
-1.657056274414062500e+02,-3.295347976684570312e+01,5.680000000000000000e+02
-1.650881500244140625e+02,-3.295347976684570312e+01,5.680000000000000000e+02
-1.644707031250000000e+02,-3.295347976684570312e+01,5.680000000000000000e+02
-1.638532257080078125e+02,-3.295347976684570312e+01,5.680000000000000000e+02
-1.632357788085937500e+02,-3.295347976684570312e+01,5.680000000000000000e+02
-1.629046020507812500e+02,-3.301149368286132812e+01,5.690000000000000000e+02
-1.622860565185546875e+02,-3.301149368286132812e+01,5.690000000000000000e+02
-1.619516296386718750e+02,-3.306951141357421875e+01,5.700000000000000000e+02
-1.616150360107421875e+02,-3.312752914428710938e+01,5.710000000000000000e+02
-1.612762451171875000e+02,-3.318554687500000000e+01,5.720000000000000000e+02
-1.609353179931640625e+02,-3.324356079101562500e+01,5.730000000000000000e+02
-1.605921783447265625e+02,-3.330157852172851562e+01,5.740000000000000000e+02
-1.602468872070312500e+02,-3.335959625244140625e+01,5.750000000000000000e+02
-1.596218109130859375e+02,-3.335959625244140625e+01,5.750000000000000000e+02
-1.592732543945312500e+02,-3.341761016845703125e+01,5.760000000000000000e+02
-1.589225158691406250e+02,-3.347562789916992188e+01,5.770000000000000000e+02
-1.582952880859375000e+02,-3.347562789916992188e+01,5.770000000000000000e+02
-1.576680297851562500e+02,-3.347562789916992188e+01,5.770000000000000000e+02
-1.573129577636718750e+02,-3.353364562988281250e+01,5.780000000000000000e+02
-1.566846160888671875e+02,-3.353364562988281250e+01,5.780000000000000000e+02
-1.563262786865234375e+02,-3.359166336059570312e+01,5.790000000000000000e+02
-1.556968536376953125e+02,-3.359166336059570312e+01,5.790000000000000000e+02
-1.550674285888671875e+02,-3.359166336059570312e+01,5.790000000000000000e+02
-1.544380035400390625e+02,-3.359166336059570312e+01,5.790000000000000000e+02
-1.538085937500000000e+02,-3.359166336059570312e+01,5.790000000000000000e+02
-1.531791534423828125e+02,-3.359166336059570312e+01,5.790000000000000000e+02
-1.525497436523437500e+02,-3.359166336059570312e+01,5.790000000000000000e+02
-1.521827087402343750e+02,-3.364967727661132812e+01,5.800000000000000000e+02
-1.512909088134765625e+02,-3.359166336059570312e+01,5.790000000000000000e+02
-1.506614685058593750e+02,-3.359166336059570312e+01,5.790000000000000000e+02
-1.500320587158203125e+02,-3.359166336059570312e+01,5.790000000000000000e+02
-1.494026336669921875e+02,-3.359166336059570312e+01,5.790000000000000000e+02
-1.487731933593750000e+02,-3.359166336059570312e+01,5.790000000000000000e+02
-1.481437835693359375e+02,-3.359166336059570312e+01,5.790000000000000000e+02
-1.475143585205078125e+02,-3.359166336059570312e+01,5.790000000000000000e+02
-1.468849487304687500e+02,-3.359166336059570312e+01,5.790000000000000000e+02
-1.462555084228515625e+02,-3.359166336059570312e+01,5.790000000000000000e+02
-1.458776092529296875e+02,-3.364967727661132812e+01,5.800000000000000000e+02
-1.452471008300781250e+02,-3.364967727661132812e+01,5.800000000000000000e+02
-1.448659362792968750e+02,-3.370769500732421875e+01,5.810000000000000000e+02
-1.444825897216796875e+02,-3.376571273803710938e+01,5.820000000000000000e+02
-1.440970764160156250e+02,-3.382373046875000000e+01,5.830000000000000000e+02
-1.439554595947265625e+02,-3.393976211547851562e+01,5.850000000000000000e+02
-1.435644989013671875e+02,-3.399777984619140625e+01,5.860000000000000000e+02
-1.431713714599609375e+02,-3.405579376220703125e+01,5.870000000000000000e+02
-1.425332489013671875e+02,-3.405579376220703125e+01,5.870000000000000000e+02
-1.421368713378906250e+02,-3.411381149291992188e+01,5.880000000000000000e+02
-1.414976501464843750e+02,-3.411381149291992188e+01,5.880000000000000000e+02
-1.410980072021484375e+02,-3.417182922363281250e+01,5.890000000000000000e+02
-1.404577026367187500e+02,-3.417182922363281250e+01,5.890000000000000000e+02
-1.398174133300781250e+02,-3.417182922363281250e+01,5.890000000000000000e+02
-1.394134216308593750e+02,-3.422984695434570312e+01,5.900000000000000000e+02
-1.387720336914062500e+02,-3.422984695434570312e+01,5.900000000000000000e+02
-1.383647766113281250e+02,-3.428786087036132812e+01,5.910000000000000000e+02
-1.377223052978515625e+02,-3.428786087036132812e+01,5.910000000000000000e+02
-1.370798492431640625e+02,-3.428786087036132812e+01,5.910000000000000000e+02
-1.366682281494140625e+02,-3.434587860107421875e+01,5.920000000000000000e+02
-2.131721343994140625e+02,-3.358819961547851562e+01,5.900000000000000000e+02
-2.125307617187500000e+02,-3.358819961547851562e+01,5.900000000000000000e+02
-2.118893737792968750e+02,-3.358819961547851562e+01,5.900000000000000000e+02
-2.108899383544921875e+02,-3.353126907348632812e+01,5.890000000000000000e+02
-2.106066131591796875e+02,-3.358819961547851562e+01,5.900000000000000000e+02
-0.000000000000000000e+00,-0.000000000000000000e+00,0.000000000000000000e+00
-2.089690704345703125e+02,-3.353126907348632812e+01,5.890000000000000000e+02
-0.000000000000000000e+00,-0.000000000000000000e+00,0.000000000000000000e+00
-2.073358612060546875e+02,-3.347434234619140625e+01,5.880000000000000000e+02
-0.000000000000000000e+00,-0.000000000000000000e+00,0.000000000000000000e+00
-2.057070159912109375e+02,-3.341741180419921875e+01,5.870000000000000000e+02
-2.047195434570312500e+02,-3.336048507690429688e+01,5.860000000000000000e+02
-0.000000000000000000e+00,-0.000000000000000000e+00,0.000000000000000000e+00
-2.030982971191406250e+02,-3.330355453491210938e+01,5.850000000000000000e+02
-2.021162719726562500e+02,-3.324662399291992188e+01,5.840000000000000000e+02
-2.014814147949218750e+02,-3.324662399291992188e+01,5.840000000000000000e+02
-2.005026397705078125e+02,-3.318969726562500000e+01,5.830000000000000000e+02
-1.995260314941406250e+02,-3.313276672363281250e+01,5.820000000000000000e+02
-1.988933563232421875e+02,-3.313276672363281250e+01,5.820000000000000000e+02
-1.982606658935546875e+02,-3.313276672363281250e+01,5.820000000000000000e+02
-1.972884368896484375e+02,-3.307583618164062500e+01,5.810000000000000000e+02
-1.969953002929687500e+02,-3.313276672363281250e+01,5.820000000000000000e+02
-1.960252380371093750e+02,-3.307583618164062500e+01,5.810000000000000000e+02
-1.957299346923828125e+02,-3.313276672363281250e+01,5.820000000000000000e+02
-1.947620391845703125e+02,-3.307583618164062500e+01,5.810000000000000000e+02
-1.944645690917968750e+02,-3.313276672363281250e+01,5.820000000000000000e+02
-1.938318939208984375e+02,-3.313276672363281250e+01,5.820000000000000000e+02
-1.931992034912109375e+02,-3.313276672363281250e+01,5.820000000000000000e+02
-1.928973999023437500e+02,-3.318969726562500000e+01,5.830000000000000000e+02
-1.922636260986328125e+02,-3.318969726562500000e+01,5.830000000000000000e+02
-1.916298675537109375e+02,-3.318969726562500000e+01,5.830000000000000000e+02
-1.909960784912109375e+02,-3.318969726562500000e+01,5.830000000000000000e+02
-1.906888427734375000e+02,-3.324662399291992188e+01,5.840000000000000000e+02
-1.900539703369140625e+02,-3.324662399291992188e+01,5.840000000000000000e+02
-1.894191131591796875e+02,-3.324662399291992188e+01,5.840000000000000000e+02
-1.891075286865234375e+02,-3.330355453491210938e+01,5.850000000000000000e+02
-1.884715728759765625e+02,-3.330355453491210938e+01,5.850000000000000000e+02
-1.761918487548828125e+02,-3.267733383178710938e+01,5.740000000000000000e+02
-1.749561309814453125e+02,-3.256347656250000000e+01,5.720000000000000000e+02
-1.740295410156250000e+02,-3.250654602050781250e+01,5.710000000000000000e+02
-1.734088134765625000e+02,-3.250654602050781250e+01,5.710000000000000000e+02
-1.727880859375000000e+02,-3.250654602050781250e+01,5.710000000000000000e+02
-1.718658447265625000e+02,-3.244961547851562500e+01,5.700000000000000000e+02
-1.712462005615234375e+02,-3.244961547851562500e+01,5.700000000000000000e+02
-1.706265716552734375e+02,-3.244961547851562500e+01,5.700000000000000000e+02
-1.697086639404296875e+02,-3.239268875122070312e+01,5.690000000000000000e+02
-1.690901336669921875e+02,-3.239268875122070312e+01,5.690000000000000000e+02
-1.684715728759765625e+02,-3.239268875122070312e+01,5.690000000000000000e+02
-1.675580291748046875e+02,-3.233575820922851562e+01,5.680000000000000000e+02
-1.669405517578125000e+02,-3.233575820922851562e+01,5.680000000000000000e+02
-1.663231048583984375e+02,-3.233575820922851562e+01,5.680000000000000000e+02
-1.657056274414062500e+02,-3.233575820922851562e+01,5.680000000000000000e+02
-1.650881500244140625e+02,-3.233575820922851562e+01,5.680000000000000000e+02
-1.644707031250000000e+02,-3.233575820922851562e+01,5.680000000000000000e+02
-1.638532257080078125e+02,-3.233575820922851562e+01,5.680000000000000000e+02
-1.635231628417968750e+02,-3.239268875122070312e+01,5.690000000000000000e+02
-1.629046020507812500e+02,-3.239268875122070312e+01,5.690000000000000000e+02
-1.625712738037109375e+02,-3.244961547851562500e+01,5.700000000000000000e+02
-1.622357482910156250e+02,-3.250654602050781250e+01,5.710000000000000000e+02
-1.616150360107421875e+02,-3.250654602050781250e+01,5.710000000000000000e+02
-1.612762451171875000e+02,-3.256347656250000000e+01,5.720000000000000000e+02
-1.609353179931640625e+02,-3.262040328979492188e+01,5.730000000000000000e+02
-1.605921783447265625e+02,-3.267733383178710938e+01,5.740000000000000000e+02
-1.602468872070312500e+02,-3.273426437377929688e+01,5.750000000000000000e+02
-1.598994140625000000e+02,-3.279119110107421875e+01,5.760000000000000000e+02
-1.592732543945312500e+02,-3.279119110107421875e+01,5.760000000000000000e+02
-1.589225158691406250e+02,-3.284812164306640625e+01,5.770000000000000000e+02
-1.582952880859375000e+02,-3.284812164306640625e+01,5.770000000000000000e+02
-1.579412841796875000e+02,-3.290504837036132812e+01,5.780000000000000000e+02
-1.575851287841796875e+02,-3.296197891235351562e+01,5.790000000000000000e+02
-1.569556884765625000e+02,-3.296197891235351562e+01,5.790000000000000000e+02
-1.565962677001953125e+02,-3.301890945434570312e+01,5.800000000000000000e+02
-1.559657592773437500e+02,-3.301890945434570312e+01,5.800000000000000000e+02
-1.553352508544921875e+02,-3.301890945434570312e+01,5.800000000000000000e+02
-1.549714660644531250e+02,-3.307583618164062500e+01,5.810000000000000000e+02
-1.543398895263671875e+02,-3.307583618164062500e+01,5.810000000000000000e+02
-1.537082824707031250e+02,-3.307583618164062500e+01,5.810000000000000000e+02
-1.530766906738281250e+02,-3.307583618164062500e+01,5.810000000000000000e+02
-1.524450836181640625e+02,-3.307583618164062500e+01,5.810000000000000000e+02
-1.518134918212890625e+02,-3.307583618164062500e+01,5.810000000000000000e+02
-1.511819000244140625e+02,-3.307583618164062500e+01,5.810000000000000000e+02
-1.505503082275390625e+02,-3.307583618164062500e+01,5.810000000000000000e+02
-1.496606597900390625e+02,-3.301890945434570312e+01,5.800000000000000000e+02
-1.490301513671875000e+02,-3.301890945434570312e+01,5.800000000000000000e+02
-1.486555023193359375e+02,-3.307583618164062500e+01,5.810000000000000000e+02
-1.480239105224609375e+02,-3.307583618164062500e+01,5.810000000000000000e+02
-1.473923187255859375e+02,-3.307583618164062500e+01,5.810000000000000000e+02
-1.467607116699218750e+02,-3.307583618164062500e+01,5.810000000000000000e+02
-1.463806304931640625e+02,-3.313276672363281250e+01,5.820000000000000000e+02
-1.457479400634765625e+02,-3.313276672363281250e+01,5.820000000000000000e+02
-1.453646087646484375e+02,-3.318969726562500000e+01,5.830000000000000000e+02
-1.449790954589843750e+02,-3.324662399291992188e+01,5.840000000000000000e+02
-1.448385620117187500e+02,-3.336048507690429688e+01,5.860000000000000000e+02
-1.444476165771484375e+02,-3.341741180419921875e+01,5.870000000000000000e+02
-1.440544891357421875e+02,-3.347434234619140625e+01,5.880000000000000000e+02
-1.436591796875000000e+02,-3.353126907348632812e+01,5.890000000000000000e+02
-1.430188903808593750e+02,-3.353126907348632812e+01,5.890000000000000000e+02
-1.426203308105468750e+02,-3.358819961547851562e+01,5.900000000000000000e+02
-1.419789428710937500e+02,-3.358819961547851562e+01,5.900000000000000000e+02
-1.415771179199218750e+02,-3.364513015747070312e+01,5.910000000000000000e+02
-1.409346466064453125e+02,-3.364513015747070312e+01,5.910000000000000000e+02
-1.402921752929687500e+02,-3.364513015747070312e+01,5.910000000000000000e+02
-1.398860015869140625e+02,-3.370205688476562500e+01,5.920000000000000000e+02
-2.156455535888671875e+02,-3.283487319946289062e+01,5.880000000000000000e+02
-2.150063323974609375e+02,-3.283487319946289062e+01,5.880000000000000000e+02
-2.143671417236328125e+02,-3.283487319946289062e+01,5.880000000000000000e+02
-2.137279205322265625e+02,-3.283487319946289062e+01,5.880000000000000000e+02
-2.127263336181640625e+02,-3.277902984619140625e+01,5.870000000000000000e+02
-2.124495086669921875e+02,-3.283487319946289062e+01,5.880000000000000000e+02
-2.118103179931640625e+02,-3.283487319946289062e+01,5.880000000000000000e+02
-0.000000000000000000e+00,-0.000000000000000000e+00,0.000000000000000000e+00
-0.000000000000000000e+00,-0.000000000000000000e+00,0.000000000000000000e+00
-0.000000000000000000e+00,-0.000000000000000000e+00,0.000000000000000000e+00
-2.088975982666015625e+02,-3.277902984619140625e+01,5.870000000000000000e+02
-2.082594909667968750e+02,-3.277902984619140625e+01,5.870000000000000000e+02
-0.000000000000000000e+00,-0.000000000000000000e+00,0.000000000000000000e+00
-0.000000000000000000e+00,-0.000000000000000000e+00,0.000000000000000000e+00
-2.056420745849609375e+02,-3.266734695434570312e+01,5.850000000000000000e+02
-2.050061492919921875e+02,-3.266734695434570312e+01,5.850000000000000000e+02
-2.040208435058593750e+02,-3.261150741577148438e+01,5.840000000000000000e+02
-0.000000000000000000e+00,-0.000000000000000000e+00,0.000000000000000000e+00
-2.024039459228515625e+02,-3.255566406250000000e+01,5.830000000000000000e+02
-0.000000000000000000e+00,-0.000000000000000000e+00,0.000000000000000000e+00
-2.011364135742187500e+02,-3.255566406250000000e+01,5.830000000000000000e+02
-2.001587371826171875e+02,-3.249982452392578125e+01,5.820000000000000000e+02
-1.995260314941406250e+02,-3.249982452392578125e+01,5.820000000000000000e+02
-1.985516204833984375e+02,-3.244398117065429688e+01,5.810000000000000000e+02
-1.979200134277343750e+02,-3.244398117065429688e+01,5.810000000000000000e+02
-1.972884368896484375e+02,-3.244398117065429688e+01,5.810000000000000000e+02
-1.969953002929687500e+02,-3.249982452392578125e+01,5.820000000000000000e+02
-1.963626251220703125e+02,-3.249982452392578125e+01,5.820000000000000000e+02
-1.957299346923828125e+02,-3.249982452392578125e+01,5.820000000000000000e+02
-1.954324798583984375e+02,-3.255566406250000000e+01,5.830000000000000000e+02
-1.947987060546875000e+02,-3.255566406250000000e+01,5.830000000000000000e+02
-1.941649475097656250e+02,-3.255566406250000000e+01,5.830000000000000000e+02
-1.938631286621093750e+02,-3.261150741577148438e+01,5.840000000000000000e+02
-1.932282714843750000e+02,-3.261150741577148438e+01,5.840000000000000000e+02
-1.752620086669921875e+02,-3.199724960327148438e+01,5.730000000000000000e+02
-1.743343200683593750e+02,-3.194140815734863281e+01,5.720000000000000000e+02
-1.734088134765625000e+02,-3.188556480407714844e+01,5.710000000000000000e+02
-1.727880859375000000e+02,-3.188556480407714844e+01,5.710000000000000000e+02
-1.721673736572265625e+02,-3.188556480407714844e+01,5.710000000000000000e+02
-1.712462005615234375e+02,-3.182972335815429688e+01,5.700000000000000000e+02
-1.706265716552734375e+02,-3.182972335815429688e+01,5.700000000000000000e+02
-1.700069274902343750e+02,-3.182972335815429688e+01,5.700000000000000000e+02
-1.690901336669921875e+02,-3.177388191223144531e+01,5.690000000000000000e+02
-1.684715728759765625e+02,-3.177388191223144531e+01,5.690000000000000000e+02
-1.678530273437500000e+02,-3.177388191223144531e+01,5.690000000000000000e+02
-1.672344665527343750e+02,-3.177388191223144531e+01,5.690000000000000000e+02
-1.666159210205078125e+02,-3.177388191223144531e+01,5.690000000000000000e+02
-1.659973602294921875e+02,-3.177388191223144531e+01,5.690000000000000000e+02
-1.653787994384765625e+02,-3.177388191223144531e+01,5.690000000000000000e+02
-1.647602691650390625e+02,-3.177388191223144531e+01,5.690000000000000000e+02
-1.641417083740234375e+02,-3.177388191223144531e+01,5.690000000000000000e+02
-1.635231628417968750e+02,-3.177388191223144531e+01,5.690000000000000000e+02
-1.631909027099609375e+02,-3.182972335815429688e+01,5.700000000000000000e+02
-1.625712738037109375e+02,-3.182972335815429688e+01,5.700000000000000000e+02
-1.622357482910156250e+02,-3.188556480407714844e+01,5.710000000000000000e+02
-1.618980712890625000e+02,-3.194140815734863281e+01,5.720000000000000000e+02
-1.612762451171875000e+02,-3.194140815734863281e+01,5.720000000000000000e+02
-1.612161712646484375e+02,-3.205308914184570312e+01,5.740000000000000000e+02
-1.605921783447265625e+02,-3.205308914184570312e+01,5.740000000000000000e+02
-1.602468872070312500e+02,-3.210893249511718750e+01,5.750000000000000000e+02
-1.598994140625000000e+02,-3.216477203369140625e+01,5.760000000000000000e+02
-1.595497741699218750e+02,-3.222061538696289062e+01,5.770000000000000000e+02
-1.591979522705078125e+02,-3.227645874023437500e+01,5.780000000000000000e+02
-1.588439636230468750e+02,-3.233229827880859375e+01,5.790000000000000000e+02
-1.582145385742187500e+02,-3.233229827880859375e+01,5.790000000000000000e+02
-1.578572845458984375e+02,-3.238814163208007812e+01,5.800000000000000000e+02
-1.572267761230468750e+02,-3.238814163208007812e+01,5.800000000000000000e+02
-1.568662719726562500e+02,-3.244398117065429688e+01,5.810000000000000000e+02
-1.562346649169921875e+02,-3.244398117065429688e+01,5.810000000000000000e+02
-1.558708953857421875e+02,-3.249982452392578125e+01,5.820000000000000000e+02
-1.552382049560546875e+02,-3.249982452392578125e+01,5.820000000000000000e+02
-1.546055297851562500e+02,-3.249982452392578125e+01,5.820000000000000000e+02
-1.539728393554687500e+02,-3.249982452392578125e+01,5.820000000000000000e+02
-1.533401641845703125e+02,-3.249982452392578125e+01,5.820000000000000000e+02
-1.527074737548828125e+02,-3.249982452392578125e+01,5.820000000000000000e+02
-1.520747985839843750e+02,-3.249982452392578125e+01,5.820000000000000000e+02
-1.514421081542968750e+02,-3.249982452392578125e+01,5.820000000000000000e+02
-1.508094329833984375e+02,-3.249982452392578125e+01,5.820000000000000000e+02
-1.501767425537109375e+02,-3.249982452392578125e+01,5.820000000000000000e+02
-1.495440521240234375e+02,-3.249982452392578125e+01,5.820000000000000000e+02
-1.489113769531250000e+02,-3.249982452392578125e+01,5.820000000000000000e+02
-1.485334472656250000e+02,-3.255566406250000000e+01,5.830000000000000000e+02
-1.478996887207031250e+02,-3.255566406250000000e+01,5.830000000000000000e+02
-1.472659149169921875e+02,-3.255566406250000000e+01,5.830000000000000000e+02
-1.468836669921875000e+02,-3.261150741577148438e+01,5.840000000000000000e+02
-1.462487945556640625e+02,-3.261150741577148438e+01,5.840000000000000000e+02
-1.458632812500000000e+02,-3.266734695434570312e+01,5.850000000000000000e+02
-1.457238464355468750e+02,-3.277902984619140625e+01,5.870000000000000000e+02
-1.453329010009765625e+02,-3.283487319946289062e+01,5.880000000000000000e+02
-1.449397735595703125e+02,-3.289071655273437500e+01,5.890000000000000000e+02
-1.442994689941406250e+02,-3.289071655273437500e+01,5.890000000000000000e+02
-2.158171997070312500e+02,-3.203114318847656250e+01,5.850000000000000000e+02
-2.151812591552734375e+02,-3.203114318847656250e+01,5.850000000000000000e+02
-2.145453186035156250e+02,-3.203114318847656250e+01,5.850000000000000000e+02
-2.139093627929687500e+02,-3.203114318847656250e+01,5.850000000000000000e+02
-2.132734222412109375e+02,-3.203114318847656250e+01,5.850000000000000000e+02
-2.126374816894531250e+02,-3.203114318847656250e+01,5.850000000000000000e+02
-2.120015411376953125e+02,-3.203114318847656250e+01,5.850000000000000000e+02
-2.113655853271484375e+02,-3.203114318847656250e+01,5.850000000000000000e+02
-2.107296447753906250e+02,-3.203114318847656250e+01,5.850000000000000000e+02
-2.104528350830078125e+02,-3.208589553833007812e+01,5.860000000000000000e+02
-2.098157958984375000e+02,-3.208589553833007812e+01,5.860000000000000000e+02
-0.000000000000000000e+00,-0.000000000000000000e+00,0.000000000000000000e+00
-2.081858520507812500e+02,-3.203114318847656250e+01,5.850000000000000000e+02
-2.075499267578125000e+02,-3.203114318847656250e+01,5.850000000000000000e+02
-2.065602722167968750e+02,-3.197638893127441406e+01,5.840000000000000000e+02
-2.059254150390625000e+02,-3.197638893127441406e+01,5.840000000000000000e+02
-2.052905578613281250e+02,-3.197638893127441406e+01,5.840000000000000000e+02
-2.046557006835937500e+02,-3.197638893127441406e+01,5.840000000000000000e+02
-2.036714935302734375e+02,-3.192163467407226562e+01,5.830000000000000000e+02
-2.030377197265625000e+02,-3.192163467407226562e+01,5.830000000000000000e+02
-0.000000000000000000e+00,-0.000000000000000000e+00,0.000000000000000000e+00
-2.017701873779296875e+02,-3.192163467407226562e+01,5.830000000000000000e+02
-2.011364135742187500e+02,-3.192163467407226562e+01,5.830000000000000000e+02
-0.000000000000000000e+00,-0.000000000000000000e+00,0.000000000000000000e+00
-0.000000000000000000e+00,-0.000000000000000000e+00,0.000000000000000000e+00
-1.988933563232421875e+02,-3.186688041687011719e+01,5.820000000000000000e+02
-1.986013183593750000e+02,-3.192163467407226562e+01,5.830000000000000000e+02
-1.979675598144531250e+02,-3.192163467407226562e+01,5.830000000000000000e+02
-1.973337860107421875e+02,-3.192163467407226562e+01,5.830000000000000000e+02
-1.970374145507812500e+02,-3.197638893127441406e+01,5.840000000000000000e+02
-1.964025573730468750e+02,-3.197638893127441406e+01,5.840000000000000000e+02
-1.957677001953125000e+02,-3.197638893127441406e+01,5.840000000000000000e+02
-1.755678710937500000e+02,-3.142884826660156250e+01,5.740000000000000000e+02
-1.746390991210937500e+02,-3.137409400939941406e+01,5.730000000000000000e+02
-1.737125091552734375e+02,-3.131933975219726562e+01,5.720000000000000000e+02
-1.727880859375000000e+02,-3.126458549499511719e+01,5.710000000000000000e+02
-1.721673736572265625e+02,-3.126458549499511719e+01,5.710000000000000000e+02
-1.712462005615234375e+02,-3.120983123779296875e+01,5.700000000000000000e+02
-1.706265716552734375e+02,-3.120983123779296875e+01,5.700000000000000000e+02
-1.700069274902343750e+02,-3.120983123779296875e+01,5.700000000000000000e+02
-1.693872985839843750e+02,-3.120983123779296875e+01,5.700000000000000000e+02
-1.687676544189453125e+02,-3.120983123779296875e+01,5.700000000000000000e+02
-1.678530273437500000e+02,-3.115507698059082031e+01,5.690000000000000000e+02
-1.672344665527343750e+02,-3.115507698059082031e+01,5.690000000000000000e+02
-1.666159210205078125e+02,-3.115507698059082031e+01,5.690000000000000000e+02
-1.659973602294921875e+02,-3.115507698059082031e+01,5.690000000000000000e+02
-1.653787994384765625e+02,-3.115507698059082031e+01,5.690000000000000000e+02
-1.647602691650390625e+02,-3.115507698059082031e+01,5.690000000000000000e+02
-1.644301757812500000e+02,-3.120983123779296875e+01,5.700000000000000000e+02
-1.638105468750000000e+02,-3.120983123779296875e+01,5.700000000000000000e+02
-1.631909027099609375e+02,-3.120983123779296875e+01,5.700000000000000000e+02
-1.628564758300781250e+02,-3.126458549499511719e+01,5.710000000000000000e+02
-1.625198822021484375e+02,-3.131933975219726562e+01,5.720000000000000000e+02
-1.618980712890625000e+02,-3.131933975219726562e+01,5.720000000000000000e+02
-1.615581970214843750e+02,-3.137409400939941406e+01,5.730000000000000000e+02
-1.612161712646484375e+02,-3.142884826660156250e+01,5.740000000000000000e+02
-1.608719635009765625e+02,-3.148360061645507812e+01,5.750000000000000000e+02
-1.605255889892578125e+02,-3.153835487365722656e+01,5.760000000000000000e+02
-1.601770172119140625e+02,-3.159310913085937500e+01,5.770000000000000000e+02
-1.595497741699218750e+02,-3.159310913085937500e+01,5.770000000000000000e+02
-1.591979522705078125e+02,-3.164786338806152344e+01,5.780000000000000000e+02
-1.591183013916015625e+02,-3.175737190246582031e+01,5.800000000000000000e+02
-1.584877929687500000e+02,-3.175737190246582031e+01,5.800000000000000000e+02
-1.581294555664062500e+02,-3.181212615966796875e+01,5.810000000000000000e+02
-1.577689361572265625e+02,-3.186688041687011719e+01,5.820000000000000000e+02
-1.571362609863281250e+02,-3.186688041687011719e+01,5.820000000000000000e+02
-1.567724761962890625e+02,-3.192163467407226562e+01,5.830000000000000000e+02
-1.561387176513671875e+02,-3.192163467407226562e+01,5.830000000000000000e+02
-1.555049285888671875e+02,-3.192163467407226562e+01,5.830000000000000000e+02
-1.548711700439453125e+02,-3.192163467407226562e+01,5.830000000000000000e+02
-1.545019531250000000e+02,-3.197638893127441406e+01,5.840000000000000000e+02
-1.538670959472656250e+02,-3.197638893127441406e+01,5.840000000000000000e+02
-1.529698486328125000e+02,-3.192163467407226562e+01,5.830000000000000000e+02
-1.525973815917968750e+02,-3.197638893127441406e+01,5.840000000000000000e+02
-1.519625244140625000e+02,-3.197638893127441406e+01,5.840000000000000000e+02
-1.510685577392578125e+02,-3.192163467407226562e+01,5.830000000000000000e+02
-1.506928100585937500e+02,-3.197638893127441406e+01,5.840000000000000000e+02
-1.500579376220703125e+02,-3.197638893127441406e+01,5.840000000000000000e+02
-1.494230957031250000e+02,-3.197638893127441406e+01,5.840000000000000000e+02
-1.487882232666015625e+02,-3.197638893127441406e+01,5.840000000000000000e+02
-1.484070587158203125e+02,-3.203114318847656250e+01,5.850000000000000000e+02
-1.477711181640625000e+02,-3.203114318847656250e+01,5.850000000000000000e+02
-1.473866882324218750e+02,-3.208589553833007812e+01,5.860000000000000000e+02
-1.467496490478515625e+02,-3.208589553833007812e+01,5.860000000000000000e+02
-1.466113128662109375e+02,-3.219540405273437500e+01,5.880000000000000000e+02
-2.166084899902343750e+02,-3.123393440246582031e+01,5.820000000000000000e+02
-2.159758148193359375e+02,-3.123393440246582031e+01,5.820000000000000000e+02
-2.153431243896484375e+02,-3.123393440246582031e+01,5.820000000000000000e+02
-2.147104492187500000e+02,-3.123393440246582031e+01,5.820000000000000000e+02
-2.140777587890625000e+02,-3.123393440246582031e+01,5.820000000000000000e+02
-2.134450836181640625e+02,-3.123393440246582031e+01,5.820000000000000000e+02
-2.131780548095703125e+02,-3.128760147094726562e+01,5.830000000000000000e+02
-2.125442810058593750e+02,-3.128760147094726562e+01,5.830000000000000000e+02
-2.119105072021484375e+02,-3.128760147094726562e+01,5.830000000000000000e+02
-2.112767486572265625e+02,-3.128760147094726562e+01,5.830000000000000000e+02
-2.106429748535156250e+02,-3.128760147094726562e+01,5.830000000000000000e+02
-2.100092010498046875e+02,-3.128760147094726562e+01,5.830000000000000000e+02
-2.097345581054687500e+02,-3.134126853942871094e+01,5.840000000000000000e+02
-2.090997009277343750e+02,-3.134126853942871094e+01,5.840000000000000000e+02
-0.000000000000000000e+00,-0.000000000000000000e+00,0.000000000000000000e+00
-0.000000000000000000e+00,-0.000000000000000000e+00,0.000000000000000000e+00
-0.000000000000000000e+00,-0.000000000000000000e+00,0.000000000000000000e+00
-2.062065734863281250e+02,-3.128760147094726562e+01,5.830000000000000000e+02
-0.000000000000000000e+00,-0.000000000000000000e+00,0.000000000000000000e+00
-0.000000000000000000e+00,-0.000000000000000000e+00,0.000000000000000000e+00
-2.043052673339843750e+02,-3.128760147094726562e+01,5.830000000000000000e+02
-2.036714935302734375e+02,-3.128760147094726562e+01,5.830000000000000000e+02
-0.000000000000000000e+00,-0.000000000000000000e+00,0.000000000000000000e+00
-0.000000000000000000e+00,-0.000000000000000000e+00,0.000000000000000000e+00
-2.017701873779296875e+02,-3.128760147094726562e+01,5.830000000000000000e+02
-2.014814147949218750e+02,-3.134126853942871094e+01,5.840000000000000000e+02
-2.008465576171875000e+02,-3.134126853942871094e+01,5.840000000000000000e+02
-2.002117004394531250e+02,-3.134126853942871094e+01,5.840000000000000000e+02
-1.995768432617187500e+02,-3.134126853942871094e+01,5.840000000000000000e+02
-1.992826385498046875e+02,-3.139493370056152344e+01,5.850000000000000000e+02
-1.986466979980468750e+02,-3.139493370056152344e+01,5.850000000000000000e+02
-1.983492279052734375e+02,-3.144860076904296875e+01,5.860000000000000000e+02
-1.977122039794921875e+02,-3.144860076904296875e+01,5.860000000000000000e+02
-0.000000000000000000e+00,-0.000000000000000000e+00,0.000000000000000000e+00
-1.749438781738281250e+02,-3.080460166931152344e+01,5.740000000000000000e+02
-1.740162048339843750e+02,-3.075093650817871094e+01,5.730000000000000000e+02
-1.730906982421875000e+02,-3.069726943969726562e+01,5.720000000000000000e+02
-1.724688873291015625e+02,-3.069726943969726562e+01,5.720000000000000000e+02
-1.715466308593750000e+02,-3.064360237121582031e+01,5.710000000000000000e+02
-0.000000000000000000e+00,-0.000000000000000000e+00,0.000000000000000000e+00
-1.700069274902343750e+02,-3.058993530273437500e+01,5.700000000000000000e+02
-1.693872985839843750e+02,-3.058993530273437500e+01,5.700000000000000000e+02
-1.687676544189453125e+02,-3.058993530273437500e+01,5.700000000000000000e+02
-1.681480255126953125e+02,-3.058993530273437500e+01,5.700000000000000000e+02
-1.675283813476562500e+02,-3.058993530273437500e+01,5.700000000000000000e+02
-1.669087524414062500e+02,-3.058993530273437500e+01,5.700000000000000000e+02
-1.662890930175781250e+02,-3.058993530273437500e+01,5.700000000000000000e+02
-1.656694488525390625e+02,-3.058993530273437500e+01,5.700000000000000000e+02
-1.650498199462890625e+02,-3.058993530273437500e+01,5.700000000000000000e+02
-1.644301757812500000e+02,-3.058993530273437500e+01,5.700000000000000000e+02
-1.640979309082031250e+02,-3.064360237121582031e+01,5.710000000000000000e+02
-1.634772033691406250e+02,-3.064360237121582031e+01,5.710000000000000000e+02
-1.631416931152343750e+02,-3.069726943969726562e+01,5.720000000000000000e+02
-1.625198822021484375e+02,-3.069726943969726562e+01,5.720000000000000000e+02
-1.621811065673828125e+02,-3.075093650817871094e+01,5.730000000000000000e+02
-1.618401489257812500e+02,-3.080460166931152344e+01,5.740000000000000000e+02
-1.612161712646484375e+02,-3.080460166931152344e+01,5.740000000000000000e+02
-1.611517333984375000e+02,-3.091193580627441406e+01,5.760000000000000000e+02
-1.605255889892578125e+02,-3.091193580627441406e+01,5.760000000000000000e+02
-1.604546203613281250e+02,-3.101926803588867188e+01,5.780000000000000000e+02
-1.598262939453125000e+02,-3.101926803588867188e+01,5.780000000000000000e+02
-1.597488098144531250e+02,-3.112660217285156250e+01,5.800000000000000000e+02
-1.593926544189453125e+02,-3.118026733398437500e+01,5.810000000000000000e+02
-1.590343017578125000e+02,-3.123393440246582031e+01,5.820000000000000000e+02
-1.584016265869140625e+02,-3.123393440246582031e+01,5.820000000000000000e+02
-1.577689361572265625e+02,-3.123393440246582031e+01,5.820000000000000000e+02
-1.574062500000000000e+02,-3.128760147094726562e+01,5.830000000000000000e+02
-1.567724761962890625e+02,-3.128760147094726562e+01,5.830000000000000000e+02
-1.564065246582031250e+02,-3.134126853942871094e+01,5.840000000000000000e+02
-1.557716674804687500e+02,-3.134126853942871094e+01,5.840000000000000000e+02
-1.551368103027343750e+02,-3.134126853942871094e+01,5.840000000000000000e+02
-1.547665100097656250e+02,-3.139493370056152344e+01,5.850000000000000000e+02
-1.538670959472656250e+02,-3.134126853942871094e+01,5.840000000000000000e+02
-1.534946136474609375e+02,-3.139493370056152344e+01,5.850000000000000000e+02
-1.528586883544921875e+02,-3.139493370056152344e+01,5.850000000000000000e+02
-1.522227325439453125e+02,-3.139493370056152344e+01,5.850000000000000000e+02
-1.515867919921875000e+02,-3.139493370056152344e+01,5.850000000000000000e+02
-1.509508361816406250e+02,-3.139493370056152344e+01,5.850000000000000000e+02
-1.503148956298828125e+02,-3.139493370056152344e+01,5.850000000000000000e+02
-1.499348144531250000e+02,-3.144860076904296875e+01,5.860000000000000000e+02
-1.492977752685546875e+02,-3.144860076904296875e+01,5.860000000000000000e+02
-1.486607513427734375e+02,-3.144860076904296875e+01,5.860000000000000000e+02
-1.482763061523437500e+02,-3.150226783752441406e+01,5.870000000000000000e+02
-1.478897094726562500e+02,-3.155593490600585938e+01,5.880000000000000000e+02
-2.181311035156250000e+02,-3.054841232299804688e+01,5.810000000000000000e+02
-2.171251525878906250e+02,-3.049583244323730469e+01,5.800000000000000000e+02
-2.164946441650390625e+02,-3.049583244323730469e+01,5.800000000000000000e+02
-2.158641357421875000e+02,-3.049583244323730469e+01,5.800000000000000000e+02
-2.152336273193359375e+02,-3.049583244323730469e+01,5.800000000000000000e+02
-2.142331085205078125e+02,-3.044325447082519531e+01,5.790000000000000000e+02
-2.139726104736328125e+02,-3.049583244323730469e+01,5.800000000000000000e+02
-2.133421020507812500e+02,-3.049583244323730469e+01,5.800000000000000000e+02
-2.127115936279296875e+02,-3.049583244323730469e+01,5.800000000000000000e+02
-2.120810852050781250e+02,-3.049583244323730469e+01,5.800000000000000000e+02
-2.118151550292968750e+02,-3.054841232299804688e+01,5.810000000000000000e+02
-2.111835479736328125e+02,-3.054841232299804688e+01,5.810000000000000000e+02
-2.105519561767578125e+02,-3.054841232299804688e+01,5.810000000000000000e+02
-2.102816619873046875e+02,-3.060099220275878906e+01,5.820000000000000000e+02
-2.096489868164062500e+02,-3.060099220275878906e+01,5.820000000000000000e+02
-2.090162963867187500e+02,-3.060099220275878906e+01,5.820000000000000000e+02
-2.083836059570312500e+02,-3.060099220275878906e+01,5.820000000000000000e+02
-2.077509307861328125e+02,-3.060099220275878906e+01,5.820000000000000000e+02
-2.074741058349609375e+02,-3.065357017517089844e+01,5.830000000000000000e+02
-0.000000000000000000e+00,-0.000000000000000000e+00,0.000000000000000000e+00
-2.062065734863281250e+02,-3.065357017517089844e+01,5.830000000000000000e+02
-2.055727996826171875e+02,-3.065357017517089844e+01,5.830000000000000000e+02
-2.049390258789062500e+02,-3.065357017517089844e+01,5.830000000000000000e+02
-2.043052673339843750e+02,-3.065357017517089844e+01,5.830000000000000000e+02
-2.036714935302734375e+02,-3.065357017517089844e+01,5.830000000000000000e+02
-2.033859863281250000e+02,-3.070615005493164062e+01,5.840000000000000000e+02
-2.027511291503906250e+02,-3.070615005493164062e+01,5.840000000000000000e+02
-2.021162719726562500e+02,-3.070615005493164062e+01,5.840000000000000000e+02
-2.018264160156250000e+02,-3.075872802734375000e+01,5.850000000000000000e+02
-2.011904754638671875e+02,-3.075872802734375000e+01,5.850000000000000000e+02
-2.008973541259765625e+02,-3.081130790710449219e+01,5.860000000000000000e+02
-2.002603302001953125e+02,-3.081130790710449219e+01,5.860000000000000000e+02
-1.996232910156250000e+02,-3.081130790710449219e+01,5.860000000000000000e+02
-1.752486572265625000e+02,-3.023293876647949219e+01,5.750000000000000000e+02
-1.743199005126953125e+02,-3.018035888671875000e+01,5.740000000000000000e+02
-1.733932952880859375e+02,-3.012778091430664062e+01,5.730000000000000000e+02
-1.724688873291015625e+02,-3.007520103454589844e+01,5.720000000000000000e+02
-1.718470611572265625e+02,-3.007520103454589844e+01,5.720000000000000000e+02
-1.709259185791015625e+02,-3.002262115478515625e+01,5.710000000000000000e+02
-1.703051910400390625e+02,-3.002262115478515625e+01,5.710000000000000000e+02
-1.696844635009765625e+02,-3.002262115478515625e+01,5.710000000000000000e+02
-1.690637359619140625e+02,-3.002262115478515625e+01,5.710000000000000000e+02
-1.681480255126953125e+02,-2.997004318237304688e+01,5.700000000000000000e+02
-1.675283813476562500e+02,-2.997004318237304688e+01,5.700000000000000000e+02
-1.669087524414062500e+02,-2.997004318237304688e+01,5.700000000000000000e+02
-1.665808410644531250e+02,-3.002262115478515625e+01,5.710000000000000000e+02
-1.659600982666015625e+02,-3.002262115478515625e+01,5.710000000000000000e+02
-1.653393859863281250e+02,-3.002262115478515625e+01,5.710000000000000000e+02
-1.647186431884765625e+02,-3.002262115478515625e+01,5.710000000000000000e+02
-1.643853149414062500e+02,-3.007520103454589844e+01,5.720000000000000000e+02
-1.637635040283203125e+02,-3.007520103454589844e+01,5.720000000000000000e+02
-1.631416931152343750e+02,-3.007520103454589844e+01,5.720000000000000000e+02
-1.628040008544921875e+02,-3.012778091430664062e+01,5.730000000000000000e+02
-1.621811065673828125e+02,-3.012778091430664062e+01,5.730000000000000000e+02
-1.618401489257812500e+02,-3.018035888671875000e+01,5.740000000000000000e+02
-1.614970397949218750e+02,-3.023293876647949219e+01,5.750000000000000000e+02
-1.611517333984375000e+02,-3.028551673889160156e+01,5.760000000000000000e+02
-1.610829620361328125e+02,-3.039067459106445312e+01,5.780000000000000000e+02
-1.607322235107421875e+02,-3.044325447082519531e+01,5.790000000000000000e+02
-1.606558380126953125e+02,-3.054841232299804688e+01,5.810000000000000000e+02
-1.602996673583984375e+02,-3.060099220275878906e+01,5.820000000000000000e+02
-1.596669921875000000e+02,-3.060099220275878906e+01,5.820000000000000000e+02
-1.593075561523437500e+02,-3.065357017517089844e+01,5.830000000000000000e+02
-1.586737976074218750e+02,-3.065357017517089844e+01,5.830000000000000000e+02
-1.583110961914062500e+02,-3.070615005493164062e+01,5.840000000000000000e+02
-1.576762542724609375e+02,-3.070615005493164062e+01,5.840000000000000000e+02
-1.573102874755859375e+02,-3.075872802734375000e+01,5.850000000000000000e+02
-1.566743469238281250e+02,-3.075872802734375000e+01,5.850000000000000000e+02
-1.560383911132812500e+02,-3.075872802734375000e+01,5.850000000000000000e+02
-1.554024658203125000e+02,-3.075872802734375000e+01,5.850000000000000000e+02
-1.550310668945312500e+02,-3.081130790710449219e+01,5.860000000000000000e+02
-1.543940429687500000e+02,-3.081130790710449219e+01,5.860000000000000000e+02
-1.537570037841796875e+02,-3.081130790710449219e+01,5.860000000000000000e+02
-1.531199798583984375e+02,-3.081130790710449219e+01,5.860000000000000000e+02
-1.524829406738281250e+02,-3.081130790710449219e+01,5.860000000000000000e+02
-1.518459167480468750e+02,-3.081130790710449219e+01,5.860000000000000000e+02
-1.512088775634765625e+02,-3.081130790710449219e+01,5.860000000000000000e+02
-1.508287811279296875e+02,-3.086388587951660156e+01,5.870000000000000000e+02
-0.000000000000000000e+00,-0.000000000000000000e+00,0.000000000000000000e+00
-0.000000000000000000e+00,-0.000000000000000000e+00,0.000000000000000000e+00
-2.180096435546875000e+02,-2.981357383728027344e+01,5.790000000000000000e+02
-2.173802337646484375e+02,-2.981357383728027344e+01,5.790000000000000000e+02
-2.163764495849609375e+02,-2.976208114624023438e+01,5.780000000000000000e+02
-2.157481231689453125e+02,-2.976208114624023438e+01,5.780000000000000000e+02
-2.151197662353515625e+02,-2.976208114624023438e+01,5.780000000000000000e+02
-2.144914398193359375e+02,-2.976208114624023438e+01,5.780000000000000000e+02
-2.138630981445312500e+02,-2.976208114624023438e+01,5.780000000000000000e+02
-2.132347717285156250e+02,-2.976208114624023438e+01,5.780000000000000000e+02
-2.126064300537109375e+02,-2.976208114624023438e+01,5.780000000000000000e+02
-2.123448486328125000e+02,-2.981357383728027344e+01,5.790000000000000000e+02
-2.117154235839843750e+02,-2.981357383728027344e+01,5.790000000000000000e+02
-2.114505767822265625e+02,-2.986506462097167969e+01,5.800000000000000000e+02
-0.000000000000000000e+00,-0.000000000000000000e+00,0.000000000000000000e+00
-2.101895599365234375e+02,-2.986506462097167969e+01,5.800000000000000000e+02
-2.099203491210937500e+02,-2.991655731201171875e+01,5.810000000000000000e+02
-2.092887573242187500e+02,-2.991655731201171875e+01,5.810000000000000000e+02
-2.090162963867187500e+02,-2.996804809570312500e+01,5.820000000000000000e+02
-2.083836059570312500e+02,-2.996804809570312500e+01,5.820000000000000000e+02
-2.077509307861328125e+02,-2.996804809570312500e+01,5.820000000000000000e+02
-2.074741058349609375e+02,-3.001953887939453125e+01,5.830000000000000000e+02
-2.068403472900390625e+02,-3.001953887939453125e+01,5.830000000000000000e+02
-2.062065734863281250e+02,-3.001953887939453125e+01,5.830000000000000000e+02
-2.055727996826171875e+02,-3.001953887939453125e+01,5.830000000000000000e+02
-2.052905578613281250e+02,-3.007103157043457031e+01,5.840000000000000000e+02
-2.046557006835937500e+02,-3.007103157043457031e+01,5.840000000000000000e+02
-1.746235961914062500e+02,-2.960760688781738281e+01,5.750000000000000000e+02
-1.736959075927734375e+02,-2.955611610412597656e+01,5.740000000000000000e+02
-1.727704010009765625e+02,-2.950462532043457031e+01,5.730000000000000000e+02
-1.721475067138671875e+02,-2.950462532043457031e+01,5.730000000000000000e+02
-1.712252655029296875e+02,-2.945313262939453125e+01,5.720000000000000000e+02
-1.706034393310546875e+02,-2.945313262939453125e+01,5.720000000000000000e+02
-1.696844635009765625e+02,-2.940164184570312500e+01,5.710000000000000000e+02
-1.690637359619140625e+02,-2.940164184570312500e+01,5.710000000000000000e+02
-1.684430236816406250e+02,-2.940164184570312500e+01,5.710000000000000000e+02
-1.678222808837890625e+02,-2.940164184570312500e+01,5.710000000000000000e+02
-1.672015686035156250e+02,-2.940164184570312500e+01,5.710000000000000000e+02
-1.665808410644531250e+02,-2.940164184570312500e+01,5.710000000000000000e+02
-1.662507476806640625e+02,-2.945313262939453125e+01,5.720000000000000000e+02
-1.656289520263671875e+02,-2.945313262939453125e+01,5.720000000000000000e+02
-1.650071258544921875e+02,-2.945313262939453125e+01,5.720000000000000000e+02
-1.643853149414062500e+02,-2.945313262939453125e+01,5.720000000000000000e+02
-1.640498046875000000e+02,-2.950462532043457031e+01,5.730000000000000000e+02
-1.634269104003906250e+02,-2.950462532043457031e+01,5.730000000000000000e+02
-1.630881195068359375e+02,-2.955611610412597656e+01,5.740000000000000000e+02
-1.624641418457031250e+02,-2.955611610412597656e+01,5.740000000000000000e+02
-1.621221008300781250e+02,-2.960760688781738281e+01,5.750000000000000000e+02
-1.617779083251953125e+02,-2.965909957885742188e+01,5.760000000000000000e+02
-1.617112884521484375e+02,-2.976208114624023438e+01,5.780000000000000000e+02
-1.613616485595703125e+02,-2.981357383728027344e+01,5.790000000000000000e+02
-1.610098266601562500e+02,-2.986506462097167969e+01,5.800000000000000000e+02
-1.609323577880859375e+02,-2.996804809570312500e+01,5.820000000000000000e+02
-1.605750885009765625e+02,-3.001953887939453125e+01,5.830000000000000000e+02
-1.599413299560546875e+02,-3.001953887939453125e+01,5.830000000000000000e+02
-1.595808105468750000e+02,-3.007103157043457031e+01,5.840000000000000000e+02
-1.592181243896484375e+02,-3.012252235412597656e+01,5.850000000000000000e+02
-1.585821685791015625e+02,-3.012252235412597656e+01,5.850000000000000000e+02
-1.579462432861328125e+02,-3.012252235412597656e+01,5.850000000000000000e+02
-1.575791931152343750e+02,-3.017401313781738281e+01,5.860000000000000000e+02
-1.569421691894531250e+02,-3.017401313781738281e+01,5.860000000000000000e+02
-1.563051300048828125e+02,-3.017401313781738281e+01,5.860000000000000000e+02
-1.559337463378906250e+02,-3.022550582885742188e+01,5.870000000000000000e+02
-1.552956237792968750e+02,-3.022550582885742188e+01,5.870000000000000000e+02
-1.546575164794921875e+02,-3.022550582885742188e+01,5.870000000000000000e+02
-1.540193939208984375e+02,-3.022550582885742188e+01,5.870000000000000000e+02
-2.270156555175781250e+02,-2.953672027587890625e+01,5.860000000000000000e+02
-2.259923095703125000e+02,-2.948631668090820312e+01,5.850000000000000000e+02
-2.249711303710937500e+02,-2.943591308593750000e+01,5.840000000000000000e+02
-2.239521484375000000e+02,-2.938550949096679688e+01,5.830000000000000000e+02
-2.229353179931640625e+02,-2.933510398864746094e+01,5.820000000000000000e+02
-2.219206848144531250e+02,-2.928470039367675781e+01,5.810000000000000000e+02
-2.212890777587890625e+02,-2.928470039367675781e+01,5.810000000000000000e+02
-2.202777099609375000e+02,-2.923429679870605469e+01,5.800000000000000000e+02
-2.192684783935546875e+02,-2.918389320373535156e+01,5.790000000000000000e+02
-2.182614593505859375e+02,-2.913348960876464844e+01,5.780000000000000000e+02
-2.176331176757812500e+02,-2.913348960876464844e+01,5.780000000000000000e+02
-2.166293487548828125e+02,-2.908308410644531250e+01,5.770000000000000000e+02
-2.160020904541015625e+02,-2.908308410644531250e+01,5.770000000000000000e+02
-2.153748474121093750e+02,-2.908308410644531250e+01,5.770000000000000000e+02
-2.147475891113281250e+02,-2.908308410644531250e+01,5.770000000000000000e+02
-2.141203613281250000e+02,-2.908308410644531250e+01,5.770000000000000000e+02
-2.134931030273437500e+02,-2.908308410644531250e+01,5.770000000000000000e+02
-2.128658599853515625e+02,-2.908308410644531250e+01,5.770000000000000000e+02
-2.126064300537109375e+02,-2.913348960876464844e+01,5.780000000000000000e+02
-2.123448486328125000e+02,-2.918389320373535156e+01,5.790000000000000000e+02
-2.117154235839843750e+02,-2.918389320373535156e+01,5.790000000000000000e+02
-2.114505767822265625e+02,-2.923429679870605469e+01,5.800000000000000000e+02
-2.108200531005859375e+02,-2.923429679870605469e+01,5.800000000000000000e+02
-2.105519561767578125e+02,-2.928470039367675781e+01,5.810000000000000000e+02
-2.099203491210937500e+02,-2.928470039367675781e+01,5.810000000000000000e+02
-2.096489868164062500e+02,-2.933510398864746094e+01,5.820000000000000000e+02
-2.090162963867187500e+02,-2.933510398864746094e+01,5.820000000000000000e+02
-2.083836059570312500e+02,-2.933510398864746094e+01,5.820000000000000000e+02
-2.081078948974609375e+02,-2.938550949096679688e+01,5.830000000000000000e+02
-2.074741058349609375e+02,-2.938550949096679688e+01,5.830000000000000000e+02
-2.071951293945312500e+02,-2.943591308593750000e+01,5.840000000000000000e+02
-2.065602722167968750e+02,-2.943591308593750000e+01,5.840000000000000000e+02
-1.743011169433593750e+02,-2.903268051147460938e+01,5.760000000000000000e+02
-1.733734436035156250e+02,-2.898227691650390625e+01,5.750000000000000000e+02
-1.724479370117187500e+02,-2.893187332153320312e+01,5.740000000000000000e+02
-1.715246124267578125e+02,-2.888146972656250000e+01,5.730000000000000000e+02
-1.709017028808593750e+02,-2.888146972656250000e+01,5.730000000000000000e+02
-1.699816436767578125e+02,-2.883106422424316406e+01,5.720000000000000000e+02
-1.693598175048828125e+02,-2.883106422424316406e+01,5.720000000000000000e+02
-1.687380218505859375e+02,-2.883106422424316406e+01,5.720000000000000000e+02
-1.681161956787109375e+02,-2.883106422424316406e+01,5.720000000000000000e+02
-1.674943847656250000e+02,-2.883106422424316406e+01,5.720000000000000000e+02
-1.668725738525390625e+02,-2.883106422424316406e+01,5.720000000000000000e+02
-1.662507476806640625e+02,-2.883106422424316406e+01,5.720000000000000000e+02
-1.659185028076171875e+02,-2.888146972656250000e+01,5.730000000000000000e+02
-1.652955932617187500e+02,-2.888146972656250000e+01,5.730000000000000000e+02
-1.646727142333984375e+02,-2.888146972656250000e+01,5.730000000000000000e+02
-1.643361053466796875e+02,-2.893187332153320312e+01,5.740000000000000000e+02
-1.637121276855468750e+02,-2.893187332153320312e+01,5.740000000000000000e+02
-1.633722534179687500e+02,-2.898227691650390625e+01,5.750000000000000000e+02
-1.630302276611328125e+02,-2.903268051147460938e+01,5.760000000000000000e+02
-1.626860046386718750e+02,-2.908308410644531250e+01,5.770000000000000000e+02
-1.623396301269531250e+02,-2.913348960876464844e+01,5.780000000000000000e+02
-1.619910736083984375e+02,-2.918389320373535156e+01,5.790000000000000000e+02
-1.619190368652343750e+02,-2.928470039367675781e+01,5.810000000000000000e+02
-1.618426361083984375e+02,-2.938550949096679688e+01,5.830000000000000000e+02
-1.612088775634765625e+02,-2.938550949096679688e+01,5.830000000000000000e+02
-1.608505249023437500e+02,-2.943591308593750000e+01,5.840000000000000000e+02
-1.604900207519531250e+02,-2.948631668090820312e+01,5.850000000000000000e+02
-1.598540649414062500e+02,-2.948631668090820312e+01,5.850000000000000000e+02
-1.594902954101562500e+02,-2.953672027587890625e+01,5.860000000000000000e+02
-1.588532562255859375e+02,-2.953672027587890625e+01,5.860000000000000000e+02
-1.582162322998046875e+02,-2.953672027587890625e+01,5.860000000000000000e+02
-1.578480987548828125e+02,-2.958712387084960938e+01,5.870000000000000000e+02
-1.572099914550781250e+02,-2.958712387084960938e+01,5.870000000000000000e+02
-1.565718688964843750e+02,-2.958712387084960938e+01,5.870000000000000000e+02
-1.559337463378906250e+02,-2.958712387084960938e+01,5.870000000000000000e+02
-2.279001464843750000e+02,-2.885010910034179688e+01,5.850000000000000000e+02
-0.000000000000000000e+00,-0.000000000000000000e+00,0.000000000000000000e+00
-0.000000000000000000e+00,-0.000000000000000000e+00,0.000000000000000000e+00
-2.252196960449218750e+02,-2.875147628784179688e+01,5.830000000000000000e+02
-2.242006835937500000e+02,-2.870215988159179688e+01,5.820000000000000000e+02
-0.000000000000000000e+00,-0.000000000000000000e+00,0.000000000000000000e+00
-0.000000000000000000e+00,-0.000000000000000000e+00,0.000000000000000000e+00
-2.215387268066406250e+02,-2.860352706909179688e+01,5.800000000000000000e+02
-2.205273284912109375e+02,-2.855421066284179688e+01,5.790000000000000000e+02
-2.198979187011718750e+02,-2.855421066284179688e+01,5.790000000000000000e+02
-2.188897857666015625e+02,-2.850489425659179688e+01,5.780000000000000000e+02
-2.178838348388671875e+02,-2.845557785034179688e+01,5.770000000000000000e+02
-2.172565917968750000e+02,-2.845557785034179688e+01,5.770000000000000000e+02
-2.166293487548828125e+02,-2.845557785034179688e+01,5.770000000000000000e+02
-2.160020904541015625e+02,-2.845557785034179688e+01,5.770000000000000000e+02
-2.153748474121093750e+02,-2.845557785034179688e+01,5.770000000000000000e+02
-2.147475891113281250e+02,-2.845557785034179688e+01,5.770000000000000000e+02
-2.141203613281250000e+02,-2.845557785034179688e+01,5.770000000000000000e+02
-2.134931030273437500e+02,-2.845557785034179688e+01,5.770000000000000000e+02
-2.132347717285156250e+02,-2.850489425659179688e+01,5.780000000000000000e+02
-2.126064300537109375e+02,-2.850489425659179688e+01,5.780000000000000000e+02
-2.123448486328125000e+02,-2.855421066284179688e+01,5.790000000000000000e+02
-2.120810852050781250e+02,-2.860352706909179688e+01,5.800000000000000000e+02
-2.114505767822265625e+02,-2.860352706909179688e+01,5.800000000000000000e+02
-2.111835479736328125e+02,-2.865284347534179688e+01,5.810000000000000000e+02
-2.109143524169921875e+02,-2.870215988159179688e+01,5.820000000000000000e+02
-2.102816619873046875e+02,-2.870215988159179688e+01,5.820000000000000000e+02
-2.100092010498046875e+02,-2.875147628784179688e+01,5.830000000000000000e+02
-2.093754272460937500e+02,-2.875147628784179688e+01,5.830000000000000000e+02
-2.090997009277343750e+02,-2.880079269409179688e+01,5.840000000000000000e+02
-2.084648437500000000e+02,-2.880079269409179688e+01,5.840000000000000000e+02
-2.081858520507812500e+02,-2.885010910034179688e+01,5.850000000000000000e+02
-1.736749572753906250e+02,-2.840626144409179688e+01,5.760000000000000000e+02
-1.727483673095703125e+02,-2.835694503784179688e+01,5.750000000000000000e+02
-1.718239593505859375e+02,-2.830762863159179688e+01,5.740000000000000000e+02
-1.711999664306640625e+02,-2.830762863159179688e+01,5.740000000000000000e+02
-1.702788085937500000e+02,-2.825831222534179688e+01,5.730000000000000000e+02
-1.696558990478515625e+02,-2.825831222534179688e+01,5.730000000000000000e+02
-1.690330047607421875e+02,-2.825831222534179688e+01,5.730000000000000000e+02
-1.684101104736328125e+02,-2.825831222534179688e+01,5.730000000000000000e+02
-1.677872161865234375e+02,-2.825831222534179688e+01,5.730000000000000000e+02
-1.671643066406250000e+02,-2.825831222534179688e+01,5.730000000000000000e+02
-1.665413970947265625e+02,-2.825831222534179688e+01,5.730000000000000000e+02
-1.662080688476562500e+02,-2.830762863159179688e+01,5.740000000000000000e+02
-1.655840759277343750e+02,-2.830762863159179688e+01,5.740000000000000000e+02
-1.652474822998046875e+02,-2.835694503784179688e+01,5.750000000000000000e+02
-1.646224060058593750e+02,-2.835694503784179688e+01,5.750000000000000000e+02
-1.642825469970703125e+02,-2.840626144409179688e+01,5.760000000000000000e+02
-1.639405059814453125e+02,-2.845557785034179688e+01,5.770000000000000000e+02
-1.635962982177734375e+02,-2.850489425659179688e+01,5.780000000000000000e+02
-1.632499084472656250e+02,-2.855421066284179688e+01,5.790000000000000000e+02
-1.629013671875000000e+02,-2.860352706909179688e+01,5.800000000000000000e+02
-1.625506286621093750e+02,-2.865284347534179688e+01,5.810000000000000000e+02
-1.624764099121093750e+02,-2.875147628784179688e+01,5.830000000000000000e+02
-1.621202392578125000e+02,-2.880079269409179688e+01,5.840000000000000000e+02
-1.617619018554687500e+02,-2.885010910034179688e+01,5.850000000000000000e+02
-1.611259460449218750e+02,-2.885010910034179688e+01,5.850000000000000000e+02
-1.607643585205078125e+02,-2.889942550659179688e+01,5.860000000000000000e+02
-1.601273193359375000e+02,-2.889942550659179688e+01,5.860000000000000000e+02
-1.594902954101562500e+02,-2.889942550659179688e+01,5.860000000000000000e+02
-1.591243438720703125e+02,-2.894874191284179688e+01,5.870000000000000000e+02
-1.584862213134765625e+02,-2.894874191284179688e+01,5.870000000000000000e+02
-1.578480987548828125e+02,-2.894874191284179688e+01,5.870000000000000000e+02
-0.000000000000000000e+00,-0.000000000000000000e+00,0.000000000000000000e+00
-0.000000000000000000e+00,-0.000000000000000000e+00,0.000000000000000000e+00
-0.000000000000000000e+00,-0.000000000000000000e+00,0.000000000000000000e+00
-0.000000000000000000e+00,-0.000000000000000000e+00,0.000000000000000000e+00
-0.000000000000000000e+00,-0.000000000000000000e+00,0.000000000000000000e+00
-2.258534545898437500e+02,-2.811744499206542969e+01,5.830000000000000000e+02
-2.248333740234375000e+02,-2.806921577453613281e+01,5.820000000000000000e+02
-2.238154602050781250e+02,-2.802098655700683594e+01,5.810000000000000000e+02
-2.231838836669921875e+02,-2.802098655700683594e+01,5.810000000000000000e+02
-2.221692199707031250e+02,-2.797275733947753906e+01,5.800000000000000000e+02
-2.211567535400390625e+02,-2.792453002929687500e+01,5.790000000000000000e+02
-2.205273284912109375e+02,-2.792453002929687500e+01,5.790000000000000000e+02
-2.198979187011718750e+02,-2.792453002929687500e+01,5.790000000000000000e+02
-2.188897857666015625e+02,-2.787630081176757812e+01,5.780000000000000000e+02
-2.178838348388671875e+02,-2.782807159423828125e+01,5.770000000000000000e+02
-2.172565917968750000e+02,-2.782807159423828125e+01,5.770000000000000000e+02
-2.166293487548828125e+02,-2.782807159423828125e+01,5.770000000000000000e+02
-2.160020904541015625e+02,-2.782807159423828125e+01,5.770000000000000000e+02
-2.153748474121093750e+02,-2.782807159423828125e+01,5.770000000000000000e+02
-2.147475891113281250e+02,-2.782807159423828125e+01,5.770000000000000000e+02
-2.141203613281250000e+02,-2.782807159423828125e+01,5.770000000000000000e+02
-2.138630981445312500e+02,-2.787630081176757812e+01,5.780000000000000000e+02
-2.132347717285156250e+02,-2.787630081176757812e+01,5.780000000000000000e+02
-2.129742584228515625e+02,-2.792453002929687500e+01,5.790000000000000000e+02
-2.127115936279296875e+02,-2.797275733947753906e+01,5.800000000000000000e+02
-2.124467315673828125e+02,-2.802098655700683594e+01,5.810000000000000000e+02
-2.121797180175781250e+02,-2.806921577453613281e+01,5.820000000000000000e+02
-2.115470275878906250e+02,-2.806921577453613281e+01,5.820000000000000000e+02
-2.112767486572265625e+02,-2.811744499206542969e+01,5.830000000000000000e+02
-2.110042724609375000e+02,-2.816567420959472656e+01,5.840000000000000000e+02
-1.733492279052734375e+02,-2.782807159423828125e+01,5.770000000000000000e+02
-1.724226379394531250e+02,-2.777984237670898438e+01,5.760000000000000000e+02
-1.717964782714843750e+02,-2.777984237670898438e+01,5.760000000000000000e+02
-1.708731536865234375e+02,-2.773161315917968750e+01,5.750000000000000000e+02
-1.702480621337890625e+02,-2.773161315917968750e+01,5.750000000000000000e+02
-1.693280029296875000e+02,-2.768338394165039062e+01,5.740000000000000000e+02
-1.687040100097656250e+02,-2.768338394165039062e+01,5.740000000000000000e+02
-1.680800323486328125e+02,-2.768338394165039062e+01,5.740000000000000000e+02
-1.677477722167968750e+02,-2.773161315917968750e+01,5.750000000000000000e+02
-1.671226959228515625e+02,-2.773161315917968750e+01,5.750000000000000000e+02
-1.664976348876953125e+02,-2.773161315917968750e+01,5.750000000000000000e+02
-1.661610260009765625e+02,-2.777984237670898438e+01,5.760000000000000000e+02
-1.658222503662109375e+02,-2.782807159423828125e+01,5.770000000000000000e+02
-1.651949920654296875e+02,-2.782807159423828125e+01,5.770000000000000000e+02
-1.648529663085937500e+02,-2.787630081176757812e+01,5.780000000000000000e+02
-1.645087585449218750e+02,-2.792453002929687500e+01,5.790000000000000000e+02
-1.638793487548828125e+02,-2.792453002929687500e+01,5.790000000000000000e+02
-1.635318603515625000e+02,-2.797275733947753906e+01,5.800000000000000000e+02
-1.631822204589843750e+02,-2.802098655700683594e+01,5.810000000000000000e+02
-1.628303985595703125e+02,-2.806921577453613281e+01,5.820000000000000000e+02
-1.627551116943359375e+02,-2.816567420959472656e+01,5.840000000000000000e+02
-1.623978424072265625e+02,-2.821390342712402344e+01,5.850000000000000000e+02
-1.620384216308593750e+02,-2.826213073730468750e+01,5.860000000000000000e+02
-1.614013824462890625e+02,-2.826213073730468750e+01,5.860000000000000000e+02
-1.610386962890625000e+02,-2.831035995483398438e+01,5.870000000000000000e+02
-1.604005737304687500e+02,-2.831035995483398438e+01,5.870000000000000000e+02
-1.597624664306640625e+02,-2.831035995483398438e+01,5.870000000000000000e+02
-1.591243438720703125e+02,-2.831035995483398438e+01,5.870000000000000000e+02
-2.321119232177734375e+02,-2.762483787536621094e+01,5.860000000000000000e+02
-2.314748840332031250e+02,-2.762483787536621094e+01,5.860000000000000000e+02
-2.308378601074218750e+02,-2.762483787536621094e+01,5.860000000000000000e+02
-2.298079833984375000e+02,-2.757769584655761719e+01,5.850000000000000000e+02
-2.291720275878906250e+02,-2.757769584655761719e+01,5.850000000000000000e+02
-2.281454315185546875e+02,-2.753055572509765625e+01,5.840000000000000000e+02
-2.271209869384765625e+02,-2.748341369628906250e+01,5.830000000000000000e+02
-2.264872283935546875e+02,-2.748341369628906250e+01,5.830000000000000000e+02
-2.254660491943359375e+02,-2.743627357482910156e+01,5.820000000000000000e+02
-2.248333740234375000e+02,-2.743627357482910156e+01,5.820000000000000000e+02
-2.238154602050781250e+02,-2.738913154602050781e+01,5.810000000000000000e+02
-2.231838836669921875e+02,-2.738913154602050781e+01,5.810000000000000000e+02
-2.221692199707031250e+02,-2.734198951721191406e+01,5.800000000000000000e+02
-2.211567535400390625e+02,-2.729484939575195312e+01,5.790000000000000000e+02
-2.205273284912109375e+02,-2.729484939575195312e+01,5.790000000000000000e+02
-2.195181274414062500e+02,-2.724770736694335938e+01,5.780000000000000000e+02
-2.188897857666015625e+02,-2.724770736694335938e+01,5.780000000000000000e+02
-2.178838348388671875e+02,-2.720056533813476562e+01,5.770000000000000000e+02
-2.172565917968750000e+02,-2.720056533813476562e+01,5.770000000000000000e+02
-2.166293487548828125e+02,-2.720056533813476562e+01,5.770000000000000000e+02
-2.160020904541015625e+02,-2.720056533813476562e+01,5.770000000000000000e+02
-2.153748474121093750e+02,-2.720056533813476562e+01,5.770000000000000000e+02
-2.151197662353515625e+02,-2.724770736694335938e+01,5.780000000000000000e+02
-2.144914398193359375e+02,-2.724770736694335938e+01,5.780000000000000000e+02
-2.138630981445312500e+02,-2.724770736694335938e+01,5.780000000000000000e+02
-2.136036987304687500e+02,-2.729484939575195312e+01,5.790000000000000000e+02
-2.133421020507812500e+02,-2.734198951721191406e+01,5.800000000000000000e+02
-2.130783386230468750e+02,-2.738913154602050781e+01,5.810000000000000000e+02
-2.128123931884765625e+02,-2.743627357482910156e+01,5.820000000000000000e+02
-1.730213317871093750e+02,-2.724770736694335938e+01,5.780000000000000000e+02
-1.720947265625000000e+02,-2.720056533813476562e+01,5.770000000000000000e+02
-1.714674987792968750e+02,-2.720056533813476562e+01,5.770000000000000000e+02
-1.705441589355468750e+02,-2.715342521667480469e+01,5.760000000000000000e+02
-1.699179992675781250e+02,-2.715342521667480469e+01,5.760000000000000000e+02
-1.692918395996093750e+02,-2.715342521667480469e+01,5.760000000000000000e+02
-1.686656799316406250e+02,-2.715342521667480469e+01,5.760000000000000000e+02
-1.680395050048828125e+02,-2.715342521667480469e+01,5.760000000000000000e+02
-1.677039947509765625e+02,-2.720056533813476562e+01,5.770000000000000000e+02
-1.670767517089843750e+02,-2.720056533813476562e+01,5.770000000000000000e+02
-1.667379608154296875e+02,-2.724770736694335938e+01,5.780000000000000000e+02
-1.661096496582031250e+02,-2.724770736694335938e+01,5.780000000000000000e+02
-1.657675933837890625e+02,-2.729484939575195312e+01,5.790000000000000000e+02
-1.651381835937500000e+02,-2.729484939575195312e+01,5.790000000000000000e+02
-1.647928771972656250e+02,-2.734198951721191406e+01,5.800000000000000000e+02
-1.644454193115234375e+02,-2.738913154602050781e+01,5.810000000000000000e+02
-1.640957641601562500e+02,-2.743627357482910156e+01,5.820000000000000000e+02
-1.640248260498046875e+02,-2.753055572509765625e+01,5.840000000000000000e+02
-1.636697387695312500e+02,-2.757769584655761719e+01,5.850000000000000000e+02
-1.630337982177734375e+02,-2.757769584655761719e+01,5.850000000000000000e+02
-1.626754455566406250e+02,-2.762483787536621094e+01,5.860000000000000000e+02
-1.623149414062500000e+02,-2.767197990417480469e+01,5.870000000000000000e+02
-1.616768188476562500e+02,-2.767197990417480469e+01,5.870000000000000000e+02
-1.610386962890625000e+02,-2.767197990417480469e+01,5.870000000000000000e+02
-1.604005737304687500e+02,-2.767197990417480469e+01,5.870000000000000000e+02
-1.597624664306640625e+02,-2.767197990417480469e+01,5.870000000000000000e+02
-2.332242889404296875e+02,-2.689543533325195312e+01,5.840000000000000000e+02
-2.325894470214843750e+02,-2.689543533325195312e+01,5.840000000000000000e+02
-2.319545745849609375e+02,-2.689543533325195312e+01,5.840000000000000000e+02
-2.313197326660156250e+02,-2.689543533325195312e+01,5.840000000000000000e+02
-2.306848602294921875e+02,-2.689543533325195312e+01,5.840000000000000000e+02
-2.300500183105468750e+02,-2.689543533325195312e+01,5.840000000000000000e+02
-2.294151458740234375e+02,-2.689543533325195312e+01,5.840000000000000000e+02
-2.283885345458984375e+02,-2.684938049316406250e+01,5.830000000000000000e+02
-2.277547760009765625e+02,-2.684938049316406250e+01,5.830000000000000000e+02
-2.267314147949218750e+02,-2.680332756042480469e+01,5.820000000000000000e+02
-2.260987396240234375e+02,-2.680332756042480469e+01,5.820000000000000000e+02
-2.250786590576171875e+02,-2.675727272033691406e+01,5.810000000000000000e+02
-2.244470672607421875e+02,-2.675727272033691406e+01,5.810000000000000000e+02
-2.238154602050781250e+02,-2.675727272033691406e+01,5.810000000000000000e+02
-2.227997436523437500e+02,-2.671121978759765625e+01,5.800000000000000000e+02
-2.221692199707031250e+02,-2.671121978759765625e+01,5.800000000000000000e+02
-2.211567535400390625e+02,-2.666516494750976562e+01,5.790000000000000000e+02
-2.205273284912109375e+02,-2.666516494750976562e+01,5.790000000000000000e+02
-2.195181274414062500e+02,-2.661911201477050781e+01,5.780000000000000000e+02
-2.188897857666015625e+02,-2.661911201477050781e+01,5.780000000000000000e+02
-2.182614593505859375e+02,-2.661911201477050781e+01,5.780000000000000000e+02
-2.176331176757812500e+02,-2.661911201477050781e+01,5.780000000000000000e+02
-2.170047912597656250e+02,-2.661911201477050781e+01,5.780000000000000000e+02
-2.163764495849609375e+02,-2.661911201477050781e+01,5.780000000000000000e+02
-2.157481231689453125e+02,-2.661911201477050781e+01,5.780000000000000000e+02
-2.154919586181640625e+02,-2.666516494750976562e+01,5.790000000000000000e+02
-2.148625335693359375e+02,-2.666516494750976562e+01,5.790000000000000000e+02
-1.726912536621093750e+02,-2.666516494750976562e+01,5.790000000000000000e+02
-1.717646636962890625e+02,-2.661911201477050781e+01,5.780000000000000000e+02
-1.711363220214843750e+02,-2.661911201477050781e+01,5.780000000000000000e+02
-1.705079956054687500e+02,-2.661911201477050781e+01,5.780000000000000000e+02
-1.698796539306640625e+02,-2.661911201477050781e+01,5.780000000000000000e+02
-1.692513275146484375e+02,-2.661911201477050781e+01,5.780000000000000000e+02
-1.686229858398437500e+02,-2.661911201477050781e+01,5.780000000000000000e+02
-1.679946441650390625e+02,-2.661911201477050781e+01,5.780000000000000000e+02
-1.676558685302734375e+02,-2.666516494750976562e+01,5.790000000000000000e+02
-1.670264434814453125e+02,-2.666516494750976562e+01,5.790000000000000000e+02
-1.666844177246093750e+02,-2.671121978759765625e+01,5.800000000000000000e+02
-1.660538940429687500e+02,-2.671121978759765625e+01,5.800000000000000000e+02
-1.657086181640625000e+02,-2.675727272033691406e+01,5.810000000000000000e+02
-1.653611297607421875e+02,-2.680332756042480469e+01,5.820000000000000000e+02
-1.650114898681640625e+02,-2.684938049316406250e+01,5.830000000000000000e+02
-1.646596679687500000e+02,-2.689543533325195312e+01,5.840000000000000000e+02
-1.643056793212890625e+02,-2.694148826599121094e+01,5.850000000000000000e+02
-1.639495086669921875e+02,-2.698754310607910156e+01,5.860000000000000000e+02
-1.633124847412109375e+02,-2.698754310607910156e+01,5.860000000000000000e+02
-1.629530487060546875e+02,-2.703359603881835938e+01,5.870000000000000000e+02
-1.623149414062500000e+02,-2.703359603881835938e+01,5.870000000000000000e+02
-1.616768188476562500e+02,-2.703359603881835938e+01,5.870000000000000000e+02
-1.610386962890625000e+02,-2.703359603881835938e+01,5.870000000000000000e+02
-2.347262573242187500e+02,-2.621535110473632812e+01,5.830000000000000000e+02
-2.336909484863281250e+02,-2.617038345336914062e+01,5.820000000000000000e+02
-2.330582733154296875e+02,-2.617038345336914062e+01,5.820000000000000000e+02
-2.328249359130859375e+02,-2.621535110473632812e+01,5.830000000000000000e+02
-2.317929077148437500e+02,-2.617038345336914062e+01,5.820000000000000000e+02
-2.315573883056640625e+02,-2.621535110473632812e+01,5.830000000000000000e+02
-2.309236297607421875e+02,-2.621535110473632812e+01,5.830000000000000000e+02
-2.302898559570312500e+02,-2.621535110473632812e+01,5.830000000000000000e+02
-2.296560974121093750e+02,-2.621535110473632812e+01,5.830000000000000000e+02
-2.290223083496093750e+02,-2.621535110473632812e+01,5.830000000000000000e+02
-2.279967803955078125e+02,-2.617038345336914062e+01,5.820000000000000000e+02
-2.273641204833984375e+02,-2.617038345336914062e+01,5.820000000000000000e+02
-2.267314147949218750e+02,-2.617038345336914062e+01,5.820000000000000000e+02
-2.257102661132812500e+02,-2.612541770935058594e+01,5.810000000000000000e+02
-2.250786590576171875e+02,-2.612541770935058594e+01,5.810000000000000000e+02
-2.244470672607421875e+02,-2.612541770935058594e+01,5.810000000000000000e+02
-2.234302368164062500e+02,-2.608045196533203125e+01,5.800000000000000000e+02
-2.227997436523437500e+02,-2.608045196533203125e+01,5.800000000000000000e+02
-2.221692199707031250e+02,-2.608045196533203125e+01,5.800000000000000000e+02
-2.211567535400390625e+02,-2.603548431396484375e+01,5.790000000000000000e+02
-0.000000000000000000e+00,-0.000000000000000000e+00,0.000000000000000000e+00
-1.717284851074218750e+02,-2.608045196533203125e+01,5.800000000000000000e+02
-1.708029937744140625e+02,-2.603548431396484375e+01,5.790000000000000000e+02
-1.701735534667968750e+02,-2.603548431396484375e+01,5.790000000000000000e+02
-1.695441436767578125e+02,-2.603548431396484375e+01,5.790000000000000000e+02
-1.692064514160156250e+02,-2.608045196533203125e+01,5.800000000000000000e+02
-1.685759277343750000e+02,-2.608045196533203125e+01,5.800000000000000000e+02
-1.679454345703125000e+02,-2.608045196533203125e+01,5.800000000000000000e+02
-1.676033935546875000e+02,-2.612541770935058594e+01,5.810000000000000000e+02
-1.672591857910156250e+02,-2.617038345336914062e+01,5.820000000000000000e+02
-1.666264953613281250e+02,-2.617038345336914062e+01,5.820000000000000000e+02
-1.662790374755859375e+02,-2.621535110473632812e+01,5.830000000000000000e+02
-1.656452636718750000e+02,-2.621535110473632812e+01,5.830000000000000000e+02
-1.652945404052734375e+02,-2.626031684875488281e+01,5.840000000000000000e+02
-1.652235717773437500e+02,-2.635024833679199219e+01,5.860000000000000000e+02
-1.645865478515625000e+02,-2.635024833679199219e+01,5.860000000000000000e+02
-1.639495086669921875e+02,-2.635024833679199219e+01,5.860000000000000000e+02
-1.635911712646484375e+02,-2.639521598815917969e+01,5.870000000000000000e+02
-1.629530487060546875e+02,-2.639521598815917969e+01,5.870000000000000000e+02
-1.623149414062500000e+02,-2.639521598815917969e+01,5.870000000000000000e+02
-1.616768188476562500e+02,-2.639521598815917969e+01,5.870000000000000000e+02
-0.000000000000000000e+00,-0.000000000000000000e+00,0.000000000000000000e+00
-0.000000000000000000e+00,-0.000000000000000000e+00,0.000000000000000000e+00
-2.377106018066406250e+02,-2.549356269836425781e+01,5.810000000000000000e+02
-2.370789947509765625e+02,-2.549356269836425781e+01,5.810000000000000000e+02
-2.364474029541015625e+02,-2.549356269836425781e+01,5.810000000000000000e+02
-2.358157958984375000e+02,-2.549356269836425781e+01,5.810000000000000000e+02
-2.347794189453125000e+02,-2.544968223571777344e+01,5.800000000000000000e+02
-2.341488952636718750e+02,-2.544968223571777344e+01,5.800000000000000000e+02
-2.339210205078125000e+02,-2.549356269836425781e+01,5.810000000000000000e+02
-2.332894134521484375e+02,-2.549356269836425781e+01,5.810000000000000000e+02
-2.326578216552734375e+02,-2.549356269836425781e+01,5.810000000000000000e+02
-2.320262145996093750e+02,-2.549356269836425781e+01,5.810000000000000000e+02
-2.313946380615234375e+02,-2.549356269836425781e+01,5.810000000000000000e+02
-2.307630310058593750e+02,-2.549356269836425781e+01,5.810000000000000000e+02
-2.301314392089843750e+02,-2.549356269836425781e+01,5.810000000000000000e+02
-2.298948516845703125e+02,-2.553744125366210938e+01,5.820000000000000000e+02
-2.292621765136718750e+02,-2.553744125366210938e+01,5.820000000000000000e+02
-2.286294860839843750e+02,-2.553744125366210938e+01,5.820000000000000000e+02
-2.279967803955078125e+02,-2.553744125366210938e+01,5.820000000000000000e+02
-2.273641204833984375e+02,-2.553744125366210938e+01,5.820000000000000000e+02
-1.713929901123046875e+02,-2.549356269836425781e+01,5.810000000000000000e+02
-1.707613830566406250e+02,-2.549356269836425781e+01,5.810000000000000000e+02
-1.701297912597656250e+02,-2.549356269836425781e+01,5.810000000000000000e+02
-1.694981842041015625e+02,-2.549356269836425781e+01,5.810000000000000000e+02
-1.691572265625000000e+02,-2.553744125366210938e+01,5.820000000000000000e+02
-1.685245513916015625e+02,-2.553744125366210938e+01,5.820000000000000000e+02
-1.678918609619140625e+02,-2.553744125366210938e+01,5.820000000000000000e+02
-1.675465698242187500e+02,-2.558131980895996094e+01,5.830000000000000000e+02
-1.671990966796875000e+02,-2.562519836425781250e+01,5.840000000000000000e+02
-1.665642547607421875e+02,-2.562519836425781250e+01,5.840000000000000000e+02
-1.662135162353515625e+02,-2.566907691955566406e+01,5.850000000000000000e+02
-1.658606109619140625e+02,-2.571295547485351562e+01,5.860000000000000000e+02
-1.652235717773437500e+02,-2.571295547485351562e+01,5.860000000000000000e+02
-1.648674163818359375e+02,-2.575683403015136719e+01,5.870000000000000000e+02
-1.642292785644531250e+02,-2.575683403015136719e+01,5.870000000000000000e+02
-1.635911712646484375e+02,-2.575683403015136719e+01,5.870000000000000000e+02
-1.629530487060546875e+02,-2.575683403015136719e+01,5.870000000000000000e+02
-2.412831420898437500e+02,-2.490449523925781250e+01,5.820000000000000000e+02
-0.000000000000000000e+00,-0.000000000000000000e+00,0.000000000000000000e+00
-2.391929779052734375e+02,-2.481891250610351562e+01,5.800000000000000000e+02
-2.385624694824218750e+02,-2.481891250610351562e+01,5.800000000000000000e+02
-2.375217285156250000e+02,-2.477612113952636719e+01,5.790000000000000000e+02
-2.368923187255859375e+02,-2.477612113952636719e+01,5.790000000000000000e+02
-2.362628784179687500e+02,-2.477612113952636719e+01,5.790000000000000000e+02
-2.356334686279296875e+02,-2.477612113952636719e+01,5.790000000000000000e+02
-2.350040435791015625e+02,-2.477612113952636719e+01,5.790000000000000000e+02
-2.343746185302734375e+02,-2.477612113952636719e+01,5.790000000000000000e+02
-2.337451934814453125e+02,-2.477612113952636719e+01,5.790000000000000000e+02
-2.331157836914062500e+02,-2.477612113952636719e+01,5.790000000000000000e+02
-2.324863586425781250e+02,-2.477612113952636719e+01,5.790000000000000000e+02
-2.318569335937500000e+02,-2.477612113952636719e+01,5.790000000000000000e+02
-2.316268615722656250e+02,-2.481891250610351562e+01,5.800000000000000000e+02
-2.309963684082031250e+02,-2.481891250610351562e+01,5.800000000000000000e+02
-2.307630310058593750e+02,-2.486170387268066406e+01,5.810000000000000000e+02
-2.301314392089843750e+02,-2.486170387268066406e+01,5.810000000000000000e+02
-2.294998321533203125e+02,-2.486170387268066406e+01,5.810000000000000000e+02
-2.292621765136718750e+02,-2.490449523925781250e+01,5.820000000000000000e+02
-2.286294860839843750e+02,-2.490449523925781250e+01,5.820000000000000000e+02
-1.700816650390625000e+02,-2.494728660583496094e+01,5.830000000000000000e+02
-1.694478759765625000e+02,-2.494728660583496094e+01,5.830000000000000000e+02
-1.688141174316406250e+02,-2.494728660583496094e+01,5.830000000000000000e+02
-1.684688110351562500e+02,-2.499007797241210938e+01,5.840000000000000000e+02
-1.678339691162109375e+02,-2.499007797241210938e+01,5.840000000000000000e+02
-1.671990966796875000e+02,-2.499007797241210938e+01,5.840000000000000000e+02
-1.668494567871093750e+02,-2.503286933898925781e+01,5.850000000000000000e+02
-1.664976348876953125e+02,-2.507566070556640625e+01,5.860000000000000000e+02
-1.658606109619140625e+02,-2.507566070556640625e+01,5.860000000000000000e+02
-1.655055236816406250e+02,-2.511845207214355469e+01,5.870000000000000000e+02
-1.648674163818359375e+02,-2.511845207214355469e+01,5.870000000000000000e+02
-1.642292785644531250e+02,-2.511845207214355469e+01,5.870000000000000000e+02
-2.461341247558593750e+02,-2.431325531005859375e+01,5.830000000000000000e+02
-2.455003356933593750e+02,-2.431325531005859375e+01,5.830000000000000000e+02
-2.448665771484375000e+02,-2.431325531005859375e+01,5.830000000000000000e+02
-2.438138732910156250e+02,-2.427155113220214844e+01,5.820000000000000000e+02
-2.427633666992187500e+02,-2.422984886169433594e+01,5.810000000000000000e+02
-2.421317596435546875e+02,-2.422984886169433594e+01,5.810000000000000000e+02
-2.410845031738281250e+02,-2.418814468383789062e+01,5.800000000000000000e+02
-2.400394134521484375e+02,-2.414644050598144531e+01,5.790000000000000000e+02
-2.394100036621093750e+02,-2.414644050598144531e+01,5.790000000000000000e+02
-2.383681640625000000e+02,-2.410473632812500000e+01,5.780000000000000000e+02
-2.377398376464843750e+02,-2.410473632812500000e+01,5.780000000000000000e+02
-2.371114959716796875e+02,-2.410473632812500000e+01,5.780000000000000000e+02
-2.360740356445312500e+02,-2.406303405761718750e+01,5.770000000000000000e+02
-2.354467773437500000e+02,-2.406303405761718750e+01,5.770000000000000000e+02
-2.348195343017578125e+02,-2.406303405761718750e+01,5.770000000000000000e+02
-2.341922760009765625e+02,-2.406303405761718750e+01,5.770000000000000000e+02
-2.335650482177734375e+02,-2.406303405761718750e+01,5.770000000000000000e+02
-2.333414916992187500e+02,-2.410473632812500000e+01,5.780000000000000000e+02
-2.327131652832031250e+02,-2.410473632812500000e+01,5.780000000000000000e+02
-2.320848236083984375e+02,-2.410473632812500000e+01,5.780000000000000000e+02
-2.318569335937500000e+02,-2.414644050598144531e+01,5.790000000000000000e+02
-2.312275085449218750e+02,-2.414644050598144531e+01,5.790000000000000000e+02
-2.309963684082031250e+02,-2.418814468383789062e+01,5.800000000000000000e+02
-2.307630310058593750e+02,-2.422984886169433594e+01,5.810000000000000000e+02
-2.301314392089843750e+02,-2.422984886169433594e+01,5.810000000000000000e+02
-1.681213531494140625e+02,-2.439666366577148438e+01,5.850000000000000000e+02
-1.677716979980468750e+02,-2.443836593627929688e+01,5.860000000000000000e+02
-1.671346740722656250e+02,-2.443836593627929688e+01,5.860000000000000000e+02
-1.664976348876953125e+02,-2.443836593627929688e+01,5.860000000000000000e+02
-1.661436462402343750e+02,-2.448007011413574219e+01,5.870000000000000000e+02
-1.655055236816406250e+02,-2.448007011413574219e+01,5.870000000000000000e+02
-2.484477386474609375e+02,-2.359799194335937500e+01,5.810000000000000000e+02
-2.478161315917968750e+02,-2.359799194335937500e+01,5.810000000000000000e+02
-2.471845397949218750e+02,-2.359799194335937500e+01,5.810000000000000000e+02
-2.465529327392578125e+02,-2.359799194335937500e+01,5.810000000000000000e+02
-2.459213409423828125e+02,-2.359799194335937500e+01,5.810000000000000000e+02
-2.452897491455078125e+02,-2.359799194335937500e+01,5.810000000000000000e+02
-2.446581420898437500e+02,-2.359799194335937500e+01,5.810000000000000000e+02
-2.440265502929687500e+02,-2.359799194335937500e+01,5.810000000000000000e+02
-2.429760284423828125e+02,-2.355737686157226562e+01,5.800000000000000000e+02
-2.423455200195312500e+02,-2.355737686157226562e+01,5.800000000000000000e+02
-2.412982635498046875e+02,-2.351675987243652344e+01,5.790000000000000000e+02
-2.406688385009765625e+02,-2.351675987243652344e+01,5.790000000000000000e+02
-2.396248321533203125e+02,-2.347614479064941406e+01,5.780000000000000000e+02
-2.385830230712890625e+02,-2.343552780151367188e+01,5.770000000000000000e+02
-2.379557647705078125e+02,-2.343552780151367188e+01,5.770000000000000000e+02
-2.373285217285156250e+02,-2.343552780151367188e+01,5.770000000000000000e+02
-2.367012786865234375e+02,-2.343552780151367188e+01,5.770000000000000000e+02
-2.360740356445312500e+02,-2.343552780151367188e+01,5.770000000000000000e+02
-2.350387268066406250e+02,-2.339491081237792969e+01,5.760000000000000000e+02
-2.344125671386718750e+02,-2.339491081237792969e+01,5.760000000000000000e+02
-2.341922760009765625e+02,-2.343552780151367188e+01,5.770000000000000000e+02
-2.335650482177734375e+02,-2.343552780151367188e+01,5.770000000000000000e+02
-2.333414916992187500e+02,-2.347614479064941406e+01,5.780000000000000000e+02
-2.543731384277343750e+02,-2.304519081115722656e+01,5.830000000000000000e+02
-2.533041229248046875e+02,-2.300566291809082031e+01,5.820000000000000000e+02
-2.522373046875000000e+02,-2.296613502502441406e+01,5.810000000000000000e+02
-2.516057128906250000e+02,-2.296613502502441406e+01,5.810000000000000000e+02
-2.505421447753906250e+02,-2.292660522460937500e+01,5.800000000000000000e+02
-2.499116363525390625e+02,-2.292660522460937500e+01,5.800000000000000000e+02
-2.488513336181640625e+02,-2.288707733154296875e+01,5.790000000000000000e+02
-2.482219085693359375e+02,-2.288707733154296875e+01,5.790000000000000000e+02
-2.475924987792968750e+02,-2.288707733154296875e+01,5.790000000000000000e+02
-2.469630584716796875e+02,-2.288707733154296875e+01,5.790000000000000000e+02
-2.463336486816406250e+02,-2.288707733154296875e+01,5.790000000000000000e+02
-2.457042236328125000e+02,-2.288707733154296875e+01,5.790000000000000000e+02
-2.450747833251953125e+02,-2.288707733154296875e+01,5.790000000000000000e+02
-2.444453735351562500e+02,-2.288707733154296875e+01,5.790000000000000000e+02
-2.438159484863281250e+02,-2.288707733154296875e+01,5.790000000000000000e+02
-2.431865386962890625e+02,-2.288707733154296875e+01,5.790000000000000000e+02
-2.425570983886718750e+02,-2.288707733154296875e+01,5.790000000000000000e+02
-2.419276885986328125e+02,-2.288707733154296875e+01,5.790000000000000000e+02
-2.412982635498046875e+02,-2.288707733154296875e+01,5.790000000000000000e+02
-2.402531890869140625e+02,-2.284754943847656250e+01,5.780000000000000000e+02
-2.392102661132812500e+02,-2.280801963806152344e+01,5.770000000000000000e+02
-2.385830230712890625e+02,-2.280801963806152344e+01,5.770000000000000000e+02
-2.379557647705078125e+02,-2.280801963806152344e+01,5.770000000000000000e+02
-2.373285217285156250e+02,-2.280801963806152344e+01,5.770000000000000000e+02
-2.367012786865234375e+02,-2.280801963806152344e+01,5.770000000000000000e+02
-2.360740356445312500e+02,-2.280801963806152344e+01,5.770000000000000000e+02
-2.354467773437500000e+02,-2.280801963806152344e+01,5.770000000000000000e+02
-2.348195343017578125e+02,-2.280801963806152344e+01,5.770000000000000000e+02
-2.345981597900390625e+02,-2.284754943847656250e+01,5.780000000000000000e+02
-2.339698333740234375e+02,-2.284754943847656250e+01,5.780000000000000000e+02
-2.588095092773437500e+02,-2.241116142272949219e+01,5.830000000000000000e+02
-2.581757507324218750e+02,-2.241116142272949219e+01,5.830000000000000000e+02
-2.571002197265625000e+02,-2.237271881103515625e+01,5.820000000000000000e+02
-2.564675598144531250e+02,-2.237271881103515625e+01,5.820000000000000000e+02
-2.558348693847656250e+02,-2.237271881103515625e+01,5.820000000000000000e+02
-2.552021942138671875e+02,-2.237271881103515625e+01,5.820000000000000000e+02
-2.541320953369140625e+02,-2.233427810668945312e+01,5.810000000000000000e+02
-2.535005035400390625e+02,-2.233427810668945312e+01,5.810000000000000000e+02
-2.524336700439453125e+02,-2.229583740234375000e+01,5.800000000000000000e+02
-2.518031616210937500e+02,-2.229583740234375000e+01,5.800000000000000000e+02
-2.507395935058593750e+02,-2.225739669799804688e+01,5.790000000000000000e+02
-2.501101837158203125e+02,-2.225739669799804688e+01,5.790000000000000000e+02
-2.490498657226562500e+02,-2.221895599365234375e+01,5.780000000000000000e+02
-2.484215393066406250e+02,-2.221895599365234375e+01,5.780000000000000000e+02
-2.477931976318359375e+02,-2.221895599365234375e+01,5.780000000000000000e+02
-2.471648712158203125e+02,-2.221895599365234375e+01,5.780000000000000000e+02
-2.465365295410156250e+02,-2.221895599365234375e+01,5.780000000000000000e+02
-2.459082031250000000e+02,-2.221895599365234375e+01,5.780000000000000000e+02
-2.452798614501953125e+02,-2.221895599365234375e+01,5.780000000000000000e+02
-2.446515197753906250e+02,-2.221895599365234375e+01,5.780000000000000000e+02
-2.440231933593750000e+02,-2.221895599365234375e+01,5.780000000000000000e+02
-2.433948516845703125e+02,-2.221895599365234375e+01,5.780000000000000000e+02
-2.427665252685546875e+02,-2.221895599365234375e+01,5.780000000000000000e+02
-2.421381835937500000e+02,-2.221895599365234375e+01,5.780000000000000000e+02
-2.415098571777343750e+02,-2.221895599365234375e+01,5.780000000000000000e+02
-2.408815155029296875e+02,-2.221895599365234375e+01,5.780000000000000000e+02
-2.402531890869140625e+02,-2.221895599365234375e+01,5.780000000000000000e+02
-2.392102661132812500e+02,-2.218051338195800781e+01,5.770000000000000000e+02
-2.385830230712890625e+02,-2.218051338195800781e+01,5.770000000000000000e+02
-2.379557647705078125e+02,-2.218051338195800781e+01,5.770000000000000000e+02
-2.373285217285156250e+02,-2.218051338195800781e+01,5.770000000000000000e+02
-2.367012786865234375e+02,-2.218051338195800781e+01,5.770000000000000000e+02
-2.360740356445312500e+02,-2.218051338195800781e+01,5.770000000000000000e+02
-2.358548278808593750e+02,-2.221895599365234375e+01,5.780000000000000000e+02
-2.352265014648437500e+02,-2.221895599365234375e+01,5.780000000000000000e+02
-2.350040435791015625e+02,-2.225739669799804688e+01,5.790000000000000000e+02
-2.612608032226562500e+02,-2.166506958007812500e+01,5.800000000000000000e+02
-2.606302795410156250e+02,-2.166506958007812500e+01,5.800000000000000000e+02
-2.604480590820312500e+02,-2.170242309570312500e+01,5.810000000000000000e+02
-2.598164672851562500e+02,-2.170242309570312500e+01,5.810000000000000000e+02
-2.591848449707031250e+02,-2.170242309570312500e+01,5.810000000000000000e+02
-2.585532836914062500e+02,-2.170242309570312500e+01,5.810000000000000000e+02
-2.579216613769531250e+02,-2.170242309570312500e+01,5.810000000000000000e+02
-2.572900695800781250e+02,-2.170242309570312500e+01,5.810000000000000000e+02
-2.566584777832031250e+02,-2.170242309570312500e+01,5.810000000000000000e+02
-2.560268859863281250e+02,-2.170242309570312500e+01,5.810000000000000000e+02
-2.553952789306640625e+02,-2.170242309570312500e+01,5.810000000000000000e+02
-2.543252105712890625e+02,-2.166506958007812500e+01,5.800000000000000000e+02
-2.536946868896484375e+02,-2.166506958007812500e+01,5.800000000000000000e+02
-2.526278686523437500e+02,-2.162771606445312500e+01,5.790000000000000000e+02
-2.519984436035156250e+02,-2.162771606445312500e+01,5.790000000000000000e+02
-2.509348754882812500e+02,-2.159036254882812500e+01,5.780000000000000000e+02
-2.503065338134765625e+02,-2.159036254882812500e+01,5.780000000000000000e+02
-2.492462463378906250e+02,-2.155300903320312500e+01,5.770000000000000000e+02
-2.486189880371093750e+02,-2.155300903320312500e+01,5.770000000000000000e+02
-2.479917449951171875e+02,-2.155300903320312500e+01,5.770000000000000000e+02
-2.473644866943359375e+02,-2.155300903320312500e+01,5.770000000000000000e+02
-2.467372589111328125e+02,-2.155300903320312500e+01,5.770000000000000000e+02
-2.461100006103515625e+02,-2.155300903320312500e+01,5.770000000000000000e+02
-2.454827575683593750e+02,-2.155300903320312500e+01,5.770000000000000000e+02
-2.448554992675781250e+02,-2.155300903320312500e+01,5.770000000000000000e+02
-2.442282409667968750e+02,-2.155300903320312500e+01,5.770000000000000000e+02
-2.440231933593750000e+02,-2.159036254882812500e+01,5.780000000000000000e+02
-2.433948516845703125e+02,-2.159036254882812500e+01,5.780000000000000000e+02
-2.427665252685546875e+02,-2.159036254882812500e+01,5.780000000000000000e+02
-2.421381835937500000e+02,-2.159036254882812500e+01,5.780000000000000000e+02
-2.415098571777343750e+02,-2.159036254882812500e+01,5.780000000000000000e+02
-2.408815155029296875e+02,-2.159036254882812500e+01,5.780000000000000000e+02
-2.402531890869140625e+02,-2.159036254882812500e+01,5.780000000000000000e+02
-2.396248321533203125e+02,-2.159036254882812500e+01,5.780000000000000000e+02
-2.389965057373046875e+02,-2.159036254882812500e+01,5.780000000000000000e+02
-2.383681640625000000e+02,-2.159036254882812500e+01,5.780000000000000000e+02
-2.377398376464843750e+02,-2.159036254882812500e+01,5.780000000000000000e+02
-2.371114959716796875e+02,-2.159036254882812500e+01,5.780000000000000000e+02
-2.364831695556640625e+02,-2.159036254882812500e+01,5.780000000000000000e+02
-2.362628784179687500e+02,-2.162771606445312500e+01,5.790000000000000000e+02
-2.356334686279296875e+02,-2.162771606445312500e+01,5.790000000000000000e+02
-2.633280334472656250e+02,-2.099803352355957031e+01,5.790000000000000000e+02
-2.631523437500000000e+02,-2.103429985046386719e+01,5.800000000000000000e+02
-2.620691833496093750e+02,-2.099803352355957031e+01,5.790000000000000000e+02
-2.614397888183593750e+02,-2.099803352355957031e+01,5.790000000000000000e+02
-0.000000000000000000e+00,-0.000000000000000000e+00,0.000000000000000000e+00
-2.601809387207031250e+02,-2.099803352355957031e+01,5.790000000000000000e+02
-2.595515136718750000e+02,-2.099803352355957031e+01,5.790000000000000000e+02
-2.589220886230468750e+02,-2.099803352355957031e+01,5.790000000000000000e+02
-2.582926635742187500e+02,-2.099803352355957031e+01,5.790000000000000000e+02
-2.576632385253906250e+02,-2.099803352355957031e+01,5.790000000000000000e+02
-2.574777526855468750e+02,-2.103429985046386719e+01,5.800000000000000000e+02
-2.568472290039062500e+02,-2.103429985046386719e+01,5.800000000000000000e+02
-2.557749633789062500e+02,-2.099803352355957031e+01,5.790000000000000000e+02
-2.551455535888671875e+02,-2.099803352355957031e+01,5.790000000000000000e+02
-2.545161285400390625e+02,-2.099803352355957031e+01,5.790000000000000000e+02
-2.538867187500000000e+02,-2.099803352355957031e+01,5.790000000000000000e+02
-2.532572784423828125e+02,-2.099803352355957031e+01,5.790000000000000000e+02
-2.521915588378906250e+02,-2.096176719665527344e+01,5.780000000000000000e+02
-2.515632019042968750e+02,-2.096176719665527344e+01,5.780000000000000000e+02
-2.505007324218750000e+02,-2.092550086975097656e+01,5.770000000000000000e+02
-2.498734893798828125e+02,-2.092550086975097656e+01,5.770000000000000000e+02
-2.492462463378906250e+02,-2.092550086975097656e+01,5.770000000000000000e+02
-2.481881103515625000e+02,-2.088923454284667969e+01,5.760000000000000000e+02
-2.475619506835937500e+02,-2.088923454284667969e+01,5.760000000000000000e+02
-2.469357910156250000e+02,-2.088923454284667969e+01,5.760000000000000000e+02
-2.463096313476562500e+02,-2.088923454284667969e+01,5.760000000000000000e+02
-2.456834564208984375e+02,-2.088923454284667969e+01,5.760000000000000000e+02
-2.454827575683593750e+02,-2.092550086975097656e+01,5.770000000000000000e+02
-2.448554992675781250e+02,-2.092550086975097656e+01,5.770000000000000000e+02
-2.442282409667968750e+02,-2.092550086975097656e+01,5.770000000000000000e+02
-2.440231933593750000e+02,-2.096176719665527344e+01,5.780000000000000000e+02
-2.433948516845703125e+02,-2.096176719665527344e+01,5.780000000000000000e+02
-2.427665252685546875e+02,-2.096176719665527344e+01,5.780000000000000000e+02
-2.421381835937500000e+02,-2.096176719665527344e+01,5.780000000000000000e+02
-2.415098571777343750e+02,-2.096176719665527344e+01,5.780000000000000000e+02
-2.408815155029296875e+02,-2.096176719665527344e+01,5.780000000000000000e+02
-2.402531890869140625e+02,-2.096176719665527344e+01,5.780000000000000000e+02
-2.396248321533203125e+02,-2.096176719665527344e+01,5.780000000000000000e+02
-2.389965057373046875e+02,-2.096176719665527344e+01,5.780000000000000000e+02
-2.387805633544921875e+02,-2.099803352355957031e+01,5.790000000000000000e+02
-2.381511535644531250e+02,-2.099803352355957031e+01,5.790000000000000000e+02
-2.652163085937500000e+02,-2.036835289001464844e+01,5.790000000000000000e+02
-2.645868835449218750e+02,-2.036835289001464844e+01,5.790000000000000000e+02
-2.639574584960937500e+02,-2.036835289001464844e+01,5.790000000000000000e+02
-2.633280334472656250e+02,-2.036835289001464844e+01,5.790000000000000000e+02
-2.626986083984375000e+02,-2.036835289001464844e+01,5.790000000000000000e+02
-2.620691833496093750e+02,-2.036835289001464844e+01,5.790000000000000000e+02
-2.614397888183593750e+02,-2.036835289001464844e+01,5.790000000000000000e+02
-2.608103332519531250e+02,-2.036835289001464844e+01,5.790000000000000000e+02
-2.597315673828125000e+02,-2.033317375183105469e+01,5.780000000000000000e+02
-2.591032104492187500e+02,-2.033317375183105469e+01,5.780000000000000000e+02
-2.584749145507812500e+02,-2.033317375183105469e+01,5.780000000000000000e+02
-2.578465576171875000e+02,-2.033317375183105469e+01,5.780000000000000000e+02
-2.572182312011718750e+02,-2.033317375183105469e+01,5.780000000000000000e+02
-2.565898742675781250e+02,-2.033317375183105469e+01,5.780000000000000000e+02
-2.559615631103515625e+02,-2.033317375183105469e+01,5.780000000000000000e+02
-2.553332214355468750e+02,-2.033317375183105469e+01,5.780000000000000000e+02
-2.547048950195312500e+02,-2.033317375183105469e+01,5.780000000000000000e+02
-2.540765533447265625e+02,-2.033317375183105469e+01,5.780000000000000000e+02
-2.530097351074218750e+02,-2.029799461364746094e+01,5.770000000000000000e+02
-2.523824768066406250e+02,-2.029799461364746094e+01,5.770000000000000000e+02
-2.517552337646484375e+02,-2.029799461364746094e+01,5.770000000000000000e+02
-2.511279754638671875e+02,-2.029799461364746094e+01,5.770000000000000000e+02
-2.505007324218750000e+02,-2.029799461364746094e+01,5.770000000000000000e+02
-2.494404296875000000e+02,-2.026281738281250000e+01,5.760000000000000000e+02
-2.488142700195312500e+02,-2.026281738281250000e+01,5.760000000000000000e+02
-2.481881103515625000e+02,-2.026281738281250000e+01,5.760000000000000000e+02
-2.475619506835937500e+02,-2.026281738281250000e+01,5.760000000000000000e+02
-2.469357910156250000e+02,-2.026281738281250000e+01,5.760000000000000000e+02
-2.463096313476562500e+02,-2.026281738281250000e+01,5.760000000000000000e+02
-2.461100006103515625e+02,-2.029799461364746094e+01,5.770000000000000000e+02
-2.454827575683593750e+02,-2.029799461364746094e+01,5.770000000000000000e+02
-2.448554992675781250e+02,-2.029799461364746094e+01,5.770000000000000000e+02
-2.442282409667968750e+02,-2.029799461364746094e+01,5.770000000000000000e+02
-2.440231933593750000e+02,-2.033317375183105469e+01,5.780000000000000000e+02
-2.685282592773437500e+02,-1.970458030700683594e+01,5.780000000000000000e+02
-2.678999328613281250e+02,-1.970458030700683594e+01,5.780000000000000000e+02
-2.672715759277343750e+02,-1.970458030700683594e+01,5.780000000000000000e+02
-2.666432495117187500e+02,-1.970458030700683594e+01,5.780000000000000000e+02
-2.660149230957031250e+02,-1.970458030700683594e+01,5.780000000000000000e+02
-2.653865966796875000e+02,-1.970458030700683594e+01,5.780000000000000000e+02
-2.647582397460937500e+02,-1.970458030700683594e+01,5.780000000000000000e+02
-2.641299133300781250e+02,-1.970458030700683594e+01,5.780000000000000000e+02
-2.635015869140625000e+02,-1.970458030700683594e+01,5.780000000000000000e+02
-2.628732299804687500e+02,-1.970458030700683594e+01,5.780000000000000000e+02
-2.622449035644531250e+02,-1.970458030700683594e+01,5.780000000000000000e+02
-2.616165771484375000e+02,-1.970458030700683594e+01,5.780000000000000000e+02
-2.609882507324218750e+02,-1.970458030700683594e+01,5.780000000000000000e+02
-2.603598937988281250e+02,-1.970458030700683594e+01,5.780000000000000000e+02
-2.597315673828125000e+02,-1.970458030700683594e+01,5.780000000000000000e+02
-2.586549377441406250e+02,-1.967049026489257812e+01,5.770000000000000000e+02
-2.580277099609375000e+02,-1.967049026489257812e+01,5.770000000000000000e+02
-2.574004516601562500e+02,-1.967049026489257812e+01,5.770000000000000000e+02
-2.567732238769531250e+02,-1.967049026489257812e+01,5.770000000000000000e+02
-2.561459655761718750e+02,-1.967049026489257812e+01,5.770000000000000000e+02
-2.555187225341796875e+02,-1.967049026489257812e+01,5.770000000000000000e+02
-2.548914642333984375e+02,-1.967049026489257812e+01,5.770000000000000000e+02
-2.542642211914062500e+02,-1.967049026489257812e+01,5.770000000000000000e+02
-2.531973876953125000e+02,-1.963639831542968750e+01,5.760000000000000000e+02
-2.525712432861328125e+02,-1.963639831542968750e+01,5.760000000000000000e+02
-2.519450683593750000e+02,-1.963639831542968750e+01,5.760000000000000000e+02
-2.513189086914062500e+02,-1.963639831542968750e+01,5.760000000000000000e+02
-2.506927490234375000e+02,-1.963639831542968750e+01,5.760000000000000000e+02
-2.500665893554687500e+02,-1.963639831542968750e+01,5.760000000000000000e+02
-2.494404296875000000e+02,-1.963639831542968750e+01,5.760000000000000000e+02
-2.488142700195312500e+02,-1.963639831542968750e+01,5.760000000000000000e+02
-2.481881103515625000e+02,-1.963639831542968750e+01,5.760000000000000000e+02
-2.475619506835937500e+02,-1.963639831542968750e+01,5.760000000000000000e+02
-2.473644866943359375e+02,-1.967049026489257812e+01,5.770000000000000000e+02
-2.467372589111328125e+02,-1.967049026489257812e+01,5.770000000000000000e+02
-2.461100006103515625e+02,-1.967049026489257812e+01,5.770000000000000000e+02
-2.752870483398437500e+02,-1.910898780822753906e+01,5.790000000000000000e+02
-2.741832885742187500e+02,-1.907598495483398438e+01,5.780000000000000000e+02
-2.735549316406250000e+02,-1.907598495483398438e+01,5.780000000000000000e+02
-2.729266052246093750e+02,-1.907598495483398438e+01,5.780000000000000000e+02
-2.722982788085937500e+02,-1.907598495483398438e+01,5.780000000000000000e+02
-2.716699523925781250e+02,-1.907598495483398438e+01,5.780000000000000000e+02
-2.705726623535156250e+02,-1.904298210144042969e+01,5.770000000000000000e+02
-2.699454345703125000e+02,-1.904298210144042969e+01,5.770000000000000000e+02
-2.693181762695312500e+02,-1.904298210144042969e+01,5.770000000000000000e+02
-2.686909179687500000e+02,-1.904298210144042969e+01,5.770000000000000000e+02
-2.680636596679687500e+02,-1.904298210144042969e+01,5.770000000000000000e+02
-2.674364318847656250e+02,-1.904298210144042969e+01,5.770000000000000000e+02
-2.668091735839843750e+02,-1.904298210144042969e+01,5.770000000000000000e+02
-2.661819458007812500e+02,-1.904298210144042969e+01,5.770000000000000000e+02
-2.660149230957031250e+02,-1.907598495483398438e+01,5.780000000000000000e+02
-2.649274291992187500e+02,-1.904298210144042969e+01,5.770000000000000000e+02
-2.647582397460937500e+02,-1.907598495483398438e+01,5.780000000000000000e+02
-2.636729431152343750e+02,-1.904298210144042969e+01,5.770000000000000000e+02
-2.630456848144531250e+02,-1.904298210144042969e+01,5.770000000000000000e+02
-2.624184265136718750e+02,-1.904298210144042969e+01,5.770000000000000000e+02
-2.617911987304687500e+02,-1.904298210144042969e+01,5.770000000000000000e+02
-2.611639404296875000e+02,-1.904298210144042969e+01,5.770000000000000000e+02
-2.605367126464843750e+02,-1.904298210144042969e+01,5.770000000000000000e+02
-2.599094543457031250e+02,-1.904298210144042969e+01,5.770000000000000000e+02
-2.588328552246093750e+02,-1.900997924804687500e+01,5.760000000000000000e+02
-2.582066650390625000e+02,-1.900997924804687500e+01,5.760000000000000000e+02
-2.575805358886718750e+02,-1.900997924804687500e+01,5.760000000000000000e+02
-2.569543457031250000e+02,-1.900997924804687500e+01,5.760000000000000000e+02
-2.563281860351562500e+02,-1.900997924804687500e+01,5.760000000000000000e+02
-2.557020263671875000e+02,-1.900997924804687500e+01,5.760000000000000000e+02
-2.550758819580078125e+02,-1.900997924804687500e+01,5.760000000000000000e+02
-2.544497070312500000e+02,-1.900997924804687500e+01,5.760000000000000000e+02
-2.538235626220703125e+02,-1.900997924804687500e+01,5.760000000000000000e+02
-2.531973876953125000e+02,-1.900997924804687500e+01,5.760000000000000000e+02
-2.525712432861328125e+02,-1.900997924804687500e+01,5.760000000000000000e+02
-2.519450683593750000e+02,-1.900997924804687500e+01,5.760000000000000000e+02
-2.513189086914062500e+02,-1.900997924804687500e+01,5.760000000000000000e+02
-2.506927490234375000e+02,-1.900997924804687500e+01,5.760000000000000000e+02
-2.500665893554687500e+02,-1.900997924804687500e+01,5.760000000000000000e+02
-2.494404296875000000e+02,-1.900997924804687500e+01,5.760000000000000000e+02
-2.766966247558593750e+02,-1.844739151000976562e+01,5.780000000000000000e+02
-2.760682678222656250e+02,-1.844739151000976562e+01,5.780000000000000000e+02
-2.754399414062500000e+02,-1.844739151000976562e+01,5.780000000000000000e+02
-2.748116149902343750e+02,-1.844739151000976562e+01,5.780000000000000000e+02
-2.737089233398437500e+02,-1.841547584533691406e+01,5.770000000000000000e+02
-2.730816650390625000e+02,-1.841547584533691406e+01,5.770000000000000000e+02
-2.724544067382812500e+02,-1.841547584533691406e+01,5.770000000000000000e+02
-2.718271484375000000e+02,-1.841547584533691406e+01,5.770000000000000000e+02
-2.711999206542968750e+02,-1.841547584533691406e+01,5.770000000000000000e+02
-2.705726623535156250e+02,-1.841547584533691406e+01,5.770000000000000000e+02
-2.699454345703125000e+02,-1.841547584533691406e+01,5.770000000000000000e+02
-2.693181762695312500e+02,-1.841547584533691406e+01,5.770000000000000000e+02
-2.686909179687500000e+02,-1.841547584533691406e+01,5.770000000000000000e+02
-2.680636596679687500e+02,-1.841547584533691406e+01,5.770000000000000000e+02
-2.674364318847656250e+02,-1.841547584533691406e+01,5.770000000000000000e+02
-2.668091735839843750e+02,-1.841547584533691406e+01,5.770000000000000000e+02
-2.661819458007812500e+02,-1.841547584533691406e+01,5.770000000000000000e+02
-2.655546875000000000e+02,-1.841547584533691406e+01,5.770000000000000000e+02
-2.649274291992187500e+02,-1.841547584533691406e+01,5.770000000000000000e+02
-2.643002014160156250e+02,-1.841547584533691406e+01,5.770000000000000000e+02
-2.636729431152343750e+02,-1.841547584533691406e+01,5.770000000000000000e+02
-2.630456848144531250e+02,-1.841547584533691406e+01,5.770000000000000000e+02
-2.619636230468750000e+02,-1.838356018066406250e+01,5.760000000000000000e+02
-2.613374938964843750e+02,-1.838356018066406250e+01,5.760000000000000000e+02
-2.607113037109375000e+02,-1.838356018066406250e+01,5.760000000000000000e+02
-2.600851745605468750e+02,-1.838356018066406250e+01,5.760000000000000000e+02
-2.594589843750000000e+02,-1.838356018066406250e+01,5.760000000000000000e+02
-2.588328552246093750e+02,-1.838356018066406250e+01,5.760000000000000000e+02
-2.582066650390625000e+02,-1.838356018066406250e+01,5.760000000000000000e+02
-2.575805358886718750e+02,-1.838356018066406250e+01,5.760000000000000000e+02
-2.565082397460937500e+02,-1.835164451599121094e+01,5.750000000000000000e+02
-2.558831939697265625e+02,-1.835164451599121094e+01,5.750000000000000000e+02
-2.552581024169921875e+02,-1.835164451599121094e+01,5.750000000000000000e+02
-2.550758819580078125e+02,-1.838356018066406250e+01,5.760000000000000000e+02
-2.544497070312500000e+02,-1.838356018066406250e+01,5.760000000000000000e+02
-2.538235626220703125e+02,-1.838356018066406250e+01,5.760000000000000000e+02
-2.531973876953125000e+02,-1.838356018066406250e+01,5.760000000000000000e+02
-2.525712432861328125e+02,-1.838356018066406250e+01,5.760000000000000000e+02
-2.519450683593750000e+02,-1.838356018066406250e+01,5.760000000000000000e+02
-2.513189086914062500e+02,-1.838356018066406250e+01,5.760000000000000000e+02
-2.506927490234375000e+02,-1.838356018066406250e+01,5.760000000000000000e+02
-2.763653564453125000e+02,-1.775714111328125000e+01,5.760000000000000000e+02
-2.757391967773437500e+02,-1.775714111328125000e+01,5.760000000000000000e+02
-2.755906372070312500e+02,-1.778796958923339844e+01,5.770000000000000000e+02
-2.749634094238281250e+02,-1.778796958923339844e+01,5.770000000000000000e+02
-2.738606872558593750e+02,-1.775714111328125000e+01,5.760000000000000000e+02
-2.732345581054687500e+02,-1.775714111328125000e+01,5.760000000000000000e+02
-2.726083679199218750e+02,-1.775714111328125000e+01,5.760000000000000000e+02
-2.719822387695312500e+02,-1.775714111328125000e+01,5.760000000000000000e+02
-2.713560485839843750e+02,-1.775714111328125000e+01,5.760000000000000000e+02
-2.707299194335937500e+02,-1.775714111328125000e+01,5.760000000000000000e+02
-2.701037292480468750e+02,-1.775714111328125000e+01,5.760000000000000000e+02
-2.694775695800781250e+02,-1.775714111328125000e+01,5.760000000000000000e+02
-2.688514099121093750e+02,-1.775714111328125000e+01,5.760000000000000000e+02
-2.682252502441406250e+02,-1.775714111328125000e+01,5.760000000000000000e+02
-2.675990905761718750e+02,-1.775714111328125000e+01,5.760000000000000000e+02
-2.674364318847656250e+02,-1.778796958923339844e+01,5.770000000000000000e+02
-2.663467712402343750e+02,-1.775714111328125000e+01,5.760000000000000000e+02
-2.657206115722656250e+02,-1.775714111328125000e+01,5.760000000000000000e+02
-2.650944519042968750e+02,-1.775714111328125000e+01,5.760000000000000000e+02
-2.644682922363281250e+02,-1.775714111328125000e+01,5.760000000000000000e+02
-2.638421325683593750e+02,-1.775714111328125000e+01,5.760000000000000000e+02
-2.632159729003906250e+02,-1.775714111328125000e+01,5.760000000000000000e+02
-2.625898132324218750e+02,-1.775714111328125000e+01,5.760000000000000000e+02
-2.619636230468750000e+02,-1.775714111328125000e+01,5.760000000000000000e+02
-2.613374938964843750e+02,-1.775714111328125000e+01,5.760000000000000000e+02
-2.607113037109375000e+02,-1.775714111328125000e+01,5.760000000000000000e+02
-2.596336364746093750e+02,-1.772631454467773438e+01,5.750000000000000000e+02
-2.590085449218750000e+02,-1.772631454467773438e+01,5.750000000000000000e+02
-2.583834838867187500e+02,-1.772631454467773438e+01,5.750000000000000000e+02
-2.577583923339843750e+02,-1.772631454467773438e+01,5.750000000000000000e+02
-2.571333312988281250e+02,-1.772631454467773438e+01,5.750000000000000000e+02
-2.565082397460937500e+02,-1.772631454467773438e+01,5.750000000000000000e+02
-2.558831939697265625e+02,-1.772631454467773438e+01,5.750000000000000000e+02
-2.552581024169921875e+02,-1.772631454467773438e+01,5.750000000000000000e+02
-2.546330413818359375e+02,-1.772631454467773438e+01,5.750000000000000000e+02
-2.544497070312500000e+02,-1.775714111328125000e+01,5.760000000000000000e+02
-2.538235626220703125e+02,-1.775714111328125000e+01,5.760000000000000000e+02
-2.531973876953125000e+02,-1.775714111328125000e+01,5.760000000000000000e+02
-2.525712432861328125e+02,-1.775714111328125000e+01,5.760000000000000000e+02
-2.519450683593750000e+02,-1.775714111328125000e+01,5.760000000000000000e+02
-0.000000000000000000e+00,-0.000000000000000000e+00,0.000000000000000000e+00
-2.746354064941406250e+02,-1.710098266601562500e+01,5.750000000000000000e+02
-2.740103149414062500e+02,-1.710098266601562500e+01,5.750000000000000000e+02
-2.733852539062500000e+02,-1.710098266601562500e+01,5.750000000000000000e+02
-2.727601928710937500e+02,-1.710098266601562500e+01,5.750000000000000000e+02
-2.721351013183593750e+02,-1.710098266601562500e+01,5.750000000000000000e+02
-2.715100402832031250e+02,-1.710098266601562500e+01,5.750000000000000000e+02
-2.708849487304687500e+02,-1.710098266601562500e+01,5.750000000000000000e+02
-2.702598876953125000e+02,-1.710098266601562500e+01,5.750000000000000000e+02
-0.000000000000000000e+00,-0.000000000000000000e+00,0.000000000000000000e+00
-0.000000000000000000e+00,-0.000000000000000000e+00,0.000000000000000000e+00
-2.683846435546875000e+02,-1.710098266601562500e+01,5.750000000000000000e+02
-2.677595825195312500e+02,-1.710098266601562500e+01,5.750000000000000000e+02
-2.671345214843750000e+02,-1.710098266601562500e+01,5.750000000000000000e+02
-2.669729309082031250e+02,-1.713072204589843750e+01,5.760000000000000000e+02
-2.663467712402343750e+02,-1.713072204589843750e+01,5.760000000000000000e+02
-2.657206115722656250e+02,-1.713072204589843750e+01,5.760000000000000000e+02
-2.650944519042968750e+02,-1.713072204589843750e+01,5.760000000000000000e+02
-2.640091552734375000e+02,-1.710098266601562500e+01,5.750000000000000000e+02
-2.633840637207031250e+02,-1.710098266601562500e+01,5.750000000000000000e+02
-2.627589721679687500e+02,-1.710098266601562500e+01,5.750000000000000000e+02
-2.621339111328125000e+02,-1.710098266601562500e+01,5.750000000000000000e+02
-2.615088500976562500e+02,-1.710098266601562500e+01,5.750000000000000000e+02
-2.608837890625000000e+02,-1.710098266601562500e+01,5.750000000000000000e+02
-2.602586975097656250e+02,-1.710098266601562500e+01,5.750000000000000000e+02
-2.596336364746093750e+02,-1.710098266601562500e+01,5.750000000000000000e+02
-2.590085449218750000e+02,-1.710098266601562500e+01,5.750000000000000000e+02
-2.583834838867187500e+02,-1.710098266601562500e+01,5.750000000000000000e+02
-2.577583923339843750e+02,-1.710098266601562500e+01,5.750000000000000000e+02
-2.571333312988281250e+02,-1.710098266601562500e+01,5.750000000000000000e+02
-2.565082397460937500e+02,-1.710098266601562500e+01,5.750000000000000000e+02
-2.558831939697265625e+02,-1.710098266601562500e+01,5.750000000000000000e+02
-2.741577758789062500e+02,-1.644699668884277344e+01,5.740000000000000000e+02
-2.735337829589843750e+02,-1.644699668884277344e+01,5.740000000000000000e+02
-2.729097900390625000e+02,-1.644699668884277344e+01,5.740000000000000000e+02
-2.722858276367187500e+02,-1.644699668884277344e+01,5.740000000000000000e+02
-2.716618347167968750e+02,-1.644699668884277344e+01,5.740000000000000000e+02
-2.710378417968750000e+02,-1.644699668884277344e+01,5.740000000000000000e+02
-2.704138488769531250e+02,-1.644699668884277344e+01,5.740000000000000000e+02
-2.697898559570312500e+02,-1.644699668884277344e+01,5.740000000000000000e+02
-2.691658630371093750e+02,-1.644699668884277344e+01,5.740000000000000000e+02
-2.685419006347656250e+02,-1.644699668884277344e+01,5.740000000000000000e+02
-2.679179077148437500e+02,-1.644699668884277344e+01,5.740000000000000000e+02
-2.672939147949218750e+02,-1.644699668884277344e+01,5.740000000000000000e+02
-2.666699218750000000e+02,-1.644699668884277344e+01,5.740000000000000000e+02
-2.665094604492187500e+02,-1.647565078735351562e+01,5.750000000000000000e+02
-2.658843688964843750e+02,-1.647565078735351562e+01,5.750000000000000000e+02
-2.652593078613281250e+02,-1.647565078735351562e+01,5.750000000000000000e+02
-2.646342163085937500e+02,-1.647565078735351562e+01,5.750000000000000000e+02
-2.640091552734375000e+02,-1.647565078735351562e+01,5.750000000000000000e+02
-2.633840637207031250e+02,-1.647565078735351562e+01,5.750000000000000000e+02
-2.627589721679687500e+02,-1.647565078735351562e+01,5.750000000000000000e+02
-2.621339111328125000e+02,-1.647565078735351562e+01,5.750000000000000000e+02
-2.615088500976562500e+02,-1.647565078735351562e+01,5.750000000000000000e+02
-2.608837890625000000e+02,-1.647565078735351562e+01,5.750000000000000000e+02
-2.602586975097656250e+02,-1.647565078735351562e+01,5.750000000000000000e+02
-2.596336364746093750e+02,-1.647565078735351562e+01,5.750000000000000000e+02
-2.590085449218750000e+02,-1.647565078735351562e+01,5.750000000000000000e+02
-2.583834838867187500e+02,-1.647565078735351562e+01,5.750000000000000000e+02
-2.725807189941406250e+02,-1.576762294769287109e+01,5.720000000000000000e+02
-2.719588928222656250e+02,-1.576762294769287109e+01,5.720000000000000000e+02
-2.713370971679687500e+02,-1.576762294769287109e+01,5.720000000000000000e+02
-2.707152709960937500e+02,-1.576762294769287109e+01,5.720000000000000000e+02
-2.705656433105468750e+02,-1.579518795013427734e+01,5.730000000000000000e+02
-2.699427490234375000e+02,-1.579518795013427734e+01,5.730000000000000000e+02
-2.693198547363281250e+02,-1.579518795013427734e+01,5.730000000000000000e+02
-2.686969299316406250e+02,-1.579518795013427734e+01,5.730000000000000000e+02
-2.680740661621093750e+02,-1.579518795013427734e+01,5.730000000000000000e+02
-2.674511413574218750e+02,-1.579518795013427734e+01,5.730000000000000000e+02
-2.668282470703125000e+02,-1.579518795013427734e+01,5.730000000000000000e+02
-2.662053527832031250e+02,-1.579518795013427734e+01,5.730000000000000000e+02
-2.660459594726562500e+02,-1.582275390625000000e+01,5.740000000000000000e+02
-2.654219665527343750e+02,-1.582275390625000000e+01,5.740000000000000000e+02
-2.647979736328125000e+02,-1.582275390625000000e+01,5.740000000000000000e+02
-2.641739807128906250e+02,-1.582275390625000000e+01,5.740000000000000000e+02
-2.635500183105468750e+02,-1.582275390625000000e+01,5.740000000000000000e+02
-2.629260253906250000e+02,-1.582275390625000000e+01,5.740000000000000000e+02
-2.627589721679687500e+02,-1.585031986236572266e+01,5.750000000000000000e+02
-2.621339111328125000e+02,-1.585031986236572266e+01,5.750000000000000000e+02
-2.615088500976562500e+02,-1.585031986236572266e+01,5.750000000000000000e+02
-2.608837890625000000e+02,-1.585031986236572266e+01,5.750000000000000000e+02
-2.602586975097656250e+02,-1.585031986236572266e+01,5.750000000000000000e+02
-2.596336364746093750e+02,-1.585031986236572266e+01,5.750000000000000000e+02
-2.590085449218750000e+02,-1.585031986236572266e+01,5.750000000000000000e+02
-2.719588928222656250e+02,-1.514555358886718750e+01,5.720000000000000000e+02
-2.713370971679687500e+02,-1.514555358886718750e+01,5.720000000000000000e+02
-2.707152709960937500e+02,-1.514555358886718750e+01,5.720000000000000000e+02
-2.700934448242187500e+02,-1.514555358886718750e+01,5.720000000000000000e+02
-2.669843750000000000e+02,-1.514555358886718750e+01,5.720000000000000000e+02
-2.668282470703125000e+02,-1.517203140258789062e+01,5.730000000000000000e+02
-2.662053527832031250e+02,-1.517203140258789062e+01,5.730000000000000000e+02
-2.655824584960937500e+02,-1.517203140258789062e+01,5.730000000000000000e+02
-2.654219665527343750e+02,-1.519851016998291016e+01,5.740000000000000000e+02
-2.647979736328125000e+02,-1.519851016998291016e+01,5.740000000000000000e+02
-2.641739807128906250e+02,-1.519851016998291016e+01,5.740000000000000000e+02
-2.635500183105468750e+02,-1.519851016998291016e+01,5.740000000000000000e+02
-2.629260253906250000e+02,-1.519851016998291016e+01,5.740000000000000000e+02
-2.655824584960937500e+02,-1.454887485504150391e+01,5.730000000000000000e+02
-2.782013244628906250e+02,-1.304719066619873047e+01,5.620000000000000000e+02
-2.783161621093750000e+02,-1.241386890411376953e+01,5.610000000000000000e+02
-2.777062988281250000e+02,-1.241386890411376953e+01,5.610000000000000000e+02
-2.770964355468750000e+02,-1.241386890411376953e+01,5.610000000000000000e+02
-2.764866027832031250e+02,-1.241386890411376953e+01,5.610000000000000000e+02
-2.777062988281250000e+02,-1.180376434326171875e+01,5.610000000000000000e+02
